,gsm,score,gse,title,source_name,characteristics,geo_summary,geo_design,pubmed_ids,tissue,species,archs4_index,geo_platform_biopython,geo_taxon_biopython,geo_entry_type_biopython,geo_gds_type_biopython,geo_pdat_biopython,geo_n_samples_biopython,geo_ftp_link_biopython,pubmed_title_biopython,pubmed_journal_biopython,pubmed_pub_date_biopython,pubmed_doi_biopython,sample_name,spaceflight
0,GSM4256769,0.9997684955596924,GSE143304,Genome wide anaylsis of transcriptome modifications in male mice exposed to tributyltin during development,,,"Purpose: To identify alterations induced by developmental exposure to tributyltin at different stages of life Methods: Dams were treated with tributyltin during gestation and lactation in drinking water and pups were euthanized at different ages Results: We identified a number of changes in transcriptomic activity in 5 month, and ten month old pups after tributyltin exposure. Male animals exposed to tributyltin also developed fatty liver 5 months of age and adenomas of the liver at ten months of age.",Liver was isolated from animals exposed to tributyltin during development at 5 months and 10 months. At 10 months of age adenomas were also collected.,31939706,,,330873,GPL21493,Mus musculus,GSE,Expression profiling by high throughput sequencing,2020/02/24,29,ftp://ftp.ncbi.nlm.nih.gov/geo/series/GSE143nnn/GSE143304/,Hepatic Tumor Formation in Adult Mice Developmentally Exposed to Organotin.,Environmental health perspectives,2020 Jan,10.1289/EHP5414,OSD-137|Mmus_BAL-TAL_LVR_BSL_Rep1_B1,Basal Control
1,GSM4388008,0.9997684955596924,GSE146508,Transcriptome and open chromatin analysis of 5-month mouse liver and blood by the TaRGET II consortium,,,"The TaRGET (Toxicant Exposures and Responses by Genomic and Epigenomic Regulators of Transcription) program is a research consortium funded by the National Institute of Environmental Health Sciences (NIEHS). The goal of the collaboration is to address the role of environmental exposures in disease pathogenesis as a function of epigenome perturbation, including understanding the environmental control of epigenetic mechanisms and assessing the utility of surrogate tissue analysis in mouse models of disease-relevant environmental exposures (https://targetepigenomics.org).",RNA-seq and ATAC-seq of liver and blood samples from 5-month mice that were subjected to disease-relevant environmental exposures. The TaRGET II consortium (https://targetepigenomics.org/about/),29509741;42209488,,,351469,GPL17021; GPL21103; GPL21493; GPL19057; GPL21273; GPL24247,Mus musculus,GSE,Expression profiling by high throughput sequencing; Genome binding/occupancy profiling by high throughput sequencing,2020/05/20,849,ftp://ftp.ncbi.nlm.nih.gov/geo/series/GSE146nnn/GSE146508/,The NIEHS TaRGET II Consortium and environmental epigenomics.,Nature biotechnology,2018 Mar 6,10.1038/nbt.4099,OSD-137|Mmus_BAL-TAL_LVR_BSL_Rep1_B1,Basal Control
2,GSM3840115,0.9997607469558716,GSE132056,Removing a Double Bond from Ceramides Ameliorates Insulin Resistance and Hepatic Steatosis,,,"Ceramides contribute to the lipotoxicity that underlies diabetes, hepatic steatosis, and heart disease. By genetically engineering mice, we deleted the enzyme dihydroceramide desaturase-1 (DES1) which inserts a conserved double bond into the backbone of ceramides and other predominant sphingolipids. Ablation of DES1 from whole animals, or tissue-specific deletion in the liver, and/or adipose tissue resolved hepatic steatosis and insulin resistance in mice caused by leptin deficiency or obesogenic diets. Mechanistic studies revealed new ceramide actions that promoted lipid uptake and storage and impaired glucose utilization, none of which could be recapitulated by (dihydro)ceramides that lacked the critical double bond. These studies suggest that inhibition of DES1 may provide a means of treating hepatic steatosis and cardiometabolic disorders.",Livers isolated from Control and Liver specific Degs1 knockout mice following either normal chow or high fat diet feeding,31273070,,,258313,GPL24247,Mus musculus,GSE,Expression profiling by high throughput sequencing,2020/01/30,16,ftp://ftp.ncbi.nlm.nih.gov/geo/series/GSE132nnn/GSE132056/,Targeting a ceramide double bond improves insulin resistance and hepatic steatosis.,"Science (New York, N.Y.)",2019 Jul 26,10.1126/science.aav3722,OSD-137|Mmus_BAL-TAL_LVR_BSL_Rep1_B1,Basal Control
3,GSM4387996,0.9997379779815674,GSE146508,Transcriptome and open chromatin analysis of 5-month mouse liver and blood by the TaRGET II consortium,,,"The TaRGET (Toxicant Exposures and Responses by Genomic and Epigenomic Regulators of Transcription) program is a research consortium funded by the National Institute of Environmental Health Sciences (NIEHS). The goal of the collaboration is to address the role of environmental exposures in disease pathogenesis as a function of epigenome perturbation, including understanding the environmental control of epigenetic mechanisms and assessing the utility of surrogate tissue analysis in mouse models of disease-relevant environmental exposures (https://targetepigenomics.org).",RNA-seq and ATAC-seq of liver and blood samples from 5-month mice that were subjected to disease-relevant environmental exposures. The TaRGET II consortium (https://targetepigenomics.org/about/),29509741;42209488,,,351457,GPL17021; GPL21103; GPL21493; GPL19057; GPL21273; GPL24247,Mus musculus,GSE,Expression profiling by high throughput sequencing; Genome binding/occupancy profiling by high throughput sequencing,2020/05/20,849,ftp://ftp.ncbi.nlm.nih.gov/geo/series/GSE146nnn/GSE146508/,The NIEHS TaRGET II Consortium and environmental epigenomics.,Nature biotechnology,2018 Mar 6,10.1038/nbt.4099,OSD-137|Mmus_BAL-TAL_LVR_BSL_Rep1_B1,Basal Control
4,GSM4256751,0.9997367858886719,GSE143304,Genome wide anaylsis of transcriptome modifications in male mice exposed to tributyltin during development,,,"Purpose: To identify alterations induced by developmental exposure to tributyltin at different stages of life Methods: Dams were treated with tributyltin during gestation and lactation in drinking water and pups were euthanized at different ages Results: We identified a number of changes in transcriptomic activity in 5 month, and ten month old pups after tributyltin exposure. Male animals exposed to tributyltin also developed fatty liver 5 months of age and adenomas of the liver at ten months of age.",Liver was isolated from animals exposed to tributyltin during development at 5 months and 10 months. At 10 months of age adenomas were also collected.,31939706,,,330855,GPL21493,Mus musculus,GSE,Expression profiling by high throughput sequencing,2020/02/24,29,ftp://ftp.ncbi.nlm.nih.gov/geo/series/GSE143nnn/GSE143304/,Hepatic Tumor Formation in Adult Mice Developmentally Exposed to Organotin.,Environmental health perspectives,2020 Jan,10.1289/EHP5414,OSD-137|Mmus_BAL-TAL_LVR_BSL_Rep1_B1,Basal Control
5,GSM4256750,0.9996783137321472,GSE143304,Genome wide anaylsis of transcriptome modifications in male mice exposed to tributyltin during development,,,"Purpose: To identify alterations induced by developmental exposure to tributyltin at different stages of life Methods: Dams were treated with tributyltin during gestation and lactation in drinking water and pups were euthanized at different ages Results: We identified a number of changes in transcriptomic activity in 5 month, and ten month old pups after tributyltin exposure. Male animals exposed to tributyltin also developed fatty liver 5 months of age and adenomas of the liver at ten months of age.",Liver was isolated from animals exposed to tributyltin during development at 5 months and 10 months. At 10 months of age adenomas were also collected.,31939706,,,330854,GPL21493,Mus musculus,GSE,Expression profiling by high throughput sequencing,2020/02/24,29,ftp://ftp.ncbi.nlm.nih.gov/geo/series/GSE143nnn/GSE143304/,Hepatic Tumor Formation in Adult Mice Developmentally Exposed to Organotin.,Environmental health perspectives,2020 Jan,10.1289/EHP5414,OSD-137|Mmus_BAL-TAL_LVR_BSL_Rep1_B1,Basal Control
6,GSM7090797,0.9996685981750488,GSE237080,ChREBP is activated by reductive stress and mediates GCKR-associated metabolic traits,,,This SuperSeries is composed of the SubSeries listed below.,Refer to individual Series,38101397,,,739840,GPL19057; GPL24247,Mus musculus,GSE,Expression profiling by high throughput sequencing,2024/01/02,39,ftp://ftp.ncbi.nlm.nih.gov/geo/series/GSE237nnn/GSE237080/,ChREBP is activated by reductive stress and mediates GCKR-associated metabolic traits.,Cell metabolism,2024 Jan 2,10.1016/j.cmet.2023.11.010,OSD-137|Mmus_BAL-TAL_LVR_BSL_Rep1_B1,Basal Control
7,GSM4256753,0.999664843082428,GSE143304,Genome wide anaylsis of transcriptome modifications in male mice exposed to tributyltin during development,,,"Purpose: To identify alterations induced by developmental exposure to tributyltin at different stages of life Methods: Dams were treated with tributyltin during gestation and lactation in drinking water and pups were euthanized at different ages Results: We identified a number of changes in transcriptomic activity in 5 month, and ten month old pups after tributyltin exposure. Male animals exposed to tributyltin also developed fatty liver 5 months of age and adenomas of the liver at ten months of age.",Liver was isolated from animals exposed to tributyltin during development at 5 months and 10 months. At 10 months of age adenomas were also collected.,31939706,,,330857,GPL21493,Mus musculus,GSE,Expression profiling by high throughput sequencing,2020/02/24,29,ftp://ftp.ncbi.nlm.nih.gov/geo/series/GSE143nnn/GSE143304/,Hepatic Tumor Formation in Adult Mice Developmentally Exposed to Organotin.,Environmental health perspectives,2020 Jan,10.1289/EHP5414,OSD-137|Mmus_BAL-TAL_LVR_BSL_Rep1_B1,Basal Control
8,GSM2327518,0.9996637105941772,GSE87299,Transcriptome changes in mouse livers upon Bmal1 or Nr1d1 knock out and interactome of lnc-Crot by 4C-seq,,,"To explore the circadian regulations of Bmal1, we examined the transcriptome changes in mouse livers upon Bmal1 knock out at two circadian time points, CT0 and CT12. To explore the circadian regulations of Nr1d1, we examined the transcriptome changes in mouse livers upon Nr1d1 knock out at two circadian time points, CT0 and CT12. To explore interactome of lnc-Crot, 4C-seq was performed with lnc-Crot as bait region at CT6 and CT18.",RNA-seq of WT and KO at CT0 and CT12. 4C-seq at CT6 and CT18.,28335007,,,77556,GPL13112,Mus musculus,GSE,Expression profiling by high throughput sequencing; Other,2017/04/12,26,ftp://ftp.ncbi.nlm.nih.gov/geo/series/GSE87nnn/GSE87299/,A class of circadian long non-coding RNAs mark enhancers modulating long-range circadian gene regulation.,Nucleic acids research,2017 Jun 2,10.1093/nar/gkx156,OSD-137|Mmus_BAL-TAL_LVR_BSL_Rep1_B1,Basal Control
9,GSM4387989,0.9996635317802429,GSE146508,Transcriptome and open chromatin analysis of 5-month mouse liver and blood by the TaRGET II consortium,,,"The TaRGET (Toxicant Exposures and Responses by Genomic and Epigenomic Regulators of Transcription) program is a research consortium funded by the National Institute of Environmental Health Sciences (NIEHS). The goal of the collaboration is to address the role of environmental exposures in disease pathogenesis as a function of epigenome perturbation, including understanding the environmental control of epigenetic mechanisms and assessing the utility of surrogate tissue analysis in mouse models of disease-relevant environmental exposures (https://targetepigenomics.org).",RNA-seq and ATAC-seq of liver and blood samples from 5-month mice that were subjected to disease-relevant environmental exposures. The TaRGET II consortium (https://targetepigenomics.org/about/),29509741;42209488,,,351450,GPL17021; GPL21103; GPL21493; GPL19057; GPL21273; GPL24247,Mus musculus,GSE,Expression profiling by high throughput sequencing; Genome binding/occupancy profiling by high throughput sequencing,2020/05/20,849,ftp://ftp.ncbi.nlm.nih.gov/geo/series/GSE146nnn/GSE146508/,The NIEHS TaRGET II Consortium and environmental epigenomics.,Nature biotechnology,2018 Mar 6,10.1038/nbt.4099,OSD-137|Mmus_BAL-TAL_LVR_BSL_Rep1_B1,Basal Control
10,GSM2327520,0.9997411966323853,GSE87299,Transcriptome changes in mouse livers upon Bmal1 or Nr1d1 knock out and interactome of lnc-Crot by 4C-seq,,,"To explore the circadian regulations of Bmal1, we examined the transcriptome changes in mouse livers upon Bmal1 knock out at two circadian time points, CT0 and CT12. To explore the circadian regulations of Nr1d1, we examined the transcriptome changes in mouse livers upon Nr1d1 knock out at two circadian time points, CT0 and CT12. To explore interactome of lnc-Crot, 4C-seq was performed with lnc-Crot as bait region at CT6 and CT18.",RNA-seq of WT and KO at CT0 and CT12. 4C-seq at CT6 and CT18.,28335007,,,77558,GPL13112,Mus musculus,GSE,Expression profiling by high throughput sequencing; Other,2017/04/12,26,ftp://ftp.ncbi.nlm.nih.gov/geo/series/GSE87nnn/GSE87299/,A class of circadian long non-coding RNAs mark enhancers modulating long-range circadian gene regulation.,Nucleic acids research,2017 Jun 2,10.1093/nar/gkx156,OSD-137|Mmus_BAL-TAL_LVR_BSL_Rep2_B2,Basal Control
11,GSM5068955,0.9997210502624512,GSE166353,IRF3-mediated pathogenicity in a murine model of human hepatitis A,,,"Hepatitis A virus (HAV), an hepatotropic picornavirus, is a common cause of acute hepatitis in human populations. Although responsible for considerable morbidity and mortality, the mechanisms underlying HAV-mediated liver injury are poorly understood. Ifnar1-/- mice are susceptible to HAV and when infected recapitulate cardinal features of hepatitis A in humans, including serum ALT elevation, hepatocellular apoptosis, and intrahepatic inflammatory cell infiltrates. In contrast, Mavs-/- mice, while equally permissive for infection, experience no liver injury. Previous studies indicate that HAV pathogenesis in Ifnar1-/- mice is dependent upon MAVS-IRF3 signaling, but leave unresolved the role of IRF3-mediated transcription versus non-transcriptional pro-apoptotic activity of activated IRF3 in HAV-induced liver disease. Here, we compared the intrahepatic transcriptomes of HAV-infected naïve Mavs-/- and Ifnar1-/- mice using high throughput RNA sequencing, and characterized IRF3-mediated transcriptional responses associated with hepatocyte apoptosis and liver inflammation.","Liver mRNA profiles of Ifnar1-/- ,Mavs-/- and Irf3S1/S1Ifnar1-/- mice 7 days or 14 days after HAV infection",34591933,,,459193,GPL21103,Mus musculus,GSE,Expression profiling by high throughput sequencing,2021/08/18,40,ftp://ftp.ncbi.nlm.nih.gov/geo/series/GSE166nnn/GSE166353/,IRF3-mediated pathogenicity in a murine model of human hepatitis A.,PLoS pathogens,2021 Sep,10.1371/journal.ppat.1009960,OSD-137|Mmus_BAL-TAL_LVR_BSL_Rep2_B2,Basal Control
12,GSM4256769,0.999709963798523,GSE143304,Genome wide anaylsis of transcriptome modifications in male mice exposed to tributyltin during development,,,"Purpose: To identify alterations induced by developmental exposure to tributyltin at different stages of life Methods: Dams were treated with tributyltin during gestation and lactation in drinking water and pups were euthanized at different ages Results: We identified a number of changes in transcriptomic activity in 5 month, and ten month old pups after tributyltin exposure. Male animals exposed to tributyltin also developed fatty liver 5 months of age and adenomas of the liver at ten months of age.",Liver was isolated from animals exposed to tributyltin during development at 5 months and 10 months. At 10 months of age adenomas were also collected.,31939706,,,330873,GPL21493,Mus musculus,GSE,Expression profiling by high throughput sequencing,2020/02/24,29,ftp://ftp.ncbi.nlm.nih.gov/geo/series/GSE143nnn/GSE143304/,Hepatic Tumor Formation in Adult Mice Developmentally Exposed to Organotin.,Environmental health perspectives,2020 Jan,10.1289/EHP5414,OSD-137|Mmus_BAL-TAL_LVR_BSL_Rep2_B2,Basal Control
13,GSM4388008,0.999709963798523,GSE146508,Transcriptome and open chromatin analysis of 5-month mouse liver and blood by the TaRGET II consortium,,,"The TaRGET (Toxicant Exposures and Responses by Genomic and Epigenomic Regulators of Transcription) program is a research consortium funded by the National Institute of Environmental Health Sciences (NIEHS). The goal of the collaboration is to address the role of environmental exposures in disease pathogenesis as a function of epigenome perturbation, including understanding the environmental control of epigenetic mechanisms and assessing the utility of surrogate tissue analysis in mouse models of disease-relevant environmental exposures (https://targetepigenomics.org).",RNA-seq and ATAC-seq of liver and blood samples from 5-month mice that were subjected to disease-relevant environmental exposures. The TaRGET II consortium (https://targetepigenomics.org/about/),29509741;42209488,,,351469,GPL17021; GPL21103; GPL21493; GPL19057; GPL21273; GPL24247,Mus musculus,GSE,Expression profiling by high throughput sequencing; Genome binding/occupancy profiling by high throughput sequencing,2020/05/20,849,ftp://ftp.ncbi.nlm.nih.gov/geo/series/GSE146nnn/GSE146508/,The NIEHS TaRGET II Consortium and environmental epigenomics.,Nature biotechnology,2018 Mar 6,10.1038/nbt.4099,OSD-137|Mmus_BAL-TAL_LVR_BSL_Rep2_B2,Basal Control
14,GSM4387987,0.9996799826622009,GSE146508,Transcriptome and open chromatin analysis of 5-month mouse liver and blood by the TaRGET II consortium,,,"The TaRGET (Toxicant Exposures and Responses by Genomic and Epigenomic Regulators of Transcription) program is a research consortium funded by the National Institute of Environmental Health Sciences (NIEHS). The goal of the collaboration is to address the role of environmental exposures in disease pathogenesis as a function of epigenome perturbation, including understanding the environmental control of epigenetic mechanisms and assessing the utility of surrogate tissue analysis in mouse models of disease-relevant environmental exposures (https://targetepigenomics.org).",RNA-seq and ATAC-seq of liver and blood samples from 5-month mice that were subjected to disease-relevant environmental exposures. The TaRGET II consortium (https://targetepigenomics.org/about/),29509741;42209488,,,351448,GPL17021; GPL21103; GPL21493; GPL19057; GPL21273; GPL24247,Mus musculus,GSE,Expression profiling by high throughput sequencing; Genome binding/occupancy profiling by high throughput sequencing,2020/05/20,849,ftp://ftp.ncbi.nlm.nih.gov/geo/series/GSE146nnn/GSE146508/,The NIEHS TaRGET II Consortium and environmental epigenomics.,Nature biotechnology,2018 Mar 6,10.1038/nbt.4099,OSD-137|Mmus_BAL-TAL_LVR_BSL_Rep2_B2,Basal Control
15,GSM4387988,0.9996781349182129,GSE146508,Transcriptome and open chromatin analysis of 5-month mouse liver and blood by the TaRGET II consortium,,,"The TaRGET (Toxicant Exposures and Responses by Genomic and Epigenomic Regulators of Transcription) program is a research consortium funded by the National Institute of Environmental Health Sciences (NIEHS). The goal of the collaboration is to address the role of environmental exposures in disease pathogenesis as a function of epigenome perturbation, including understanding the environmental control of epigenetic mechanisms and assessing the utility of surrogate tissue analysis in mouse models of disease-relevant environmental exposures (https://targetepigenomics.org).",RNA-seq and ATAC-seq of liver and blood samples from 5-month mice that were subjected to disease-relevant environmental exposures. The TaRGET II consortium (https://targetepigenomics.org/about/),29509741;42209488,,,351449,GPL17021; GPL21103; GPL21493; GPL19057; GPL21273; GPL24247,Mus musculus,GSE,Expression profiling by high throughput sequencing; Genome binding/occupancy profiling by high throughput sequencing,2020/05/20,849,ftp://ftp.ncbi.nlm.nih.gov/geo/series/GSE146nnn/GSE146508/,The NIEHS TaRGET II Consortium and environmental epigenomics.,Nature biotechnology,2018 Mar 6,10.1038/nbt.4099,OSD-137|Mmus_BAL-TAL_LVR_BSL_Rep2_B2,Basal Control
16,GSM5068957,0.9996670484542847,GSE166353,IRF3-mediated pathogenicity in a murine model of human hepatitis A,,,"Hepatitis A virus (HAV), an hepatotropic picornavirus, is a common cause of acute hepatitis in human populations. Although responsible for considerable morbidity and mortality, the mechanisms underlying HAV-mediated liver injury are poorly understood. Ifnar1-/- mice are susceptible to HAV and when infected recapitulate cardinal features of hepatitis A in humans, including serum ALT elevation, hepatocellular apoptosis, and intrahepatic inflammatory cell infiltrates. In contrast, Mavs-/- mice, while equally permissive for infection, experience no liver injury. Previous studies indicate that HAV pathogenesis in Ifnar1-/- mice is dependent upon MAVS-IRF3 signaling, but leave unresolved the role of IRF3-mediated transcription versus non-transcriptional pro-apoptotic activity of activated IRF3 in HAV-induced liver disease. Here, we compared the intrahepatic transcriptomes of HAV-infected naïve Mavs-/- and Ifnar1-/- mice using high throughput RNA sequencing, and characterized IRF3-mediated transcriptional responses associated with hepatocyte apoptosis and liver inflammation.","Liver mRNA profiles of Ifnar1-/- ,Mavs-/- and Irf3S1/S1Ifnar1-/- mice 7 days or 14 days after HAV infection",34591933,,,459195,GPL21103,Mus musculus,GSE,Expression profiling by high throughput sequencing,2021/08/18,40,ftp://ftp.ncbi.nlm.nih.gov/geo/series/GSE166nnn/GSE166353/,IRF3-mediated pathogenicity in a murine model of human hepatitis A.,PLoS pathogens,2021 Sep,10.1371/journal.ppat.1009960,OSD-137|Mmus_BAL-TAL_LVR_BSL_Rep2_B2,Basal Control
17,GSM1704775,0.9996635913848877,GSE69617,Histone Lysine ß-hydroxybutyrylation ChIP-seq and RNA-seq analysis of mouse liver during starvation,,,This SuperSeries is composed of the SubSeries listed below.,Refer to individual Series,27105115,,,34826,GPL13112,Mus musculus,GSE,Genome binding/occupancy profiling by high throughput sequencing; Expression profiling by high throughput sequencing,2016/04/06,22,ftp://ftp.ncbi.nlm.nih.gov/geo/series/GSE69nnn/GSE69617/,Metabolic Regulation of Gene Expression by Histone Lysine β-Hydroxybutyrylation.,Molecular cell,2016 Apr 21,10.1016/j.molcel.2016.03.036,OSD-137|Mmus_BAL-TAL_LVR_BSL_Rep2_B2,Basal Control
18,GSM4387995,0.9996625185012817,GSE146508,Transcriptome and open chromatin analysis of 5-month mouse liver and blood by the TaRGET II consortium,,,"The TaRGET (Toxicant Exposures and Responses by Genomic and Epigenomic Regulators of Transcription) program is a research consortium funded by the National Institute of Environmental Health Sciences (NIEHS). The goal of the collaboration is to address the role of environmental exposures in disease pathogenesis as a function of epigenome perturbation, including understanding the environmental control of epigenetic mechanisms and assessing the utility of surrogate tissue analysis in mouse models of disease-relevant environmental exposures (https://targetepigenomics.org).",RNA-seq and ATAC-seq of liver and blood samples from 5-month mice that were subjected to disease-relevant environmental exposures. The TaRGET II consortium (https://targetepigenomics.org/about/),29509741;42209488,,,351456,GPL17021; GPL21103; GPL21493; GPL19057; GPL21273; GPL24247,Mus musculus,GSE,Expression profiling by high throughput sequencing; Genome binding/occupancy profiling by high throughput sequencing,2020/05/20,849,ftp://ftp.ncbi.nlm.nih.gov/geo/series/GSE146nnn/GSE146508/,The NIEHS TaRGET II Consortium and environmental epigenomics.,Nature biotechnology,2018 Mar 6,10.1038/nbt.4099,OSD-137|Mmus_BAL-TAL_LVR_BSL_Rep2_B2,Basal Control
19,GSM4256755,0.9996625185012817,GSE143304,Genome wide anaylsis of transcriptome modifications in male mice exposed to tributyltin during development,,,"Purpose: To identify alterations induced by developmental exposure to tributyltin at different stages of life Methods: Dams were treated with tributyltin during gestation and lactation in drinking water and pups were euthanized at different ages Results: We identified a number of changes in transcriptomic activity in 5 month, and ten month old pups after tributyltin exposure. Male animals exposed to tributyltin also developed fatty liver 5 months of age and adenomas of the liver at ten months of age.",Liver was isolated from animals exposed to tributyltin during development at 5 months and 10 months. At 10 months of age adenomas were also collected.,31939706,,,330859,GPL21493,Mus musculus,GSE,Expression profiling by high throughput sequencing,2020/02/24,29,ftp://ftp.ncbi.nlm.nih.gov/geo/series/GSE143nnn/GSE143304/,Hepatic Tumor Formation in Adult Mice Developmentally Exposed to Organotin.,Environmental health perspectives,2020 Jan,10.1289/EHP5414,OSD-137|Mmus_BAL-TAL_LVR_BSL_Rep2_B2,Basal Control
20,GSM3534525,0.9996558427810669,GSE124463,Promoter capture Hi-C identifies long-range promoter contact dynamics in response to diet and the development of non-alcoholic fatty liver disease,,,We profiled the chromatin interactions in liver from mice fed either an obesogenic or control diet.,"Examination of chromatin interactions, histone modification, gene expression and transcription factors binding in mice liver samples",32075973,,,219425,GPL24247; GPL19057,Mus musculus,GSE,Expression profiling by high throughput sequencing; Genome binding/occupancy profiling by high throughput sequencing; Other,2020/01/01,46,ftp://ftp.ncbi.nlm.nih.gov/geo/series/GSE124nnn/GSE124463/,Alterations in promoter interaction landscape and transcriptional network underlying metabolic adaptation to diet.,Nature communications,2020 Feb 19,10.1038/s41467-020-14796-x,OSD-137|Mmus_BAL-TAL_LVR_BSL_Rep3_B3,Basal Control
21,GSM3840115,0.9996486902236938,GSE132056,Removing a Double Bond from Ceramides Ameliorates Insulin Resistance and Hepatic Steatosis,,,"Ceramides contribute to the lipotoxicity that underlies diabetes, hepatic steatosis, and heart disease. By genetically engineering mice, we deleted the enzyme dihydroceramide desaturase-1 (DES1) which inserts a conserved double bond into the backbone of ceramides and other predominant sphingolipids. Ablation of DES1 from whole animals, or tissue-specific deletion in the liver, and/or adipose tissue resolved hepatic steatosis and insulin resistance in mice caused by leptin deficiency or obesogenic diets. Mechanistic studies revealed new ceramide actions that promoted lipid uptake and storage and impaired glucose utilization, none of which could be recapitulated by (dihydro)ceramides that lacked the critical double bond. These studies suggest that inhibition of DES1 may provide a means of treating hepatic steatosis and cardiometabolic disorders.",Livers isolated from Control and Liver specific Degs1 knockout mice following either normal chow or high fat diet feeding,31273070,,,258313,GPL24247,Mus musculus,GSE,Expression profiling by high throughput sequencing,2020/01/30,16,ftp://ftp.ncbi.nlm.nih.gov/geo/series/GSE132nnn/GSE132056/,Targeting a ceramide double bond improves insulin resistance and hepatic steatosis.,"Science (New York, N.Y.)",2019 Jul 26,10.1126/science.aav3722,OSD-137|Mmus_BAL-TAL_LVR_BSL_Rep3_B3,Basal Control
22,GSM4256769,0.9996267557144165,GSE143304,Genome wide anaylsis of transcriptome modifications in male mice exposed to tributyltin during development,,,"Purpose: To identify alterations induced by developmental exposure to tributyltin at different stages of life Methods: Dams were treated with tributyltin during gestation and lactation in drinking water and pups were euthanized at different ages Results: We identified a number of changes in transcriptomic activity in 5 month, and ten month old pups after tributyltin exposure. Male animals exposed to tributyltin also developed fatty liver 5 months of age and adenomas of the liver at ten months of age.",Liver was isolated from animals exposed to tributyltin during development at 5 months and 10 months. At 10 months of age adenomas were also collected.,31939706,,,330873,GPL21493,Mus musculus,GSE,Expression profiling by high throughput sequencing,2020/02/24,29,ftp://ftp.ncbi.nlm.nih.gov/geo/series/GSE143nnn/GSE143304/,Hepatic Tumor Formation in Adult Mice Developmentally Exposed to Organotin.,Environmental health perspectives,2020 Jan,10.1289/EHP5414,OSD-137|Mmus_BAL-TAL_LVR_BSL_Rep3_B3,Basal Control
23,GSM4388008,0.9996267557144165,GSE146508,Transcriptome and open chromatin analysis of 5-month mouse liver and blood by the TaRGET II consortium,,,"The TaRGET (Toxicant Exposures and Responses by Genomic and Epigenomic Regulators of Transcription) program is a research consortium funded by the National Institute of Environmental Health Sciences (NIEHS). The goal of the collaboration is to address the role of environmental exposures in disease pathogenesis as a function of epigenome perturbation, including understanding the environmental control of epigenetic mechanisms and assessing the utility of surrogate tissue analysis in mouse models of disease-relevant environmental exposures (https://targetepigenomics.org).",RNA-seq and ATAC-seq of liver and blood samples from 5-month mice that were subjected to disease-relevant environmental exposures. The TaRGET II consortium (https://targetepigenomics.org/about/),29509741;42209488,,,351469,GPL17021; GPL21103; GPL21493; GPL19057; GPL21273; GPL24247,Mus musculus,GSE,Expression profiling by high throughput sequencing; Genome binding/occupancy profiling by high throughput sequencing,2020/05/20,849,ftp://ftp.ncbi.nlm.nih.gov/geo/series/GSE146nnn/GSE146508/,The NIEHS TaRGET II Consortium and environmental epigenomics.,Nature biotechnology,2018 Mar 6,10.1038/nbt.4099,OSD-137|Mmus_BAL-TAL_LVR_BSL_Rep3_B3,Basal Control
24,GSM2327518,0.9996171593666077,GSE87299,Transcriptome changes in mouse livers upon Bmal1 or Nr1d1 knock out and interactome of lnc-Crot by 4C-seq,,,"To explore the circadian regulations of Bmal1, we examined the transcriptome changes in mouse livers upon Bmal1 knock out at two circadian time points, CT0 and CT12. To explore the circadian regulations of Nr1d1, we examined the transcriptome changes in mouse livers upon Nr1d1 knock out at two circadian time points, CT0 and CT12. To explore interactome of lnc-Crot, 4C-seq was performed with lnc-Crot as bait region at CT6 and CT18.",RNA-seq of WT and KO at CT0 and CT12. 4C-seq at CT6 and CT18.,28335007,,,77556,GPL13112,Mus musculus,GSE,Expression profiling by high throughput sequencing; Other,2017/04/12,26,ftp://ftp.ncbi.nlm.nih.gov/geo/series/GSE87nnn/GSE87299/,A class of circadian long non-coding RNAs mark enhancers modulating long-range circadian gene regulation.,Nucleic acids research,2017 Jun 2,10.1093/nar/gkx156,OSD-137|Mmus_BAL-TAL_LVR_BSL_Rep3_B3,Basal Control
25,GSM2327521,0.9996167421340942,GSE87299,Transcriptome changes in mouse livers upon Bmal1 or Nr1d1 knock out and interactome of lnc-Crot by 4C-seq,,,"To explore the circadian regulations of Bmal1, we examined the transcriptome changes in mouse livers upon Bmal1 knock out at two circadian time points, CT0 and CT12. To explore the circadian regulations of Nr1d1, we examined the transcriptome changes in mouse livers upon Nr1d1 knock out at two circadian time points, CT0 and CT12. To explore interactome of lnc-Crot, 4C-seq was performed with lnc-Crot as bait region at CT6 and CT18.",RNA-seq of WT and KO at CT0 and CT12. 4C-seq at CT6 and CT18.,28335007,,,77559,GPL13112,Mus musculus,GSE,Expression profiling by high throughput sequencing; Other,2017/04/12,26,ftp://ftp.ncbi.nlm.nih.gov/geo/series/GSE87nnn/GSE87299/,A class of circadian long non-coding RNAs mark enhancers modulating long-range circadian gene regulation.,Nucleic acids research,2017 Jun 2,10.1093/nar/gkx156,OSD-137|Mmus_BAL-TAL_LVR_BSL_Rep3_B3,Basal Control
26,GSM5068950,0.9995863437652588,GSE166353,IRF3-mediated pathogenicity in a murine model of human hepatitis A,,,"Hepatitis A virus (HAV), an hepatotropic picornavirus, is a common cause of acute hepatitis in human populations. Although responsible for considerable morbidity and mortality, the mechanisms underlying HAV-mediated liver injury are poorly understood. Ifnar1-/- mice are susceptible to HAV and when infected recapitulate cardinal features of hepatitis A in humans, including serum ALT elevation, hepatocellular apoptosis, and intrahepatic inflammatory cell infiltrates. In contrast, Mavs-/- mice, while equally permissive for infection, experience no liver injury. Previous studies indicate that HAV pathogenesis in Ifnar1-/- mice is dependent upon MAVS-IRF3 signaling, but leave unresolved the role of IRF3-mediated transcription versus non-transcriptional pro-apoptotic activity of activated IRF3 in HAV-induced liver disease. Here, we compared the intrahepatic transcriptomes of HAV-infected naïve Mavs-/- and Ifnar1-/- mice using high throughput RNA sequencing, and characterized IRF3-mediated transcriptional responses associated with hepatocyte apoptosis and liver inflammation.","Liver mRNA profiles of Ifnar1-/- ,Mavs-/- and Irf3S1/S1Ifnar1-/- mice 7 days or 14 days after HAV infection",34591933,,,459188,GPL21103,Mus musculus,GSE,Expression profiling by high throughput sequencing,2021/08/18,40,ftp://ftp.ncbi.nlm.nih.gov/geo/series/GSE166nnn/GSE166353/,IRF3-mediated pathogenicity in a murine model of human hepatitis A.,PLoS pathogens,2021 Sep,10.1371/journal.ppat.1009960,OSD-137|Mmus_BAL-TAL_LVR_BSL_Rep3_B3,Basal Control
27,GSM4387996,0.9995774030685425,GSE146508,Transcriptome and open chromatin analysis of 5-month mouse liver and blood by the TaRGET II consortium,,,"The TaRGET (Toxicant Exposures and Responses by Genomic and Epigenomic Regulators of Transcription) program is a research consortium funded by the National Institute of Environmental Health Sciences (NIEHS). The goal of the collaboration is to address the role of environmental exposures in disease pathogenesis as a function of epigenome perturbation, including understanding the environmental control of epigenetic mechanisms and assessing the utility of surrogate tissue analysis in mouse models of disease-relevant environmental exposures (https://targetepigenomics.org).",RNA-seq and ATAC-seq of liver and blood samples from 5-month mice that were subjected to disease-relevant environmental exposures. The TaRGET II consortium (https://targetepigenomics.org/about/),29509741;42209488,,,351457,GPL17021; GPL21103; GPL21493; GPL19057; GPL21273; GPL24247,Mus musculus,GSE,Expression profiling by high throughput sequencing; Genome binding/occupancy profiling by high throughput sequencing,2020/05/20,849,ftp://ftp.ncbi.nlm.nih.gov/geo/series/GSE146nnn/GSE146508/,The NIEHS TaRGET II Consortium and environmental epigenomics.,Nature biotechnology,2018 Mar 6,10.1038/nbt.4099,OSD-137|Mmus_BAL-TAL_LVR_BSL_Rep3_B3,Basal Control
28,GSM4256751,0.9995750784873962,GSE143304,Genome wide anaylsis of transcriptome modifications in male mice exposed to tributyltin during development,,,"Purpose: To identify alterations induced by developmental exposure to tributyltin at different stages of life Methods: Dams were treated with tributyltin during gestation and lactation in drinking water and pups were euthanized at different ages Results: We identified a number of changes in transcriptomic activity in 5 month, and ten month old pups after tributyltin exposure. Male animals exposed to tributyltin also developed fatty liver 5 months of age and adenomas of the liver at ten months of age.",Liver was isolated from animals exposed to tributyltin during development at 5 months and 10 months. At 10 months of age adenomas were also collected.,31939706,,,330855,GPL21493,Mus musculus,GSE,Expression profiling by high throughput sequencing,2020/02/24,29,ftp://ftp.ncbi.nlm.nih.gov/geo/series/GSE143nnn/GSE143304/,Hepatic Tumor Formation in Adult Mice Developmentally Exposed to Organotin.,Environmental health perspectives,2020 Jan,10.1289/EHP5414,OSD-137|Mmus_BAL-TAL_LVR_BSL_Rep3_B3,Basal Control
29,GSM2327520,0.9995585083961487,GSE87299,Transcriptome changes in mouse livers upon Bmal1 or Nr1d1 knock out and interactome of lnc-Crot by 4C-seq,,,"To explore the circadian regulations of Bmal1, we examined the transcriptome changes in mouse livers upon Bmal1 knock out at two circadian time points, CT0 and CT12. To explore the circadian regulations of Nr1d1, we examined the transcriptome changes in mouse livers upon Nr1d1 knock out at two circadian time points, CT0 and CT12. To explore interactome of lnc-Crot, 4C-seq was performed with lnc-Crot as bait region at CT6 and CT18.",RNA-seq of WT and KO at CT0 and CT12. 4C-seq at CT6 and CT18.,28335007,,,77558,GPL13112,Mus musculus,GSE,Expression profiling by high throughput sequencing; Other,2017/04/12,26,ftp://ftp.ncbi.nlm.nih.gov/geo/series/GSE87nnn/GSE87299/,A class of circadian long non-coding RNAs mark enhancers modulating long-range circadian gene regulation.,Nucleic acids research,2017 Jun 2,10.1093/nar/gkx156,OSD-137|Mmus_BAL-TAL_LVR_BSL_Rep3_B3,Basal Control
30,GSM4387989,0.9997828602790833,GSE146508,Transcriptome and open chromatin analysis of 5-month mouse liver and blood by the TaRGET II consortium,,,"The TaRGET (Toxicant Exposures and Responses by Genomic and Epigenomic Regulators of Transcription) program is a research consortium funded by the National Institute of Environmental Health Sciences (NIEHS). The goal of the collaboration is to address the role of environmental exposures in disease pathogenesis as a function of epigenome perturbation, including understanding the environmental control of epigenetic mechanisms and assessing the utility of surrogate tissue analysis in mouse models of disease-relevant environmental exposures (https://targetepigenomics.org).",RNA-seq and ATAC-seq of liver and blood samples from 5-month mice that were subjected to disease-relevant environmental exposures. The TaRGET II consortium (https://targetepigenomics.org/about/),29509741;42209488,,,351450,GPL17021; GPL21103; GPL21493; GPL19057; GPL21273; GPL24247,Mus musculus,GSE,Expression profiling by high throughput sequencing; Genome binding/occupancy profiling by high throughput sequencing,2020/05/20,849,ftp://ftp.ncbi.nlm.nih.gov/geo/series/GSE146nnn/GSE146508/,The NIEHS TaRGET II Consortium and environmental epigenomics.,Nature biotechnology,2018 Mar 6,10.1038/nbt.4099,OSD-137|Mmus_BAL-TAL_LVR_BSL_Rep4_B4,Basal Control
31,GSM2327518,0.9997121095657349,GSE87299,Transcriptome changes in mouse livers upon Bmal1 or Nr1d1 knock out and interactome of lnc-Crot by 4C-seq,,,"To explore the circadian regulations of Bmal1, we examined the transcriptome changes in mouse livers upon Bmal1 knock out at two circadian time points, CT0 and CT12. To explore the circadian regulations of Nr1d1, we examined the transcriptome changes in mouse livers upon Nr1d1 knock out at two circadian time points, CT0 and CT12. To explore interactome of lnc-Crot, 4C-seq was performed with lnc-Crot as bait region at CT6 and CT18.",RNA-seq of WT and KO at CT0 and CT12. 4C-seq at CT6 and CT18.,28335007,,,77556,GPL13112,Mus musculus,GSE,Expression profiling by high throughput sequencing; Other,2017/04/12,26,ftp://ftp.ncbi.nlm.nih.gov/geo/series/GSE87nnn/GSE87299/,A class of circadian long non-coding RNAs mark enhancers modulating long-range circadian gene regulation.,Nucleic acids research,2017 Jun 2,10.1093/nar/gkx156,OSD-137|Mmus_BAL-TAL_LVR_BSL_Rep4_B4,Basal Control
32,GSM2327519,0.9997071623802185,GSE87299,Transcriptome changes in mouse livers upon Bmal1 or Nr1d1 knock out and interactome of lnc-Crot by 4C-seq,,,"To explore the circadian regulations of Bmal1, we examined the transcriptome changes in mouse livers upon Bmal1 knock out at two circadian time points, CT0 and CT12. To explore the circadian regulations of Nr1d1, we examined the transcriptome changes in mouse livers upon Nr1d1 knock out at two circadian time points, CT0 and CT12. To explore interactome of lnc-Crot, 4C-seq was performed with lnc-Crot as bait region at CT6 and CT18.",RNA-seq of WT and KO at CT0 and CT12. 4C-seq at CT6 and CT18.,28335007,,,77557,GPL13112,Mus musculus,GSE,Expression profiling by high throughput sequencing; Other,2017/04/12,26,ftp://ftp.ncbi.nlm.nih.gov/geo/series/GSE87nnn/GSE87299/,A class of circadian long non-coding RNAs mark enhancers modulating long-range circadian gene regulation.,Nucleic acids research,2017 Jun 2,10.1093/nar/gkx156,OSD-137|Mmus_BAL-TAL_LVR_BSL_Rep4_B4,Basal Control
33,GSM3840115,0.9996927976608276,GSE132056,Removing a Double Bond from Ceramides Ameliorates Insulin Resistance and Hepatic Steatosis,,,"Ceramides contribute to the lipotoxicity that underlies diabetes, hepatic steatosis, and heart disease. By genetically engineering mice, we deleted the enzyme dihydroceramide desaturase-1 (DES1) which inserts a conserved double bond into the backbone of ceramides and other predominant sphingolipids. Ablation of DES1 from whole animals, or tissue-specific deletion in the liver, and/or adipose tissue resolved hepatic steatosis and insulin resistance in mice caused by leptin deficiency or obesogenic diets. Mechanistic studies revealed new ceramide actions that promoted lipid uptake and storage and impaired glucose utilization, none of which could be recapitulated by (dihydro)ceramides that lacked the critical double bond. These studies suggest that inhibition of DES1 may provide a means of treating hepatic steatosis and cardiometabolic disorders.",Livers isolated from Control and Liver specific Degs1 knockout mice following either normal chow or high fat diet feeding,31273070,,,258313,GPL24247,Mus musculus,GSE,Expression profiling by high throughput sequencing,2020/01/30,16,ftp://ftp.ncbi.nlm.nih.gov/geo/series/GSE132nnn/GSE132056/,Targeting a ceramide double bond improves insulin resistance and hepatic steatosis.,"Science (New York, N.Y.)",2019 Jul 26,10.1126/science.aav3722,OSD-137|Mmus_BAL-TAL_LVR_BSL_Rep4_B4,Basal Control
34,GSM4256750,0.9996786117553711,GSE143304,Genome wide anaylsis of transcriptome modifications in male mice exposed to tributyltin during development,,,"Purpose: To identify alterations induced by developmental exposure to tributyltin at different stages of life Methods: Dams were treated with tributyltin during gestation and lactation in drinking water and pups were euthanized at different ages Results: We identified a number of changes in transcriptomic activity in 5 month, and ten month old pups after tributyltin exposure. Male animals exposed to tributyltin also developed fatty liver 5 months of age and adenomas of the liver at ten months of age.",Liver was isolated from animals exposed to tributyltin during development at 5 months and 10 months. At 10 months of age adenomas were also collected.,31939706,,,330854,GPL21493,Mus musculus,GSE,Expression profiling by high throughput sequencing,2020/02/24,29,ftp://ftp.ncbi.nlm.nih.gov/geo/series/GSE143nnn/GSE143304/,Hepatic Tumor Formation in Adult Mice Developmentally Exposed to Organotin.,Environmental health perspectives,2020 Jan,10.1289/EHP5414,OSD-137|Mmus_BAL-TAL_LVR_BSL_Rep4_B4,Basal Control
35,GSM2836680,0.9996713399887085,GSE106369,The histone acetyl-tranferase MOF is required for metabolic function in the liver .,,,"Purpose: Conditional MOF deletion in mouse livers resulted in acute hepatic necrosis.  The goal of this study was to identify transcriptomic changes in the livers of MOF-depeleted mice livers compared to WT. Methods: Transcriptomic profiles of MOF∆ and WT mouse livers were generated in triplicate.  Sequenced reads were quality filtered using Trimmomatic.  Quality reads were aligned to the mouse genome using TopHat2.  Reads were counted using htseq-count and differentially expressed transcripts were identified using DESeq. Results: 1408 differentially expressed genes were identified between MOF∆ and WT livers.  774 genes were down-regulated in MOF∆ and primarilly associated with metabolic pathways. Branched chain amino acid and fatty acid metabolic pathways, which are deregulated in non-alcoholic fattly liver disease (NAFLD) prgression were down-regulated. 664 genes were upregulated and associated with increased proliferation. Conclusions: These data show that MOF is required for maintaining proper metabolic function in the liver and deregulation of MOF may be involved in progression of NAFLD.","Liver mRNA profiles of 6-8 week old  old wild type (WT) and MOF∆ mice were generated by deep sequencing, in triplicate, using the Illumina HiSeq 4000 platform.",33376138,,,135950,GPL21103,Mus musculus,GSE,Expression profiling by high throughput sequencing,2018/01/31,6,ftp://ftp.ncbi.nlm.nih.gov/geo/series/GSE106nnn/GSE106369/,Dysregulation of intercellular signaling by MOF deletion leads to liver injury.,The Journal of biological chemistry,2021 Jan-Jun,10.1074/jbc.RA120.016079,OSD-137|Mmus_BAL-TAL_LVR_BSL_Rep4_B4,Basal Control
36,GSM2327521,0.9996676445007324,GSE87299,Transcriptome changes in mouse livers upon Bmal1 or Nr1d1 knock out and interactome of lnc-Crot by 4C-seq,,,"To explore the circadian regulations of Bmal1, we examined the transcriptome changes in mouse livers upon Bmal1 knock out at two circadian time points, CT0 and CT12. To explore the circadian regulations of Nr1d1, we examined the transcriptome changes in mouse livers upon Nr1d1 knock out at two circadian time points, CT0 and CT12. To explore interactome of lnc-Crot, 4C-seq was performed with lnc-Crot as bait region at CT6 and CT18.",RNA-seq of WT and KO at CT0 and CT12. 4C-seq at CT6 and CT18.,28335007,,,77559,GPL13112,Mus musculus,GSE,Expression profiling by high throughput sequencing; Other,2017/04/12,26,ftp://ftp.ncbi.nlm.nih.gov/geo/series/GSE87nnn/GSE87299/,A class of circadian long non-coding RNAs mark enhancers modulating long-range circadian gene regulation.,Nucleic acids research,2017 Jun 2,10.1093/nar/gkx156,OSD-137|Mmus_BAL-TAL_LVR_BSL_Rep4_B4,Basal Control
37,GSM3840114,0.9996547102928162,GSE132056,Removing a Double Bond from Ceramides Ameliorates Insulin Resistance and Hepatic Steatosis,,,"Ceramides contribute to the lipotoxicity that underlies diabetes, hepatic steatosis, and heart disease. By genetically engineering mice, we deleted the enzyme dihydroceramide desaturase-1 (DES1) which inserts a conserved double bond into the backbone of ceramides and other predominant sphingolipids. Ablation of DES1 from whole animals, or tissue-specific deletion in the liver, and/or adipose tissue resolved hepatic steatosis and insulin resistance in mice caused by leptin deficiency or obesogenic diets. Mechanistic studies revealed new ceramide actions that promoted lipid uptake and storage and impaired glucose utilization, none of which could be recapitulated by (dihydro)ceramides that lacked the critical double bond. These studies suggest that inhibition of DES1 may provide a means of treating hepatic steatosis and cardiometabolic disorders.",Livers isolated from Control and Liver specific Degs1 knockout mice following either normal chow or high fat diet feeding,31273070,,,258312,GPL24247,Mus musculus,GSE,Expression profiling by high throughput sequencing,2020/01/30,16,ftp://ftp.ncbi.nlm.nih.gov/geo/series/GSE132nnn/GSE132056/,Targeting a ceramide double bond improves insulin resistance and hepatic steatosis.,"Science (New York, N.Y.)",2019 Jul 26,10.1126/science.aav3722,OSD-137|Mmus_BAL-TAL_LVR_BSL_Rep4_B4,Basal Control
38,GSM4256746,0.9996504187583923,GSE143304,Genome wide anaylsis of transcriptome modifications in male mice exposed to tributyltin during development,,,"Purpose: To identify alterations induced by developmental exposure to tributyltin at different stages of life Methods: Dams were treated with tributyltin during gestation and lactation in drinking water and pups were euthanized at different ages Results: We identified a number of changes in transcriptomic activity in 5 month, and ten month old pups after tributyltin exposure. Male animals exposed to tributyltin also developed fatty liver 5 months of age and adenomas of the liver at ten months of age.",Liver was isolated from animals exposed to tributyltin during development at 5 months and 10 months. At 10 months of age adenomas were also collected.,31939706,,,330850,GPL21493,Mus musculus,GSE,Expression profiling by high throughput sequencing,2020/02/24,29,ftp://ftp.ncbi.nlm.nih.gov/geo/series/GSE143nnn/GSE143304/,Hepatic Tumor Formation in Adult Mice Developmentally Exposed to Organotin.,Environmental health perspectives,2020 Jan,10.1289/EHP5414,OSD-137|Mmus_BAL-TAL_LVR_BSL_Rep4_B4,Basal Control
39,GSM3016768,0.9996483325958252,GSE110787,Novel Protective Role of Nicotinamide Phosphoribosyltransferase in Acetaminophen-induced Acute Liver Injury in Mice,,,"Acetaminophen overdose is the most common cause of acute liver injury (ALI) or acute liver failure in the USA. Its pathogenetic mechanisms are incompletely understood. Additional studies are warranted to identify new genetic risk factors for more mechanistic insights and new therapeutic target discoveries. The objective of this study was to explore the role and mechanisms of nicotinamide phosphoribosyltransferase (NAMPT) in acetaminophen-induced ALI. C57BL/6 Nampt gene wild type (Nampt+/+)-, heterozygous knockout (Nampt+/-)-, and overexpression (NamptOE)-mice were treated with overdose of acetaminophen, followed by histological, biochemical, and transcriptomic evaluation of liver injury. The mechanism of Nampt in acetaminophen -induced hepatocytic toxicity was also explored in cultured primary hepatocytes. Three lines of evidence have convergently demonstrated that acetaminophen overdose triggers the most severe oxidative stress and necrosis, and the highest expression of key necrosis driving genes in Nampt+/- mice, while the effects in NamptOE mice were least severe relative to  Nampt+/+ mice. These findings support that NAMPT protects against acetaminophen induced ALI.",Paired-end sequencing of 17 mouse liver RNA 24h after APAP or saline injection.,29684358,,,155557,GPL18480,Mus musculus,GSE,Expression profiling by high throughput sequencing,2018/04/03,17,ftp://ftp.ncbi.nlm.nih.gov/geo/series/GSE110nnn/GSE110787/,Novel Protective Role of Nicotinamide Phosphoribosyltransferase in Acetaminophen-Induced Acute Liver Injury in Mice.,The American journal of pathology,2018 Jul,10.1016/j.ajpath.2018.04.004,OSD-137|Mmus_BAL-TAL_LVR_BSL_Rep4_B4,Basal Control
40,GSM3271944,0.999646782875061,GSE117134,Dissecting the autonomy of the liver circadian clock,,,"The mammalian circadian clock system is made up of individual cell and tissue clocks that function as a coherent network, however it remains unclear which rhythmic functions of the liver clock are autonomous or rely on clocks in other tissues. Here, using mice which only have a functioning liver clock, we investigate the autonomous vs non-autonomous reatures of the liver clock and diurnal rhythmicity in the liver","8-12 week-old, female WT, KO and Liver-RE BMAL1-stop-FL mice (see referenced paper for details) were fed ad libitum normal chow under 12hr light/ 12hr dark schedule. Livers were harvested every 4 hours over the circadian cycle at ZT0, 4, 8, 12, 16, 20 (n=3 per time point per group). Total RNA was extracted and used for RNA-seq.",31150621;34036284,,,191179,GPL17021,Mus musculus,GSE,Expression profiling by high throughput sequencing,2019/06/11,54,ftp://ftp.ncbi.nlm.nih.gov/geo/series/GSE117nnn/GSE117134/,Defining the Independence of the Liver Circadian Clock.,Cell,2019 May 30,10.1016/j.cell.2019.04.025,OSD-137|Mmus_BAL-TAL_LVR_BSL_Rep5_B6,Basal Control
41,GSM3016759,0.99964439868927,GSE110787,Novel Protective Role of Nicotinamide Phosphoribosyltransferase in Acetaminophen-induced Acute Liver Injury in Mice,,,"Acetaminophen overdose is the most common cause of acute liver injury (ALI) or acute liver failure in the USA. Its pathogenetic mechanisms are incompletely understood. Additional studies are warranted to identify new genetic risk factors for more mechanistic insights and new therapeutic target discoveries. The objective of this study was to explore the role and mechanisms of nicotinamide phosphoribosyltransferase (NAMPT) in acetaminophen-induced ALI. C57BL/6 Nampt gene wild type (Nampt+/+)-, heterozygous knockout (Nampt+/-)-, and overexpression (NamptOE)-mice were treated with overdose of acetaminophen, followed by histological, biochemical, and transcriptomic evaluation of liver injury. The mechanism of Nampt in acetaminophen -induced hepatocytic toxicity was also explored in cultured primary hepatocytes. Three lines of evidence have convergently demonstrated that acetaminophen overdose triggers the most severe oxidative stress and necrosis, and the highest expression of key necrosis driving genes in Nampt+/- mice, while the effects in NamptOE mice were least severe relative to  Nampt+/+ mice. These findings support that NAMPT protects against acetaminophen induced ALI.",Paired-end sequencing of 17 mouse liver RNA 24h after APAP or saline injection.,29684358,,,155548,GPL18480,Mus musculus,GSE,Expression profiling by high throughput sequencing,2018/04/03,17,ftp://ftp.ncbi.nlm.nih.gov/geo/series/GSE110nnn/GSE110787/,Novel Protective Role of Nicotinamide Phosphoribosyltransferase in Acetaminophen-Induced Acute Liver Injury in Mice.,The American journal of pathology,2018 Jul,10.1016/j.ajpath.2018.04.004,OSD-137|Mmus_BAL-TAL_LVR_BSL_Rep5_B6,Basal Control
42,GSM4388001,0.9996005296707153,GSE146508,Transcriptome and open chromatin analysis of 5-month mouse liver and blood by the TaRGET II consortium,,,"The TaRGET (Toxicant Exposures and Responses by Genomic and Epigenomic Regulators of Transcription) program is a research consortium funded by the National Institute of Environmental Health Sciences (NIEHS). The goal of the collaboration is to address the role of environmental exposures in disease pathogenesis as a function of epigenome perturbation, including understanding the environmental control of epigenetic mechanisms and assessing the utility of surrogate tissue analysis in mouse models of disease-relevant environmental exposures (https://targetepigenomics.org).",RNA-seq and ATAC-seq of liver and blood samples from 5-month mice that were subjected to disease-relevant environmental exposures. The TaRGET II consortium (https://targetepigenomics.org/about/),29509741;42209488,,,351462,GPL17021; GPL21103; GPL21493; GPL19057; GPL21273; GPL24247,Mus musculus,GSE,Expression profiling by high throughput sequencing; Genome binding/occupancy profiling by high throughput sequencing,2020/05/20,849,ftp://ftp.ncbi.nlm.nih.gov/geo/series/GSE146nnn/GSE146508/,The NIEHS TaRGET II Consortium and environmental epigenomics.,Nature biotechnology,2018 Mar 6,10.1038/nbt.4099,OSD-137|Mmus_BAL-TAL_LVR_BSL_Rep5_B6,Basal Control
43,GSM3271945,0.9995955228805542,GSE117134,Dissecting the autonomy of the liver circadian clock,,,"The mammalian circadian clock system is made up of individual cell and tissue clocks that function as a coherent network, however it remains unclear which rhythmic functions of the liver clock are autonomous or rely on clocks in other tissues. Here, using mice which only have a functioning liver clock, we investigate the autonomous vs non-autonomous reatures of the liver clock and diurnal rhythmicity in the liver","8-12 week-old, female WT, KO and Liver-RE BMAL1-stop-FL mice (see referenced paper for details) were fed ad libitum normal chow under 12hr light/ 12hr dark schedule. Livers were harvested every 4 hours over the circadian cycle at ZT0, 4, 8, 12, 16, 20 (n=3 per time point per group). Total RNA was extracted and used for RNA-seq.",31150621;34036284,,,191180,GPL17021,Mus musculus,GSE,Expression profiling by high throughput sequencing,2019/06/11,54,ftp://ftp.ncbi.nlm.nih.gov/geo/series/GSE117nnn/GSE117134/,Defining the Independence of the Liver Circadian Clock.,Cell,2019 May 30,10.1016/j.cell.2019.04.025,OSD-137|Mmus_BAL-TAL_LVR_BSL_Rep5_B6,Basal Control
44,GSM5068951,0.9995943307876587,GSE166353,IRF3-mediated pathogenicity in a murine model of human hepatitis A,,,"Hepatitis A virus (HAV), an hepatotropic picornavirus, is a common cause of acute hepatitis in human populations. Although responsible for considerable morbidity and mortality, the mechanisms underlying HAV-mediated liver injury are poorly understood. Ifnar1-/- mice are susceptible to HAV and when infected recapitulate cardinal features of hepatitis A in humans, including serum ALT elevation, hepatocellular apoptosis, and intrahepatic inflammatory cell infiltrates. In contrast, Mavs-/- mice, while equally permissive for infection, experience no liver injury. Previous studies indicate that HAV pathogenesis in Ifnar1-/- mice is dependent upon MAVS-IRF3 signaling, but leave unresolved the role of IRF3-mediated transcription versus non-transcriptional pro-apoptotic activity of activated IRF3 in HAV-induced liver disease. Here, we compared the intrahepatic transcriptomes of HAV-infected naïve Mavs-/- and Ifnar1-/- mice using high throughput RNA sequencing, and characterized IRF3-mediated transcriptional responses associated with hepatocyte apoptosis and liver inflammation.","Liver mRNA profiles of Ifnar1-/- ,Mavs-/- and Irf3S1/S1Ifnar1-/- mice 7 days or 14 days after HAV infection",34591933,,,459189,GPL21103,Mus musculus,GSE,Expression profiling by high throughput sequencing,2021/08/18,40,ftp://ftp.ncbi.nlm.nih.gov/geo/series/GSE166nnn/GSE166353/,IRF3-mediated pathogenicity in a murine model of human hepatitis A.,PLoS pathogens,2021 Sep,10.1371/journal.ppat.1009960,OSD-137|Mmus_BAL-TAL_LVR_BSL_Rep5_B6,Basal Control
45,GSM3534525,0.9995699524879456,GSE124463,Promoter capture Hi-C identifies long-range promoter contact dynamics in response to diet and the development of non-alcoholic fatty liver disease,,,We profiled the chromatin interactions in liver from mice fed either an obesogenic or control diet.,"Examination of chromatin interactions, histone modification, gene expression and transcription factors binding in mice liver samples",32075973,,,219425,GPL24247; GPL19057,Mus musculus,GSE,Expression profiling by high throughput sequencing; Genome binding/occupancy profiling by high throughput sequencing; Other,2020/01/01,46,ftp://ftp.ncbi.nlm.nih.gov/geo/series/GSE124nnn/GSE124463/,Alterations in promoter interaction landscape and transcriptional network underlying metabolic adaptation to diet.,Nature communications,2020 Feb 19,10.1038/s41467-020-14796-x,OSD-137|Mmus_BAL-TAL_LVR_BSL_Rep5_B6,Basal Control
46,GSM5068971,0.9995586276054382,GSE166353,IRF3-mediated pathogenicity in a murine model of human hepatitis A,,,"Hepatitis A virus (HAV), an hepatotropic picornavirus, is a common cause of acute hepatitis in human populations. Although responsible for considerable morbidity and mortality, the mechanisms underlying HAV-mediated liver injury are poorly understood. Ifnar1-/- mice are susceptible to HAV and when infected recapitulate cardinal features of hepatitis A in humans, including serum ALT elevation, hepatocellular apoptosis, and intrahepatic inflammatory cell infiltrates. In contrast, Mavs-/- mice, while equally permissive for infection, experience no liver injury. Previous studies indicate that HAV pathogenesis in Ifnar1-/- mice is dependent upon MAVS-IRF3 signaling, but leave unresolved the role of IRF3-mediated transcription versus non-transcriptional pro-apoptotic activity of activated IRF3 in HAV-induced liver disease. Here, we compared the intrahepatic transcriptomes of HAV-infected naïve Mavs-/- and Ifnar1-/- mice using high throughput RNA sequencing, and characterized IRF3-mediated transcriptional responses associated with hepatocyte apoptosis and liver inflammation.","Liver mRNA profiles of Ifnar1-/- ,Mavs-/- and Irf3S1/S1Ifnar1-/- mice 7 days or 14 days after HAV infection",34591933,,,459209,GPL21103,Mus musculus,GSE,Expression profiling by high throughput sequencing,2021/08/18,40,ftp://ftp.ncbi.nlm.nih.gov/geo/series/GSE166nnn/GSE166353/,IRF3-mediated pathogenicity in a murine model of human hepatitis A.,PLoS pathogens,2021 Sep,10.1371/journal.ppat.1009960,OSD-137|Mmus_BAL-TAL_LVR_BSL_Rep5_B6,Basal Control
47,GSM4388005,0.9995546340942383,GSE146508,Transcriptome and open chromatin analysis of 5-month mouse liver and blood by the TaRGET II consortium,,,"The TaRGET (Toxicant Exposures and Responses by Genomic and Epigenomic Regulators of Transcription) program is a research consortium funded by the National Institute of Environmental Health Sciences (NIEHS). The goal of the collaboration is to address the role of environmental exposures in disease pathogenesis as a function of epigenome perturbation, including understanding the environmental control of epigenetic mechanisms and assessing the utility of surrogate tissue analysis in mouse models of disease-relevant environmental exposures (https://targetepigenomics.org).",RNA-seq and ATAC-seq of liver and blood samples from 5-month mice that were subjected to disease-relevant environmental exposures. The TaRGET II consortium (https://targetepigenomics.org/about/),29509741;42209488,,,351466,GPL17021; GPL21103; GPL21493; GPL19057; GPL21273; GPL24247,Mus musculus,GSE,Expression profiling by high throughput sequencing; Genome binding/occupancy profiling by high throughput sequencing,2020/05/20,849,ftp://ftp.ncbi.nlm.nih.gov/geo/series/GSE146nnn/GSE146508/,The NIEHS TaRGET II Consortium and environmental epigenomics.,Nature biotechnology,2018 Mar 6,10.1038/nbt.4099,OSD-137|Mmus_BAL-TAL_LVR_BSL_Rep5_B6,Basal Control
48,GSM4256757,0.9995546340942383,GSE143304,Genome wide anaylsis of transcriptome modifications in male mice exposed to tributyltin during development,,,"Purpose: To identify alterations induced by developmental exposure to tributyltin at different stages of life Methods: Dams were treated with tributyltin during gestation and lactation in drinking water and pups were euthanized at different ages Results: We identified a number of changes in transcriptomic activity in 5 month, and ten month old pups after tributyltin exposure. Male animals exposed to tributyltin also developed fatty liver 5 months of age and adenomas of the liver at ten months of age.",Liver was isolated from animals exposed to tributyltin during development at 5 months and 10 months. At 10 months of age adenomas were also collected.,31939706,,,330861,GPL21493,Mus musculus,GSE,Expression profiling by high throughput sequencing,2020/02/24,29,ftp://ftp.ncbi.nlm.nih.gov/geo/series/GSE143nnn/GSE143304/,Hepatic Tumor Formation in Adult Mice Developmentally Exposed to Organotin.,Environmental health perspectives,2020 Jan,10.1289/EHP5414,OSD-137|Mmus_BAL-TAL_LVR_BSL_Rep5_B6,Basal Control
49,GSM6369100,0.9995505809783936,GSE208769,A novel Smg6 mouse model reveals circadian clock regulation through the nonsense-mediated mRNA decay pathway,,,This SuperSeries is composed of the SubSeries listed below.,Refer to individual Series,36638184,,,658973,GPL21103; GPL24247,Mus musculus,GSE,Expression profiling by high throughput sequencing,2022/11/14,52,ftp://ftp.ncbi.nlm.nih.gov/geo/series/GSE208nnn/GSE208769/,A conditional Smg6 mutant mouse model reveals circadian clock regulation through the nonsense-mediated mRNA decay pathway.,Science advances,2023 Jan 13,10.1126/sciadv.ade2828,OSD-137|Mmus_BAL-TAL_LVR_BSL_Rep5_B6,Basal Control
50,GSM1704775,0.9996954798698425,GSE69617,Histone Lysine ß-hydroxybutyrylation ChIP-seq and RNA-seq analysis of mouse liver during starvation,,,This SuperSeries is composed of the SubSeries listed below.,Refer to individual Series,27105115,,,34826,GPL13112,Mus musculus,GSE,Genome binding/occupancy profiling by high throughput sequencing; Expression profiling by high throughput sequencing,2016/04/06,22,ftp://ftp.ncbi.nlm.nih.gov/geo/series/GSE69nnn/GSE69617/,Metabolic Regulation of Gene Expression by Histone Lysine β-Hydroxybutyrylation.,Molecular cell,2016 Apr 21,10.1016/j.molcel.2016.03.036,OSD-137|Mmus_BAL-TAL_LVR_BSL_Rep6_B7,Basal Control
51,GSM5068955,0.9996905326843262,GSE166353,IRF3-mediated pathogenicity in a murine model of human hepatitis A,,,"Hepatitis A virus (HAV), an hepatotropic picornavirus, is a common cause of acute hepatitis in human populations. Although responsible for considerable morbidity and mortality, the mechanisms underlying HAV-mediated liver injury are poorly understood. Ifnar1-/- mice are susceptible to HAV and when infected recapitulate cardinal features of hepatitis A in humans, including serum ALT elevation, hepatocellular apoptosis, and intrahepatic inflammatory cell infiltrates. In contrast, Mavs-/- mice, while equally permissive for infection, experience no liver injury. Previous studies indicate that HAV pathogenesis in Ifnar1-/- mice is dependent upon MAVS-IRF3 signaling, but leave unresolved the role of IRF3-mediated transcription versus non-transcriptional pro-apoptotic activity of activated IRF3 in HAV-induced liver disease. Here, we compared the intrahepatic transcriptomes of HAV-infected naïve Mavs-/- and Ifnar1-/- mice using high throughput RNA sequencing, and characterized IRF3-mediated transcriptional responses associated with hepatocyte apoptosis and liver inflammation.","Liver mRNA profiles of Ifnar1-/- ,Mavs-/- and Irf3S1/S1Ifnar1-/- mice 7 days or 14 days after HAV infection",34591933,,,459193,GPL21103,Mus musculus,GSE,Expression profiling by high throughput sequencing,2021/08/18,40,ftp://ftp.ncbi.nlm.nih.gov/geo/series/GSE166nnn/GSE166353/,IRF3-mediated pathogenicity in a murine model of human hepatitis A.,PLoS pathogens,2021 Sep,10.1371/journal.ppat.1009960,OSD-137|Mmus_BAL-TAL_LVR_BSL_Rep6_B7,Basal Control
52,GSM1704774,0.9996758103370667,GSE69617,Histone Lysine ß-hydroxybutyrylation ChIP-seq and RNA-seq analysis of mouse liver during starvation,,,This SuperSeries is composed of the SubSeries listed below.,Refer to individual Series,27105115,,,34825,GPL13112,Mus musculus,GSE,Genome binding/occupancy profiling by high throughput sequencing; Expression profiling by high throughput sequencing,2016/04/06,22,ftp://ftp.ncbi.nlm.nih.gov/geo/series/GSE69nnn/GSE69617/,Metabolic Regulation of Gene Expression by Histone Lysine β-Hydroxybutyrylation.,Molecular cell,2016 Apr 21,10.1016/j.molcel.2016.03.036,OSD-137|Mmus_BAL-TAL_LVR_BSL_Rep6_B7,Basal Control
53,GSM1704776,0.9996664524078369,GSE69617,Histone Lysine ß-hydroxybutyrylation ChIP-seq and RNA-seq analysis of mouse liver during starvation,,,This SuperSeries is composed of the SubSeries listed below.,Refer to individual Series,27105115,,,34827,GPL13112,Mus musculus,GSE,Genome binding/occupancy profiling by high throughput sequencing; Expression profiling by high throughput sequencing,2016/04/06,22,ftp://ftp.ncbi.nlm.nih.gov/geo/series/GSE69nnn/GSE69617/,Metabolic Regulation of Gene Expression by Histone Lysine β-Hydroxybutyrylation.,Molecular cell,2016 Apr 21,10.1016/j.molcel.2016.03.036,OSD-137|Mmus_BAL-TAL_LVR_BSL_Rep6_B7,Basal Control
54,GSM2327520,0.9996607303619385,GSE87299,Transcriptome changes in mouse livers upon Bmal1 or Nr1d1 knock out and interactome of lnc-Crot by 4C-seq,,,"To explore the circadian regulations of Bmal1, we examined the transcriptome changes in mouse livers upon Bmal1 knock out at two circadian time points, CT0 and CT12. To explore the circadian regulations of Nr1d1, we examined the transcriptome changes in mouse livers upon Nr1d1 knock out at two circadian time points, CT0 and CT12. To explore interactome of lnc-Crot, 4C-seq was performed with lnc-Crot as bait region at CT6 and CT18.",RNA-seq of WT and KO at CT0 and CT12. 4C-seq at CT6 and CT18.,28335007,,,77558,GPL13112,Mus musculus,GSE,Expression profiling by high throughput sequencing; Other,2017/04/12,26,ftp://ftp.ncbi.nlm.nih.gov/geo/series/GSE87nnn/GSE87299/,A class of circadian long non-coding RNAs mark enhancers modulating long-range circadian gene regulation.,Nucleic acids research,2017 Jun 2,10.1093/nar/gkx156,OSD-137|Mmus_BAL-TAL_LVR_BSL_Rep6_B7,Basal Control
55,GSM5068952,0.9996445178985596,GSE166353,IRF3-mediated pathogenicity in a murine model of human hepatitis A,,,"Hepatitis A virus (HAV), an hepatotropic picornavirus, is a common cause of acute hepatitis in human populations. Although responsible for considerable morbidity and mortality, the mechanisms underlying HAV-mediated liver injury are poorly understood. Ifnar1-/- mice are susceptible to HAV and when infected recapitulate cardinal features of hepatitis A in humans, including serum ALT elevation, hepatocellular apoptosis, and intrahepatic inflammatory cell infiltrates. In contrast, Mavs-/- mice, while equally permissive for infection, experience no liver injury. Previous studies indicate that HAV pathogenesis in Ifnar1-/- mice is dependent upon MAVS-IRF3 signaling, but leave unresolved the role of IRF3-mediated transcription versus non-transcriptional pro-apoptotic activity of activated IRF3 in HAV-induced liver disease. Here, we compared the intrahepatic transcriptomes of HAV-infected naïve Mavs-/- and Ifnar1-/- mice using high throughput RNA sequencing, and characterized IRF3-mediated transcriptional responses associated with hepatocyte apoptosis and liver inflammation.","Liver mRNA profiles of Ifnar1-/- ,Mavs-/- and Irf3S1/S1Ifnar1-/- mice 7 days or 14 days after HAV infection",34591933,,,459190,GPL21103,Mus musculus,GSE,Expression profiling by high throughput sequencing,2021/08/18,40,ftp://ftp.ncbi.nlm.nih.gov/geo/series/GSE166nnn/GSE166353/,IRF3-mediated pathogenicity in a murine model of human hepatitis A.,PLoS pathogens,2021 Sep,10.1371/journal.ppat.1009960,OSD-137|Mmus_BAL-TAL_LVR_BSL_Rep6_B7,Basal Control
56,GSM4387987,0.9996390342712402,GSE146508,Transcriptome and open chromatin analysis of 5-month mouse liver and blood by the TaRGET II consortium,,,"The TaRGET (Toxicant Exposures and Responses by Genomic and Epigenomic Regulators of Transcription) program is a research consortium funded by the National Institute of Environmental Health Sciences (NIEHS). The goal of the collaboration is to address the role of environmental exposures in disease pathogenesis as a function of epigenome perturbation, including understanding the environmental control of epigenetic mechanisms and assessing the utility of surrogate tissue analysis in mouse models of disease-relevant environmental exposures (https://targetepigenomics.org).",RNA-seq and ATAC-seq of liver and blood samples from 5-month mice that were subjected to disease-relevant environmental exposures. The TaRGET II consortium (https://targetepigenomics.org/about/),29509741;42209488,,,351448,GPL17021; GPL21103; GPL21493; GPL19057; GPL21273; GPL24247,Mus musculus,GSE,Expression profiling by high throughput sequencing; Genome binding/occupancy profiling by high throughput sequencing,2020/05/20,849,ftp://ftp.ncbi.nlm.nih.gov/geo/series/GSE146nnn/GSE146508/,The NIEHS TaRGET II Consortium and environmental epigenomics.,Nature biotechnology,2018 Mar 6,10.1038/nbt.4099,OSD-137|Mmus_BAL-TAL_LVR_BSL_Rep6_B7,Basal Control
57,GSM5068957,0.9996333718299866,GSE166353,IRF3-mediated pathogenicity in a murine model of human hepatitis A,,,"Hepatitis A virus (HAV), an hepatotropic picornavirus, is a common cause of acute hepatitis in human populations. Although responsible for considerable morbidity and mortality, the mechanisms underlying HAV-mediated liver injury are poorly understood. Ifnar1-/- mice are susceptible to HAV and when infected recapitulate cardinal features of hepatitis A in humans, including serum ALT elevation, hepatocellular apoptosis, and intrahepatic inflammatory cell infiltrates. In contrast, Mavs-/- mice, while equally permissive for infection, experience no liver injury. Previous studies indicate that HAV pathogenesis in Ifnar1-/- mice is dependent upon MAVS-IRF3 signaling, but leave unresolved the role of IRF3-mediated transcription versus non-transcriptional pro-apoptotic activity of activated IRF3 in HAV-induced liver disease. Here, we compared the intrahepatic transcriptomes of HAV-infected naïve Mavs-/- and Ifnar1-/- mice using high throughput RNA sequencing, and characterized IRF3-mediated transcriptional responses associated with hepatocyte apoptosis and liver inflammation.","Liver mRNA profiles of Ifnar1-/- ,Mavs-/- and Irf3S1/S1Ifnar1-/- mice 7 days or 14 days after HAV infection",34591933,,,459195,GPL21103,Mus musculus,GSE,Expression profiling by high throughput sequencing,2021/08/18,40,ftp://ftp.ncbi.nlm.nih.gov/geo/series/GSE166nnn/GSE166353/,IRF3-mediated pathogenicity in a murine model of human hepatitis A.,PLoS pathogens,2021 Sep,10.1371/journal.ppat.1009960,OSD-137|Mmus_BAL-TAL_LVR_BSL_Rep6_B7,Basal Control
58,GSM5068950,0.9996310472488403,GSE166353,IRF3-mediated pathogenicity in a murine model of human hepatitis A,,,"Hepatitis A virus (HAV), an hepatotropic picornavirus, is a common cause of acute hepatitis in human populations. Although responsible for considerable morbidity and mortality, the mechanisms underlying HAV-mediated liver injury are poorly understood. Ifnar1-/- mice are susceptible to HAV and when infected recapitulate cardinal features of hepatitis A in humans, including serum ALT elevation, hepatocellular apoptosis, and intrahepatic inflammatory cell infiltrates. In contrast, Mavs-/- mice, while equally permissive for infection, experience no liver injury. Previous studies indicate that HAV pathogenesis in Ifnar1-/- mice is dependent upon MAVS-IRF3 signaling, but leave unresolved the role of IRF3-mediated transcription versus non-transcriptional pro-apoptotic activity of activated IRF3 in HAV-induced liver disease. Here, we compared the intrahepatic transcriptomes of HAV-infected naïve Mavs-/- and Ifnar1-/- mice using high throughput RNA sequencing, and characterized IRF3-mediated transcriptional responses associated with hepatocyte apoptosis and liver inflammation.","Liver mRNA profiles of Ifnar1-/- ,Mavs-/- and Irf3S1/S1Ifnar1-/- mice 7 days or 14 days after HAV infection",34591933,,,459188,GPL21103,Mus musculus,GSE,Expression profiling by high throughput sequencing,2021/08/18,40,ftp://ftp.ncbi.nlm.nih.gov/geo/series/GSE166nnn/GSE166353/,IRF3-mediated pathogenicity in a murine model of human hepatitis A.,PLoS pathogens,2021 Sep,10.1371/journal.ppat.1009960,OSD-137|Mmus_BAL-TAL_LVR_BSL_Rep6_B7,Basal Control
59,GSM5068956,0.9996255040168762,GSE166353,IRF3-mediated pathogenicity in a murine model of human hepatitis A,,,"Hepatitis A virus (HAV), an hepatotropic picornavirus, is a common cause of acute hepatitis in human populations. Although responsible for considerable morbidity and mortality, the mechanisms underlying HAV-mediated liver injury are poorly understood. Ifnar1-/- mice are susceptible to HAV and when infected recapitulate cardinal features of hepatitis A in humans, including serum ALT elevation, hepatocellular apoptosis, and intrahepatic inflammatory cell infiltrates. In contrast, Mavs-/- mice, while equally permissive for infection, experience no liver injury. Previous studies indicate that HAV pathogenesis in Ifnar1-/- mice is dependent upon MAVS-IRF3 signaling, but leave unresolved the role of IRF3-mediated transcription versus non-transcriptional pro-apoptotic activity of activated IRF3 in HAV-induced liver disease. Here, we compared the intrahepatic transcriptomes of HAV-infected naïve Mavs-/- and Ifnar1-/- mice using high throughput RNA sequencing, and characterized IRF3-mediated transcriptional responses associated with hepatocyte apoptosis and liver inflammation.","Liver mRNA profiles of Ifnar1-/- ,Mavs-/- and Irf3S1/S1Ifnar1-/- mice 7 days or 14 days after HAV infection",34591933,,,459194,GPL21103,Mus musculus,GSE,Expression profiling by high throughput sequencing,2021/08/18,40,ftp://ftp.ncbi.nlm.nih.gov/geo/series/GSE166nnn/GSE166353/,IRF3-mediated pathogenicity in a murine model of human hepatitis A.,PLoS pathogens,2021 Sep,10.1371/journal.ppat.1009960,OSD-137|Mmus_BAL-TAL_LVR_BSL_Rep6_B7,Basal Control
60,GSM4256769,0.9996986389160156,GSE143304,Genome wide anaylsis of transcriptome modifications in male mice exposed to tributyltin during development,,,"Purpose: To identify alterations induced by developmental exposure to tributyltin at different stages of life Methods: Dams were treated with tributyltin during gestation and lactation in drinking water and pups were euthanized at different ages Results: We identified a number of changes in transcriptomic activity in 5 month, and ten month old pups after tributyltin exposure. Male animals exposed to tributyltin also developed fatty liver 5 months of age and adenomas of the liver at ten months of age.",Liver was isolated from animals exposed to tributyltin during development at 5 months and 10 months. At 10 months of age adenomas were also collected.,31939706,,,330873,GPL21493,Mus musculus,GSE,Expression profiling by high throughput sequencing,2020/02/24,29,ftp://ftp.ncbi.nlm.nih.gov/geo/series/GSE143nnn/GSE143304/,Hepatic Tumor Formation in Adult Mice Developmentally Exposed to Organotin.,Environmental health perspectives,2020 Jan,10.1289/EHP5414,OSD-137|Mmus_BAL-TAL_LVR_GC_Rep1_G1,Ground Control
61,GSM4388008,0.9996986389160156,GSE146508,Transcriptome and open chromatin analysis of 5-month mouse liver and blood by the TaRGET II consortium,,,"The TaRGET (Toxicant Exposures and Responses by Genomic and Epigenomic Regulators of Transcription) program is a research consortium funded by the National Institute of Environmental Health Sciences (NIEHS). The goal of the collaboration is to address the role of environmental exposures in disease pathogenesis as a function of epigenome perturbation, including understanding the environmental control of epigenetic mechanisms and assessing the utility of surrogate tissue analysis in mouse models of disease-relevant environmental exposures (https://targetepigenomics.org).",RNA-seq and ATAC-seq of liver and blood samples from 5-month mice that were subjected to disease-relevant environmental exposures. The TaRGET II consortium (https://targetepigenomics.org/about/),29509741;42209488,,,351469,GPL17021; GPL21103; GPL21493; GPL19057; GPL21273; GPL24247,Mus musculus,GSE,Expression profiling by high throughput sequencing; Genome binding/occupancy profiling by high throughput sequencing,2020/05/20,849,ftp://ftp.ncbi.nlm.nih.gov/geo/series/GSE146nnn/GSE146508/,The NIEHS TaRGET II Consortium and environmental epigenomics.,Nature biotechnology,2018 Mar 6,10.1038/nbt.4099,OSD-137|Mmus_BAL-TAL_LVR_GC_Rep1_G1,Ground Control
62,GSM4742429,0.9996976852416992,GSE156692,Identification of cellular context sensitive regulatory variation in mouse genomes,,,"RNA-seq and DHS mapping in hybrid mouse kidney, liver, lung, and B cells",138 DNase-seq and 17 RNA-seq samples collected from 4 tissues in 5 hybrid mouse strains,33990600,,,411694,GPL19057; GPL17021,Mus musculus,GSE,Expression profiling by high throughput sequencing; Genome binding/occupancy profiling by high throughput sequencing,2020/11/25,158,ftp://ftp.ncbi.nlm.nih.gov/geo/series/GSE156nnn/GSE156692/,Tissue context determines the penetrance of regulatory DNA variation.,Nature communications,2021 May 14,10.1038/s41467-021-23139-3,OSD-137|Mmus_BAL-TAL_LVR_GC_Rep1_G1,Ground Control
63,GSM2327518,0.9996786713600159,GSE87299,Transcriptome changes in mouse livers upon Bmal1 or Nr1d1 knock out and interactome of lnc-Crot by 4C-seq,,,"To explore the circadian regulations of Bmal1, we examined the transcriptome changes in mouse livers upon Bmal1 knock out at two circadian time points, CT0 and CT12. To explore the circadian regulations of Nr1d1, we examined the transcriptome changes in mouse livers upon Nr1d1 knock out at two circadian time points, CT0 and CT12. To explore interactome of lnc-Crot, 4C-seq was performed with lnc-Crot as bait region at CT6 and CT18.",RNA-seq of WT and KO at CT0 and CT12. 4C-seq at CT6 and CT18.,28335007,,,77556,GPL13112,Mus musculus,GSE,Expression profiling by high throughput sequencing; Other,2017/04/12,26,ftp://ftp.ncbi.nlm.nih.gov/geo/series/GSE87nnn/GSE87299/,A class of circadian long non-coding RNAs mark enhancers modulating long-range circadian gene regulation.,Nucleic acids research,2017 Jun 2,10.1093/nar/gkx156,OSD-137|Mmus_BAL-TAL_LVR_GC_Rep1_G1,Ground Control
64,GSM4387989,0.9996658563613892,GSE146508,Transcriptome and open chromatin analysis of 5-month mouse liver and blood by the TaRGET II consortium,,,"The TaRGET (Toxicant Exposures and Responses by Genomic and Epigenomic Regulators of Transcription) program is a research consortium funded by the National Institute of Environmental Health Sciences (NIEHS). The goal of the collaboration is to address the role of environmental exposures in disease pathogenesis as a function of epigenome perturbation, including understanding the environmental control of epigenetic mechanisms and assessing the utility of surrogate tissue analysis in mouse models of disease-relevant environmental exposures (https://targetepigenomics.org).",RNA-seq and ATAC-seq of liver and blood samples from 5-month mice that were subjected to disease-relevant environmental exposures. The TaRGET II consortium (https://targetepigenomics.org/about/),29509741;42209488,,,351450,GPL17021; GPL21103; GPL21493; GPL19057; GPL21273; GPL24247,Mus musculus,GSE,Expression profiling by high throughput sequencing; Genome binding/occupancy profiling by high throughput sequencing,2020/05/20,849,ftp://ftp.ncbi.nlm.nih.gov/geo/series/GSE146nnn/GSE146508/,The NIEHS TaRGET II Consortium and environmental epigenomics.,Nature biotechnology,2018 Mar 6,10.1038/nbt.4099,OSD-137|Mmus_BAL-TAL_LVR_GC_Rep1_G1,Ground Control
65,GSM3840115,0.9996523857116699,GSE132056,Removing a Double Bond from Ceramides Ameliorates Insulin Resistance and Hepatic Steatosis,,,"Ceramides contribute to the lipotoxicity that underlies diabetes, hepatic steatosis, and heart disease. By genetically engineering mice, we deleted the enzyme dihydroceramide desaturase-1 (DES1) which inserts a conserved double bond into the backbone of ceramides and other predominant sphingolipids. Ablation of DES1 from whole animals, or tissue-specific deletion in the liver, and/or adipose tissue resolved hepatic steatosis and insulin resistance in mice caused by leptin deficiency or obesogenic diets. Mechanistic studies revealed new ceramide actions that promoted lipid uptake and storage and impaired glucose utilization, none of which could be recapitulated by (dihydro)ceramides that lacked the critical double bond. These studies suggest that inhibition of DES1 may provide a means of treating hepatic steatosis and cardiometabolic disorders.",Livers isolated from Control and Liver specific Degs1 knockout mice following either normal chow or high fat diet feeding,31273070,,,258313,GPL24247,Mus musculus,GSE,Expression profiling by high throughput sequencing,2020/01/30,16,ftp://ftp.ncbi.nlm.nih.gov/geo/series/GSE132nnn/GSE132056/,Targeting a ceramide double bond improves insulin resistance and hepatic steatosis.,"Science (New York, N.Y.)",2019 Jul 26,10.1126/science.aav3722,OSD-137|Mmus_BAL-TAL_LVR_GC_Rep1_G1,Ground Control
66,GSM4256750,0.9996482133865356,GSE143304,Genome wide anaylsis of transcriptome modifications in male mice exposed to tributyltin during development,,,"Purpose: To identify alterations induced by developmental exposure to tributyltin at different stages of life Methods: Dams were treated with tributyltin during gestation and lactation in drinking water and pups were euthanized at different ages Results: We identified a number of changes in transcriptomic activity in 5 month, and ten month old pups after tributyltin exposure. Male animals exposed to tributyltin also developed fatty liver 5 months of age and adenomas of the liver at ten months of age.",Liver was isolated from animals exposed to tributyltin during development at 5 months and 10 months. At 10 months of age adenomas were also collected.,31939706,,,330854,GPL21493,Mus musculus,GSE,Expression profiling by high throughput sequencing,2020/02/24,29,ftp://ftp.ncbi.nlm.nih.gov/geo/series/GSE143nnn/GSE143304/,Hepatic Tumor Formation in Adult Mice Developmentally Exposed to Organotin.,Environmental health perspectives,2020 Jan,10.1289/EHP5414,OSD-137|Mmus_BAL-TAL_LVR_GC_Rep1_G1,Ground Control
67,GSM4696426,0.9996410608291626,GSE155161,The global and promoter-centric 3D genome organization temporally resolved during a circadian cycle,,,This SuperSeries is composed of the SubSeries listed below.,Refer to individual Series,34099014,,,398250,GPL17021,Mus musculus,GSE,Expression profiling by high throughput sequencing; Genome binding/occupancy profiling by high throughput sequencing; Other,2021/05/04,52,ftp://ftp.ncbi.nlm.nih.gov/geo/series/GSE155nnn/GSE155161/,The global and promoter-centric 3D genome organization temporally resolved during a circadian cycle.,Genome biology,2021 Jun 8,10.1186/s13059-021-02374-3,OSD-137|Mmus_BAL-TAL_LVR_GC_Rep1_G1,Ground Control
68,GSM5068950,0.9996378421783447,GSE166353,IRF3-mediated pathogenicity in a murine model of human hepatitis A,,,"Hepatitis A virus (HAV), an hepatotropic picornavirus, is a common cause of acute hepatitis in human populations. Although responsible for considerable morbidity and mortality, the mechanisms underlying HAV-mediated liver injury are poorly understood. Ifnar1-/- mice are susceptible to HAV and when infected recapitulate cardinal features of hepatitis A in humans, including serum ALT elevation, hepatocellular apoptosis, and intrahepatic inflammatory cell infiltrates. In contrast, Mavs-/- mice, while equally permissive for infection, experience no liver injury. Previous studies indicate that HAV pathogenesis in Ifnar1-/- mice is dependent upon MAVS-IRF3 signaling, but leave unresolved the role of IRF3-mediated transcription versus non-transcriptional pro-apoptotic activity of activated IRF3 in HAV-induced liver disease. Here, we compared the intrahepatic transcriptomes of HAV-infected naïve Mavs-/- and Ifnar1-/- mice using high throughput RNA sequencing, and characterized IRF3-mediated transcriptional responses associated with hepatocyte apoptosis and liver inflammation.","Liver mRNA profiles of Ifnar1-/- ,Mavs-/- and Irf3S1/S1Ifnar1-/- mice 7 days or 14 days after HAV infection",34591933,,,459188,GPL21103,Mus musculus,GSE,Expression profiling by high throughput sequencing,2021/08/18,40,ftp://ftp.ncbi.nlm.nih.gov/geo/series/GSE166nnn/GSE166353/,IRF3-mediated pathogenicity in a murine model of human hepatitis A.,PLoS pathogens,2021 Sep,10.1371/journal.ppat.1009960,OSD-137|Mmus_BAL-TAL_LVR_GC_Rep1_G1,Ground Control
69,GSM4072980,0.9996364116668701,GSE137205,RNA-Seq of livers of male C57/BL6N and Scly KO mice on diets containing 0.08 ppm (low) and 0.25 ppm (adequate) sodium selenite,,,We report the application of RNA sequencing technology for transcriptomic profiling in murine livers of male wild-type (WT) and Scly knockout (KO) mouse. This study provides a framework for combined metabolomics analysis of this mouse model lacking the capacity for selenocysteine decomposition.,4 experimental groups: two genotypes fed two different diets containing low and medium sodium selenite concentrations,31717805,,,294073,GPL19057,Mus musculus,GSE,Expression profiling by high throughput sequencing,2019/11/19,12,ftp://ftp.ncbi.nlm.nih.gov/geo/series/GSE137nnn/GSE137205/,Combined Omics Reveals That Disruption of the Selenocysteine Lyase Gene Affects Amino Acid Pathways in Mice.,Nutrients,2019 Oct 26,10.3390/nu11112584,OSD-137|Mmus_BAL-TAL_LVR_GC_Rep1_G1,Ground Control
70,GSM4256769,0.9997737407684326,GSE143304,Genome wide anaylsis of transcriptome modifications in male mice exposed to tributyltin during development,,,"Purpose: To identify alterations induced by developmental exposure to tributyltin at different stages of life Methods: Dams were treated with tributyltin during gestation and lactation in drinking water and pups were euthanized at different ages Results: We identified a number of changes in transcriptomic activity in 5 month, and ten month old pups after tributyltin exposure. Male animals exposed to tributyltin also developed fatty liver 5 months of age and adenomas of the liver at ten months of age.",Liver was isolated from animals exposed to tributyltin during development at 5 months and 10 months. At 10 months of age adenomas were also collected.,31939706,,,330873,GPL21493,Mus musculus,GSE,Expression profiling by high throughput sequencing,2020/02/24,29,ftp://ftp.ncbi.nlm.nih.gov/geo/series/GSE143nnn/GSE143304/,Hepatic Tumor Formation in Adult Mice Developmentally Exposed to Organotin.,Environmental health perspectives,2020 Jan,10.1289/EHP5414,OSD-137|Mmus_BAL-TAL_LVR_GC_Rep2_G2,Ground Control
71,GSM4388008,0.9997737407684326,GSE146508,Transcriptome and open chromatin analysis of 5-month mouse liver and blood by the TaRGET II consortium,,,"The TaRGET (Toxicant Exposures and Responses by Genomic and Epigenomic Regulators of Transcription) program is a research consortium funded by the National Institute of Environmental Health Sciences (NIEHS). The goal of the collaboration is to address the role of environmental exposures in disease pathogenesis as a function of epigenome perturbation, including understanding the environmental control of epigenetic mechanisms and assessing the utility of surrogate tissue analysis in mouse models of disease-relevant environmental exposures (https://targetepigenomics.org).",RNA-seq and ATAC-seq of liver and blood samples from 5-month mice that were subjected to disease-relevant environmental exposures. The TaRGET II consortium (https://targetepigenomics.org/about/),29509741;42209488,,,351469,GPL17021; GPL21103; GPL21493; GPL19057; GPL21273; GPL24247,Mus musculus,GSE,Expression profiling by high throughput sequencing; Genome binding/occupancy profiling by high throughput sequencing,2020/05/20,849,ftp://ftp.ncbi.nlm.nih.gov/geo/series/GSE146nnn/GSE146508/,The NIEHS TaRGET II Consortium and environmental epigenomics.,Nature biotechnology,2018 Mar 6,10.1038/nbt.4099,OSD-137|Mmus_BAL-TAL_LVR_GC_Rep2_G2,Ground Control
72,GSM3840115,0.9997365474700928,GSE132056,Removing a Double Bond from Ceramides Ameliorates Insulin Resistance and Hepatic Steatosis,,,"Ceramides contribute to the lipotoxicity that underlies diabetes, hepatic steatosis, and heart disease. By genetically engineering mice, we deleted the enzyme dihydroceramide desaturase-1 (DES1) which inserts a conserved double bond into the backbone of ceramides and other predominant sphingolipids. Ablation of DES1 from whole animals, or tissue-specific deletion in the liver, and/or adipose tissue resolved hepatic steatosis and insulin resistance in mice caused by leptin deficiency or obesogenic diets. Mechanistic studies revealed new ceramide actions that promoted lipid uptake and storage and impaired glucose utilization, none of which could be recapitulated by (dihydro)ceramides that lacked the critical double bond. These studies suggest that inhibition of DES1 may provide a means of treating hepatic steatosis and cardiometabolic disorders.",Livers isolated from Control and Liver specific Degs1 knockout mice following either normal chow or high fat diet feeding,31273070,,,258313,GPL24247,Mus musculus,GSE,Expression profiling by high throughput sequencing,2020/01/30,16,ftp://ftp.ncbi.nlm.nih.gov/geo/series/GSE132nnn/GSE132056/,Targeting a ceramide double bond improves insulin resistance and hepatic steatosis.,"Science (New York, N.Y.)",2019 Jul 26,10.1126/science.aav3722,OSD-137|Mmus_BAL-TAL_LVR_GC_Rep2_G2,Ground Control
73,GSM5068950,0.9997178316116333,GSE166353,IRF3-mediated pathogenicity in a murine model of human hepatitis A,,,"Hepatitis A virus (HAV), an hepatotropic picornavirus, is a common cause of acute hepatitis in human populations. Although responsible for considerable morbidity and mortality, the mechanisms underlying HAV-mediated liver injury are poorly understood. Ifnar1-/- mice are susceptible to HAV and when infected recapitulate cardinal features of hepatitis A in humans, including serum ALT elevation, hepatocellular apoptosis, and intrahepatic inflammatory cell infiltrates. In contrast, Mavs-/- mice, while equally permissive for infection, experience no liver injury. Previous studies indicate that HAV pathogenesis in Ifnar1-/- mice is dependent upon MAVS-IRF3 signaling, but leave unresolved the role of IRF3-mediated transcription versus non-transcriptional pro-apoptotic activity of activated IRF3 in HAV-induced liver disease. Here, we compared the intrahepatic transcriptomes of HAV-infected naïve Mavs-/- and Ifnar1-/- mice using high throughput RNA sequencing, and characterized IRF3-mediated transcriptional responses associated with hepatocyte apoptosis and liver inflammation.","Liver mRNA profiles of Ifnar1-/- ,Mavs-/- and Irf3S1/S1Ifnar1-/- mice 7 days or 14 days after HAV infection",34591933,,,459188,GPL21103,Mus musculus,GSE,Expression profiling by high throughput sequencing,2021/08/18,40,ftp://ftp.ncbi.nlm.nih.gov/geo/series/GSE166nnn/GSE166353/,IRF3-mediated pathogenicity in a murine model of human hepatitis A.,PLoS pathogens,2021 Sep,10.1371/journal.ppat.1009960,OSD-137|Mmus_BAL-TAL_LVR_GC_Rep2_G2,Ground Control
74,GSM4387990,0.9997168779373169,GSE146508,Transcriptome and open chromatin analysis of 5-month mouse liver and blood by the TaRGET II consortium,,,"The TaRGET (Toxicant Exposures and Responses by Genomic and Epigenomic Regulators of Transcription) program is a research consortium funded by the National Institute of Environmental Health Sciences (NIEHS). The goal of the collaboration is to address the role of environmental exposures in disease pathogenesis as a function of epigenome perturbation, including understanding the environmental control of epigenetic mechanisms and assessing the utility of surrogate tissue analysis in mouse models of disease-relevant environmental exposures (https://targetepigenomics.org).",RNA-seq and ATAC-seq of liver and blood samples from 5-month mice that were subjected to disease-relevant environmental exposures. The TaRGET II consortium (https://targetepigenomics.org/about/),29509741;42209488,,,351451,GPL17021; GPL21103; GPL21493; GPL19057; GPL21273; GPL24247,Mus musculus,GSE,Expression profiling by high throughput sequencing; Genome binding/occupancy profiling by high throughput sequencing,2020/05/20,849,ftp://ftp.ncbi.nlm.nih.gov/geo/series/GSE146nnn/GSE146508/,The NIEHS TaRGET II Consortium and environmental epigenomics.,Nature biotechnology,2018 Mar 6,10.1038/nbt.4099,OSD-137|Mmus_BAL-TAL_LVR_GC_Rep2_G2,Ground Control
75,GSM2327518,0.9997118711471558,GSE87299,Transcriptome changes in mouse livers upon Bmal1 or Nr1d1 knock out and interactome of lnc-Crot by 4C-seq,,,"To explore the circadian regulations of Bmal1, we examined the transcriptome changes in mouse livers upon Bmal1 knock out at two circadian time points, CT0 and CT12. To explore the circadian regulations of Nr1d1, we examined the transcriptome changes in mouse livers upon Nr1d1 knock out at two circadian time points, CT0 and CT12. To explore interactome of lnc-Crot, 4C-seq was performed with lnc-Crot as bait region at CT6 and CT18.",RNA-seq of WT and KO at CT0 and CT12. 4C-seq at CT6 and CT18.,28335007,,,77556,GPL13112,Mus musculus,GSE,Expression profiling by high throughput sequencing; Other,2017/04/12,26,ftp://ftp.ncbi.nlm.nih.gov/geo/series/GSE87nnn/GSE87299/,A class of circadian long non-coding RNAs mark enhancers modulating long-range circadian gene regulation.,Nucleic acids research,2017 Jun 2,10.1093/nar/gkx156,OSD-137|Mmus_BAL-TAL_LVR_GC_Rep2_G2,Ground Control
76,GSM4742429,0.9997107982635498,GSE156692,Identification of cellular context sensitive regulatory variation in mouse genomes,,,"RNA-seq and DHS mapping in hybrid mouse kidney, liver, lung, and B cells",138 DNase-seq and 17 RNA-seq samples collected from 4 tissues in 5 hybrid mouse strains,33990600,,,411694,GPL19057; GPL17021,Mus musculus,GSE,Expression profiling by high throughput sequencing; Genome binding/occupancy profiling by high throughput sequencing,2020/11/25,158,ftp://ftp.ncbi.nlm.nih.gov/geo/series/GSE156nnn/GSE156692/,Tissue context determines the penetrance of regulatory DNA variation.,Nature communications,2021 May 14,10.1038/s41467-021-23139-3,OSD-137|Mmus_BAL-TAL_LVR_GC_Rep2_G2,Ground Control
77,GSM4256773,0.9997096061706543,GSE143304,Genome wide anaylsis of transcriptome modifications in male mice exposed to tributyltin during development,,,"Purpose: To identify alterations induced by developmental exposure to tributyltin at different stages of life Methods: Dams were treated with tributyltin during gestation and lactation in drinking water and pups were euthanized at different ages Results: We identified a number of changes in transcriptomic activity in 5 month, and ten month old pups after tributyltin exposure. Male animals exposed to tributyltin also developed fatty liver 5 months of age and adenomas of the liver at ten months of age.",Liver was isolated from animals exposed to tributyltin during development at 5 months and 10 months. At 10 months of age adenomas were also collected.,31939706,,,330877,GPL21493,Mus musculus,GSE,Expression profiling by high throughput sequencing,2020/02/24,29,ftp://ftp.ncbi.nlm.nih.gov/geo/series/GSE143nnn/GSE143304/,Hepatic Tumor Formation in Adult Mice Developmentally Exposed to Organotin.,Environmental health perspectives,2020 Jan,10.1289/EHP5414,OSD-137|Mmus_BAL-TAL_LVR_GC_Rep2_G2,Ground Control
78,GSM4387989,0.999707818031311,GSE146508,Transcriptome and open chromatin analysis of 5-month mouse liver and blood by the TaRGET II consortium,,,"The TaRGET (Toxicant Exposures and Responses by Genomic and Epigenomic Regulators of Transcription) program is a research consortium funded by the National Institute of Environmental Health Sciences (NIEHS). The goal of the collaboration is to address the role of environmental exposures in disease pathogenesis as a function of epigenome perturbation, including understanding the environmental control of epigenetic mechanisms and assessing the utility of surrogate tissue analysis in mouse models of disease-relevant environmental exposures (https://targetepigenomics.org).",RNA-seq and ATAC-seq of liver and blood samples from 5-month mice that were subjected to disease-relevant environmental exposures. The TaRGET II consortium (https://targetepigenomics.org/about/),29509741;42209488,,,351450,GPL17021; GPL21103; GPL21493; GPL19057; GPL21273; GPL24247,Mus musculus,GSE,Expression profiling by high throughput sequencing; Genome binding/occupancy profiling by high throughput sequencing,2020/05/20,849,ftp://ftp.ncbi.nlm.nih.gov/geo/series/GSE146nnn/GSE146508/,The NIEHS TaRGET II Consortium and environmental epigenomics.,Nature biotechnology,2018 Mar 6,10.1038/nbt.4099,OSD-137|Mmus_BAL-TAL_LVR_GC_Rep2_G2,Ground Control
79,GSM4387996,0.999706506729126,GSE146508,Transcriptome and open chromatin analysis of 5-month mouse liver and blood by the TaRGET II consortium,,,"The TaRGET (Toxicant Exposures and Responses by Genomic and Epigenomic Regulators of Transcription) program is a research consortium funded by the National Institute of Environmental Health Sciences (NIEHS). The goal of the collaboration is to address the role of environmental exposures in disease pathogenesis as a function of epigenome perturbation, including understanding the environmental control of epigenetic mechanisms and assessing the utility of surrogate tissue analysis in mouse models of disease-relevant environmental exposures (https://targetepigenomics.org).",RNA-seq and ATAC-seq of liver and blood samples from 5-month mice that were subjected to disease-relevant environmental exposures. The TaRGET II consortium (https://targetepigenomics.org/about/),29509741;42209488,,,351457,GPL17021; GPL21103; GPL21493; GPL19057; GPL21273; GPL24247,Mus musculus,GSE,Expression profiling by high throughput sequencing; Genome binding/occupancy profiling by high throughput sequencing,2020/05/20,849,ftp://ftp.ncbi.nlm.nih.gov/geo/series/GSE146nnn/GSE146508/,The NIEHS TaRGET II Consortium and environmental epigenomics.,Nature biotechnology,2018 Mar 6,10.1038/nbt.4099,OSD-137|Mmus_BAL-TAL_LVR_GC_Rep2_G2,Ground Control
80,GSM4256769,0.9997227787971497,GSE143304,Genome wide anaylsis of transcriptome modifications in male mice exposed to tributyltin during development,,,"Purpose: To identify alterations induced by developmental exposure to tributyltin at different stages of life Methods: Dams were treated with tributyltin during gestation and lactation in drinking water and pups were euthanized at different ages Results: We identified a number of changes in transcriptomic activity in 5 month, and ten month old pups after tributyltin exposure. Male animals exposed to tributyltin also developed fatty liver 5 months of age and adenomas of the liver at ten months of age.",Liver was isolated from animals exposed to tributyltin during development at 5 months and 10 months. At 10 months of age adenomas were also collected.,31939706,,,330873,GPL21493,Mus musculus,GSE,Expression profiling by high throughput sequencing,2020/02/24,29,ftp://ftp.ncbi.nlm.nih.gov/geo/series/GSE143nnn/GSE143304/,Hepatic Tumor Formation in Adult Mice Developmentally Exposed to Organotin.,Environmental health perspectives,2020 Jan,10.1289/EHP5414,OSD-137|Mmus_BAL-TAL_LVR_GC_Rep3_G3,Ground Control
81,GSM4388008,0.9997227787971497,GSE146508,Transcriptome and open chromatin analysis of 5-month mouse liver and blood by the TaRGET II consortium,,,"The TaRGET (Toxicant Exposures and Responses by Genomic and Epigenomic Regulators of Transcription) program is a research consortium funded by the National Institute of Environmental Health Sciences (NIEHS). The goal of the collaboration is to address the role of environmental exposures in disease pathogenesis as a function of epigenome perturbation, including understanding the environmental control of epigenetic mechanisms and assessing the utility of surrogate tissue analysis in mouse models of disease-relevant environmental exposures (https://targetepigenomics.org).",RNA-seq and ATAC-seq of liver and blood samples from 5-month mice that were subjected to disease-relevant environmental exposures. The TaRGET II consortium (https://targetepigenomics.org/about/),29509741;42209488,,,351469,GPL17021; GPL21103; GPL21493; GPL19057; GPL21273; GPL24247,Mus musculus,GSE,Expression profiling by high throughput sequencing; Genome binding/occupancy profiling by high throughput sequencing,2020/05/20,849,ftp://ftp.ncbi.nlm.nih.gov/geo/series/GSE146nnn/GSE146508/,The NIEHS TaRGET II Consortium and environmental epigenomics.,Nature biotechnology,2018 Mar 6,10.1038/nbt.4099,OSD-137|Mmus_BAL-TAL_LVR_GC_Rep3_G3,Ground Control
82,GSM4387996,0.9996846914291382,GSE146508,Transcriptome and open chromatin analysis of 5-month mouse liver and blood by the TaRGET II consortium,,,"The TaRGET (Toxicant Exposures and Responses by Genomic and Epigenomic Regulators of Transcription) program is a research consortium funded by the National Institute of Environmental Health Sciences (NIEHS). The goal of the collaboration is to address the role of environmental exposures in disease pathogenesis as a function of epigenome perturbation, including understanding the environmental control of epigenetic mechanisms and assessing the utility of surrogate tissue analysis in mouse models of disease-relevant environmental exposures (https://targetepigenomics.org).",RNA-seq and ATAC-seq of liver and blood samples from 5-month mice that were subjected to disease-relevant environmental exposures. The TaRGET II consortium (https://targetepigenomics.org/about/),29509741;42209488,,,351457,GPL17021; GPL21103; GPL21493; GPL19057; GPL21273; GPL24247,Mus musculus,GSE,Expression profiling by high throughput sequencing; Genome binding/occupancy profiling by high throughput sequencing,2020/05/20,849,ftp://ftp.ncbi.nlm.nih.gov/geo/series/GSE146nnn/GSE146508/,The NIEHS TaRGET II Consortium and environmental epigenomics.,Nature biotechnology,2018 Mar 6,10.1038/nbt.4099,OSD-137|Mmus_BAL-TAL_LVR_GC_Rep3_G3,Ground Control
83,GSM4256751,0.99968421459198,GSE143304,Genome wide anaylsis of transcriptome modifications in male mice exposed to tributyltin during development,,,"Purpose: To identify alterations induced by developmental exposure to tributyltin at different stages of life Methods: Dams were treated with tributyltin during gestation and lactation in drinking water and pups were euthanized at different ages Results: We identified a number of changes in transcriptomic activity in 5 month, and ten month old pups after tributyltin exposure. Male animals exposed to tributyltin also developed fatty liver 5 months of age and adenomas of the liver at ten months of age.",Liver was isolated from animals exposed to tributyltin during development at 5 months and 10 months. At 10 months of age adenomas were also collected.,31939706,,,330855,GPL21493,Mus musculus,GSE,Expression profiling by high throughput sequencing,2020/02/24,29,ftp://ftp.ncbi.nlm.nih.gov/geo/series/GSE143nnn/GSE143304/,Hepatic Tumor Formation in Adult Mice Developmentally Exposed to Organotin.,Environmental health perspectives,2020 Jan,10.1289/EHP5414,OSD-137|Mmus_BAL-TAL_LVR_GC_Rep3_G3,Ground Control
84,GSM7090797,0.9996658563613892,GSE237080,ChREBP is activated by reductive stress and mediates GCKR-associated metabolic traits,,,This SuperSeries is composed of the SubSeries listed below.,Refer to individual Series,38101397,,,739840,GPL19057; GPL24247,Mus musculus,GSE,Expression profiling by high throughput sequencing,2024/01/02,39,ftp://ftp.ncbi.nlm.nih.gov/geo/series/GSE237nnn/GSE237080/,ChREBP is activated by reductive stress and mediates GCKR-associated metabolic traits.,Cell metabolism,2024 Jan 2,10.1016/j.cmet.2023.11.010,OSD-137|Mmus_BAL-TAL_LVR_GC_Rep3_G3,Ground Control
85,GSM7951799,0.999656617641449,GSE249617,Increased perfluorooctanesulfonic acid (PFOS) toxicity and accumulation is associated with perturbed DHA and prostaglandin metabolism and increased OATP-transporter expression,,,"Perfluorooctanesulfonate (PFOS) is a widespread environmental pollutant with a long half-life and clearly negative outcomes on metabolic diseases such as fatty liver and diabetes. Male and female Cyp2b-null and humanized CYP2B6-transgenic (hCYP2B6-Tg) mice were treated with 0, 1, or 10 mg/kg/day PFOS for 21 days, and surprisingly it was found that PFOS was retained at greater concentrations in the serum and liver of hCYP2B6-Tg mice than Cyp2b-null mice with greater differences in the females. Thus, Cyp2b-null and hCYP2B6-Tg mice provide new models for investigating individual mechanisms for PFOS bioaccumulation and toxicity. Overt toxicity was greater in hCYP2B6-Tg mice (especially females) as measured by mortality; however, steato-sis occurred more readily in Cyp2b-null mice despite the lower PFOS liver concentrations. Tar-geted lipidomics and transcriptomics from PFOS treated Cyp2b-null and hCYP2B6-Tg mouse livers were performed and compared to PFOS retention and serum markers of toxicity by PCA. Several oxylipins, including prostaglandins, thromboxanes, and docosahexaenoic acid metabo-lites are associated or inversely associated with PFOS toxicity. Both lipidomics and tran-scriptomics indicate PFOS toxicity is associated with PPAR activity in all models. GO terms as-sociated with reduced steatosis were sexually dimorphic with lipid metabolism and transport increased in females and circadian rhythm associated genes increased in males. However, we can rule out that steatosis was initially protective from PFOS toxicity. Moreover, several transporters are associated with increased retention probably due to increased uptake. The strongest associa-tions are the organic anion transport proteins (Oatp1a4-6) genes and a long-chain fatty acid transport protein (fatp1), enriched in female hCYP2B6-Tg mice. PFOS uptake was also reduced in cultured murine hepatocytes by OATP inhibitors. The role of OATP1A6 and FATP1 in PFOS transport has not been tested. In summary, Cyp2b-null and hCYP2B6-Tg mice provided unique models for estimating the importance of novel mechanisms in PFOS retention and toxicity.","The goal of this experiment was to determine the gene expression differences between our Cyp2b-null and hCYP2B6-Tg mouse models that led to increased PFOS retention in the livers of hCYP2B6-Tg mice. The Cyp2b-null mouse model was generated via Crispr-Cas9 knockout, and the hCYP2B6-Tg mouse was generated on the null background by breeding it with a CYP2B6/2A13/2F1-transgenic mouse (Wei, 2012). Male and female Cyp2b-null and hCYP2B6-Tg mice were treated with 0, 1, or 10 mg/kg/day PFOS, and greater PFOS retention was observed in the hCYP2B6-Tg mice livers. Total RNA was then extracted  from 4 mouse livers in each group for RNA-seq. Differential gene expression analysis was performed to compare expression profiles betwen PFOS treatments within a genotype and across genotypes at each particular PFOS concentration.",,,,835376,GPL24247,Mus musculus,GSE,Expression profiling by high throughput sequencing,2024/01/31,48,ftp://ftp.ncbi.nlm.nih.gov/geo/series/GSE249nnn/GSE249617/,,,,,OSD-137|Mmus_BAL-TAL_LVR_GC_Rep3_G3,Ground Control
86,GSM3745090,0.9996336698532104,GSE130629,Transcriptional Correlates of Tolerance and Lethality from Mouse Models Predict Ebola Virus Disease Outcome,,,We report comparative outcome-dependent transcriptional profiles from spleen and liver from Collaborative Cross mice infected with mouse-adapted Ebola virus (MA-EBOV).,Longitudinal transcriptional profiling (mRNA and miRNA) of 10 Collaborative Cross lines infected with mouse-adapted Ebola virus.,32049004,,,254690,GPL21103,Mus musculus,GSE,Expression profiling by high throughput sequencing,2019/12/01,729,ftp://ftp.ncbi.nlm.nih.gov/geo/series/GSE130nnn/GSE130629/,Transcriptional Correlates of Tolerance and Lethality in Mice Predict Ebola Virus Disease Patient Outcomes.,Cell reports,2020 Feb 11,10.1016/j.celrep.2020.01.026,OSD-137|Mmus_BAL-TAL_LVR_GC_Rep3_G3,Ground Control
87,GSM6246223,0.9996190667152405,GSE206211,Dynamic differentiation of F4/80+ tumor-associated macrophage and its role in tumor vascularization in a syngeneic mouse model of colorectal liver metastasis,,,"Tumor-associated macrophages (TAMs) are highly heterogeneous, derived from myeloid monocyte/macrophages or tissue-resident macrophages, and play vital role in tumor progression. Here we adopted a C57BL/6 mouse model imitating the late-stage colorectal liver metastasis (CRLM) by Mc38 colorectal cancer cell injection via the portal vein. We defined the critical period at 7 to 9 days post injection (dpi) for tumor neovascularization on serial sections of CRLM biopsies. The tumor neovascularization was initiated from one of the liver blood vessels via vessel cooption and extended by vascular mimicry and growth of CD34+cells. In samples with increasing sized liver metastases of CRLM, infiltrated Ly6C+ CD11b+ F4/80 monocytes steadily gained the expression of F4/80, a Kupffer cell marker, and then transformed into Ly6C CD11bint F4/80+ cells, which, the same phenotype was also adapted by Ly6C CD11b F4/80+ Kupffer cells. F4/80+ TAMs showed proximity to neovascularization and tumor vessels. Depletion of macrophages or disturbance on macrophage polarization during the crucial period of neovascularization impeded tumor growth and vascularization and resulted in greatly reduced F4/80+ TAMs, yet increased CD11b+ cells due to inhibition of TAM differentiation. In summary, we showed dynamic F4/80+ TAM differentiation within the tumor microenvironment and strengthened its role as perivascular TAMs in CRLM. A set of aliquot samples (about 0.25 cm3) from for flow cytometry preparations (the above method and Fig. 4A) were used for bulk RNA-Sequencing, among these samples, Ht1 and Ht3 were identical samples;  F4/80+cells and CD11b+ cells were selected from medium-sized CRLM (Mt2) with microbeads and MS column;A total of 20 samples were sent for analysis. These collected tissues were flash-frozen in liquid nitrogen, stored at - 80°C and shipped on dry ice to the sequencing provider (Novogene, www.novogene.com), who then extracted RNA from these samples and confirmed that all sample RNA were in good quality and adequate concentrations. The resulted RNA-Sequencing data were verified as the clean reads > 95%, Q30 > 90%, and error rate < 0.05%; Square of Pearson Correlation Coefficient (R2) between the biological replicates was > 0.89; R2 of the identical samples (Ht-1 and Ht-3) was > 0.98.",Comparative gene expression profiling analysis of RNA-seq data for liver biopsy samples with/out varied metastases in syngeneic mouse model of colorectal liver metastasis.,36781833,,,653645,GPL24247,Mus musculus,GSE,Expression profiling by high throughput sequencing,2022/06/18,20,ftp://ftp.ncbi.nlm.nih.gov/geo/series/GSE206nnn/GSE206211/,Dynamic differentiation of F4/80+ tumor-associated macrophage and its role in tumor vascularization in a syngeneic mouse model of colorectal liver metastasis.,Cell death & disease,2023 Feb 13,10.1038/s41419-023-05626-1,OSD-137|Mmus_BAL-TAL_LVR_GC_Rep3_G3,Ground Control
88,GSM3745100,0.9996167421340942,GSE130629,Transcriptional Correlates of Tolerance and Lethality from Mouse Models Predict Ebola Virus Disease Outcome,,,We report comparative outcome-dependent transcriptional profiles from spleen and liver from Collaborative Cross mice infected with mouse-adapted Ebola virus (MA-EBOV).,Longitudinal transcriptional profiling (mRNA and miRNA) of 10 Collaborative Cross lines infected with mouse-adapted Ebola virus.,32049004,,,254700,GPL21103,Mus musculus,GSE,Expression profiling by high throughput sequencing,2019/12/01,729,ftp://ftp.ncbi.nlm.nih.gov/geo/series/GSE130nnn/GSE130629/,Transcriptional Correlates of Tolerance and Lethality in Mice Predict Ebola Virus Disease Patient Outcomes.,Cell reports,2020 Feb 11,10.1016/j.celrep.2020.01.026,OSD-137|Mmus_BAL-TAL_LVR_GC_Rep3_G3,Ground Control
89,GSM7951791,0.9996156096458435,GSE249617,Increased perfluorooctanesulfonic acid (PFOS) toxicity and accumulation is associated with perturbed DHA and prostaglandin metabolism and increased OATP-transporter expression,,,"Perfluorooctanesulfonate (PFOS) is a widespread environmental pollutant with a long half-life and clearly negative outcomes on metabolic diseases such as fatty liver and diabetes. Male and female Cyp2b-null and humanized CYP2B6-transgenic (hCYP2B6-Tg) mice were treated with 0, 1, or 10 mg/kg/day PFOS for 21 days, and surprisingly it was found that PFOS was retained at greater concentrations in the serum and liver of hCYP2B6-Tg mice than Cyp2b-null mice with greater differences in the females. Thus, Cyp2b-null and hCYP2B6-Tg mice provide new models for investigating individual mechanisms for PFOS bioaccumulation and toxicity. Overt toxicity was greater in hCYP2B6-Tg mice (especially females) as measured by mortality; however, steato-sis occurred more readily in Cyp2b-null mice despite the lower PFOS liver concentrations. Tar-geted lipidomics and transcriptomics from PFOS treated Cyp2b-null and hCYP2B6-Tg mouse livers were performed and compared to PFOS retention and serum markers of toxicity by PCA. Several oxylipins, including prostaglandins, thromboxanes, and docosahexaenoic acid metabo-lites are associated or inversely associated with PFOS toxicity. Both lipidomics and tran-scriptomics indicate PFOS toxicity is associated with PPAR activity in all models. GO terms as-sociated with reduced steatosis were sexually dimorphic with lipid metabolism and transport increased in females and circadian rhythm associated genes increased in males. However, we can rule out that steatosis was initially protective from PFOS toxicity. Moreover, several transporters are associated with increased retention probably due to increased uptake. The strongest associa-tions are the organic anion transport proteins (Oatp1a4-6) genes and a long-chain fatty acid transport protein (fatp1), enriched in female hCYP2B6-Tg mice. PFOS uptake was also reduced in cultured murine hepatocytes by OATP inhibitors. The role of OATP1A6 and FATP1 in PFOS transport has not been tested. In summary, Cyp2b-null and hCYP2B6-Tg mice provided unique models for estimating the importance of novel mechanisms in PFOS retention and toxicity.","The goal of this experiment was to determine the gene expression differences between our Cyp2b-null and hCYP2B6-Tg mouse models that led to increased PFOS retention in the livers of hCYP2B6-Tg mice. The Cyp2b-null mouse model was generated via Crispr-Cas9 knockout, and the hCYP2B6-Tg mouse was generated on the null background by breeding it with a CYP2B6/2A13/2F1-transgenic mouse (Wei, 2012). Male and female Cyp2b-null and hCYP2B6-Tg mice were treated with 0, 1, or 10 mg/kg/day PFOS, and greater PFOS retention was observed in the hCYP2B6-Tg mice livers. Total RNA was then extracted  from 4 mouse livers in each group for RNA-seq. Differential gene expression analysis was performed to compare expression profiles betwen PFOS treatments within a genotype and across genotypes at each particular PFOS concentration.",,,,835368,GPL24247,Mus musculus,GSE,Expression profiling by high throughput sequencing,2024/01/31,48,ftp://ftp.ncbi.nlm.nih.gov/geo/series/GSE249nnn/GSE249617/,,,,,OSD-137|Mmus_BAL-TAL_LVR_GC_Rep3_G3,Ground Control
90,GSM4742429,0.9996746778488159,GSE156692,Identification of cellular context sensitive regulatory variation in mouse genomes,,,"RNA-seq and DHS mapping in hybrid mouse kidney, liver, lung, and B cells",138 DNase-seq and 17 RNA-seq samples collected from 4 tissues in 5 hybrid mouse strains,33990600,,,411694,GPL19057; GPL17021,Mus musculus,GSE,Expression profiling by high throughput sequencing; Genome binding/occupancy profiling by high throughput sequencing,2020/11/25,158,ftp://ftp.ncbi.nlm.nih.gov/geo/series/GSE156nnn/GSE156692/,Tissue context determines the penetrance of regulatory DNA variation.,Nature communications,2021 May 14,10.1038/s41467-021-23139-3,OSD-137|Mmus_BAL-TAL_LVR_GC_Rep4_G5,Ground Control
91,GSM4388008,0.9996232986450195,GSE146508,Transcriptome and open chromatin analysis of 5-month mouse liver and blood by the TaRGET II consortium,,,"The TaRGET (Toxicant Exposures and Responses by Genomic and Epigenomic Regulators of Transcription) program is a research consortium funded by the National Institute of Environmental Health Sciences (NIEHS). The goal of the collaboration is to address the role of environmental exposures in disease pathogenesis as a function of epigenome perturbation, including understanding the environmental control of epigenetic mechanisms and assessing the utility of surrogate tissue analysis in mouse models of disease-relevant environmental exposures (https://targetepigenomics.org).",RNA-seq and ATAC-seq of liver and blood samples from 5-month mice that were subjected to disease-relevant environmental exposures. The TaRGET II consortium (https://targetepigenomics.org/about/),29509741;42209488,,,351469,GPL17021; GPL21103; GPL21493; GPL19057; GPL21273; GPL24247,Mus musculus,GSE,Expression profiling by high throughput sequencing; Genome binding/occupancy profiling by high throughput sequencing,2020/05/20,849,ftp://ftp.ncbi.nlm.nih.gov/geo/series/GSE146nnn/GSE146508/,The NIEHS TaRGET II Consortium and environmental epigenomics.,Nature biotechnology,2018 Mar 6,10.1038/nbt.4099,OSD-137|Mmus_BAL-TAL_LVR_GC_Rep4_G5,Ground Control
92,GSM4256769,0.9996232986450195,GSE143304,Genome wide anaylsis of transcriptome modifications in male mice exposed to tributyltin during development,,,"Purpose: To identify alterations induced by developmental exposure to tributyltin at different stages of life Methods: Dams were treated with tributyltin during gestation and lactation in drinking water and pups were euthanized at different ages Results: We identified a number of changes in transcriptomic activity in 5 month, and ten month old pups after tributyltin exposure. Male animals exposed to tributyltin also developed fatty liver 5 months of age and adenomas of the liver at ten months of age.",Liver was isolated from animals exposed to tributyltin during development at 5 months and 10 months. At 10 months of age adenomas were also collected.,31939706,,,330873,GPL21493,Mus musculus,GSE,Expression profiling by high throughput sequencing,2020/02/24,29,ftp://ftp.ncbi.nlm.nih.gov/geo/series/GSE143nnn/GSE143304/,Hepatic Tumor Formation in Adult Mice Developmentally Exposed to Organotin.,Environmental health perspectives,2020 Jan,10.1289/EHP5414,OSD-137|Mmus_BAL-TAL_LVR_GC_Rep4_G5,Ground Control
93,GSM4426144,0.9996066689491272,GSE147425,Targeted RNA-Seq analysis of the gene expression changes in the livers of male and female mice treated with the perfluorinated alkyl substance PFESA-BP2 (Nafion byproduct 2),,,This SuperSeries is composed of the SubSeries listed below.,Refer to individual Series,,,,353913,GPL19057; GPL17021,Mus musculus,GSE,Expression profiling by high throughput sequencing,2022/12/01,100,ftp://ftp.ncbi.nlm.nih.gov/geo/series/GSE147nnn/GSE147425/,,,,,OSD-137|Mmus_BAL-TAL_LVR_GC_Rep4_G5,Ground Control
94,GSM4426141,0.999602735042572,GSE147425,Targeted RNA-Seq analysis of the gene expression changes in the livers of male and female mice treated with the perfluorinated alkyl substance PFESA-BP2 (Nafion byproduct 2),,,This SuperSeries is composed of the SubSeries listed below.,Refer to individual Series,,,,353910,GPL19057; GPL17021,Mus musculus,GSE,Expression profiling by high throughput sequencing,2022/12/01,100,ftp://ftp.ncbi.nlm.nih.gov/geo/series/GSE147nnn/GSE147425/,,,,,OSD-137|Mmus_BAL-TAL_LVR_GC_Rep4_G5,Ground Control
95,GSM5068950,0.9995886087417603,GSE166353,IRF3-mediated pathogenicity in a murine model of human hepatitis A,,,"Hepatitis A virus (HAV), an hepatotropic picornavirus, is a common cause of acute hepatitis in human populations. Although responsible for considerable morbidity and mortality, the mechanisms underlying HAV-mediated liver injury are poorly understood. Ifnar1-/- mice are susceptible to HAV and when infected recapitulate cardinal features of hepatitis A in humans, including serum ALT elevation, hepatocellular apoptosis, and intrahepatic inflammatory cell infiltrates. In contrast, Mavs-/- mice, while equally permissive for infection, experience no liver injury. Previous studies indicate that HAV pathogenesis in Ifnar1-/- mice is dependent upon MAVS-IRF3 signaling, but leave unresolved the role of IRF3-mediated transcription versus non-transcriptional pro-apoptotic activity of activated IRF3 in HAV-induced liver disease. Here, we compared the intrahepatic transcriptomes of HAV-infected naïve Mavs-/- and Ifnar1-/- mice using high throughput RNA sequencing, and characterized IRF3-mediated transcriptional responses associated with hepatocyte apoptosis and liver inflammation.","Liver mRNA profiles of Ifnar1-/- ,Mavs-/- and Irf3S1/S1Ifnar1-/- mice 7 days or 14 days after HAV infection",34591933,,,459188,GPL21103,Mus musculus,GSE,Expression profiling by high throughput sequencing,2021/08/18,40,ftp://ftp.ncbi.nlm.nih.gov/geo/series/GSE166nnn/GSE166353/,IRF3-mediated pathogenicity in a murine model of human hepatitis A.,PLoS pathogens,2021 Sep,10.1371/journal.ppat.1009960,OSD-137|Mmus_BAL-TAL_LVR_GC_Rep4_G5,Ground Control
96,GSM3528476,0.9995885491371155,GSE124303,"Liver, Adipose Tissue, and Skeletal Muscle from adult male offspring of maternal nutrient restriction in mice",,,"Pregnant CD-1 mice were fed control (ad libitum) and 70% total food (g) (MNR) diets from E6.5-birth. At birth, litters with 11-15 pups were cross-fostered to ad libitum-fed mothers. At weaning, males were kept for analysis and fed ad libitum until 6 months when they were euthanized by CO2 necropsis for quadriceps femoris, right medial liver lobe and perigonadal adipose tissue. Tissues were frozen in liquid nitrogen until total RNA isolations were done on whole-tissue homogenate. Libraries were made with polyA enrichment and sequenced. Differential expression between maternal nutrition or glucose tolerance groups (glucose intolerant MNR, tolerant MNR, MNR with a high fasting blood glucose [IFBG] and controls).","Liver: control N=8 and MNR N= 19 (intolerant N=7, tolerant N=8, IMFB N=4), muscle: control N=8 and MNR N=21 (intolerant N=9, tolerant N=8, IMFB N=4), adipose tissue: control N=8 and MNR N=21 (intolerant N=9, tolerant N=8, IMFB=4)",,,,219038,GPL17021,Mus musculus,GSE,Expression profiling by high throughput sequencing,2019/12/19,138,ftp://ftp.ncbi.nlm.nih.gov/geo/series/GSE124nnn/GSE124303/,,,,,OSD-137|Mmus_BAL-TAL_LVR_GC_Rep4_G5,Ground Control
97,GSM4256773,0.9995862245559692,GSE143304,Genome wide anaylsis of transcriptome modifications in male mice exposed to tributyltin during development,,,"Purpose: To identify alterations induced by developmental exposure to tributyltin at different stages of life Methods: Dams were treated with tributyltin during gestation and lactation in drinking water and pups were euthanized at different ages Results: We identified a number of changes in transcriptomic activity in 5 month, and ten month old pups after tributyltin exposure. Male animals exposed to tributyltin also developed fatty liver 5 months of age and adenomas of the liver at ten months of age.",Liver was isolated from animals exposed to tributyltin during development at 5 months and 10 months. At 10 months of age adenomas were also collected.,31939706,,,330877,GPL21493,Mus musculus,GSE,Expression profiling by high throughput sequencing,2020/02/24,29,ftp://ftp.ncbi.nlm.nih.gov/geo/series/GSE143nnn/GSE143304/,Hepatic Tumor Formation in Adult Mice Developmentally Exposed to Organotin.,Environmental health perspectives,2020 Jan,10.1289/EHP5414,OSD-137|Mmus_BAL-TAL_LVR_GC_Rep4_G5,Ground Control
98,GSM4387996,0.9995795488357544,GSE146508,Transcriptome and open chromatin analysis of 5-month mouse liver and blood by the TaRGET II consortium,,,"The TaRGET (Toxicant Exposures and Responses by Genomic and Epigenomic Regulators of Transcription) program is a research consortium funded by the National Institute of Environmental Health Sciences (NIEHS). The goal of the collaboration is to address the role of environmental exposures in disease pathogenesis as a function of epigenome perturbation, including understanding the environmental control of epigenetic mechanisms and assessing the utility of surrogate tissue analysis in mouse models of disease-relevant environmental exposures (https://targetepigenomics.org).",RNA-seq and ATAC-seq of liver and blood samples from 5-month mice that were subjected to disease-relevant environmental exposures. The TaRGET II consortium (https://targetepigenomics.org/about/),29509741;42209488,,,351457,GPL17021; GPL21103; GPL21493; GPL19057; GPL21273; GPL24247,Mus musculus,GSE,Expression profiling by high throughput sequencing; Genome binding/occupancy profiling by high throughput sequencing,2020/05/20,849,ftp://ftp.ncbi.nlm.nih.gov/geo/series/GSE146nnn/GSE146508/,The NIEHS TaRGET II Consortium and environmental epigenomics.,Nature biotechnology,2018 Mar 6,10.1038/nbt.4099,OSD-137|Mmus_BAL-TAL_LVR_GC_Rep4_G5,Ground Control
99,GSM4256751,0.9995779395103455,GSE143304,Genome wide anaylsis of transcriptome modifications in male mice exposed to tributyltin during development,,,"Purpose: To identify alterations induced by developmental exposure to tributyltin at different stages of life Methods: Dams were treated with tributyltin during gestation and lactation in drinking water and pups were euthanized at different ages Results: We identified a number of changes in transcriptomic activity in 5 month, and ten month old pups after tributyltin exposure. Male animals exposed to tributyltin also developed fatty liver 5 months of age and adenomas of the liver at ten months of age.",Liver was isolated from animals exposed to tributyltin during development at 5 months and 10 months. At 10 months of age adenomas were also collected.,31939706,,,330855,GPL21493,Mus musculus,GSE,Expression profiling by high throughput sequencing,2020/02/24,29,ftp://ftp.ncbi.nlm.nih.gov/geo/series/GSE143nnn/GSE143304/,Hepatic Tumor Formation in Adult Mice Developmentally Exposed to Organotin.,Environmental health perspectives,2020 Jan,10.1289/EHP5414,OSD-137|Mmus_BAL-TAL_LVR_GC_Rep4_G5,Ground Control
100,GSM4387989,0.9996320605278015,GSE146508,Transcriptome and open chromatin analysis of 5-month mouse liver and blood by the TaRGET II consortium,,,"The TaRGET (Toxicant Exposures and Responses by Genomic and Epigenomic Regulators of Transcription) program is a research consortium funded by the National Institute of Environmental Health Sciences (NIEHS). The goal of the collaboration is to address the role of environmental exposures in disease pathogenesis as a function of epigenome perturbation, including understanding the environmental control of epigenetic mechanisms and assessing the utility of surrogate tissue analysis in mouse models of disease-relevant environmental exposures (https://targetepigenomics.org).",RNA-seq and ATAC-seq of liver and blood samples from 5-month mice that were subjected to disease-relevant environmental exposures. The TaRGET II consortium (https://targetepigenomics.org/about/),29509741;42209488,,,351450,GPL17021; GPL21103; GPL21493; GPL19057; GPL21273; GPL24247,Mus musculus,GSE,Expression profiling by high throughput sequencing; Genome binding/occupancy profiling by high throughput sequencing,2020/05/20,849,ftp://ftp.ncbi.nlm.nih.gov/geo/series/GSE146nnn/GSE146508/,The NIEHS TaRGET II Consortium and environmental epigenomics.,Nature biotechnology,2018 Mar 6,10.1038/nbt.4099,OSD-137|Mmus_BAL-TAL_LVR_GC_Rep5_G6,Ground Control
101,GSM1118106,0.9995884895324707,GSE45684,RNA-seq alignment to individualized genomes,,,"The source of most errors in RNA sequencing (RNA-seq) read alignment is in the repetitive structure of the genome and not with the alignment algorithm. Genetic variation away from the reference sequence exacerbates this problem causing reads to be assigned to the wrong location. We developed a method, implemented as the software package Seqnature, to construct the imputed genomes of individuals (individualized genomes) of experimental model organisms including inbred mouse strains and genetically unique outbred animals. Alignment to individualized genomes increases read mapping accuracy and improves transcript abundance estimates. In an application to expression QTL mapping, this approach corrected erroneous linkages and unmasked thousands of hidden associations. Individualized genomes accounting for genetic variation will be useful for human short-read sequencing and other sequencing applications including ChIP-seq.","Illumina 100bp single-end liver RNA-seq from 277 male and female Diversity Outbred 26-week old mice raised on standard chow or high fat diet. In addition, Illumina 100bp single-end liver RNA-seq from 128 male 26-week old male mice (20 weeks for NZO strain) from each of the DO founder strains raised on standard chow or high fat diet (8 males per strain by diet group). Each sample was sequenced in 2-4x technical replicates across multiple flowcells. Samples were randomly assigned lanes and multiplexed at 12-24x.",25236449;26614740;28592500,,,11264,GPL13112,Mus musculus,GSE,Expression profiling by high throughput sequencing,2014/06/10,1086,ftp://ftp.ncbi.nlm.nih.gov/geo/series/GSE45nnn/GSE45684/,RNA-Seq alignment to individualized genomes improves transcript abundance estimates in multiparent populations.,Genetics,2014 Sep,10.1534/genetics.114.165886,OSD-137|Mmus_BAL-TAL_LVR_GC_Rep5_G6,Ground Control
102,GSM4256750,0.9995816946029663,GSE143304,Genome wide anaylsis of transcriptome modifications in male mice exposed to tributyltin during development,,,"Purpose: To identify alterations induced by developmental exposure to tributyltin at different stages of life Methods: Dams were treated with tributyltin during gestation and lactation in drinking water and pups were euthanized at different ages Results: We identified a number of changes in transcriptomic activity in 5 month, and ten month old pups after tributyltin exposure. Male animals exposed to tributyltin also developed fatty liver 5 months of age and adenomas of the liver at ten months of age.",Liver was isolated from animals exposed to tributyltin during development at 5 months and 10 months. At 10 months of age adenomas were also collected.,31939706,,,330854,GPL21493,Mus musculus,GSE,Expression profiling by high throughput sequencing,2020/02/24,29,ftp://ftp.ncbi.nlm.nih.gov/geo/series/GSE143nnn/GSE143304/,Hepatic Tumor Formation in Adult Mice Developmentally Exposed to Organotin.,Environmental health perspectives,2020 Jan,10.1289/EHP5414,OSD-137|Mmus_BAL-TAL_LVR_GC_Rep5_G6,Ground Control
103,GSM2327518,0.9995792508125305,GSE87299,Transcriptome changes in mouse livers upon Bmal1 or Nr1d1 knock out and interactome of lnc-Crot by 4C-seq,,,"To explore the circadian regulations of Bmal1, we examined the transcriptome changes in mouse livers upon Bmal1 knock out at two circadian time points, CT0 and CT12. To explore the circadian regulations of Nr1d1, we examined the transcriptome changes in mouse livers upon Nr1d1 knock out at two circadian time points, CT0 and CT12. To explore interactome of lnc-Crot, 4C-seq was performed with lnc-Crot as bait region at CT6 and CT18.",RNA-seq of WT and KO at CT0 and CT12. 4C-seq at CT6 and CT18.,28335007,,,77556,GPL13112,Mus musculus,GSE,Expression profiling by high throughput sequencing; Other,2017/04/12,26,ftp://ftp.ncbi.nlm.nih.gov/geo/series/GSE87nnn/GSE87299/,A class of circadian long non-coding RNAs mark enhancers modulating long-range circadian gene regulation.,Nucleic acids research,2017 Jun 2,10.1093/nar/gkx156,OSD-137|Mmus_BAL-TAL_LVR_GC_Rep5_G6,Ground Control
104,GSM1120593,0.9995737075805664,GSE45684,RNA-seq alignment to individualized genomes,,,"The source of most errors in RNA sequencing (RNA-seq) read alignment is in the repetitive structure of the genome and not with the alignment algorithm. Genetic variation away from the reference sequence exacerbates this problem causing reads to be assigned to the wrong location. We developed a method, implemented as the software package Seqnature, to construct the imputed genomes of individuals (individualized genomes) of experimental model organisms including inbred mouse strains and genetically unique outbred animals. Alignment to individualized genomes increases read mapping accuracy and improves transcript abundance estimates. In an application to expression QTL mapping, this approach corrected erroneous linkages and unmasked thousands of hidden associations. Individualized genomes accounting for genetic variation will be useful for human short-read sequencing and other sequencing applications including ChIP-seq.","Illumina 100bp single-end liver RNA-seq from 277 male and female Diversity Outbred 26-week old mice raised on standard chow or high fat diet. In addition, Illumina 100bp single-end liver RNA-seq from 128 male 26-week old male mice (20 weeks for NZO strain) from each of the DO founder strains raised on standard chow or high fat diet (8 males per strain by diet group). Each sample was sequenced in 2-4x technical replicates across multiple flowcells. Samples were randomly assigned lanes and multiplexed at 12-24x.",25236449;26614740;28592500,,,11852,GPL13112,Mus musculus,GSE,Expression profiling by high throughput sequencing,2014/06/10,1086,ftp://ftp.ncbi.nlm.nih.gov/geo/series/GSE45nnn/GSE45684/,RNA-Seq alignment to individualized genomes improves transcript abundance estimates in multiparent populations.,Genetics,2014 Sep,10.1534/genetics.114.165886,OSD-137|Mmus_BAL-TAL_LVR_GC_Rep5_G6,Ground Control
105,GSM4742429,0.9995670914649963,GSE156692,Identification of cellular context sensitive regulatory variation in mouse genomes,,,"RNA-seq and DHS mapping in hybrid mouse kidney, liver, lung, and B cells",138 DNase-seq and 17 RNA-seq samples collected from 4 tissues in 5 hybrid mouse strains,33990600,,,411694,GPL19057; GPL17021,Mus musculus,GSE,Expression profiling by high throughput sequencing; Genome binding/occupancy profiling by high throughput sequencing,2020/11/25,158,ftp://ftp.ncbi.nlm.nih.gov/geo/series/GSE156nnn/GSE156692/,Tissue context determines the penetrance of regulatory DNA variation.,Nature communications,2021 May 14,10.1038/s41467-021-23139-3,OSD-137|Mmus_BAL-TAL_LVR_GC_Rep5_G6,Ground Control
106,GSM4256752,0.999566376209259,GSE143304,Genome wide anaylsis of transcriptome modifications in male mice exposed to tributyltin during development,,,"Purpose: To identify alterations induced by developmental exposure to tributyltin at different stages of life Methods: Dams were treated with tributyltin during gestation and lactation in drinking water and pups were euthanized at different ages Results: We identified a number of changes in transcriptomic activity in 5 month, and ten month old pups after tributyltin exposure. Male animals exposed to tributyltin also developed fatty liver 5 months of age and adenomas of the liver at ten months of age.",Liver was isolated from animals exposed to tributyltin during development at 5 months and 10 months. At 10 months of age adenomas were also collected.,31939706,,,330856,GPL21493,Mus musculus,GSE,Expression profiling by high throughput sequencing,2020/02/24,29,ftp://ftp.ncbi.nlm.nih.gov/geo/series/GSE143nnn/GSE143304/,Hepatic Tumor Formation in Adult Mice Developmentally Exposed to Organotin.,Environmental health perspectives,2020 Jan,10.1289/EHP5414,OSD-137|Mmus_BAL-TAL_LVR_GC_Rep5_G6,Ground Control
107,GSM4387990,0.9995577931404114,GSE146508,Transcriptome and open chromatin analysis of 5-month mouse liver and blood by the TaRGET II consortium,,,"The TaRGET (Toxicant Exposures and Responses by Genomic and Epigenomic Regulators of Transcription) program is a research consortium funded by the National Institute of Environmental Health Sciences (NIEHS). The goal of the collaboration is to address the role of environmental exposures in disease pathogenesis as a function of epigenome perturbation, including understanding the environmental control of epigenetic mechanisms and assessing the utility of surrogate tissue analysis in mouse models of disease-relevant environmental exposures (https://targetepigenomics.org).",RNA-seq and ATAC-seq of liver and blood samples from 5-month mice that were subjected to disease-relevant environmental exposures. The TaRGET II consortium (https://targetepigenomics.org/about/),29509741;42209488,,,351451,GPL17021; GPL21103; GPL21493; GPL19057; GPL21273; GPL24247,Mus musculus,GSE,Expression profiling by high throughput sequencing; Genome binding/occupancy profiling by high throughput sequencing,2020/05/20,849,ftp://ftp.ncbi.nlm.nih.gov/geo/series/GSE146nnn/GSE146508/,The NIEHS TaRGET II Consortium and environmental epigenomics.,Nature biotechnology,2018 Mar 6,10.1038/nbt.4099,OSD-137|Mmus_BAL-TAL_LVR_GC_Rep5_G6,Ground Control
108,GSM4256746,0.9995571374893188,GSE143304,Genome wide anaylsis of transcriptome modifications in male mice exposed to tributyltin during development,,,"Purpose: To identify alterations induced by developmental exposure to tributyltin at different stages of life Methods: Dams were treated with tributyltin during gestation and lactation in drinking water and pups were euthanized at different ages Results: We identified a number of changes in transcriptomic activity in 5 month, and ten month old pups after tributyltin exposure. Male animals exposed to tributyltin also developed fatty liver 5 months of age and adenomas of the liver at ten months of age.",Liver was isolated from animals exposed to tributyltin during development at 5 months and 10 months. At 10 months of age adenomas were also collected.,31939706,,,330850,GPL21493,Mus musculus,GSE,Expression profiling by high throughput sequencing,2020/02/24,29,ftp://ftp.ncbi.nlm.nih.gov/geo/series/GSE143nnn/GSE143304/,Hepatic Tumor Formation in Adult Mice Developmentally Exposed to Organotin.,Environmental health perspectives,2020 Jan,10.1289/EHP5414,OSD-137|Mmus_BAL-TAL_LVR_GC_Rep5_G6,Ground Control
109,GSM2836680,0.9995553493499756,GSE106369,The histone acetyl-tranferase MOF is required for metabolic function in the liver .,,,"Purpose: Conditional MOF deletion in mouse livers resulted in acute hepatic necrosis.  The goal of this study was to identify transcriptomic changes in the livers of MOF-depeleted mice livers compared to WT. Methods: Transcriptomic profiles of MOF∆ and WT mouse livers were generated in triplicate.  Sequenced reads were quality filtered using Trimmomatic.  Quality reads were aligned to the mouse genome using TopHat2.  Reads were counted using htseq-count and differentially expressed transcripts were identified using DESeq. Results: 1408 differentially expressed genes were identified between MOF∆ and WT livers.  774 genes were down-regulated in MOF∆ and primarilly associated with metabolic pathways. Branched chain amino acid and fatty acid metabolic pathways, which are deregulated in non-alcoholic fattly liver disease (NAFLD) prgression were down-regulated. 664 genes were upregulated and associated with increased proliferation. Conclusions: These data show that MOF is required for maintaining proper metabolic function in the liver and deregulation of MOF may be involved in progression of NAFLD.","Liver mRNA profiles of 6-8 week old  old wild type (WT) and MOF∆ mice were generated by deep sequencing, in triplicate, using the Illumina HiSeq 4000 platform.",33376138,,,135950,GPL21103,Mus musculus,GSE,Expression profiling by high throughput sequencing,2018/01/31,6,ftp://ftp.ncbi.nlm.nih.gov/geo/series/GSE106nnn/GSE106369/,Dysregulation of intercellular signaling by MOF deletion leads to liver injury.,The Journal of biological chemistry,2021 Jan-Jun,10.1074/jbc.RA120.016079,OSD-137|Mmus_BAL-TAL_LVR_GC_Rep5_G6,Ground Control
110,GSM3534525,0.9996080994606018,GSE124463,Promoter capture Hi-C identifies long-range promoter contact dynamics in response to diet and the development of non-alcoholic fatty liver disease,,,We profiled the chromatin interactions in liver from mice fed either an obesogenic or control diet.,"Examination of chromatin interactions, histone modification, gene expression and transcription factors binding in mice liver samples",32075973,,,219425,GPL24247; GPL19057,Mus musculus,GSE,Expression profiling by high throughput sequencing; Genome binding/occupancy profiling by high throughput sequencing; Other,2020/01/01,46,ftp://ftp.ncbi.nlm.nih.gov/geo/series/GSE124nnn/GSE124463/,Alterations in promoter interaction landscape and transcriptional network underlying metabolic adaptation to diet.,Nature communications,2020 Feb 19,10.1038/s41467-020-14796-x,OSD-137|Mmus_BAL-TAL_LVR_GC_Rep6_G7,Ground Control
111,GSM5068950,0.9996037483215332,GSE166353,IRF3-mediated pathogenicity in a murine model of human hepatitis A,,,"Hepatitis A virus (HAV), an hepatotropic picornavirus, is a common cause of acute hepatitis in human populations. Although responsible for considerable morbidity and mortality, the mechanisms underlying HAV-mediated liver injury are poorly understood. Ifnar1-/- mice are susceptible to HAV and when infected recapitulate cardinal features of hepatitis A in humans, including serum ALT elevation, hepatocellular apoptosis, and intrahepatic inflammatory cell infiltrates. In contrast, Mavs-/- mice, while equally permissive for infection, experience no liver injury. Previous studies indicate that HAV pathogenesis in Ifnar1-/- mice is dependent upon MAVS-IRF3 signaling, but leave unresolved the role of IRF3-mediated transcription versus non-transcriptional pro-apoptotic activity of activated IRF3 in HAV-induced liver disease. Here, we compared the intrahepatic transcriptomes of HAV-infected naïve Mavs-/- and Ifnar1-/- mice using high throughput RNA sequencing, and characterized IRF3-mediated transcriptional responses associated with hepatocyte apoptosis and liver inflammation.","Liver mRNA profiles of Ifnar1-/- ,Mavs-/- and Irf3S1/S1Ifnar1-/- mice 7 days or 14 days after HAV infection",34591933,,,459188,GPL21103,Mus musculus,GSE,Expression profiling by high throughput sequencing,2021/08/18,40,ftp://ftp.ncbi.nlm.nih.gov/geo/series/GSE166nnn/GSE166353/,IRF3-mediated pathogenicity in a murine model of human hepatitis A.,PLoS pathogens,2021 Sep,10.1371/journal.ppat.1009960,OSD-137|Mmus_BAL-TAL_LVR_GC_Rep6_G7,Ground Control
112,GSM4256773,0.999579906463623,GSE143304,Genome wide anaylsis of transcriptome modifications in male mice exposed to tributyltin during development,,,"Purpose: To identify alterations induced by developmental exposure to tributyltin at different stages of life Methods: Dams were treated with tributyltin during gestation and lactation in drinking water and pups were euthanized at different ages Results: We identified a number of changes in transcriptomic activity in 5 month, and ten month old pups after tributyltin exposure. Male animals exposed to tributyltin also developed fatty liver 5 months of age and adenomas of the liver at ten months of age.",Liver was isolated from animals exposed to tributyltin during development at 5 months and 10 months. At 10 months of age adenomas were also collected.,31939706,,,330877,GPL21493,Mus musculus,GSE,Expression profiling by high throughput sequencing,2020/02/24,29,ftp://ftp.ncbi.nlm.nih.gov/geo/series/GSE143nnn/GSE143304/,Hepatic Tumor Formation in Adult Mice Developmentally Exposed to Organotin.,Environmental health perspectives,2020 Jan,10.1289/EHP5414,OSD-137|Mmus_BAL-TAL_LVR_GC_Rep6_G7,Ground Control
113,GSM2327518,0.9995729923248291,GSE87299,Transcriptome changes in mouse livers upon Bmal1 or Nr1d1 knock out and interactome of lnc-Crot by 4C-seq,,,"To explore the circadian regulations of Bmal1, we examined the transcriptome changes in mouse livers upon Bmal1 knock out at two circadian time points, CT0 and CT12. To explore the circadian regulations of Nr1d1, we examined the transcriptome changes in mouse livers upon Nr1d1 knock out at two circadian time points, CT0 and CT12. To explore interactome of lnc-Crot, 4C-seq was performed with lnc-Crot as bait region at CT6 and CT18.",RNA-seq of WT and KO at CT0 and CT12. 4C-seq at CT6 and CT18.,28335007,,,77556,GPL13112,Mus musculus,GSE,Expression profiling by high throughput sequencing; Other,2017/04/12,26,ftp://ftp.ncbi.nlm.nih.gov/geo/series/GSE87nnn/GSE87299/,A class of circadian long non-coding RNAs mark enhancers modulating long-range circadian gene regulation.,Nucleic acids research,2017 Jun 2,10.1093/nar/gkx156,OSD-137|Mmus_BAL-TAL_LVR_GC_Rep6_G7,Ground Control
114,GSM5068959,0.9995405673980713,GSE166353,IRF3-mediated pathogenicity in a murine model of human hepatitis A,,,"Hepatitis A virus (HAV), an hepatotropic picornavirus, is a common cause of acute hepatitis in human populations. Although responsible for considerable morbidity and mortality, the mechanisms underlying HAV-mediated liver injury are poorly understood. Ifnar1-/- mice are susceptible to HAV and when infected recapitulate cardinal features of hepatitis A in humans, including serum ALT elevation, hepatocellular apoptosis, and intrahepatic inflammatory cell infiltrates. In contrast, Mavs-/- mice, while equally permissive for infection, experience no liver injury. Previous studies indicate that HAV pathogenesis in Ifnar1-/- mice is dependent upon MAVS-IRF3 signaling, but leave unresolved the role of IRF3-mediated transcription versus non-transcriptional pro-apoptotic activity of activated IRF3 in HAV-induced liver disease. Here, we compared the intrahepatic transcriptomes of HAV-infected naïve Mavs-/- and Ifnar1-/- mice using high throughput RNA sequencing, and characterized IRF3-mediated transcriptional responses associated with hepatocyte apoptosis and liver inflammation.","Liver mRNA profiles of Ifnar1-/- ,Mavs-/- and Irf3S1/S1Ifnar1-/- mice 7 days or 14 days after HAV infection",34591933,,,459197,GPL21103,Mus musculus,GSE,Expression profiling by high throughput sequencing,2021/08/18,40,ftp://ftp.ncbi.nlm.nih.gov/geo/series/GSE166nnn/GSE166353/,IRF3-mediated pathogenicity in a murine model of human hepatitis A.,PLoS pathogens,2021 Sep,10.1371/journal.ppat.1009960,OSD-137|Mmus_BAL-TAL_LVR_GC_Rep6_G7,Ground Control
115,GSM4256757,0.9995391368865967,GSE143304,Genome wide anaylsis of transcriptome modifications in male mice exposed to tributyltin during development,,,"Purpose: To identify alterations induced by developmental exposure to tributyltin at different stages of life Methods: Dams were treated with tributyltin during gestation and lactation in drinking water and pups were euthanized at different ages Results: We identified a number of changes in transcriptomic activity in 5 month, and ten month old pups after tributyltin exposure. Male animals exposed to tributyltin also developed fatty liver 5 months of age and adenomas of the liver at ten months of age.",Liver was isolated from animals exposed to tributyltin during development at 5 months and 10 months. At 10 months of age adenomas were also collected.,31939706,,,330861,GPL21493,Mus musculus,GSE,Expression profiling by high throughput sequencing,2020/02/24,29,ftp://ftp.ncbi.nlm.nih.gov/geo/series/GSE143nnn/GSE143304/,Hepatic Tumor Formation in Adult Mice Developmentally Exposed to Organotin.,Environmental health perspectives,2020 Jan,10.1289/EHP5414,OSD-137|Mmus_BAL-TAL_LVR_GC_Rep6_G7,Ground Control
116,GSM4388005,0.9995391368865967,GSE146508,Transcriptome and open chromatin analysis of 5-month mouse liver and blood by the TaRGET II consortium,,,"The TaRGET (Toxicant Exposures and Responses by Genomic and Epigenomic Regulators of Transcription) program is a research consortium funded by the National Institute of Environmental Health Sciences (NIEHS). The goal of the collaboration is to address the role of environmental exposures in disease pathogenesis as a function of epigenome perturbation, including understanding the environmental control of epigenetic mechanisms and assessing the utility of surrogate tissue analysis in mouse models of disease-relevant environmental exposures (https://targetepigenomics.org).",RNA-seq and ATAC-seq of liver and blood samples from 5-month mice that were subjected to disease-relevant environmental exposures. The TaRGET II consortium (https://targetepigenomics.org/about/),29509741;42209488,,,351466,GPL17021; GPL21103; GPL21493; GPL19057; GPL21273; GPL24247,Mus musculus,GSE,Expression profiling by high throughput sequencing; Genome binding/occupancy profiling by high throughput sequencing,2020/05/20,849,ftp://ftp.ncbi.nlm.nih.gov/geo/series/GSE146nnn/GSE146508/,The NIEHS TaRGET II Consortium and environmental epigenomics.,Nature biotechnology,2018 Mar 6,10.1038/nbt.4099,OSD-137|Mmus_BAL-TAL_LVR_GC_Rep6_G7,Ground Control
117,GSM4742429,0.9995157718658447,GSE156692,Identification of cellular context sensitive regulatory variation in mouse genomes,,,"RNA-seq and DHS mapping in hybrid mouse kidney, liver, lung, and B cells",138 DNase-seq and 17 RNA-seq samples collected from 4 tissues in 5 hybrid mouse strains,33990600,,,411694,GPL19057; GPL17021,Mus musculus,GSE,Expression profiling by high throughput sequencing; Genome binding/occupancy profiling by high throughput sequencing,2020/11/25,158,ftp://ftp.ncbi.nlm.nih.gov/geo/series/GSE156nnn/GSE156692/,Tissue context determines the penetrance of regulatory DNA variation.,Nature communications,2021 May 14,10.1038/s41467-021-23139-3,OSD-137|Mmus_BAL-TAL_LVR_GC_Rep6_G7,Ground Control
118,GSM5068951,0.9995046854019165,GSE166353,IRF3-mediated pathogenicity in a murine model of human hepatitis A,,,"Hepatitis A virus (HAV), an hepatotropic picornavirus, is a common cause of acute hepatitis in human populations. Although responsible for considerable morbidity and mortality, the mechanisms underlying HAV-mediated liver injury are poorly understood. Ifnar1-/- mice are susceptible to HAV and when infected recapitulate cardinal features of hepatitis A in humans, including serum ALT elevation, hepatocellular apoptosis, and intrahepatic inflammatory cell infiltrates. In contrast, Mavs-/- mice, while equally permissive for infection, experience no liver injury. Previous studies indicate that HAV pathogenesis in Ifnar1-/- mice is dependent upon MAVS-IRF3 signaling, but leave unresolved the role of IRF3-mediated transcription versus non-transcriptional pro-apoptotic activity of activated IRF3 in HAV-induced liver disease. Here, we compared the intrahepatic transcriptomes of HAV-infected naïve Mavs-/- and Ifnar1-/- mice using high throughput RNA sequencing, and characterized IRF3-mediated transcriptional responses associated with hepatocyte apoptosis and liver inflammation.","Liver mRNA profiles of Ifnar1-/- ,Mavs-/- and Irf3S1/S1Ifnar1-/- mice 7 days or 14 days after HAV infection",34591933,,,459189,GPL21103,Mus musculus,GSE,Expression profiling by high throughput sequencing,2021/08/18,40,ftp://ftp.ncbi.nlm.nih.gov/geo/series/GSE166nnn/GSE166353/,IRF3-mediated pathogenicity in a murine model of human hepatitis A.,PLoS pathogens,2021 Sep,10.1371/journal.ppat.1009960,OSD-137|Mmus_BAL-TAL_LVR_GC_Rep6_G7,Ground Control
119,GSM4387990,0.9995033740997314,GSE146508,Transcriptome and open chromatin analysis of 5-month mouse liver and blood by the TaRGET II consortium,,,"The TaRGET (Toxicant Exposures and Responses by Genomic and Epigenomic Regulators of Transcription) program is a research consortium funded by the National Institute of Environmental Health Sciences (NIEHS). The goal of the collaboration is to address the role of environmental exposures in disease pathogenesis as a function of epigenome perturbation, including understanding the environmental control of epigenetic mechanisms and assessing the utility of surrogate tissue analysis in mouse models of disease-relevant environmental exposures (https://targetepigenomics.org).",RNA-seq and ATAC-seq of liver and blood samples from 5-month mice that were subjected to disease-relevant environmental exposures. The TaRGET II consortium (https://targetepigenomics.org/about/),29509741;42209488,,,351451,GPL17021; GPL21103; GPL21493; GPL19057; GPL21273; GPL24247,Mus musculus,GSE,Expression profiling by high throughput sequencing; Genome binding/occupancy profiling by high throughput sequencing,2020/05/20,849,ftp://ftp.ncbi.nlm.nih.gov/geo/series/GSE146nnn/GSE146508/,The NIEHS TaRGET II Consortium and environmental epigenomics.,Nature biotechnology,2018 Mar 6,10.1038/nbt.4099,OSD-137|Mmus_BAL-TAL_LVR_GC_Rep6_G7,Ground Control
120,GSM5068950,0.9996441602706909,GSE166353,IRF3-mediated pathogenicity in a murine model of human hepatitis A,,,"Hepatitis A virus (HAV), an hepatotropic picornavirus, is a common cause of acute hepatitis in human populations. Although responsible for considerable morbidity and mortality, the mechanisms underlying HAV-mediated liver injury are poorly understood. Ifnar1-/- mice are susceptible to HAV and when infected recapitulate cardinal features of hepatitis A in humans, including serum ALT elevation, hepatocellular apoptosis, and intrahepatic inflammatory cell infiltrates. In contrast, Mavs-/- mice, while equally permissive for infection, experience no liver injury. Previous studies indicate that HAV pathogenesis in Ifnar1-/- mice is dependent upon MAVS-IRF3 signaling, but leave unresolved the role of IRF3-mediated transcription versus non-transcriptional pro-apoptotic activity of activated IRF3 in HAV-induced liver disease. Here, we compared the intrahepatic transcriptomes of HAV-infected naïve Mavs-/- and Ifnar1-/- mice using high throughput RNA sequencing, and characterized IRF3-mediated transcriptional responses associated with hepatocyte apoptosis and liver inflammation.","Liver mRNA profiles of Ifnar1-/- ,Mavs-/- and Irf3S1/S1Ifnar1-/- mice 7 days or 14 days after HAV infection",34591933,,,459188,GPL21103,Mus musculus,GSE,Expression profiling by high throughput sequencing,2021/08/18,40,ftp://ftp.ncbi.nlm.nih.gov/geo/series/GSE166nnn/GSE166353/,IRF3-mediated pathogenicity in a murine model of human hepatitis A.,PLoS pathogens,2021 Sep,10.1371/journal.ppat.1009960,OSD-137|Mmus_BAL-TAL_LVR_FLT_Rep1_F1,Space Flight
121,GSM3534525,0.999630331993103,GSE124463,Promoter capture Hi-C identifies long-range promoter contact dynamics in response to diet and the development of non-alcoholic fatty liver disease,,,We profiled the chromatin interactions in liver from mice fed either an obesogenic or control diet.,"Examination of chromatin interactions, histone modification, gene expression and transcription factors binding in mice liver samples",32075973,,,219425,GPL24247; GPL19057,Mus musculus,GSE,Expression profiling by high throughput sequencing; Genome binding/occupancy profiling by high throughput sequencing; Other,2020/01/01,46,ftp://ftp.ncbi.nlm.nih.gov/geo/series/GSE124nnn/GSE124463/,Alterations in promoter interaction landscape and transcriptional network underlying metabolic adaptation to diet.,Nature communications,2020 Feb 19,10.1038/s41467-020-14796-x,OSD-137|Mmus_BAL-TAL_LVR_FLT_Rep1_F1,Space Flight
122,GSM4256769,0.9996247291564941,GSE143304,Genome wide anaylsis of transcriptome modifications in male mice exposed to tributyltin during development,,,"Purpose: To identify alterations induced by developmental exposure to tributyltin at different stages of life Methods: Dams were treated with tributyltin during gestation and lactation in drinking water and pups were euthanized at different ages Results: We identified a number of changes in transcriptomic activity in 5 month, and ten month old pups after tributyltin exposure. Male animals exposed to tributyltin also developed fatty liver 5 months of age and adenomas of the liver at ten months of age.",Liver was isolated from animals exposed to tributyltin during development at 5 months and 10 months. At 10 months of age adenomas were also collected.,31939706,,,330873,GPL21493,Mus musculus,GSE,Expression profiling by high throughput sequencing,2020/02/24,29,ftp://ftp.ncbi.nlm.nih.gov/geo/series/GSE143nnn/GSE143304/,Hepatic Tumor Formation in Adult Mice Developmentally Exposed to Organotin.,Environmental health perspectives,2020 Jan,10.1289/EHP5414,OSD-137|Mmus_BAL-TAL_LVR_FLT_Rep1_F1,Space Flight
123,GSM4388008,0.9996247291564941,GSE146508,Transcriptome and open chromatin analysis of 5-month mouse liver and blood by the TaRGET II consortium,,,"The TaRGET (Toxicant Exposures and Responses by Genomic and Epigenomic Regulators of Transcription) program is a research consortium funded by the National Institute of Environmental Health Sciences (NIEHS). The goal of the collaboration is to address the role of environmental exposures in disease pathogenesis as a function of epigenome perturbation, including understanding the environmental control of epigenetic mechanisms and assessing the utility of surrogate tissue analysis in mouse models of disease-relevant environmental exposures (https://targetepigenomics.org).",RNA-seq and ATAC-seq of liver and blood samples from 5-month mice that were subjected to disease-relevant environmental exposures. The TaRGET II consortium (https://targetepigenomics.org/about/),29509741;42209488,,,351469,GPL17021; GPL21103; GPL21493; GPL19057; GPL21273; GPL24247,Mus musculus,GSE,Expression profiling by high throughput sequencing; Genome binding/occupancy profiling by high throughput sequencing,2020/05/20,849,ftp://ftp.ncbi.nlm.nih.gov/geo/series/GSE146nnn/GSE146508/,The NIEHS TaRGET II Consortium and environmental epigenomics.,Nature biotechnology,2018 Mar 6,10.1038/nbt.4099,OSD-137|Mmus_BAL-TAL_LVR_FLT_Rep1_F1,Space Flight
124,GSM3840115,0.9996210336685181,GSE132056,Removing a Double Bond from Ceramides Ameliorates Insulin Resistance and Hepatic Steatosis,,,"Ceramides contribute to the lipotoxicity that underlies diabetes, hepatic steatosis, and heart disease. By genetically engineering mice, we deleted the enzyme dihydroceramide desaturase-1 (DES1) which inserts a conserved double bond into the backbone of ceramides and other predominant sphingolipids. Ablation of DES1 from whole animals, or tissue-specific deletion in the liver, and/or adipose tissue resolved hepatic steatosis and insulin resistance in mice caused by leptin deficiency or obesogenic diets. Mechanistic studies revealed new ceramide actions that promoted lipid uptake and storage and impaired glucose utilization, none of which could be recapitulated by (dihydro)ceramides that lacked the critical double bond. These studies suggest that inhibition of DES1 may provide a means of treating hepatic steatosis and cardiometabolic disorders.",Livers isolated from Control and Liver specific Degs1 knockout mice following either normal chow or high fat diet feeding,31273070,,,258313,GPL24247,Mus musculus,GSE,Expression profiling by high throughput sequencing,2020/01/30,16,ftp://ftp.ncbi.nlm.nih.gov/geo/series/GSE132nnn/GSE132056/,Targeting a ceramide double bond improves insulin resistance and hepatic steatosis.,"Science (New York, N.Y.)",2019 Jul 26,10.1126/science.aav3722,OSD-137|Mmus_BAL-TAL_LVR_FLT_Rep1_F1,Space Flight
125,GSM2327518,0.999608039855957,GSE87299,Transcriptome changes in mouse livers upon Bmal1 or Nr1d1 knock out and interactome of lnc-Crot by 4C-seq,,,"To explore the circadian regulations of Bmal1, we examined the transcriptome changes in mouse livers upon Bmal1 knock out at two circadian time points, CT0 and CT12. To explore the circadian regulations of Nr1d1, we examined the transcriptome changes in mouse livers upon Nr1d1 knock out at two circadian time points, CT0 and CT12. To explore interactome of lnc-Crot, 4C-seq was performed with lnc-Crot as bait region at CT6 and CT18.",RNA-seq of WT and KO at CT0 and CT12. 4C-seq at CT6 and CT18.,28335007,,,77556,GPL13112,Mus musculus,GSE,Expression profiling by high throughput sequencing; Other,2017/04/12,26,ftp://ftp.ncbi.nlm.nih.gov/geo/series/GSE87nnn/GSE87299/,A class of circadian long non-coding RNAs mark enhancers modulating long-range circadian gene regulation.,Nucleic acids research,2017 Jun 2,10.1093/nar/gkx156,OSD-137|Mmus_BAL-TAL_LVR_FLT_Rep1_F1,Space Flight
126,GSM5068955,0.9995946884155273,GSE166353,IRF3-mediated pathogenicity in a murine model of human hepatitis A,,,"Hepatitis A virus (HAV), an hepatotropic picornavirus, is a common cause of acute hepatitis in human populations. Although responsible for considerable morbidity and mortality, the mechanisms underlying HAV-mediated liver injury are poorly understood. Ifnar1-/- mice are susceptible to HAV and when infected recapitulate cardinal features of hepatitis A in humans, including serum ALT elevation, hepatocellular apoptosis, and intrahepatic inflammatory cell infiltrates. In contrast, Mavs-/- mice, while equally permissive for infection, experience no liver injury. Previous studies indicate that HAV pathogenesis in Ifnar1-/- mice is dependent upon MAVS-IRF3 signaling, but leave unresolved the role of IRF3-mediated transcription versus non-transcriptional pro-apoptotic activity of activated IRF3 in HAV-induced liver disease. Here, we compared the intrahepatic transcriptomes of HAV-infected naïve Mavs-/- and Ifnar1-/- mice using high throughput RNA sequencing, and characterized IRF3-mediated transcriptional responses associated with hepatocyte apoptosis and liver inflammation.","Liver mRNA profiles of Ifnar1-/- ,Mavs-/- and Irf3S1/S1Ifnar1-/- mice 7 days or 14 days after HAV infection",34591933,,,459193,GPL21103,Mus musculus,GSE,Expression profiling by high throughput sequencing,2021/08/18,40,ftp://ftp.ncbi.nlm.nih.gov/geo/series/GSE166nnn/GSE166353/,IRF3-mediated pathogenicity in a murine model of human hepatitis A.,PLoS pathogens,2021 Sep,10.1371/journal.ppat.1009960,OSD-137|Mmus_BAL-TAL_LVR_FLT_Rep1_F1,Space Flight
127,GSM4742429,0.999594509601593,GSE156692,Identification of cellular context sensitive regulatory variation in mouse genomes,,,"RNA-seq and DHS mapping in hybrid mouse kidney, liver, lung, and B cells",138 DNase-seq and 17 RNA-seq samples collected from 4 tissues in 5 hybrid mouse strains,33990600,,,411694,GPL19057; GPL17021,Mus musculus,GSE,Expression profiling by high throughput sequencing; Genome binding/occupancy profiling by high throughput sequencing,2020/11/25,158,ftp://ftp.ncbi.nlm.nih.gov/geo/series/GSE156nnn/GSE156692/,Tissue context determines the penetrance of regulatory DNA variation.,Nature communications,2021 May 14,10.1038/s41467-021-23139-3,OSD-137|Mmus_BAL-TAL_LVR_FLT_Rep1_F1,Space Flight
128,GSM3016769,0.9995818734169006,GSE110787,Novel Protective Role of Nicotinamide Phosphoribosyltransferase in Acetaminophen-induced Acute Liver Injury in Mice,,,"Acetaminophen overdose is the most common cause of acute liver injury (ALI) or acute liver failure in the USA. Its pathogenetic mechanisms are incompletely understood. Additional studies are warranted to identify new genetic risk factors for more mechanistic insights and new therapeutic target discoveries. The objective of this study was to explore the role and mechanisms of nicotinamide phosphoribosyltransferase (NAMPT) in acetaminophen-induced ALI. C57BL/6 Nampt gene wild type (Nampt+/+)-, heterozygous knockout (Nampt+/-)-, and overexpression (NamptOE)-mice were treated with overdose of acetaminophen, followed by histological, biochemical, and transcriptomic evaluation of liver injury. The mechanism of Nampt in acetaminophen -induced hepatocytic toxicity was also explored in cultured primary hepatocytes. Three lines of evidence have convergently demonstrated that acetaminophen overdose triggers the most severe oxidative stress and necrosis, and the highest expression of key necrosis driving genes in Nampt+/- mice, while the effects in NamptOE mice were least severe relative to  Nampt+/+ mice. These findings support that NAMPT protects against acetaminophen induced ALI.",Paired-end sequencing of 17 mouse liver RNA 24h after APAP or saline injection.,29684358,,,155558,GPL18480,Mus musculus,GSE,Expression profiling by high throughput sequencing,2018/04/03,17,ftp://ftp.ncbi.nlm.nih.gov/geo/series/GSE110nnn/GSE110787/,Novel Protective Role of Nicotinamide Phosphoribosyltransferase in Acetaminophen-Induced Acute Liver Injury in Mice.,The American journal of pathology,2018 Jul,10.1016/j.ajpath.2018.04.004,OSD-137|Mmus_BAL-TAL_LVR_FLT_Rep1_F1,Space Flight
129,GSM4256773,0.9995783567428589,GSE143304,Genome wide anaylsis of transcriptome modifications in male mice exposed to tributyltin during development,,,"Purpose: To identify alterations induced by developmental exposure to tributyltin at different stages of life Methods: Dams were treated with tributyltin during gestation and lactation in drinking water and pups were euthanized at different ages Results: We identified a number of changes in transcriptomic activity in 5 month, and ten month old pups after tributyltin exposure. Male animals exposed to tributyltin also developed fatty liver 5 months of age and adenomas of the liver at ten months of age.",Liver was isolated from animals exposed to tributyltin during development at 5 months and 10 months. At 10 months of age adenomas were also collected.,31939706,,,330877,GPL21493,Mus musculus,GSE,Expression profiling by high throughput sequencing,2020/02/24,29,ftp://ftp.ncbi.nlm.nih.gov/geo/series/GSE143nnn/GSE143304/,Hepatic Tumor Formation in Adult Mice Developmentally Exposed to Organotin.,Environmental health perspectives,2020 Jan,10.1289/EHP5414,OSD-137|Mmus_BAL-TAL_LVR_FLT_Rep1_F1,Space Flight
130,GSM2327520,0.9997121095657349,GSE87299,Transcriptome changes in mouse livers upon Bmal1 or Nr1d1 knock out and interactome of lnc-Crot by 4C-seq,,,"To explore the circadian regulations of Bmal1, we examined the transcriptome changes in mouse livers upon Bmal1 knock out at two circadian time points, CT0 and CT12. To explore the circadian regulations of Nr1d1, we examined the transcriptome changes in mouse livers upon Nr1d1 knock out at two circadian time points, CT0 and CT12. To explore interactome of lnc-Crot, 4C-seq was performed with lnc-Crot as bait region at CT6 and CT18.",RNA-seq of WT and KO at CT0 and CT12. 4C-seq at CT6 and CT18.,28335007,,,77558,GPL13112,Mus musculus,GSE,Expression profiling by high throughput sequencing; Other,2017/04/12,26,ftp://ftp.ncbi.nlm.nih.gov/geo/series/GSE87nnn/GSE87299/,A class of circadian long non-coding RNAs mark enhancers modulating long-range circadian gene regulation.,Nucleic acids research,2017 Jun 2,10.1093/nar/gkx156,OSD-137|Mmus_BAL-TAL_LVR_FLT_Rep2_F2,Space Flight
131,GSM4387988,0.9997068047523499,GSE146508,Transcriptome and open chromatin analysis of 5-month mouse liver and blood by the TaRGET II consortium,,,"The TaRGET (Toxicant Exposures and Responses by Genomic and Epigenomic Regulators of Transcription) program is a research consortium funded by the National Institute of Environmental Health Sciences (NIEHS). The goal of the collaboration is to address the role of environmental exposures in disease pathogenesis as a function of epigenome perturbation, including understanding the environmental control of epigenetic mechanisms and assessing the utility of surrogate tissue analysis in mouse models of disease-relevant environmental exposures (https://targetepigenomics.org).",RNA-seq and ATAC-seq of liver and blood samples from 5-month mice that were subjected to disease-relevant environmental exposures. The TaRGET II consortium (https://targetepigenomics.org/about/),29509741;42209488,,,351449,GPL17021; GPL21103; GPL21493; GPL19057; GPL21273; GPL24247,Mus musculus,GSE,Expression profiling by high throughput sequencing; Genome binding/occupancy profiling by high throughput sequencing,2020/05/20,849,ftp://ftp.ncbi.nlm.nih.gov/geo/series/GSE146nnn/GSE146508/,The NIEHS TaRGET II Consortium and environmental epigenomics.,Nature biotechnology,2018 Mar 6,10.1038/nbt.4099,OSD-137|Mmus_BAL-TAL_LVR_FLT_Rep2_F2,Space Flight
132,GSM4388008,0.9997037649154663,GSE146508,Transcriptome and open chromatin analysis of 5-month mouse liver and blood by the TaRGET II consortium,,,"The TaRGET (Toxicant Exposures and Responses by Genomic and Epigenomic Regulators of Transcription) program is a research consortium funded by the National Institute of Environmental Health Sciences (NIEHS). The goal of the collaboration is to address the role of environmental exposures in disease pathogenesis as a function of epigenome perturbation, including understanding the environmental control of epigenetic mechanisms and assessing the utility of surrogate tissue analysis in mouse models of disease-relevant environmental exposures (https://targetepigenomics.org).",RNA-seq and ATAC-seq of liver and blood samples from 5-month mice that were subjected to disease-relevant environmental exposures. The TaRGET II consortium (https://targetepigenomics.org/about/),29509741;42209488,,,351469,GPL17021; GPL21103; GPL21493; GPL19057; GPL21273; GPL24247,Mus musculus,GSE,Expression profiling by high throughput sequencing; Genome binding/occupancy profiling by high throughput sequencing,2020/05/20,849,ftp://ftp.ncbi.nlm.nih.gov/geo/series/GSE146nnn/GSE146508/,The NIEHS TaRGET II Consortium and environmental epigenomics.,Nature biotechnology,2018 Mar 6,10.1038/nbt.4099,OSD-137|Mmus_BAL-TAL_LVR_FLT_Rep2_F2,Space Flight
133,GSM4256769,0.9997037649154663,GSE143304,Genome wide anaylsis of transcriptome modifications in male mice exposed to tributyltin during development,,,"Purpose: To identify alterations induced by developmental exposure to tributyltin at different stages of life Methods: Dams were treated with tributyltin during gestation and lactation in drinking water and pups were euthanized at different ages Results: We identified a number of changes in transcriptomic activity in 5 month, and ten month old pups after tributyltin exposure. Male animals exposed to tributyltin also developed fatty liver 5 months of age and adenomas of the liver at ten months of age.",Liver was isolated from animals exposed to tributyltin during development at 5 months and 10 months. At 10 months of age adenomas were also collected.,31939706,,,330873,GPL21493,Mus musculus,GSE,Expression profiling by high throughput sequencing,2020/02/24,29,ftp://ftp.ncbi.nlm.nih.gov/geo/series/GSE143nnn/GSE143304/,Hepatic Tumor Formation in Adult Mice Developmentally Exposed to Organotin.,Environmental health perspectives,2020 Jan,10.1289/EHP5414,OSD-137|Mmus_BAL-TAL_LVR_FLT_Rep2_F2,Space Flight
134,GSM5068955,0.9996939897537231,GSE166353,IRF3-mediated pathogenicity in a murine model of human hepatitis A,,,"Hepatitis A virus (HAV), an hepatotropic picornavirus, is a common cause of acute hepatitis in human populations. Although responsible for considerable morbidity and mortality, the mechanisms underlying HAV-mediated liver injury are poorly understood. Ifnar1-/- mice are susceptible to HAV and when infected recapitulate cardinal features of hepatitis A in humans, including serum ALT elevation, hepatocellular apoptosis, and intrahepatic inflammatory cell infiltrates. In contrast, Mavs-/- mice, while equally permissive for infection, experience no liver injury. Previous studies indicate that HAV pathogenesis in Ifnar1-/- mice is dependent upon MAVS-IRF3 signaling, but leave unresolved the role of IRF3-mediated transcription versus non-transcriptional pro-apoptotic activity of activated IRF3 in HAV-induced liver disease. Here, we compared the intrahepatic transcriptomes of HAV-infected naïve Mavs-/- and Ifnar1-/- mice using high throughput RNA sequencing, and characterized IRF3-mediated transcriptional responses associated with hepatocyte apoptosis and liver inflammation.","Liver mRNA profiles of Ifnar1-/- ,Mavs-/- and Irf3S1/S1Ifnar1-/- mice 7 days or 14 days after HAV infection",34591933,,,459193,GPL21103,Mus musculus,GSE,Expression profiling by high throughput sequencing,2021/08/18,40,ftp://ftp.ncbi.nlm.nih.gov/geo/series/GSE166nnn/GSE166353/,IRF3-mediated pathogenicity in a murine model of human hepatitis A.,PLoS pathogens,2021 Sep,10.1371/journal.ppat.1009960,OSD-137|Mmus_BAL-TAL_LVR_FLT_Rep2_F2,Space Flight
135,GSM4256772,0.9996603727340698,GSE143304,Genome wide anaylsis of transcriptome modifications in male mice exposed to tributyltin during development,,,"Purpose: To identify alterations induced by developmental exposure to tributyltin at different stages of life Methods: Dams were treated with tributyltin during gestation and lactation in drinking water and pups were euthanized at different ages Results: We identified a number of changes in transcriptomic activity in 5 month, and ten month old pups after tributyltin exposure. Male animals exposed to tributyltin also developed fatty liver 5 months of age and adenomas of the liver at ten months of age.",Liver was isolated from animals exposed to tributyltin during development at 5 months and 10 months. At 10 months of age adenomas were also collected.,31939706,,,330876,GPL21493,Mus musculus,GSE,Expression profiling by high throughput sequencing,2020/02/24,29,ftp://ftp.ncbi.nlm.nih.gov/geo/series/GSE143nnn/GSE143304/,Hepatic Tumor Formation in Adult Mice Developmentally Exposed to Organotin.,Environmental health perspectives,2020 Jan,10.1289/EHP5414,OSD-137|Mmus_BAL-TAL_LVR_FLT_Rep2_F2,Space Flight
136,GSM2327521,0.9996570348739624,GSE87299,Transcriptome changes in mouse livers upon Bmal1 or Nr1d1 knock out and interactome of lnc-Crot by 4C-seq,,,"To explore the circadian regulations of Bmal1, we examined the transcriptome changes in mouse livers upon Bmal1 knock out at two circadian time points, CT0 and CT12. To explore the circadian regulations of Nr1d1, we examined the transcriptome changes in mouse livers upon Nr1d1 knock out at two circadian time points, CT0 and CT12. To explore interactome of lnc-Crot, 4C-seq was performed with lnc-Crot as bait region at CT6 and CT18.",RNA-seq of WT and KO at CT0 and CT12. 4C-seq at CT6 and CT18.,28335007,,,77559,GPL13112,Mus musculus,GSE,Expression profiling by high throughput sequencing; Other,2017/04/12,26,ftp://ftp.ncbi.nlm.nih.gov/geo/series/GSE87nnn/GSE87299/,A class of circadian long non-coding RNAs mark enhancers modulating long-range circadian gene regulation.,Nucleic acids research,2017 Jun 2,10.1093/nar/gkx156,OSD-137|Mmus_BAL-TAL_LVR_FLT_Rep2_F2,Space Flight
137,GSM5068952,0.9996536374092102,GSE166353,IRF3-mediated pathogenicity in a murine model of human hepatitis A,,,"Hepatitis A virus (HAV), an hepatotropic picornavirus, is a common cause of acute hepatitis in human populations. Although responsible for considerable morbidity and mortality, the mechanisms underlying HAV-mediated liver injury are poorly understood. Ifnar1-/- mice are susceptible to HAV and when infected recapitulate cardinal features of hepatitis A in humans, including serum ALT elevation, hepatocellular apoptosis, and intrahepatic inflammatory cell infiltrates. In contrast, Mavs-/- mice, while equally permissive for infection, experience no liver injury. Previous studies indicate that HAV pathogenesis in Ifnar1-/- mice is dependent upon MAVS-IRF3 signaling, but leave unresolved the role of IRF3-mediated transcription versus non-transcriptional pro-apoptotic activity of activated IRF3 in HAV-induced liver disease. Here, we compared the intrahepatic transcriptomes of HAV-infected naïve Mavs-/- and Ifnar1-/- mice using high throughput RNA sequencing, and characterized IRF3-mediated transcriptional responses associated with hepatocyte apoptosis and liver inflammation.","Liver mRNA profiles of Ifnar1-/- ,Mavs-/- and Irf3S1/S1Ifnar1-/- mice 7 days or 14 days after HAV infection",34591933,,,459190,GPL21103,Mus musculus,GSE,Expression profiling by high throughput sequencing,2021/08/18,40,ftp://ftp.ncbi.nlm.nih.gov/geo/series/GSE166nnn/GSE166353/,IRF3-mediated pathogenicity in a murine model of human hepatitis A.,PLoS pathogens,2021 Sep,10.1371/journal.ppat.1009960,OSD-137|Mmus_BAL-TAL_LVR_FLT_Rep2_F2,Space Flight
138,GSM5068950,0.9996532797813416,GSE166353,IRF3-mediated pathogenicity in a murine model of human hepatitis A,,,"Hepatitis A virus (HAV), an hepatotropic picornavirus, is a common cause of acute hepatitis in human populations. Although responsible for considerable morbidity and mortality, the mechanisms underlying HAV-mediated liver injury are poorly understood. Ifnar1-/- mice are susceptible to HAV and when infected recapitulate cardinal features of hepatitis A in humans, including serum ALT elevation, hepatocellular apoptosis, and intrahepatic inflammatory cell infiltrates. In contrast, Mavs-/- mice, while equally permissive for infection, experience no liver injury. Previous studies indicate that HAV pathogenesis in Ifnar1-/- mice is dependent upon MAVS-IRF3 signaling, but leave unresolved the role of IRF3-mediated transcription versus non-transcriptional pro-apoptotic activity of activated IRF3 in HAV-induced liver disease. Here, we compared the intrahepatic transcriptomes of HAV-infected naïve Mavs-/- and Ifnar1-/- mice using high throughput RNA sequencing, and characterized IRF3-mediated transcriptional responses associated with hepatocyte apoptosis and liver inflammation.","Liver mRNA profiles of Ifnar1-/- ,Mavs-/- and Irf3S1/S1Ifnar1-/- mice 7 days or 14 days after HAV infection",34591933,,,459188,GPL21103,Mus musculus,GSE,Expression profiling by high throughput sequencing,2021/08/18,40,ftp://ftp.ncbi.nlm.nih.gov/geo/series/GSE166nnn/GSE166353/,IRF3-mediated pathogenicity in a murine model of human hepatitis A.,PLoS pathogens,2021 Sep,10.1371/journal.ppat.1009960,OSD-137|Mmus_BAL-TAL_LVR_FLT_Rep2_F2,Space Flight
139,GSM4387987,0.999641478061676,GSE146508,Transcriptome and open chromatin analysis of 5-month mouse liver and blood by the TaRGET II consortium,,,"The TaRGET (Toxicant Exposures and Responses by Genomic and Epigenomic Regulators of Transcription) program is a research consortium funded by the National Institute of Environmental Health Sciences (NIEHS). The goal of the collaboration is to address the role of environmental exposures in disease pathogenesis as a function of epigenome perturbation, including understanding the environmental control of epigenetic mechanisms and assessing the utility of surrogate tissue analysis in mouse models of disease-relevant environmental exposures (https://targetepigenomics.org).",RNA-seq and ATAC-seq of liver and blood samples from 5-month mice that were subjected to disease-relevant environmental exposures. The TaRGET II consortium (https://targetepigenomics.org/about/),29509741;42209488,,,351448,GPL17021; GPL21103; GPL21493; GPL19057; GPL21273; GPL24247,Mus musculus,GSE,Expression profiling by high throughput sequencing; Genome binding/occupancy profiling by high throughput sequencing,2020/05/20,849,ftp://ftp.ncbi.nlm.nih.gov/geo/series/GSE146nnn/GSE146508/,The NIEHS TaRGET II Consortium and environmental epigenomics.,Nature biotechnology,2018 Mar 6,10.1038/nbt.4099,OSD-137|Mmus_BAL-TAL_LVR_FLT_Rep2_F2,Space Flight
140,GSM4256769,0.9997044801712036,GSE143304,Genome wide anaylsis of transcriptome modifications in male mice exposed to tributyltin during development,,,"Purpose: To identify alterations induced by developmental exposure to tributyltin at different stages of life Methods: Dams were treated with tributyltin during gestation and lactation in drinking water and pups were euthanized at different ages Results: We identified a number of changes in transcriptomic activity in 5 month, and ten month old pups after tributyltin exposure. Male animals exposed to tributyltin also developed fatty liver 5 months of age and adenomas of the liver at ten months of age.",Liver was isolated from animals exposed to tributyltin during development at 5 months and 10 months. At 10 months of age adenomas were also collected.,31939706,,,330873,GPL21493,Mus musculus,GSE,Expression profiling by high throughput sequencing,2020/02/24,29,ftp://ftp.ncbi.nlm.nih.gov/geo/series/GSE143nnn/GSE143304/,Hepatic Tumor Formation in Adult Mice Developmentally Exposed to Organotin.,Environmental health perspectives,2020 Jan,10.1289/EHP5414,OSD-137|Mmus_BAL-TAL_LVR_FLT_Rep3_F3,Space Flight
141,GSM4388008,0.9997044801712036,GSE146508,Transcriptome and open chromatin analysis of 5-month mouse liver and blood by the TaRGET II consortium,,,"The TaRGET (Toxicant Exposures and Responses by Genomic and Epigenomic Regulators of Transcription) program is a research consortium funded by the National Institute of Environmental Health Sciences (NIEHS). The goal of the collaboration is to address the role of environmental exposures in disease pathogenesis as a function of epigenome perturbation, including understanding the environmental control of epigenetic mechanisms and assessing the utility of surrogate tissue analysis in mouse models of disease-relevant environmental exposures (https://targetepigenomics.org).",RNA-seq and ATAC-seq of liver and blood samples from 5-month mice that were subjected to disease-relevant environmental exposures. The TaRGET II consortium (https://targetepigenomics.org/about/),29509741;42209488,,,351469,GPL17021; GPL21103; GPL21493; GPL19057; GPL21273; GPL24247,Mus musculus,GSE,Expression profiling by high throughput sequencing; Genome binding/occupancy profiling by high throughput sequencing,2020/05/20,849,ftp://ftp.ncbi.nlm.nih.gov/geo/series/GSE146nnn/GSE146508/,The NIEHS TaRGET II Consortium and environmental epigenomics.,Nature biotechnology,2018 Mar 6,10.1038/nbt.4099,OSD-137|Mmus_BAL-TAL_LVR_FLT_Rep3_F3,Space Flight
142,GSM4387996,0.9996623992919922,GSE146508,Transcriptome and open chromatin analysis of 5-month mouse liver and blood by the TaRGET II consortium,,,"The TaRGET (Toxicant Exposures and Responses by Genomic and Epigenomic Regulators of Transcription) program is a research consortium funded by the National Institute of Environmental Health Sciences (NIEHS). The goal of the collaboration is to address the role of environmental exposures in disease pathogenesis as a function of epigenome perturbation, including understanding the environmental control of epigenetic mechanisms and assessing the utility of surrogate tissue analysis in mouse models of disease-relevant environmental exposures (https://targetepigenomics.org).",RNA-seq and ATAC-seq of liver and blood samples from 5-month mice that were subjected to disease-relevant environmental exposures. The TaRGET II consortium (https://targetepigenomics.org/about/),29509741;42209488,,,351457,GPL17021; GPL21103; GPL21493; GPL19057; GPL21273; GPL24247,Mus musculus,GSE,Expression profiling by high throughput sequencing; Genome binding/occupancy profiling by high throughput sequencing,2020/05/20,849,ftp://ftp.ncbi.nlm.nih.gov/geo/series/GSE146nnn/GSE146508/,The NIEHS TaRGET II Consortium and environmental epigenomics.,Nature biotechnology,2018 Mar 6,10.1038/nbt.4099,OSD-137|Mmus_BAL-TAL_LVR_FLT_Rep3_F3,Space Flight
143,GSM4256751,0.9996614456176758,GSE143304,Genome wide anaylsis of transcriptome modifications in male mice exposed to tributyltin during development,,,"Purpose: To identify alterations induced by developmental exposure to tributyltin at different stages of life Methods: Dams were treated with tributyltin during gestation and lactation in drinking water and pups were euthanized at different ages Results: We identified a number of changes in transcriptomic activity in 5 month, and ten month old pups after tributyltin exposure. Male animals exposed to tributyltin also developed fatty liver 5 months of age and adenomas of the liver at ten months of age.",Liver was isolated from animals exposed to tributyltin during development at 5 months and 10 months. At 10 months of age adenomas were also collected.,31939706,,,330855,GPL21493,Mus musculus,GSE,Expression profiling by high throughput sequencing,2020/02/24,29,ftp://ftp.ncbi.nlm.nih.gov/geo/series/GSE143nnn/GSE143304/,Hepatic Tumor Formation in Adult Mice Developmentally Exposed to Organotin.,Environmental health perspectives,2020 Jan,10.1289/EHP5414,OSD-137|Mmus_BAL-TAL_LVR_FLT_Rep3_F3,Space Flight
144,GSM2747848,0.9996376037597656,GSE102890,Multiple RNA structures affect translation initiation and UGA redefinition efficiency during synthesis of selenoprotein p,,,"Mice carrying genomic deletions of SECIS1 or SECIS2 in the Selenop gene were euthanized and liver tissue was harvested and processed for RNA-Seq and ribosome profiling. From these studies, we determined the affect of SECIS1 and SECIS2 on UGA redifinition across the Selenop gene.",Gene expression analysis of liver tissue from mice carrying genomic deletions of the 3' UTR SECIS1 or SECIS2 elements of Selenop,29069514,,,130249,GPL13112,Mus musculus,GSE,Expression profiling by high throughput sequencing; Other,2017/08/22,24,ftp://ftp.ncbi.nlm.nih.gov/geo/series/GSE102nnn/GSE102890/,Multiple RNA structures affect translation initiation and UGA redefinition efficiency during synthesis of selenoprotein P.,Nucleic acids research,2017 Dec 15,10.1093/nar/gkx982,OSD-137|Mmus_BAL-TAL_LVR_FLT_Rep3_F3,Space Flight
145,GSM4742429,0.9996284246444702,GSE156692,Identification of cellular context sensitive regulatory variation in mouse genomes,,,"RNA-seq and DHS mapping in hybrid mouse kidney, liver, lung, and B cells",138 DNase-seq and 17 RNA-seq samples collected from 4 tissues in 5 hybrid mouse strains,33990600,,,411694,GPL19057; GPL17021,Mus musculus,GSE,Expression profiling by high throughput sequencing; Genome binding/occupancy profiling by high throughput sequencing,2020/11/25,158,ftp://ftp.ncbi.nlm.nih.gov/geo/series/GSE156nnn/GSE156692/,Tissue context determines the penetrance of regulatory DNA variation.,Nature communications,2021 May 14,10.1038/s41467-021-23139-3,OSD-137|Mmus_BAL-TAL_LVR_FLT_Rep3_F3,Space Flight
146,GSM3745090,0.9996204972267151,GSE130629,Transcriptional Correlates of Tolerance and Lethality from Mouse Models Predict Ebola Virus Disease Outcome,,,We report comparative outcome-dependent transcriptional profiles from spleen and liver from Collaborative Cross mice infected with mouse-adapted Ebola virus (MA-EBOV).,Longitudinal transcriptional profiling (mRNA and miRNA) of 10 Collaborative Cross lines infected with mouse-adapted Ebola virus.,32049004,,,254690,GPL21103,Mus musculus,GSE,Expression profiling by high throughput sequencing,2019/12/01,729,ftp://ftp.ncbi.nlm.nih.gov/geo/series/GSE130nnn/GSE130629/,Transcriptional Correlates of Tolerance and Lethality in Mice Predict Ebola Virus Disease Patient Outcomes.,Cell reports,2020 Feb 11,10.1016/j.celrep.2020.01.026,OSD-137|Mmus_BAL-TAL_LVR_FLT_Rep3_F3,Space Flight
147,GSM5068950,0.9996177554130554,GSE166353,IRF3-mediated pathogenicity in a murine model of human hepatitis A,,,"Hepatitis A virus (HAV), an hepatotropic picornavirus, is a common cause of acute hepatitis in human populations. Although responsible for considerable morbidity and mortality, the mechanisms underlying HAV-mediated liver injury are poorly understood. Ifnar1-/- mice are susceptible to HAV and when infected recapitulate cardinal features of hepatitis A in humans, including serum ALT elevation, hepatocellular apoptosis, and intrahepatic inflammatory cell infiltrates. In contrast, Mavs-/- mice, while equally permissive for infection, experience no liver injury. Previous studies indicate that HAV pathogenesis in Ifnar1-/- mice is dependent upon MAVS-IRF3 signaling, but leave unresolved the role of IRF3-mediated transcription versus non-transcriptional pro-apoptotic activity of activated IRF3 in HAV-induced liver disease. Here, we compared the intrahepatic transcriptomes of HAV-infected naïve Mavs-/- and Ifnar1-/- mice using high throughput RNA sequencing, and characterized IRF3-mediated transcriptional responses associated with hepatocyte apoptosis and liver inflammation.","Liver mRNA profiles of Ifnar1-/- ,Mavs-/- and Irf3S1/S1Ifnar1-/- mice 7 days or 14 days after HAV infection",34591933,,,459188,GPL21103,Mus musculus,GSE,Expression profiling by high throughput sequencing,2021/08/18,40,ftp://ftp.ncbi.nlm.nih.gov/geo/series/GSE166nnn/GSE166353/,IRF3-mediated pathogenicity in a murine model of human hepatitis A.,PLoS pathogens,2021 Sep,10.1371/journal.ppat.1009960,OSD-137|Mmus_BAL-TAL_LVR_FLT_Rep3_F3,Space Flight
148,GSM4426144,0.9996175765991211,GSE147425,Targeted RNA-Seq analysis of the gene expression changes in the livers of male and female mice treated with the perfluorinated alkyl substance PFESA-BP2 (Nafion byproduct 2),,,This SuperSeries is composed of the SubSeries listed below.,Refer to individual Series,,,,353913,GPL19057; GPL17021,Mus musculus,GSE,Expression profiling by high throughput sequencing,2022/12/01,100,ftp://ftp.ncbi.nlm.nih.gov/geo/series/GSE147nnn/GSE147425/,,,,,OSD-137|Mmus_BAL-TAL_LVR_FLT_Rep3_F3,Space Flight
149,GSM2747859,0.9996127486228943,GSE102890,Multiple RNA structures affect translation initiation and UGA redefinition efficiency during synthesis of selenoprotein p,,,"Mice carrying genomic deletions of SECIS1 or SECIS2 in the Selenop gene were euthanized and liver tissue was harvested and processed for RNA-Seq and ribosome profiling. From these studies, we determined the affect of SECIS1 and SECIS2 on UGA redifinition across the Selenop gene.",Gene expression analysis of liver tissue from mice carrying genomic deletions of the 3' UTR SECIS1 or SECIS2 elements of Selenop,29069514,,,130254,GPL13112,Mus musculus,GSE,Expression profiling by high throughput sequencing; Other,2017/08/22,24,ftp://ftp.ncbi.nlm.nih.gov/geo/series/GSE102nnn/GSE102890/,Multiple RNA structures affect translation initiation and UGA redefinition efficiency during synthesis of selenoprotein P.,Nucleic acids research,2017 Dec 15,10.1093/nar/gkx982,OSD-137|Mmus_BAL-TAL_LVR_FLT_Rep3_F3,Space Flight
150,GSM3239410,0.9996544122695923,GSE116463,Inhibition of Hepatocellular Carcinoma Progression by Forced Metabolic Re-Programming,,,"Using two different mouse models of liver cancer, we have recently shown that the commonly observed metabolic  switch from oxidative phosphorylation to glycolysis known as the Warburg effect is inevitably accompanied by a marked decrease in fatty acid oxidation (FAO) and an increase in the activity of pyruvate dehydrogenase, the enzyme linking glycolysis to the TCA cycle. We now show that the short-term implementation of either medium-chain or long-chain high fat diets (HFDs) just prior to the induction of c-Myc oncoprotein-driven hepatocellular carcinoma (HCC) nearly doubled survival. Mechanistically, HFDs forced tumors to become more reliant on fatty acids as an energy source, thus normalizing FAO and PDH activities. We extended these findings to eighteen different cancer cohorts patients by showing that some tumors with high ratios of FAO-related:glycolysis-related transcripts were associated with more favorable prognoses than those with low ratios. We also used t-SNE, a machine learning-based dimensionality reduction technique, to show in other human tumors that the expression patterns of transcripts encoding FAO-related proteins and enzymes involved in cholesterol biosynthesis were also predictive of survival. Collectively, our results support the idea that tumors which are either forced to utilize fatty acids as an energy source or those which are already predisposed to doing so show significantly less aggressive behaviors. These findings suggest that short-tern dietary manipulation, either alone or in conjunction with more traditional chemotherapeutic regimens, might be employed as a relatively non-toxic and inexpensive means of enhancing survival in certain cancer types.","Total 6 groups Samples: Normal diets Liver( 5 samples), medium-chain (MC) high-fat diets Liver( 5 samples), long-chain (LC) high-fat dietsLiver( 5 samples), Normal diets Tumors(4 samples), medium-chain (MC) high-fat diets Tumors( 5 samples), long-chain (LC) high-fat diets tumors ( 5 samples),",31242205,,,179626,GPL19057,Mus musculus,GSE,Expression profiling by high throughput sequencing,2019/06/05,29,ftp://ftp.ncbi.nlm.nih.gov/geo/series/GSE116nnn/GSE116463/,Inhibition of hepatocellular carcinoma by metabolic normalization.,PloS one,2019,10.1371/journal.pone.0218186,OSD-137|Mmus_BAL-TAL_LVR_FLT_Rep4_F4,Space Flight
151,GSM4696413,0.9996039271354675,GSE155161,The global and promoter-centric 3D genome organization temporally resolved during a circadian cycle,,,This SuperSeries is composed of the SubSeries listed below.,Refer to individual Series,34099014,,,398237,GPL17021,Mus musculus,GSE,Expression profiling by high throughput sequencing; Genome binding/occupancy profiling by high throughput sequencing; Other,2021/05/04,52,ftp://ftp.ncbi.nlm.nih.gov/geo/series/GSE155nnn/GSE155161/,The global and promoter-centric 3D genome organization temporally resolved during a circadian cycle.,Genome biology,2021 Jun 8,10.1186/s13059-021-02374-3,OSD-137|Mmus_BAL-TAL_LVR_FLT_Rep4_F4,Space Flight
152,GSM4696426,0.9995971918106079,GSE155161,The global and promoter-centric 3D genome organization temporally resolved during a circadian cycle,,,This SuperSeries is composed of the SubSeries listed below.,Refer to individual Series,34099014,,,398250,GPL17021,Mus musculus,GSE,Expression profiling by high throughput sequencing; Genome binding/occupancy profiling by high throughput sequencing; Other,2021/05/04,52,ftp://ftp.ncbi.nlm.nih.gov/geo/series/GSE155nnn/GSE155161/,The global and promoter-centric 3D genome organization temporally resolved during a circadian cycle.,Genome biology,2021 Jun 8,10.1186/s13059-021-02374-3,OSD-137|Mmus_BAL-TAL_LVR_FLT_Rep4_F4,Space Flight
153,GSM1118229,0.9995951652526855,GSE45684,RNA-seq alignment to individualized genomes,,,"The source of most errors in RNA sequencing (RNA-seq) read alignment is in the repetitive structure of the genome and not with the alignment algorithm. Genetic variation away from the reference sequence exacerbates this problem causing reads to be assigned to the wrong location. We developed a method, implemented as the software package Seqnature, to construct the imputed genomes of individuals (individualized genomes) of experimental model organisms including inbred mouse strains and genetically unique outbred animals. Alignment to individualized genomes increases read mapping accuracy and improves transcript abundance estimates. In an application to expression QTL mapping, this approach corrected erroneous linkages and unmasked thousands of hidden associations. Individualized genomes accounting for genetic variation will be useful for human short-read sequencing and other sequencing applications including ChIP-seq.","Illumina 100bp single-end liver RNA-seq from 277 male and female Diversity Outbred 26-week old mice raised on standard chow or high fat diet. In addition, Illumina 100bp single-end liver RNA-seq from 128 male 26-week old male mice (20 weeks for NZO strain) from each of the DO founder strains raised on standard chow or high fat diet (8 males per strain by diet group). Each sample was sequenced in 2-4x technical replicates across multiple flowcells. Samples were randomly assigned lanes and multiplexed at 12-24x.",25236449;26614740;28592500,,,11387,GPL13112,Mus musculus,GSE,Expression profiling by high throughput sequencing,2014/06/10,1086,ftp://ftp.ncbi.nlm.nih.gov/geo/series/GSE45nnn/GSE45684/,RNA-Seq alignment to individualized genomes improves transcript abundance estimates in multiparent populations.,Genetics,2014 Sep,10.1534/genetics.114.165886,OSD-137|Mmus_BAL-TAL_LVR_FLT_Rep4_F4,Space Flight
154,GSM4426159,0.9995855093002319,GSE147425,Targeted RNA-Seq analysis of the gene expression changes in the livers of male and female mice treated with the perfluorinated alkyl substance PFESA-BP2 (Nafion byproduct 2),,,This SuperSeries is composed of the SubSeries listed below.,Refer to individual Series,,,,353928,GPL19057; GPL17021,Mus musculus,GSE,Expression profiling by high throughput sequencing,2022/12/01,100,ftp://ftp.ncbi.nlm.nih.gov/geo/series/GSE147nnn/GSE147425/,,,,,OSD-137|Mmus_BAL-TAL_LVR_FLT_Rep4_F4,Space Flight
155,GSM3745100,0.9995729923248291,GSE130629,Transcriptional Correlates of Tolerance and Lethality from Mouse Models Predict Ebola Virus Disease Outcome,,,We report comparative outcome-dependent transcriptional profiles from spleen and liver from Collaborative Cross mice infected with mouse-adapted Ebola virus (MA-EBOV).,Longitudinal transcriptional profiling (mRNA and miRNA) of 10 Collaborative Cross lines infected with mouse-adapted Ebola virus.,32049004,,,254700,GPL21103,Mus musculus,GSE,Expression profiling by high throughput sequencing,2019/12/01,729,ftp://ftp.ncbi.nlm.nih.gov/geo/series/GSE130nnn/GSE130629/,Transcriptional Correlates of Tolerance and Lethality in Mice Predict Ebola Virus Disease Patient Outcomes.,Cell reports,2020 Feb 11,10.1016/j.celrep.2020.01.026,OSD-137|Mmus_BAL-TAL_LVR_FLT_Rep4_F4,Space Flight
156,GSM4256764,0.999570906162262,GSE143304,Genome wide anaylsis of transcriptome modifications in male mice exposed to tributyltin during development,,,"Purpose: To identify alterations induced by developmental exposure to tributyltin at different stages of life Methods: Dams were treated with tributyltin during gestation and lactation in drinking water and pups were euthanized at different ages Results: We identified a number of changes in transcriptomic activity in 5 month, and ten month old pups after tributyltin exposure. Male animals exposed to tributyltin also developed fatty liver 5 months of age and adenomas of the liver at ten months of age.",Liver was isolated from animals exposed to tributyltin during development at 5 months and 10 months. At 10 months of age adenomas were also collected.,31939706,,,330868,GPL21493,Mus musculus,GSE,Expression profiling by high throughput sequencing,2020/02/24,29,ftp://ftp.ncbi.nlm.nih.gov/geo/series/GSE143nnn/GSE143304/,Hepatic Tumor Formation in Adult Mice Developmentally Exposed to Organotin.,Environmental health perspectives,2020 Jan,10.1289/EHP5414,OSD-137|Mmus_BAL-TAL_LVR_FLT_Rep4_F4,Space Flight
157,GSM3840114,0.9995700120925903,GSE132056,Removing a Double Bond from Ceramides Ameliorates Insulin Resistance and Hepatic Steatosis,,,"Ceramides contribute to the lipotoxicity that underlies diabetes, hepatic steatosis, and heart disease. By genetically engineering mice, we deleted the enzyme dihydroceramide desaturase-1 (DES1) which inserts a conserved double bond into the backbone of ceramides and other predominant sphingolipids. Ablation of DES1 from whole animals, or tissue-specific deletion in the liver, and/or adipose tissue resolved hepatic steatosis and insulin resistance in mice caused by leptin deficiency or obesogenic diets. Mechanistic studies revealed new ceramide actions that promoted lipid uptake and storage and impaired glucose utilization, none of which could be recapitulated by (dihydro)ceramides that lacked the critical double bond. These studies suggest that inhibition of DES1 may provide a means of treating hepatic steatosis and cardiometabolic disorders.",Livers isolated from Control and Liver specific Degs1 knockout mice following either normal chow or high fat diet feeding,31273070,,,258312,GPL24247,Mus musculus,GSE,Expression profiling by high throughput sequencing,2020/01/30,16,ftp://ftp.ncbi.nlm.nih.gov/geo/series/GSE132nnn/GSE132056/,Targeting a ceramide double bond improves insulin resistance and hepatic steatosis.,"Science (New York, N.Y.)",2019 Jul 26,10.1126/science.aav3722,OSD-137|Mmus_BAL-TAL_LVR_FLT_Rep4_F4,Space Flight
158,GSM4426160,0.9995662569999695,GSE147425,Targeted RNA-Seq analysis of the gene expression changes in the livers of male and female mice treated with the perfluorinated alkyl substance PFESA-BP2 (Nafion byproduct 2),,,This SuperSeries is composed of the SubSeries listed below.,Refer to individual Series,,,,353929,GPL19057; GPL17021,Mus musculus,GSE,Expression profiling by high throughput sequencing,2022/12/01,100,ftp://ftp.ncbi.nlm.nih.gov/geo/series/GSE147nnn/GSE147425/,,,,,OSD-137|Mmus_BAL-TAL_LVR_FLT_Rep4_F4,Space Flight
159,GSM1119973,0.9995546340942383,GSE45684,RNA-seq alignment to individualized genomes,,,"The source of most errors in RNA sequencing (RNA-seq) read alignment is in the repetitive structure of the genome and not with the alignment algorithm. Genetic variation away from the reference sequence exacerbates this problem causing reads to be assigned to the wrong location. We developed a method, implemented as the software package Seqnature, to construct the imputed genomes of individuals (individualized genomes) of experimental model organisms including inbred mouse strains and genetically unique outbred animals. Alignment to individualized genomes increases read mapping accuracy and improves transcript abundance estimates. In an application to expression QTL mapping, this approach corrected erroneous linkages and unmasked thousands of hidden associations. Individualized genomes accounting for genetic variation will be useful for human short-read sequencing and other sequencing applications including ChIP-seq.","Illumina 100bp single-end liver RNA-seq from 277 male and female Diversity Outbred 26-week old mice raised on standard chow or high fat diet. In addition, Illumina 100bp single-end liver RNA-seq from 128 male 26-week old male mice (20 weeks for NZO strain) from each of the DO founder strains raised on standard chow or high fat diet (8 males per strain by diet group). Each sample was sequenced in 2-4x technical replicates across multiple flowcells. Samples were randomly assigned lanes and multiplexed at 12-24x.",25236449;26614740;28592500,,,11766,GPL13112,Mus musculus,GSE,Expression profiling by high throughput sequencing,2014/06/10,1086,ftp://ftp.ncbi.nlm.nih.gov/geo/series/GSE45nnn/GSE45684/,RNA-Seq alignment to individualized genomes improves transcript abundance estimates in multiparent populations.,Genetics,2014 Sep,10.1534/genetics.114.165886,OSD-137|Mmus_BAL-TAL_LVR_FLT_Rep4_F4,Space Flight
160,GSM4387989,0.9995988607406616,GSE146508,Transcriptome and open chromatin analysis of 5-month mouse liver and blood by the TaRGET II consortium,,,"The TaRGET (Toxicant Exposures and Responses by Genomic and Epigenomic Regulators of Transcription) program is a research consortium funded by the National Institute of Environmental Health Sciences (NIEHS). The goal of the collaboration is to address the role of environmental exposures in disease pathogenesis as a function of epigenome perturbation, including understanding the environmental control of epigenetic mechanisms and assessing the utility of surrogate tissue analysis in mouse models of disease-relevant environmental exposures (https://targetepigenomics.org).",RNA-seq and ATAC-seq of liver and blood samples from 5-month mice that were subjected to disease-relevant environmental exposures. The TaRGET II consortium (https://targetepigenomics.org/about/),29509741;42209488,,,351450,GPL17021; GPL21103; GPL21493; GPL19057; GPL21273; GPL24247,Mus musculus,GSE,Expression profiling by high throughput sequencing; Genome binding/occupancy profiling by high throughput sequencing,2020/05/20,849,ftp://ftp.ncbi.nlm.nih.gov/geo/series/GSE146nnn/GSE146508/,The NIEHS TaRGET II Consortium and environmental epigenomics.,Nature biotechnology,2018 Mar 6,10.1038/nbt.4099,OSD-137|Mmus_BAL-TAL_LVR_FLT_Rep5_F5,Space Flight
161,GSM2327518,0.999584436416626,GSE87299,Transcriptome changes in mouse livers upon Bmal1 or Nr1d1 knock out and interactome of lnc-Crot by 4C-seq,,,"To explore the circadian regulations of Bmal1, we examined the transcriptome changes in mouse livers upon Bmal1 knock out at two circadian time points, CT0 and CT12. To explore the circadian regulations of Nr1d1, we examined the transcriptome changes in mouse livers upon Nr1d1 knock out at two circadian time points, CT0 and CT12. To explore interactome of lnc-Crot, 4C-seq was performed with lnc-Crot as bait region at CT6 and CT18.",RNA-seq of WT and KO at CT0 and CT12. 4C-seq at CT6 and CT18.,28335007,,,77556,GPL13112,Mus musculus,GSE,Expression profiling by high throughput sequencing; Other,2017/04/12,26,ftp://ftp.ncbi.nlm.nih.gov/geo/series/GSE87nnn/GSE87299/,A class of circadian long non-coding RNAs mark enhancers modulating long-range circadian gene regulation.,Nucleic acids research,2017 Jun 2,10.1093/nar/gkx156,OSD-137|Mmus_BAL-TAL_LVR_FLT_Rep5_F5,Space Flight
162,GSM4256750,0.9995501041412354,GSE143304,Genome wide anaylsis of transcriptome modifications in male mice exposed to tributyltin during development,,,"Purpose: To identify alterations induced by developmental exposure to tributyltin at different stages of life Methods: Dams were treated with tributyltin during gestation and lactation in drinking water and pups were euthanized at different ages Results: We identified a number of changes in transcriptomic activity in 5 month, and ten month old pups after tributyltin exposure. Male animals exposed to tributyltin also developed fatty liver 5 months of age and adenomas of the liver at ten months of age.",Liver was isolated from animals exposed to tributyltin during development at 5 months and 10 months. At 10 months of age adenomas were also collected.,31939706,,,330854,GPL21493,Mus musculus,GSE,Expression profiling by high throughput sequencing,2020/02/24,29,ftp://ftp.ncbi.nlm.nih.gov/geo/series/GSE143nnn/GSE143304/,Hepatic Tumor Formation in Adult Mice Developmentally Exposed to Organotin.,Environmental health perspectives,2020 Jan,10.1289/EHP5414,OSD-137|Mmus_BAL-TAL_LVR_FLT_Rep5_F5,Space Flight
163,GSM4742429,0.9995461702346802,GSE156692,Identification of cellular context sensitive regulatory variation in mouse genomes,,,"RNA-seq and DHS mapping in hybrid mouse kidney, liver, lung, and B cells",138 DNase-seq and 17 RNA-seq samples collected from 4 tissues in 5 hybrid mouse strains,33990600,,,411694,GPL19057; GPL17021,Mus musculus,GSE,Expression profiling by high throughput sequencing; Genome binding/occupancy profiling by high throughput sequencing,2020/11/25,158,ftp://ftp.ncbi.nlm.nih.gov/geo/series/GSE156nnn/GSE156692/,Tissue context determines the penetrance of regulatory DNA variation.,Nature communications,2021 May 14,10.1038/s41467-021-23139-3,OSD-137|Mmus_BAL-TAL_LVR_FLT_Rep5_F5,Space Flight
164,GSM4256773,0.9995399713516235,GSE143304,Genome wide anaylsis of transcriptome modifications in male mice exposed to tributyltin during development,,,"Purpose: To identify alterations induced by developmental exposure to tributyltin at different stages of life Methods: Dams were treated with tributyltin during gestation and lactation in drinking water and pups were euthanized at different ages Results: We identified a number of changes in transcriptomic activity in 5 month, and ten month old pups after tributyltin exposure. Male animals exposed to tributyltin also developed fatty liver 5 months of age and adenomas of the liver at ten months of age.",Liver was isolated from animals exposed to tributyltin during development at 5 months and 10 months. At 10 months of age adenomas were also collected.,31939706,,,330877,GPL21493,Mus musculus,GSE,Expression profiling by high throughput sequencing,2020/02/24,29,ftp://ftp.ncbi.nlm.nih.gov/geo/series/GSE143nnn/GSE143304/,Hepatic Tumor Formation in Adult Mice Developmentally Exposed to Organotin.,Environmental health perspectives,2020 Jan,10.1289/EHP5414,OSD-137|Mmus_BAL-TAL_LVR_FLT_Rep5_F5,Space Flight
165,GSM4387990,0.9995348453521729,GSE146508,Transcriptome and open chromatin analysis of 5-month mouse liver and blood by the TaRGET II consortium,,,"The TaRGET (Toxicant Exposures and Responses by Genomic and Epigenomic Regulators of Transcription) program is a research consortium funded by the National Institute of Environmental Health Sciences (NIEHS). The goal of the collaboration is to address the role of environmental exposures in disease pathogenesis as a function of epigenome perturbation, including understanding the environmental control of epigenetic mechanisms and assessing the utility of surrogate tissue analysis in mouse models of disease-relevant environmental exposures (https://targetepigenomics.org).",RNA-seq and ATAC-seq of liver and blood samples from 5-month mice that were subjected to disease-relevant environmental exposures. The TaRGET II consortium (https://targetepigenomics.org/about/),29509741;42209488,,,351451,GPL17021; GPL21103; GPL21493; GPL19057; GPL21273; GPL24247,Mus musculus,GSE,Expression profiling by high throughput sequencing; Genome binding/occupancy profiling by high throughput sequencing,2020/05/20,849,ftp://ftp.ncbi.nlm.nih.gov/geo/series/GSE146nnn/GSE146508/,The NIEHS TaRGET II Consortium and environmental epigenomics.,Nature biotechnology,2018 Mar 6,10.1038/nbt.4099,OSD-137|Mmus_BAL-TAL_LVR_FLT_Rep5_F5,Space Flight
166,GSM3534525,0.9995294213294983,GSE124463,Promoter capture Hi-C identifies long-range promoter contact dynamics in response to diet and the development of non-alcoholic fatty liver disease,,,We profiled the chromatin interactions in liver from mice fed either an obesogenic or control diet.,"Examination of chromatin interactions, histone modification, gene expression and transcription factors binding in mice liver samples",32075973,,,219425,GPL24247; GPL19057,Mus musculus,GSE,Expression profiling by high throughput sequencing; Genome binding/occupancy profiling by high throughput sequencing; Other,2020/01/01,46,ftp://ftp.ncbi.nlm.nih.gov/geo/series/GSE124nnn/GSE124463/,Alterations in promoter interaction landscape and transcriptional network underlying metabolic adaptation to diet.,Nature communications,2020 Feb 19,10.1038/s41467-020-14796-x,OSD-137|Mmus_BAL-TAL_LVR_FLT_Rep5_F5,Space Flight
167,GSM4256768,0.9995172023773193,GSE143304,Genome wide anaylsis of transcriptome modifications in male mice exposed to tributyltin during development,,,"Purpose: To identify alterations induced by developmental exposure to tributyltin at different stages of life Methods: Dams were treated with tributyltin during gestation and lactation in drinking water and pups were euthanized at different ages Results: We identified a number of changes in transcriptomic activity in 5 month, and ten month old pups after tributyltin exposure. Male animals exposed to tributyltin also developed fatty liver 5 months of age and adenomas of the liver at ten months of age.",Liver was isolated from animals exposed to tributyltin during development at 5 months and 10 months. At 10 months of age adenomas were also collected.,31939706,,,330872,GPL21493,Mus musculus,GSE,Expression profiling by high throughput sequencing,2020/02/24,29,ftp://ftp.ncbi.nlm.nih.gov/geo/series/GSE143nnn/GSE143304/,Hepatic Tumor Formation in Adult Mice Developmentally Exposed to Organotin.,Environmental health perspectives,2020 Jan,10.1289/EHP5414,OSD-137|Mmus_BAL-TAL_LVR_FLT_Rep5_F5,Space Flight
168,GSM3840115,0.9995076656341553,GSE132056,Removing a Double Bond from Ceramides Ameliorates Insulin Resistance and Hepatic Steatosis,,,"Ceramides contribute to the lipotoxicity that underlies diabetes, hepatic steatosis, and heart disease. By genetically engineering mice, we deleted the enzyme dihydroceramide desaturase-1 (DES1) which inserts a conserved double bond into the backbone of ceramides and other predominant sphingolipids. Ablation of DES1 from whole animals, or tissue-specific deletion in the liver, and/or adipose tissue resolved hepatic steatosis and insulin resistance in mice caused by leptin deficiency or obesogenic diets. Mechanistic studies revealed new ceramide actions that promoted lipid uptake and storage and impaired glucose utilization, none of which could be recapitulated by (dihydro)ceramides that lacked the critical double bond. These studies suggest that inhibition of DES1 may provide a means of treating hepatic steatosis and cardiometabolic disorders.",Livers isolated from Control and Liver specific Degs1 knockout mice following either normal chow or high fat diet feeding,31273070,,,258313,GPL24247,Mus musculus,GSE,Expression profiling by high throughput sequencing,2020/01/30,16,ftp://ftp.ncbi.nlm.nih.gov/geo/series/GSE132nnn/GSE132056/,Targeting a ceramide double bond improves insulin resistance and hepatic steatosis.,"Science (New York, N.Y.)",2019 Jul 26,10.1126/science.aav3722,OSD-137|Mmus_BAL-TAL_LVR_FLT_Rep5_F5,Space Flight
169,GSM2470697,0.9995028376579285,GSE94132,Effect of Praziquantel on the Differential Expression of Mouse Hepatic Genes and Parasite ATP Binding Cassette Transporter Gene Family Members During Schistosoma mansoni Infection,,,"Schistosomiasis is a disease caused by parasitic worms that significantly impacts on the lives of approximately 250 million people. During infection, female parasites release thousands of eggs, a significant number of which become trapped in the liver. The entrapment of the eggs triggers immune and inflammatory responses that in turn cause many of the health problems associated with the disease. In this study we analyzed the gene expression profiles of livers from mice infected with the human parasite Schistosoma mansoni over multiple time points, beginning when the parasites start to lay eggs. Mice were treated with a lethal dose of the anti-schistosomal drug praziquantel, and we identified a number of different genes and pathways that are central to immune and inflammatory responses that are active even in the absence of egg deposition. Praziquantel is the only drug available to treat schistosomiasis, however it is ineffective against juvenile parasites during the early stages of mammalian infection. We also show that the development of drug resistance may be due to the improved efficacy of the juvenile parasite to actively excrete the drug. These results provide insights into the effect of praziquantel on the host response to infection as well as ability of juvenile parasites to overcome the lethal effect of the drug.","Liver mRNA profiles of mice 32, 35, 39, and 46-days post Schistosoma mansoni infection were generated by deep sequencing, in triplicate, using Illumina HiSeq.",,,,95483,GPL13112,Mus musculus,GSE,Expression profiling by high throughput sequencing,2018/01/01,36,ftp://ftp.ncbi.nlm.nih.gov/geo/series/GSE94nnn/GSE94132/,,,,,OSD-137|Mmus_BAL-TAL_LVR_FLT_Rep5_F5,Space Flight
170,GSM2470697,0.9995985627174377,GSE94132,Effect of Praziquantel on the Differential Expression of Mouse Hepatic Genes and Parasite ATP Binding Cassette Transporter Gene Family Members During Schistosoma mansoni Infection,,,"Schistosomiasis is a disease caused by parasitic worms that significantly impacts on the lives of approximately 250 million people. During infection, female parasites release thousands of eggs, a significant number of which become trapped in the liver. The entrapment of the eggs triggers immune and inflammatory responses that in turn cause many of the health problems associated with the disease. In this study we analyzed the gene expression profiles of livers from mice infected with the human parasite Schistosoma mansoni over multiple time points, beginning when the parasites start to lay eggs. Mice were treated with a lethal dose of the anti-schistosomal drug praziquantel, and we identified a number of different genes and pathways that are central to immune and inflammatory responses that are active even in the absence of egg deposition. Praziquantel is the only drug available to treat schistosomiasis, however it is ineffective against juvenile parasites during the early stages of mammalian infection. We also show that the development of drug resistance may be due to the improved efficacy of the juvenile parasite to actively excrete the drug. These results provide insights into the effect of praziquantel on the host response to infection as well as ability of juvenile parasites to overcome the lethal effect of the drug.","Liver mRNA profiles of mice 32, 35, 39, and 46-days post Schistosoma mansoni infection were generated by deep sequencing, in triplicate, using Illumina HiSeq.",,,,95483,GPL13112,Mus musculus,GSE,Expression profiling by high throughput sequencing,2018/01/01,36,ftp://ftp.ncbi.nlm.nih.gov/geo/series/GSE94nnn/GSE94132/,,,,,OSD-137|Mmus_BAL-TAL_LVR_FLT_Rep6_F6,Space Flight
171,GSM3138536,0.9995574951171875,GSE114256,Polymorphisms in mitochondrial DNA genes coding for subunits in complex I differentially control lifespan and ageing-related pathways in mice.,,,"Mitochondrial complex I, the largest enzyme complex of the mitochondrial oxidative phosphorylation machinery, has been proposed to contribute to variety of age-related pathological alterations as well as longevity. The enzyme complex-consisting proteins are encoded by both nuclear- (nDNA) and mitochondrial DNA (mtDNA). While some association studies of mtDNA-encoded complex I genes and lifespan in humans have been reported, experimental evidence and functional consequence of such variants are limited to studies using invertebrate models. Here, we present experimental evidence that a homoplasmic mutation in mitochondrially encoded complex I gene, mt-Nd2, modulates lifespan by altering cellular tryptophan levels and consequently ageing-related pathways in mice. A conplastic mouse strain carrying a mutation at m.4738C>A in mt-Nd2 lived significantly shorter than the controls. The same mutation led to higher susceptibility to glucose intolerance induced by high fat diet feeding. These phenotypes were not observed in mice carrying a mutation in another mtDNA-encoded complex I gene, mt-Nd5, suggesting functional relevance of particular mutations in complex I to ageing and age-related diseases.",The transcriptomes of liver obtained from C57BL/6J-mtALR (mutation in mt-Nd2 gene) was compared with those from C57BL/6J-mtBPL  (mutation in mt-Nd5 gene)  by RNAseq.,31337008,,,173131,GPL17021,Mus musculus,GSE,Expression profiling by high throughput sequencing,2019/12/23,11,ftp://ftp.ncbi.nlm.nih.gov/geo/series/GSE114nnn/GSE114256/,Maternally Inherited Differences within Mitochondrial Complex I Control Murine Healthspan.,Genes,2019 Jul 13,10.3390/genes10070532,OSD-137|Mmus_BAL-TAL_LVR_FLT_Rep6_F6,Space Flight
172,GSM1168538,0.9995459318161011,GSE48109,RNA-seq analysis of gene expression in male and female mouse liver,,,"Gene expression in adult male and female mouse liver was assayed by RNA-seq, as part of a study on chromatin states in male and female mouse and their role in sex-biased liver gene expression (A Sugathan and DJ Waxman (2013) Mol Cell Biol. 33:3594-3610. doi: 10.1128/MCB.00280-13).","Total liver RNA was prepared from 12 individual male and 12 individual female mice.  Four RNA pools, comprised of RNA isolated from 6 individual male or female livers (2 pooled biological replicates for each sex) were then prepared and used for RNA-seq.",23836885;26459762,,,12751,GPL13112,Mus musculus,GSE,Expression profiling by high throughput sequencing,2013/07/03,4,ftp://ftp.ncbi.nlm.nih.gov/geo/series/GSE48nnn/GSE48109/,Genome-wide analysis of chromatin states reveals distinct mechanisms of sex-dependent gene regulation in male and female mouse liver.,Molecular and cellular biology,2013 Sep,10.1128/MCB.00280-13,OSD-137|Mmus_BAL-TAL_LVR_FLT_Rep6_F6,Space Flight
173,GSM1168537,0.9995439052581787,GSE48109,RNA-seq analysis of gene expression in male and female mouse liver,,,"Gene expression in adult male and female mouse liver was assayed by RNA-seq, as part of a study on chromatin states in male and female mouse and their role in sex-biased liver gene expression (A Sugathan and DJ Waxman (2013) Mol Cell Biol. 33:3594-3610. doi: 10.1128/MCB.00280-13).","Total liver RNA was prepared from 12 individual male and 12 individual female mice.  Four RNA pools, comprised of RNA isolated from 6 individual male or female livers (2 pooled biological replicates for each sex) were then prepared and used for RNA-seq.",23836885;26459762,,,12750,GPL13112,Mus musculus,GSE,Expression profiling by high throughput sequencing,2013/07/03,4,ftp://ftp.ncbi.nlm.nih.gov/geo/series/GSE48nnn/GSE48109/,Genome-wide analysis of chromatin states reveals distinct mechanisms of sex-dependent gene regulation in male and female mouse liver.,Molecular and cellular biology,2013 Sep,10.1128/MCB.00280-13,OSD-137|Mmus_BAL-TAL_LVR_FLT_Rep6_F6,Space Flight
174,GSM3138537,0.9995419979095459,GSE114256,Polymorphisms in mitochondrial DNA genes coding for subunits in complex I differentially control lifespan and ageing-related pathways in mice.,,,"Mitochondrial complex I, the largest enzyme complex of the mitochondrial oxidative phosphorylation machinery, has been proposed to contribute to variety of age-related pathological alterations as well as longevity. The enzyme complex-consisting proteins are encoded by both nuclear- (nDNA) and mitochondrial DNA (mtDNA). While some association studies of mtDNA-encoded complex I genes and lifespan in humans have been reported, experimental evidence and functional consequence of such variants are limited to studies using invertebrate models. Here, we present experimental evidence that a homoplasmic mutation in mitochondrially encoded complex I gene, mt-Nd2, modulates lifespan by altering cellular tryptophan levels and consequently ageing-related pathways in mice. A conplastic mouse strain carrying a mutation at m.4738C>A in mt-Nd2 lived significantly shorter than the controls. The same mutation led to higher susceptibility to glucose intolerance induced by high fat diet feeding. These phenotypes were not observed in mice carrying a mutation in another mtDNA-encoded complex I gene, mt-Nd5, suggesting functional relevance of particular mutations in complex I to ageing and age-related diseases.",The transcriptomes of liver obtained from C57BL/6J-mtALR (mutation in mt-Nd2 gene) was compared with those from C57BL/6J-mtBPL  (mutation in mt-Nd5 gene)  by RNAseq.,31337008,,,173132,GPL17021,Mus musculus,GSE,Expression profiling by high throughput sequencing,2019/12/23,11,ftp://ftp.ncbi.nlm.nih.gov/geo/series/GSE114nnn/GSE114256/,Maternally Inherited Differences within Mitochondrial Complex I Control Murine Healthspan.,Genes,2019 Jul 13,10.3390/genes10070532,OSD-137|Mmus_BAL-TAL_LVR_FLT_Rep6_F6,Space Flight
175,GSM4387989,0.9995367527008057,GSE146508,Transcriptome and open chromatin analysis of 5-month mouse liver and blood by the TaRGET II consortium,,,"The TaRGET (Toxicant Exposures and Responses by Genomic and Epigenomic Regulators of Transcription) program is a research consortium funded by the National Institute of Environmental Health Sciences (NIEHS). The goal of the collaboration is to address the role of environmental exposures in disease pathogenesis as a function of epigenome perturbation, including understanding the environmental control of epigenetic mechanisms and assessing the utility of surrogate tissue analysis in mouse models of disease-relevant environmental exposures (https://targetepigenomics.org).",RNA-seq and ATAC-seq of liver and blood samples from 5-month mice that were subjected to disease-relevant environmental exposures. The TaRGET II consortium (https://targetepigenomics.org/about/),29509741;42209488,,,351450,GPL17021; GPL21103; GPL21493; GPL19057; GPL21273; GPL24247,Mus musculus,GSE,Expression profiling by high throughput sequencing; Genome binding/occupancy profiling by high throughput sequencing,2020/05/20,849,ftp://ftp.ncbi.nlm.nih.gov/geo/series/GSE146nnn/GSE146508/,The NIEHS TaRGET II Consortium and environmental epigenomics.,Nature biotechnology,2018 Mar 6,10.1038/nbt.4099,OSD-137|Mmus_BAL-TAL_LVR_FLT_Rep6_F6,Space Flight
176,GSM2470695,0.9995236396789551,GSE94132,Effect of Praziquantel on the Differential Expression of Mouse Hepatic Genes and Parasite ATP Binding Cassette Transporter Gene Family Members During Schistosoma mansoni Infection,,,"Schistosomiasis is a disease caused by parasitic worms that significantly impacts on the lives of approximately 250 million people. During infection, female parasites release thousands of eggs, a significant number of which become trapped in the liver. The entrapment of the eggs triggers immune and inflammatory responses that in turn cause many of the health problems associated with the disease. In this study we analyzed the gene expression profiles of livers from mice infected with the human parasite Schistosoma mansoni over multiple time points, beginning when the parasites start to lay eggs. Mice were treated with a lethal dose of the anti-schistosomal drug praziquantel, and we identified a number of different genes and pathways that are central to immune and inflammatory responses that are active even in the absence of egg deposition. Praziquantel is the only drug available to treat schistosomiasis, however it is ineffective against juvenile parasites during the early stages of mammalian infection. We also show that the development of drug resistance may be due to the improved efficacy of the juvenile parasite to actively excrete the drug. These results provide insights into the effect of praziquantel on the host response to infection as well as ability of juvenile parasites to overcome the lethal effect of the drug.","Liver mRNA profiles of mice 32, 35, 39, and 46-days post Schistosoma mansoni infection were generated by deep sequencing, in triplicate, using Illumina HiSeq.",,,,95481,GPL13112,Mus musculus,GSE,Expression profiling by high throughput sequencing,2018/01/01,36,ftp://ftp.ncbi.nlm.nih.gov/geo/series/GSE94nnn/GSE94132/,,,,,OSD-137|Mmus_BAL-TAL_LVR_FLT_Rep6_F6,Space Flight
177,GSM3351547,0.9995040893554688,GSE118942,Separation of breast cancer and organ microenvironment transcriptomes in metastases,,,"The seed-and-soil hypothesis was described over a century ago to describe why cancer cells (seeds) grow in certain organs (soil). Since then, the genetic properties that define the cancer cells have been heavily investigated, however, the genetic mediators within the organ microenvironment that mediate successful metastatic growth are less understood. In these studies, a set of human breast cancer patient-derived xenograft (PDX) metastasis models were utilized. Mammary tumors and metastases to the liver, lung, and brain were RNA-sequenced with the goal of identifying complementary cancer and organ-specific genetic properties that mediate metastatic growth. During metastatic growth of PDXs, the genetic changes that occurred in the liver and lung microenvironment were more consistent and higher in magnitude than the cancer cell transcriptomes . Integration of the liver microenvironment gene signature into genetic data from liver metastasis autopsy samples or fine-needle aspirates revealed the contribution of the microenvironment to the metastatic transcriptome. These insights identify cancer and organ-specific genetic drivers  of metastasis.","Mammary tumors and metastases to the liver, lung, and brain were RNA-sequenced with the goal of identifying complementary cancer and organ-specific genetic properties that mediate metastatic growth.",30841919;32001757,,,194703,GPL17021; GPL22245,Homo sapiens; Mus musculus,GSE,Expression profiling by high throughput sequencing,2019/03/01,128,ftp://ftp.ncbi.nlm.nih.gov/geo/series/GSE118nnn/GSE118942/,Separation of breast cancer and organ microenvironment transcriptomes in metastases.,Breast cancer research : BCR,2019 Mar 6,10.1186/s13058-019-1123-2,OSD-137|Mmus_BAL-TAL_LVR_FLT_Rep6_F6,Space Flight
178,GSM4742429,0.9995006322860718,GSE156692,Identification of cellular context sensitive regulatory variation in mouse genomes,,,"RNA-seq and DHS mapping in hybrid mouse kidney, liver, lung, and B cells",138 DNase-seq and 17 RNA-seq samples collected from 4 tissues in 5 hybrid mouse strains,33990600,,,411694,GPL19057; GPL17021,Mus musculus,GSE,Expression profiling by high throughput sequencing; Genome binding/occupancy profiling by high throughput sequencing,2020/11/25,158,ftp://ftp.ncbi.nlm.nih.gov/geo/series/GSE156nnn/GSE156692/,Tissue context determines the penetrance of regulatory DNA variation.,Nature communications,2021 May 14,10.1038/s41467-021-23139-3,OSD-137|Mmus_BAL-TAL_LVR_FLT_Rep6_F6,Space Flight
179,GSM4256752,0.9994968771934509,GSE143304,Genome wide anaylsis of transcriptome modifications in male mice exposed to tributyltin during development,,,"Purpose: To identify alterations induced by developmental exposure to tributyltin at different stages of life Methods: Dams were treated with tributyltin during gestation and lactation in drinking water and pups were euthanized at different ages Results: We identified a number of changes in transcriptomic activity in 5 month, and ten month old pups after tributyltin exposure. Male animals exposed to tributyltin also developed fatty liver 5 months of age and adenomas of the liver at ten months of age.",Liver was isolated from animals exposed to tributyltin during development at 5 months and 10 months. At 10 months of age adenomas were also collected.,31939706,,,330856,GPL21493,Mus musculus,GSE,Expression profiling by high throughput sequencing,2020/02/24,29,ftp://ftp.ncbi.nlm.nih.gov/geo/series/GSE143nnn/GSE143304/,Hepatic Tumor Formation in Adult Mice Developmentally Exposed to Organotin.,Environmental health perspectives,2020 Jan,10.1289/EHP5414,OSD-137|Mmus_BAL-TAL_LVR_FLT_Rep6_F6,Space Flight
