,gsm,score,gse,title,source_name,characteristics,geo_summary,geo_design,pubmed_ids,tissue,species,archs4_index,geo_platform_biopython,geo_taxon_biopython,geo_entry_type_biopython,geo_gds_type_biopython,geo_pdat_biopython,geo_n_samples_biopython,geo_ftp_link_biopython,pubmed_title_biopython,pubmed_journal_biopython,pubmed_pub_date_biopython,pubmed_doi_biopython,sample_name,spaceflight
0,GSM4063459,0.9989179372787476,GSE136948,FoxO Transcription Factors Are Critical Regulators of Diabetes-Related Muscle Atrophy,,,"Insulin deficiency and uncontrolled diabetes lead to a catabolic state with decreased muscle strength, contributing to disease-related morbidity. FoxO transcription factors are suppressed by insulin and thus are key mediators of insulin action. To study their role in diabetic muscle wasting, we created mice with muscle-specific triple knockout of FoxO1/3/4 and induced diabetes in these M-FoxO-TKO mice with streptozotocin (STZ). Muscle mass and myofiber area were decreased 20-30% in STZ-Diabetes mice due to increased ubiquitin-proteasome degradation and autophagy alterations, characterized by increased LC3-containing vesicles, and elevated levels of phosphorylated ULK1 and LC3-II. Both the muscle loss and markers of increased degradation/autophagy were completely prevented in STZ FoxO-TKO mice. Transcriptomic analyses revealed FoxO-dependent increases in ubiquitin-mediated proteolysis pathways in STZ-Diabetes, including regulation of Fbxo32 (Atrogin1), Trim63 (MuRF1), Bnip3L, and Gabarapl. These same genes were increased 1.4- to 3.3-fold in muscle from humans with type 1 diabetes after short-term insulin deprivation. Thus, FoxO-regulated genes play a rate-limiting role in increased protein degradation and muscle atrophy in insulin-deficient diabetes.","Muscle-specific FoxO1, FoxO3, and FoxO4 triple knockout (M-FoxO-TKO) mice were generated using ACTA1-Cre (stock number 006149; The Jackson Laboratory) and FoxO1/3/4 triple floxed mice, provided by Dr. Domenico Accili, Colombia University Medical Center. Littermate controls were used for all experiments, as the mice are on a mixed background containing C57Blk6, C57Blk6J, and 129 strains. For STZ treatments, mice were fasted overnight and then injected intraperitoneally with a single high dose of STZ (150 mg/kg) (S0130; Sigma) dissolved in 100 mmol/L citrate buffer (pH 4.5) or injected with citrate buffer alone as a control, then immediately given access to food. Female mice were given a 150 mg/kg dose followed by a 75 mg/kg dose of STZ on day 3, since female mice are less responsive to STZ (24). Mice were monitored for hyperglycemia on days 3, 7, 12, and 15, and only mice in which random blood glucose remained >300 mg/dL for the following 9–12 days were used for experiments.",30523026,,,293038,GPL17021,Mus musculus,GSE,Expression profiling by high throughput sequencing,2019/09/05,21,ftp://ftp.ncbi.nlm.nih.gov/geo/series/GSE136nnn/GSE136948/,FoxO Transcription Factors Are Critical Regulators of Diabetes-Related Muscle Atrophy.,Diabetes,2019 Mar,10.2337/db18-0416,OSD-105|Mmus_C57-6J_TA_GC_Rep1_M33,Ground Control
1,GSM5829345,0.9987944960594177,GSE194145,Metabolic subgroups of Diversity Outbred mice show distinct phenotypic and transcriptomic signatures of obesity and insulin resistance,,,"Clinicians and researchers are turning towards precision medicine to treat and prevent obesity and diabetes, given the known contributions of genetics to these metabolic diseases and the wide variability reported in response to treatments. Animal models that incorporate the genetic diversity present in the human population may help discover novel genetic contributors to metabolic disease and test potential treatments. We characterized the Diversity Outbred (DO) mouse population as a model in which to study interindividual variability in metabolic disease and investigated the presence of metabolic subgroups within the population. Glucose metabolism was assessed in male Diversity Outbred (DO) mice after consumption of a high-fat diet for 14 weeks and profiled transcriptomic changes in liver, adipose, and muscle—key tissues involved in glucose homeostasis. To identify metabolic subgroups, we applied classification and regression tree analyses to metabolic phenotype measures as well as transcriptomic data. These findings suggest that DO mice exhibit a diversity of metabolic phenotypes that can be segmented into subgroups using a machine learning approach. The metabolic subgroups observed in the DO may be a useful for probing the phenotypic variability in metabolic disease observed in humans.","Male DO mice received either control or high-fat diet (HFD) for 14 weeks. At study start animals were randomized and half of the mice (N=75) were placed on the High Fat diet (60 kcal %, D12492/D12492N; Research Diets, New Brunswick, NJ)  while the other half (N=75) continued receiving control diet ad libitum. Animals were examined for morbidity and clinical observation twice daily on weekdays and once daily on weekends and holidays. Body weight was measured prior to blood collection on week 1 and then weekly for the remainder of the study. Feed consumption was monitored weekly. During Week 1, 5, 9, and 14, mice were fasted for a period of 4-5 hours and resting-state glucose levels were measured. After 12 weeks, an oral glucose tolerance test was also conducted after mice were fasted overnight (approximately 16-18 hours). Serum insulin and leptin content as well as routine clinical chemistry were also measured. After 14 weeks animals were necropsied and tissues collected. Samples of liver, muscle, and adipose (abdominal) tissue were frozen in liquid nitrogen and stored at or below -70 degrees C. Total RNA was extracted from small sub-samples of these three tissues and gene expression was measured to investigate potential molecular changes driving variability among mice to allow subgroupings. Metabolic subgroups were identified using a machine-learning algorithm.",,,,593508,GPL16417,Mus musculus,GSE,Expression profiling by high throughput sequencing,2022/12/30,446,ftp://ftp.ncbi.nlm.nih.gov/geo/series/GSE194nnn/GSE194145/,,,,,OSD-105|Mmus_C57-6J_TA_GC_Rep1_M33,Ground Control
2,GSM5963763,0.9987668991088867,GSE199074,Next Generation Sequencing Facilitates Quantitative Analysis of Transcriptomes of Skeletal Muscle-Specific Akt Knockout Mice,,,Impact of knocking out of Akt in fast-twitch muscle on the transcritome was characterized by down-regulation of genes involved in mitochondria and electron transport chain.,Fast-twitch muscle mRNA profiles of 50-week-old skeletal muscle-specific Akt knockout mice and the control floxed mice,36198696,,,615429,GPL19057,Mus musculus,GSE,Expression profiling by high throughput sequencing,2022/06/02,6,ftp://ftp.ncbi.nlm.nih.gov/geo/series/GSE199nnn/GSE199074/,Deletion of skeletal muscle Akt1/2 causes osteosarcopenia and reduces lifespan in mice.,Nature communications,2022 Oct 5,10.1038/s41467-022-33008-2,OSD-105|Mmus_C57-6J_TA_GC_Rep1_M33,Ground Control
3,GSM7974056,0.9987279176712036,GSE232837,Hydroxycitrate delays early mortality in mice and promotes muscle regeneration while inducing a rich hepatic energetic status.,,,"ATP citrate lyase (ACLY) inhibitors have the potential of modulating central processes in protein, carbohydrate, and lipid metabolism, which can have relevant physiological consequences in aging and age-related diseases. Here, we show that hepatic phospho-active ACLY correlates with overweight and Model for End-stage Liver Disease score in humans. Wild-type mice treated chronically with the ACLY inhibitor potassium hydroxycitrate exhibited delayed early mortality. In AML12 hepatocyte cultures, the ACLY inhibitors potassium hydroxycitrate, SB-204990, and bempedoic acid fostered lipid accumulation, which was also observed in the liver of healthy-fed mice treated with potassium hydroxycitrate. Analysis of soleus tissue indicated that potassium hydroxycitrate produced the modulation of wound healing processes. In vivo, potassium hydroxycitrate modulated locomotor function toward increased wire hang performance and reduced rotarod performance in healthy-fed mice, and improved locomotion in mice exposed to cardiotoxin-induced muscle atrophy. Our findings implicate ACLY and ACLY inhibitors in different aspects of aging and muscle regeneration.","C57BL/6 male mice were divided in different groups with a standard diet or standard diet supplemented with hydroxycitrate. AML12 cells were siRNA interfered for Acly expression and were treated with hydroxycitrate, SB-204990 or Bempedoic acid. RNAseq was performed from AML12 cells, liver, soleo and gastrocnemius.",38760909,,,835926,GPL24247,Mus musculus,GSE,Expression profiling by high throughput sequencing,2024/05/16,59,ftp://ftp.ncbi.nlm.nih.gov/geo/series/GSE232nnn/GSE232837/,Hydroxycitrate delays early mortality in mice and promotes muscle regeneration while inducing a rich hepatic energetic status.,Aging cell,2024 Sep,10.1111/acel.14205,OSD-105|Mmus_C57-6J_TA_GC_Rep1_M33,Ground Control
4,GSM8249947,0.9986824989318848,GSE266549,"Transcriptome profiling of non-islet metabolic tissues in ~500 DO mouse liver, adipose, and skeletal muscle tissue from mice fed high-fat, high-sugar diet. [Adipose]",,,"Perform RNAseq with existing frozen mouse DO tissues from ~500 DO mice were sensitized on a HFHS diet (Keller, Gatti et al. 2018). The same mice have been extensively characterized for T2D-relevant clinical phenotypes, ex-vivo islet function, and other features including microbiome profiling.  Gene expression and proteomic profiling has already been completed in islets. We will collect and analyze the genetic architecture of gene expression in liver, adipose, skeletal muscle. Tissues will be sent to JAX Bar Harbor from Alan Attie’s lab. These tissues were from the same mice used for transcriptome analysis of islets (Genetics May 1, 2018 vol. 209 no. 1 335-356)",transcription profiling by high-throughput sequencing design,39386475;40595617,,,856586,GPL24247,Mus musculus,GSE,Expression profiling by high throughput sequencing,2024/05/10,468,ftp://ftp.ncbi.nlm.nih.gov/geo/series/GSE266nnn/GSE266549/,Transcripts with high distal heritability mediate genetic effects on complex metabolic traits.,bioRxiv : the preprint server for biology,2024 Sep 27,10.1101/2024.09.26.613931,OSD-105|Mmus_C57-6J_TA_GC_Rep1_M33,Ground Control
5,GSM8250863,0.9986824989318848,GSE266567,"Transcriptome profiling of non-islet metabolic tissues in ~500 DO mouse liver, adipose, and skeletal muscle tissue from mice fed high-fat, high-sugar diet. [skeletal muscle]",,,"Perform RNAseq with existing frozen mouse DO tissues from ~500 DO mice were sensitized on a HFHS diet (Keller, Gatti et al. 2018). The same mice have been extensively characterized for T2D-relevant clinical phenotypes, ex-vivo islet function, and other features including microbiome profiling.  Gene expression and proteomic profiling has already been completed in islets. We will collect and analyze the genetic architecture of gene expression in liver, adipose, skeletal muscle. Tissues will be sent to JAX Bar Harbor from Alan Attie’s lab. These tissues were from the same mice used for transcriptome analysis of islets (Genetics May 1, 2018 vol. 209 no. 1 335-356)",transcription profiling by high-throughput sequencing design,39386475;40595617,,,857057,GPL24247,Mus musculus,GSE,Expression profiling by high throughput sequencing,2024/05/10,474,ftp://ftp.ncbi.nlm.nih.gov/geo/series/GSE266nnn/GSE266567/,Transcripts with high distal heritability mediate genetic effects on complex metabolic traits.,bioRxiv : the preprint server for biology,2024 Sep 27,10.1101/2024.09.26.613931,OSD-105|Mmus_C57-6J_TA_GC_Rep1_M33,Ground Control
6,GSM5388344,0.9986426830291748,GSE178356,Insulin and IGF-1 Receptors Regulate Complex-I Dependent Mitochondrial Bioenergetics and Supercomplexes via FoxOs in Muscle,,,"Decreased skeletal muscle strength and mitochondrial dysfunction are characteristic of diabetes. Action of insulin through insulin receptor (IR) and IGF-1 receptor (IGF1R) maintain muscle mass via suppression of FoxOs, but whether FoxO activation coordinates atrophy in concert with mitochondrial dysfunction is unknown. In the absence of systemic glucose or lipid abnormalities, muscle-specific IR knockout (MIRKO) or combined IR/IGF1R knockout (MIGIRKO) impaired mitochondrial respiration, decreased ATP production, and increased ROS. These mitochondrial abnormalities were not present in muscle-specific IR/IGF1R and FoxO1/3/4 quintuple knockout mice (QKO). Although autophagy was increased when IR/IGF1R were deleted in muscle, mitophagy was not increased. Mechanistically, RNA-seq revealed that complex-I core subunits were decreased in MIGIRKO muscle, and these were reversed with FoxO knockout. Thus, insulin-deficient diabetes or loss of insulin/IGF-1 action in muscle decreases complex-I driven mitochondrial respiration and supercomplex assembly, in part by FoxO-mediated repression of Complex-I subunit expression.","Male mice were used in all animal studies unless stated otherwise. Muscle-specific IR knock-out (MIRKO), IGF1R knock-out (MIGF1RKO) combined IR/IGF1R knock-out (MIGIRKO), and combined IR/IGF1R with FoxO1/3/4 quintuple knock-out (QKO) mice were generated as previously described (PMID: 25981038, 27525440). Briefly, MIRKO, MIGIRKO, and QKO mice were generated using Acta1-Cre (stock 006149; Jackson Laboratory).  Each mouse line was maintained in a separate colony and floxed littermates were used as controls in each experiment. All animals were on a mixed background containing C57Blk6, C57Blk6J, and 129 strains and as such may contain random mutations in the Nnt (Nicotinamide nucleotide transhydrogenase) gene.  A post-hoc determination of Nnt genotype revealed that MIGIRKO and IRIGFRlox were heterozygous, whereas other strains (MIRKO, IRlox, QKO, and Qlox were mixed homozygous and heterozygous for Nnt gene (data not shown), but did not correlate with the mitochondrial differences demonstrated in our study.",,,,512564,GPL17021,Mus musculus,GSE,Expression profiling by high throughput sequencing,2021/07/21,34,ftp://ftp.ncbi.nlm.nih.gov/geo/series/GSE178nnn/GSE178356/,,,,,OSD-105|Mmus_C57-6J_TA_GC_Rep1_M33,Ground Control
7,GSM8250916,0.9985969066619873,GSE266567,"Transcriptome profiling of non-islet metabolic tissues in ~500 DO mouse liver, adipose, and skeletal muscle tissue from mice fed high-fat, high-sugar diet. [skeletal muscle]",,,"Perform RNAseq with existing frozen mouse DO tissues from ~500 DO mice were sensitized on a HFHS diet (Keller, Gatti et al. 2018). The same mice have been extensively characterized for T2D-relevant clinical phenotypes, ex-vivo islet function, and other features including microbiome profiling.  Gene expression and proteomic profiling has already been completed in islets. We will collect and analyze the genetic architecture of gene expression in liver, adipose, skeletal muscle. Tissues will be sent to JAX Bar Harbor from Alan Attie’s lab. These tissues were from the same mice used for transcriptome analysis of islets (Genetics May 1, 2018 vol. 209 no. 1 335-356)",transcription profiling by high-throughput sequencing design,39386475;40595617,,,857109,GPL24247,Mus musculus,GSE,Expression profiling by high throughput sequencing,2024/05/10,474,ftp://ftp.ncbi.nlm.nih.gov/geo/series/GSE266nnn/GSE266567/,Transcripts with high distal heritability mediate genetic effects on complex metabolic traits.,bioRxiv : the preprint server for biology,2024 Sep 27,10.1101/2024.09.26.613931,OSD-105|Mmus_C57-6J_TA_GC_Rep1_M33,Ground Control
8,GSM8250001,0.9985969066619873,GSE266549,"Transcriptome profiling of non-islet metabolic tissues in ~500 DO mouse liver, adipose, and skeletal muscle tissue from mice fed high-fat, high-sugar diet. [Adipose]",,,"Perform RNAseq with existing frozen mouse DO tissues from ~500 DO mice were sensitized on a HFHS diet (Keller, Gatti et al. 2018). The same mice have been extensively characterized for T2D-relevant clinical phenotypes, ex-vivo islet function, and other features including microbiome profiling.  Gene expression and proteomic profiling has already been completed in islets. We will collect and analyze the genetic architecture of gene expression in liver, adipose, skeletal muscle. Tissues will be sent to JAX Bar Harbor from Alan Attie’s lab. These tissues were from the same mice used for transcriptome analysis of islets (Genetics May 1, 2018 vol. 209 no. 1 335-356)",transcription profiling by high-throughput sequencing design,39386475;40595617,,,856640,GPL24247,Mus musculus,GSE,Expression profiling by high throughput sequencing,2024/05/10,468,ftp://ftp.ncbi.nlm.nih.gov/geo/series/GSE266nnn/GSE266549/,Transcripts with high distal heritability mediate genetic effects on complex metabolic traits.,bioRxiv : the preprint server for biology,2024 Sep 27,10.1101/2024.09.26.613931,OSD-105|Mmus_C57-6J_TA_GC_Rep1_M33,Ground Control
9,GSM5829472,0.9985632300376892,GSE194145,Metabolic subgroups of Diversity Outbred mice show distinct phenotypic and transcriptomic signatures of obesity and insulin resistance,,,"Clinicians and researchers are turning towards precision medicine to treat and prevent obesity and diabetes, given the known contributions of genetics to these metabolic diseases and the wide variability reported in response to treatments. Animal models that incorporate the genetic diversity present in the human population may help discover novel genetic contributors to metabolic disease and test potential treatments. We characterized the Diversity Outbred (DO) mouse population as a model in which to study interindividual variability in metabolic disease and investigated the presence of metabolic subgroups within the population. Glucose metabolism was assessed in male Diversity Outbred (DO) mice after consumption of a high-fat diet for 14 weeks and profiled transcriptomic changes in liver, adipose, and muscle—key tissues involved in glucose homeostasis. To identify metabolic subgroups, we applied classification and regression tree analyses to metabolic phenotype measures as well as transcriptomic data. These findings suggest that DO mice exhibit a diversity of metabolic phenotypes that can be segmented into subgroups using a machine learning approach. The metabolic subgroups observed in the DO may be a useful for probing the phenotypic variability in metabolic disease observed in humans.","Male DO mice received either control or high-fat diet (HFD) for 14 weeks. At study start animals were randomized and half of the mice (N=75) were placed on the High Fat diet (60 kcal %, D12492/D12492N; Research Diets, New Brunswick, NJ)  while the other half (N=75) continued receiving control diet ad libitum. Animals were examined for morbidity and clinical observation twice daily on weekdays and once daily on weekends and holidays. Body weight was measured prior to blood collection on week 1 and then weekly for the remainder of the study. Feed consumption was monitored weekly. During Week 1, 5, 9, and 14, mice were fasted for a period of 4-5 hours and resting-state glucose levels were measured. After 12 weeks, an oral glucose tolerance test was also conducted after mice were fasted overnight (approximately 16-18 hours). Serum insulin and leptin content as well as routine clinical chemistry were also measured. After 14 weeks animals were necropsied and tissues collected. Samples of liver, muscle, and adipose (abdominal) tissue were frozen in liquid nitrogen and stored at or below -70 degrees C. Total RNA was extracted from small sub-samples of these three tissues and gene expression was measured to investigate potential molecular changes driving variability among mice to allow subgroupings. Metabolic subgroups were identified using a machine-learning algorithm.",,,,593630,GPL16417,Mus musculus,GSE,Expression profiling by high throughput sequencing,2022/12/30,446,ftp://ftp.ncbi.nlm.nih.gov/geo/series/GSE194nnn/GSE194145/,,,,,OSD-105|Mmus_C57-6J_TA_GC_Rep1_M33,Ground Control
10,GSM7974056,0.9992919564247131,GSE232837,Hydroxycitrate delays early mortality in mice and promotes muscle regeneration while inducing a rich hepatic energetic status.,,,"ATP citrate lyase (ACLY) inhibitors have the potential of modulating central processes in protein, carbohydrate, and lipid metabolism, which can have relevant physiological consequences in aging and age-related diseases. Here, we show that hepatic phospho-active ACLY correlates with overweight and Model for End-stage Liver Disease score in humans. Wild-type mice treated chronically with the ACLY inhibitor potassium hydroxycitrate exhibited delayed early mortality. In AML12 hepatocyte cultures, the ACLY inhibitors potassium hydroxycitrate, SB-204990, and bempedoic acid fostered lipid accumulation, which was also observed in the liver of healthy-fed mice treated with potassium hydroxycitrate. Analysis of soleus tissue indicated that potassium hydroxycitrate produced the modulation of wound healing processes. In vivo, potassium hydroxycitrate modulated locomotor function toward increased wire hang performance and reduced rotarod performance in healthy-fed mice, and improved locomotion in mice exposed to cardiotoxin-induced muscle atrophy. Our findings implicate ACLY and ACLY inhibitors in different aspects of aging and muscle regeneration.","C57BL/6 male mice were divided in different groups with a standard diet or standard diet supplemented with hydroxycitrate. AML12 cells were siRNA interfered for Acly expression and were treated with hydroxycitrate, SB-204990 or Bempedoic acid. RNAseq was performed from AML12 cells, liver, soleo and gastrocnemius.",38760909,,,835926,GPL24247,Mus musculus,GSE,Expression profiling by high throughput sequencing,2024/05/16,59,ftp://ftp.ncbi.nlm.nih.gov/geo/series/GSE232nnn/GSE232837/,Hydroxycitrate delays early mortality in mice and promotes muscle regeneration while inducing a rich hepatic energetic status.,Aging cell,2024 Sep,10.1111/acel.14205,OSD-105|Mmus_C57-6J_TA_GC_Rep2_M34,Ground Control
11,GSM8249947,0.9992309212684631,GSE266549,"Transcriptome profiling of non-islet metabolic tissues in ~500 DO mouse liver, adipose, and skeletal muscle tissue from mice fed high-fat, high-sugar diet. [Adipose]",,,"Perform RNAseq with existing frozen mouse DO tissues from ~500 DO mice were sensitized on a HFHS diet (Keller, Gatti et al. 2018). The same mice have been extensively characterized for T2D-relevant clinical phenotypes, ex-vivo islet function, and other features including microbiome profiling.  Gene expression and proteomic profiling has already been completed in islets. We will collect and analyze the genetic architecture of gene expression in liver, adipose, skeletal muscle. Tissues will be sent to JAX Bar Harbor from Alan Attie’s lab. These tissues were from the same mice used for transcriptome analysis of islets (Genetics May 1, 2018 vol. 209 no. 1 335-356)",transcription profiling by high-throughput sequencing design,39386475;40595617,,,856586,GPL24247,Mus musculus,GSE,Expression profiling by high throughput sequencing,2024/05/10,468,ftp://ftp.ncbi.nlm.nih.gov/geo/series/GSE266nnn/GSE266549/,Transcripts with high distal heritability mediate genetic effects on complex metabolic traits.,bioRxiv : the preprint server for biology,2024 Sep 27,10.1101/2024.09.26.613931,OSD-105|Mmus_C57-6J_TA_GC_Rep2_M34,Ground Control
12,GSM8250863,0.9992309212684631,GSE266567,"Transcriptome profiling of non-islet metabolic tissues in ~500 DO mouse liver, adipose, and skeletal muscle tissue from mice fed high-fat, high-sugar diet. [skeletal muscle]",,,"Perform RNAseq with existing frozen mouse DO tissues from ~500 DO mice were sensitized on a HFHS diet (Keller, Gatti et al. 2018). The same mice have been extensively characterized for T2D-relevant clinical phenotypes, ex-vivo islet function, and other features including microbiome profiling.  Gene expression and proteomic profiling has already been completed in islets. We will collect and analyze the genetic architecture of gene expression in liver, adipose, skeletal muscle. Tissues will be sent to JAX Bar Harbor from Alan Attie’s lab. These tissues were from the same mice used for transcriptome analysis of islets (Genetics May 1, 2018 vol. 209 no. 1 335-356)",transcription profiling by high-throughput sequencing design,39386475;40595617,,,857057,GPL24247,Mus musculus,GSE,Expression profiling by high throughput sequencing,2024/05/10,474,ftp://ftp.ncbi.nlm.nih.gov/geo/series/GSE266nnn/GSE266567/,Transcripts with high distal heritability mediate genetic effects on complex metabolic traits.,bioRxiv : the preprint server for biology,2024 Sep 27,10.1101/2024.09.26.613931,OSD-105|Mmus_C57-6J_TA_GC_Rep2_M34,Ground Control
13,GSM8250893,0.999158501625061,GSE266567,"Transcriptome profiling of non-islet metabolic tissues in ~500 DO mouse liver, adipose, and skeletal muscle tissue from mice fed high-fat, high-sugar diet. [skeletal muscle]",,,"Perform RNAseq with existing frozen mouse DO tissues from ~500 DO mice were sensitized on a HFHS diet (Keller, Gatti et al. 2018). The same mice have been extensively characterized for T2D-relevant clinical phenotypes, ex-vivo islet function, and other features including microbiome profiling.  Gene expression and proteomic profiling has already been completed in islets. We will collect and analyze the genetic architecture of gene expression in liver, adipose, skeletal muscle. Tissues will be sent to JAX Bar Harbor from Alan Attie’s lab. These tissues were from the same mice used for transcriptome analysis of islets (Genetics May 1, 2018 vol. 209 no. 1 335-356)",transcription profiling by high-throughput sequencing design,39386475;40595617,,,857087,GPL24247,Mus musculus,GSE,Expression profiling by high throughput sequencing,2024/05/10,474,ftp://ftp.ncbi.nlm.nih.gov/geo/series/GSE266nnn/GSE266567/,Transcripts with high distal heritability mediate genetic effects on complex metabolic traits.,bioRxiv : the preprint server for biology,2024 Sep 27,10.1101/2024.09.26.613931,OSD-105|Mmus_C57-6J_TA_GC_Rep2_M34,Ground Control
14,GSM8249977,0.999158501625061,GSE266549,"Transcriptome profiling of non-islet metabolic tissues in ~500 DO mouse liver, adipose, and skeletal muscle tissue from mice fed high-fat, high-sugar diet. [Adipose]",,,"Perform RNAseq with existing frozen mouse DO tissues from ~500 DO mice were sensitized on a HFHS diet (Keller, Gatti et al. 2018). The same mice have been extensively characterized for T2D-relevant clinical phenotypes, ex-vivo islet function, and other features including microbiome profiling.  Gene expression and proteomic profiling has already been completed in islets. We will collect and analyze the genetic architecture of gene expression in liver, adipose, skeletal muscle. Tissues will be sent to JAX Bar Harbor from Alan Attie’s lab. These tissues were from the same mice used for transcriptome analysis of islets (Genetics May 1, 2018 vol. 209 no. 1 335-356)",transcription profiling by high-throughput sequencing design,39386475;40595617,,,856616,GPL24247,Mus musculus,GSE,Expression profiling by high throughput sequencing,2024/05/10,468,ftp://ftp.ncbi.nlm.nih.gov/geo/series/GSE266nnn/GSE266549/,Transcripts with high distal heritability mediate genetic effects on complex metabolic traits.,bioRxiv : the preprint server for biology,2024 Sep 27,10.1101/2024.09.26.613931,OSD-105|Mmus_C57-6J_TA_GC_Rep2_M34,Ground Control
15,GSM8250768,0.9991573691368103,GSE266567,"Transcriptome profiling of non-islet metabolic tissues in ~500 DO mouse liver, adipose, and skeletal muscle tissue from mice fed high-fat, high-sugar diet. [skeletal muscle]",,,"Perform RNAseq with existing frozen mouse DO tissues from ~500 DO mice were sensitized on a HFHS diet (Keller, Gatti et al. 2018). The same mice have been extensively characterized for T2D-relevant clinical phenotypes, ex-vivo islet function, and other features including microbiome profiling.  Gene expression and proteomic profiling has already been completed in islets. We will collect and analyze the genetic architecture of gene expression in liver, adipose, skeletal muscle. Tissues will be sent to JAX Bar Harbor from Alan Attie’s lab. These tissues were from the same mice used for transcriptome analysis of islets (Genetics May 1, 2018 vol. 209 no. 1 335-356)",transcription profiling by high-throughput sequencing design,39386475;40595617,,,856963,GPL24247,Mus musculus,GSE,Expression profiling by high throughput sequencing,2024/05/10,474,ftp://ftp.ncbi.nlm.nih.gov/geo/series/GSE266nnn/GSE266567/,Transcripts with high distal heritability mediate genetic effects on complex metabolic traits.,bioRxiv : the preprint server for biology,2024 Sep 27,10.1101/2024.09.26.613931,OSD-105|Mmus_C57-6J_TA_GC_Rep2_M34,Ground Control
16,GSM8249852,0.9991573691368103,GSE266549,"Transcriptome profiling of non-islet metabolic tissues in ~500 DO mouse liver, adipose, and skeletal muscle tissue from mice fed high-fat, high-sugar diet. [Adipose]",,,"Perform RNAseq with existing frozen mouse DO tissues from ~500 DO mice were sensitized on a HFHS diet (Keller, Gatti et al. 2018). The same mice have been extensively characterized for T2D-relevant clinical phenotypes, ex-vivo islet function, and other features including microbiome profiling.  Gene expression and proteomic profiling has already been completed in islets. We will collect and analyze the genetic architecture of gene expression in liver, adipose, skeletal muscle. Tissues will be sent to JAX Bar Harbor from Alan Attie’s lab. These tissues were from the same mice used for transcriptome analysis of islets (Genetics May 1, 2018 vol. 209 no. 1 335-356)",transcription profiling by high-throughput sequencing design,39386475;40595617,,,856492,GPL24247,Mus musculus,GSE,Expression profiling by high throughput sequencing,2024/05/10,468,ftp://ftp.ncbi.nlm.nih.gov/geo/series/GSE266nnn/GSE266549/,Transcripts with high distal heritability mediate genetic effects on complex metabolic traits.,bioRxiv : the preprint server for biology,2024 Sep 27,10.1101/2024.09.26.613931,OSD-105|Mmus_C57-6J_TA_GC_Rep2_M34,Ground Control
17,GSM8251035,0.99915611743927,GSE266567,"Transcriptome profiling of non-islet metabolic tissues in ~500 DO mouse liver, adipose, and skeletal muscle tissue from mice fed high-fat, high-sugar diet. [skeletal muscle]",,,"Perform RNAseq with existing frozen mouse DO tissues from ~500 DO mice were sensitized on a HFHS diet (Keller, Gatti et al. 2018). The same mice have been extensively characterized for T2D-relevant clinical phenotypes, ex-vivo islet function, and other features including microbiome profiling.  Gene expression and proteomic profiling has already been completed in islets. We will collect and analyze the genetic architecture of gene expression in liver, adipose, skeletal muscle. Tissues will be sent to JAX Bar Harbor from Alan Attie’s lab. These tissues were from the same mice used for transcriptome analysis of islets (Genetics May 1, 2018 vol. 209 no. 1 335-356)",transcription profiling by high-throughput sequencing design,39386475;40595617,,,857228,GPL24247,Mus musculus,GSE,Expression profiling by high throughput sequencing,2024/05/10,474,ftp://ftp.ncbi.nlm.nih.gov/geo/series/GSE266nnn/GSE266567/,Transcripts with high distal heritability mediate genetic effects on complex metabolic traits.,bioRxiv : the preprint server for biology,2024 Sep 27,10.1101/2024.09.26.613931,OSD-105|Mmus_C57-6J_TA_GC_Rep2_M34,Ground Control
18,GSM8250121,0.99915611743927,GSE266549,"Transcriptome profiling of non-islet metabolic tissues in ~500 DO mouse liver, adipose, and skeletal muscle tissue from mice fed high-fat, high-sugar diet. [Adipose]",,,"Perform RNAseq with existing frozen mouse DO tissues from ~500 DO mice were sensitized on a HFHS diet (Keller, Gatti et al. 2018). The same mice have been extensively characterized for T2D-relevant clinical phenotypes, ex-vivo islet function, and other features including microbiome profiling.  Gene expression and proteomic profiling has already been completed in islets. We will collect and analyze the genetic architecture of gene expression in liver, adipose, skeletal muscle. Tissues will be sent to JAX Bar Harbor from Alan Attie’s lab. These tissues were from the same mice used for transcriptome analysis of islets (Genetics May 1, 2018 vol. 209 no. 1 335-356)",transcription profiling by high-throughput sequencing design,39386475;40595617,,,856760,GPL24247,Mus musculus,GSE,Expression profiling by high throughput sequencing,2024/05/10,468,ftp://ftp.ncbi.nlm.nih.gov/geo/series/GSE266nnn/GSE266549/,Transcripts with high distal heritability mediate genetic effects on complex metabolic traits.,bioRxiv : the preprint server for biology,2024 Sep 27,10.1101/2024.09.26.613931,OSD-105|Mmus_C57-6J_TA_GC_Rep2_M34,Ground Control
19,GSM8250046,0.9991352558135986,GSE266549,"Transcriptome profiling of non-islet metabolic tissues in ~500 DO mouse liver, adipose, and skeletal muscle tissue from mice fed high-fat, high-sugar diet. [Adipose]",,,"Perform RNAseq with existing frozen mouse DO tissues from ~500 DO mice were sensitized on a HFHS diet (Keller, Gatti et al. 2018). The same mice have been extensively characterized for T2D-relevant clinical phenotypes, ex-vivo islet function, and other features including microbiome profiling.  Gene expression and proteomic profiling has already been completed in islets. We will collect and analyze the genetic architecture of gene expression in liver, adipose, skeletal muscle. Tissues will be sent to JAX Bar Harbor from Alan Attie’s lab. These tissues were from the same mice used for transcriptome analysis of islets (Genetics May 1, 2018 vol. 209 no. 1 335-356)",transcription profiling by high-throughput sequencing design,39386475;40595617,,,856685,GPL24247,Mus musculus,GSE,Expression profiling by high throughput sequencing,2024/05/10,468,ftp://ftp.ncbi.nlm.nih.gov/geo/series/GSE266nnn/GSE266549/,Transcripts with high distal heritability mediate genetic effects on complex metabolic traits.,bioRxiv : the preprint server for biology,2024 Sep 27,10.1101/2024.09.26.613931,OSD-105|Mmus_C57-6J_TA_GC_Rep2_M34,Ground Control
20,GSM8249977,0.9993882179260254,GSE266549,"Transcriptome profiling of non-islet metabolic tissues in ~500 DO mouse liver, adipose, and skeletal muscle tissue from mice fed high-fat, high-sugar diet. [Adipose]",,,"Perform RNAseq with existing frozen mouse DO tissues from ~500 DO mice were sensitized on a HFHS diet (Keller, Gatti et al. 2018). The same mice have been extensively characterized for T2D-relevant clinical phenotypes, ex-vivo islet function, and other features including microbiome profiling.  Gene expression and proteomic profiling has already been completed in islets. We will collect and analyze the genetic architecture of gene expression in liver, adipose, skeletal muscle. Tissues will be sent to JAX Bar Harbor from Alan Attie’s lab. These tissues were from the same mice used for transcriptome analysis of islets (Genetics May 1, 2018 vol. 209 no. 1 335-356)",transcription profiling by high-throughput sequencing design,39386475;40595617,,,856616,GPL24247,Mus musculus,GSE,Expression profiling by high throughput sequencing,2024/05/10,468,ftp://ftp.ncbi.nlm.nih.gov/geo/series/GSE266nnn/GSE266549/,Transcripts with high distal heritability mediate genetic effects on complex metabolic traits.,bioRxiv : the preprint server for biology,2024 Sep 27,10.1101/2024.09.26.613931,OSD-105|Mmus_C57-6J_TA_GC_Rep3_M35,Ground Control
21,GSM8250893,0.9993882179260254,GSE266567,"Transcriptome profiling of non-islet metabolic tissues in ~500 DO mouse liver, adipose, and skeletal muscle tissue from mice fed high-fat, high-sugar diet. [skeletal muscle]",,,"Perform RNAseq with existing frozen mouse DO tissues from ~500 DO mice were sensitized on a HFHS diet (Keller, Gatti et al. 2018). The same mice have been extensively characterized for T2D-relevant clinical phenotypes, ex-vivo islet function, and other features including microbiome profiling.  Gene expression and proteomic profiling has already been completed in islets. We will collect and analyze the genetic architecture of gene expression in liver, adipose, skeletal muscle. Tissues will be sent to JAX Bar Harbor from Alan Attie’s lab. These tissues were from the same mice used for transcriptome analysis of islets (Genetics May 1, 2018 vol. 209 no. 1 335-356)",transcription profiling by high-throughput sequencing design,39386475;40595617,,,857087,GPL24247,Mus musculus,GSE,Expression profiling by high throughput sequencing,2024/05/10,474,ftp://ftp.ncbi.nlm.nih.gov/geo/series/GSE266nnn/GSE266567/,Transcripts with high distal heritability mediate genetic effects on complex metabolic traits.,bioRxiv : the preprint server for biology,2024 Sep 27,10.1101/2024.09.26.613931,OSD-105|Mmus_C57-6J_TA_GC_Rep3_M35,Ground Control
22,GSM7974056,0.9993793964385986,GSE232837,Hydroxycitrate delays early mortality in mice and promotes muscle regeneration while inducing a rich hepatic energetic status.,,,"ATP citrate lyase (ACLY) inhibitors have the potential of modulating central processes in protein, carbohydrate, and lipid metabolism, which can have relevant physiological consequences in aging and age-related diseases. Here, we show that hepatic phospho-active ACLY correlates with overweight and Model for End-stage Liver Disease score in humans. Wild-type mice treated chronically with the ACLY inhibitor potassium hydroxycitrate exhibited delayed early mortality. In AML12 hepatocyte cultures, the ACLY inhibitors potassium hydroxycitrate, SB-204990, and bempedoic acid fostered lipid accumulation, which was also observed in the liver of healthy-fed mice treated with potassium hydroxycitrate. Analysis of soleus tissue indicated that potassium hydroxycitrate produced the modulation of wound healing processes. In vivo, potassium hydroxycitrate modulated locomotor function toward increased wire hang performance and reduced rotarod performance in healthy-fed mice, and improved locomotion in mice exposed to cardiotoxin-induced muscle atrophy. Our findings implicate ACLY and ACLY inhibitors in different aspects of aging and muscle regeneration.","C57BL/6 male mice were divided in different groups with a standard diet or standard diet supplemented with hydroxycitrate. AML12 cells were siRNA interfered for Acly expression and were treated with hydroxycitrate, SB-204990 or Bempedoic acid. RNAseq was performed from AML12 cells, liver, soleo and gastrocnemius.",38760909,,,835926,GPL24247,Mus musculus,GSE,Expression profiling by high throughput sequencing,2024/05/16,59,ftp://ftp.ncbi.nlm.nih.gov/geo/series/GSE232nnn/GSE232837/,Hydroxycitrate delays early mortality in mice and promotes muscle regeneration while inducing a rich hepatic energetic status.,Aging cell,2024 Sep,10.1111/acel.14205,OSD-105|Mmus_C57-6J_TA_GC_Rep3_M35,Ground Control
23,GSM8249947,0.9993623495101929,GSE266549,"Transcriptome profiling of non-islet metabolic tissues in ~500 DO mouse liver, adipose, and skeletal muscle tissue from mice fed high-fat, high-sugar diet. [Adipose]",,,"Perform RNAseq with existing frozen mouse DO tissues from ~500 DO mice were sensitized on a HFHS diet (Keller, Gatti et al. 2018). The same mice have been extensively characterized for T2D-relevant clinical phenotypes, ex-vivo islet function, and other features including microbiome profiling.  Gene expression and proteomic profiling has already been completed in islets. We will collect and analyze the genetic architecture of gene expression in liver, adipose, skeletal muscle. Tissues will be sent to JAX Bar Harbor from Alan Attie’s lab. These tissues were from the same mice used for transcriptome analysis of islets (Genetics May 1, 2018 vol. 209 no. 1 335-356)",transcription profiling by high-throughput sequencing design,39386475;40595617,,,856586,GPL24247,Mus musculus,GSE,Expression profiling by high throughput sequencing,2024/05/10,468,ftp://ftp.ncbi.nlm.nih.gov/geo/series/GSE266nnn/GSE266549/,Transcripts with high distal heritability mediate genetic effects on complex metabolic traits.,bioRxiv : the preprint server for biology,2024 Sep 27,10.1101/2024.09.26.613931,OSD-105|Mmus_C57-6J_TA_GC_Rep3_M35,Ground Control
24,GSM8250863,0.9993623495101929,GSE266567,"Transcriptome profiling of non-islet metabolic tissues in ~500 DO mouse liver, adipose, and skeletal muscle tissue from mice fed high-fat, high-sugar diet. [skeletal muscle]",,,"Perform RNAseq with existing frozen mouse DO tissues from ~500 DO mice were sensitized on a HFHS diet (Keller, Gatti et al. 2018). The same mice have been extensively characterized for T2D-relevant clinical phenotypes, ex-vivo islet function, and other features including microbiome profiling.  Gene expression and proteomic profiling has already been completed in islets. We will collect and analyze the genetic architecture of gene expression in liver, adipose, skeletal muscle. Tissues will be sent to JAX Bar Harbor from Alan Attie’s lab. These tissues were from the same mice used for transcriptome analysis of islets (Genetics May 1, 2018 vol. 209 no. 1 335-356)",transcription profiling by high-throughput sequencing design,39386475;40595617,,,857057,GPL24247,Mus musculus,GSE,Expression profiling by high throughput sequencing,2024/05/10,474,ftp://ftp.ncbi.nlm.nih.gov/geo/series/GSE266nnn/GSE266567/,Transcripts with high distal heritability mediate genetic effects on complex metabolic traits.,bioRxiv : the preprint server for biology,2024 Sep 27,10.1101/2024.09.26.613931,OSD-105|Mmus_C57-6J_TA_GC_Rep3_M35,Ground Control
25,GSM8249852,0.9993594288825989,GSE266549,"Transcriptome profiling of non-islet metabolic tissues in ~500 DO mouse liver, adipose, and skeletal muscle tissue from mice fed high-fat, high-sugar diet. [Adipose]",,,"Perform RNAseq with existing frozen mouse DO tissues from ~500 DO mice were sensitized on a HFHS diet (Keller, Gatti et al. 2018). The same mice have been extensively characterized for T2D-relevant clinical phenotypes, ex-vivo islet function, and other features including microbiome profiling.  Gene expression and proteomic profiling has already been completed in islets. We will collect and analyze the genetic architecture of gene expression in liver, adipose, skeletal muscle. Tissues will be sent to JAX Bar Harbor from Alan Attie’s lab. These tissues were from the same mice used for transcriptome analysis of islets (Genetics May 1, 2018 vol. 209 no. 1 335-356)",transcription profiling by high-throughput sequencing design,39386475;40595617,,,856492,GPL24247,Mus musculus,GSE,Expression profiling by high throughput sequencing,2024/05/10,468,ftp://ftp.ncbi.nlm.nih.gov/geo/series/GSE266nnn/GSE266549/,Transcripts with high distal heritability mediate genetic effects on complex metabolic traits.,bioRxiv : the preprint server for biology,2024 Sep 27,10.1101/2024.09.26.613931,OSD-105|Mmus_C57-6J_TA_GC_Rep3_M35,Ground Control
26,GSM8250768,0.9993594288825989,GSE266567,"Transcriptome profiling of non-islet metabolic tissues in ~500 DO mouse liver, adipose, and skeletal muscle tissue from mice fed high-fat, high-sugar diet. [skeletal muscle]",,,"Perform RNAseq with existing frozen mouse DO tissues from ~500 DO mice were sensitized on a HFHS diet (Keller, Gatti et al. 2018). The same mice have been extensively characterized for T2D-relevant clinical phenotypes, ex-vivo islet function, and other features including microbiome profiling.  Gene expression and proteomic profiling has already been completed in islets. We will collect and analyze the genetic architecture of gene expression in liver, adipose, skeletal muscle. Tissues will be sent to JAX Bar Harbor from Alan Attie’s lab. These tissues were from the same mice used for transcriptome analysis of islets (Genetics May 1, 2018 vol. 209 no. 1 335-356)",transcription profiling by high-throughput sequencing design,39386475;40595617,,,856963,GPL24247,Mus musculus,GSE,Expression profiling by high throughput sequencing,2024/05/10,474,ftp://ftp.ncbi.nlm.nih.gov/geo/series/GSE266nnn/GSE266567/,Transcripts with high distal heritability mediate genetic effects on complex metabolic traits.,bioRxiv : the preprint server for biology,2024 Sep 27,10.1101/2024.09.26.613931,OSD-105|Mmus_C57-6J_TA_GC_Rep3_M35,Ground Control
27,GSM8250121,0.9993538856506348,GSE266549,"Transcriptome profiling of non-islet metabolic tissues in ~500 DO mouse liver, adipose, and skeletal muscle tissue from mice fed high-fat, high-sugar diet. [Adipose]",,,"Perform RNAseq with existing frozen mouse DO tissues from ~500 DO mice were sensitized on a HFHS diet (Keller, Gatti et al. 2018). The same mice have been extensively characterized for T2D-relevant clinical phenotypes, ex-vivo islet function, and other features including microbiome profiling.  Gene expression and proteomic profiling has already been completed in islets. We will collect and analyze the genetic architecture of gene expression in liver, adipose, skeletal muscle. Tissues will be sent to JAX Bar Harbor from Alan Attie’s lab. These tissues were from the same mice used for transcriptome analysis of islets (Genetics May 1, 2018 vol. 209 no. 1 335-356)",transcription profiling by high-throughput sequencing design,39386475;40595617,,,856760,GPL24247,Mus musculus,GSE,Expression profiling by high throughput sequencing,2024/05/10,468,ftp://ftp.ncbi.nlm.nih.gov/geo/series/GSE266nnn/GSE266549/,Transcripts with high distal heritability mediate genetic effects on complex metabolic traits.,bioRxiv : the preprint server for biology,2024 Sep 27,10.1101/2024.09.26.613931,OSD-105|Mmus_C57-6J_TA_GC_Rep3_M35,Ground Control
28,GSM8251035,0.9993538856506348,GSE266567,"Transcriptome profiling of non-islet metabolic tissues in ~500 DO mouse liver, adipose, and skeletal muscle tissue from mice fed high-fat, high-sugar diet. [skeletal muscle]",,,"Perform RNAseq with existing frozen mouse DO tissues from ~500 DO mice were sensitized on a HFHS diet (Keller, Gatti et al. 2018). The same mice have been extensively characterized for T2D-relevant clinical phenotypes, ex-vivo islet function, and other features including microbiome profiling.  Gene expression and proteomic profiling has already been completed in islets. We will collect and analyze the genetic architecture of gene expression in liver, adipose, skeletal muscle. Tissues will be sent to JAX Bar Harbor from Alan Attie’s lab. These tissues were from the same mice used for transcriptome analysis of islets (Genetics May 1, 2018 vol. 209 no. 1 335-356)",transcription profiling by high-throughput sequencing design,39386475;40595617,,,857228,GPL24247,Mus musculus,GSE,Expression profiling by high throughput sequencing,2024/05/10,474,ftp://ftp.ncbi.nlm.nih.gov/geo/series/GSE266nnn/GSE266567/,Transcripts with high distal heritability mediate genetic effects on complex metabolic traits.,bioRxiv : the preprint server for biology,2024 Sep 27,10.1101/2024.09.26.613931,OSD-105|Mmus_C57-6J_TA_GC_Rep3_M35,Ground Control
29,GSM8250046,0.9993072748184204,GSE266549,"Transcriptome profiling of non-islet metabolic tissues in ~500 DO mouse liver, adipose, and skeletal muscle tissue from mice fed high-fat, high-sugar diet. [Adipose]",,,"Perform RNAseq with existing frozen mouse DO tissues from ~500 DO mice were sensitized on a HFHS diet (Keller, Gatti et al. 2018). The same mice have been extensively characterized for T2D-relevant clinical phenotypes, ex-vivo islet function, and other features including microbiome profiling.  Gene expression and proteomic profiling has already been completed in islets. We will collect and analyze the genetic architecture of gene expression in liver, adipose, skeletal muscle. Tissues will be sent to JAX Bar Harbor from Alan Attie’s lab. These tissues were from the same mice used for transcriptome analysis of islets (Genetics May 1, 2018 vol. 209 no. 1 335-356)",transcription profiling by high-throughput sequencing design,39386475;40595617,,,856685,GPL24247,Mus musculus,GSE,Expression profiling by high throughput sequencing,2024/05/10,468,ftp://ftp.ncbi.nlm.nih.gov/geo/series/GSE266nnn/GSE266549/,Transcripts with high distal heritability mediate genetic effects on complex metabolic traits.,bioRxiv : the preprint server for biology,2024 Sep 27,10.1101/2024.09.26.613931,OSD-105|Mmus_C57-6J_TA_GC_Rep3_M35,Ground Control
30,GSM7974056,0.9992673397064209,GSE232837,Hydroxycitrate delays early mortality in mice and promotes muscle regeneration while inducing a rich hepatic energetic status.,,,"ATP citrate lyase (ACLY) inhibitors have the potential of modulating central processes in protein, carbohydrate, and lipid metabolism, which can have relevant physiological consequences in aging and age-related diseases. Here, we show that hepatic phospho-active ACLY correlates with overweight and Model for End-stage Liver Disease score in humans. Wild-type mice treated chronically with the ACLY inhibitor potassium hydroxycitrate exhibited delayed early mortality. In AML12 hepatocyte cultures, the ACLY inhibitors potassium hydroxycitrate, SB-204990, and bempedoic acid fostered lipid accumulation, which was also observed in the liver of healthy-fed mice treated with potassium hydroxycitrate. Analysis of soleus tissue indicated that potassium hydroxycitrate produced the modulation of wound healing processes. In vivo, potassium hydroxycitrate modulated locomotor function toward increased wire hang performance and reduced rotarod performance in healthy-fed mice, and improved locomotion in mice exposed to cardiotoxin-induced muscle atrophy. Our findings implicate ACLY and ACLY inhibitors in different aspects of aging and muscle regeneration.","C57BL/6 male mice were divided in different groups with a standard diet or standard diet supplemented with hydroxycitrate. AML12 cells were siRNA interfered for Acly expression and were treated with hydroxycitrate, SB-204990 or Bempedoic acid. RNAseq was performed from AML12 cells, liver, soleo and gastrocnemius.",38760909,,,835926,GPL24247,Mus musculus,GSE,Expression profiling by high throughput sequencing,2024/05/16,59,ftp://ftp.ncbi.nlm.nih.gov/geo/series/GSE232nnn/GSE232837/,Hydroxycitrate delays early mortality in mice and promotes muscle regeneration while inducing a rich hepatic energetic status.,Aging cell,2024 Sep,10.1111/acel.14205,OSD-105|Mmus_C57-6J_TA_GC_Rep4_M36,Ground Control
31,GSM8250863,0.9990877509117126,GSE266567,"Transcriptome profiling of non-islet metabolic tissues in ~500 DO mouse liver, adipose, and skeletal muscle tissue from mice fed high-fat, high-sugar diet. [skeletal muscle]",,,"Perform RNAseq with existing frozen mouse DO tissues from ~500 DO mice were sensitized on a HFHS diet (Keller, Gatti et al. 2018). The same mice have been extensively characterized for T2D-relevant clinical phenotypes, ex-vivo islet function, and other features including microbiome profiling.  Gene expression and proteomic profiling has already been completed in islets. We will collect and analyze the genetic architecture of gene expression in liver, adipose, skeletal muscle. Tissues will be sent to JAX Bar Harbor from Alan Attie’s lab. These tissues were from the same mice used for transcriptome analysis of islets (Genetics May 1, 2018 vol. 209 no. 1 335-356)",transcription profiling by high-throughput sequencing design,39386475;40595617,,,857057,GPL24247,Mus musculus,GSE,Expression profiling by high throughput sequencing,2024/05/10,474,ftp://ftp.ncbi.nlm.nih.gov/geo/series/GSE266nnn/GSE266567/,Transcripts with high distal heritability mediate genetic effects on complex metabolic traits.,bioRxiv : the preprint server for biology,2024 Sep 27,10.1101/2024.09.26.613931,OSD-105|Mmus_C57-6J_TA_GC_Rep4_M36,Ground Control
32,GSM8249947,0.9990877509117126,GSE266549,"Transcriptome profiling of non-islet metabolic tissues in ~500 DO mouse liver, adipose, and skeletal muscle tissue from mice fed high-fat, high-sugar diet. [Adipose]",,,"Perform RNAseq with existing frozen mouse DO tissues from ~500 DO mice were sensitized on a HFHS diet (Keller, Gatti et al. 2018). The same mice have been extensively characterized for T2D-relevant clinical phenotypes, ex-vivo islet function, and other features including microbiome profiling.  Gene expression and proteomic profiling has already been completed in islets. We will collect and analyze the genetic architecture of gene expression in liver, adipose, skeletal muscle. Tissues will be sent to JAX Bar Harbor from Alan Attie’s lab. These tissues were from the same mice used for transcriptome analysis of islets (Genetics May 1, 2018 vol. 209 no. 1 335-356)",transcription profiling by high-throughput sequencing design,39386475;40595617,,,856586,GPL24247,Mus musculus,GSE,Expression profiling by high throughput sequencing,2024/05/10,468,ftp://ftp.ncbi.nlm.nih.gov/geo/series/GSE266nnn/GSE266549/,Transcripts with high distal heritability mediate genetic effects on complex metabolic traits.,bioRxiv : the preprint server for biology,2024 Sep 27,10.1101/2024.09.26.613931,OSD-105|Mmus_C57-6J_TA_GC_Rep4_M36,Ground Control
33,GSM5388344,0.9990270733833313,GSE178356,Insulin and IGF-1 Receptors Regulate Complex-I Dependent Mitochondrial Bioenergetics and Supercomplexes via FoxOs in Muscle,,,"Decreased skeletal muscle strength and mitochondrial dysfunction are characteristic of diabetes. Action of insulin through insulin receptor (IR) and IGF-1 receptor (IGF1R) maintain muscle mass via suppression of FoxOs, but whether FoxO activation coordinates atrophy in concert with mitochondrial dysfunction is unknown. In the absence of systemic glucose or lipid abnormalities, muscle-specific IR knockout (MIRKO) or combined IR/IGF1R knockout (MIGIRKO) impaired mitochondrial respiration, decreased ATP production, and increased ROS. These mitochondrial abnormalities were not present in muscle-specific IR/IGF1R and FoxO1/3/4 quintuple knockout mice (QKO). Although autophagy was increased when IR/IGF1R were deleted in muscle, mitophagy was not increased. Mechanistically, RNA-seq revealed that complex-I core subunits were decreased in MIGIRKO muscle, and these were reversed with FoxO knockout. Thus, insulin-deficient diabetes or loss of insulin/IGF-1 action in muscle decreases complex-I driven mitochondrial respiration and supercomplex assembly, in part by FoxO-mediated repression of Complex-I subunit expression.","Male mice were used in all animal studies unless stated otherwise. Muscle-specific IR knock-out (MIRKO), IGF1R knock-out (MIGF1RKO) combined IR/IGF1R knock-out (MIGIRKO), and combined IR/IGF1R with FoxO1/3/4 quintuple knock-out (QKO) mice were generated as previously described (PMID: 25981038, 27525440). Briefly, MIRKO, MIGIRKO, and QKO mice were generated using Acta1-Cre (stock 006149; Jackson Laboratory).  Each mouse line was maintained in a separate colony and floxed littermates were used as controls in each experiment. All animals were on a mixed background containing C57Blk6, C57Blk6J, and 129 strains and as such may contain random mutations in the Nnt (Nicotinamide nucleotide transhydrogenase) gene.  A post-hoc determination of Nnt genotype revealed that MIGIRKO and IRIGFRlox were heterozygous, whereas other strains (MIRKO, IRlox, QKO, and Qlox were mixed homozygous and heterozygous for Nnt gene (data not shown), but did not correlate with the mitochondrial differences demonstrated in our study.",,,,512564,GPL17021,Mus musculus,GSE,Expression profiling by high throughput sequencing,2021/07/21,34,ftp://ftp.ncbi.nlm.nih.gov/geo/series/GSE178nnn/GSE178356/,,,,,OSD-105|Mmus_C57-6J_TA_GC_Rep4_M36,Ground Control
34,GSM8250776,0.9990018010139465,GSE266567,"Transcriptome profiling of non-islet metabolic tissues in ~500 DO mouse liver, adipose, and skeletal muscle tissue from mice fed high-fat, high-sugar diet. [skeletal muscle]",,,"Perform RNAseq with existing frozen mouse DO tissues from ~500 DO mice were sensitized on a HFHS diet (Keller, Gatti et al. 2018). The same mice have been extensively characterized for T2D-relevant clinical phenotypes, ex-vivo islet function, and other features including microbiome profiling.  Gene expression and proteomic profiling has already been completed in islets. We will collect and analyze the genetic architecture of gene expression in liver, adipose, skeletal muscle. Tissues will be sent to JAX Bar Harbor from Alan Attie’s lab. These tissues were from the same mice used for transcriptome analysis of islets (Genetics May 1, 2018 vol. 209 no. 1 335-356)",transcription profiling by high-throughput sequencing design,39386475;40595617,,,856971,GPL24247,Mus musculus,GSE,Expression profiling by high throughput sequencing,2024/05/10,474,ftp://ftp.ncbi.nlm.nih.gov/geo/series/GSE266nnn/GSE266567/,Transcripts with high distal heritability mediate genetic effects on complex metabolic traits.,bioRxiv : the preprint server for biology,2024 Sep 27,10.1101/2024.09.26.613931,OSD-105|Mmus_C57-6J_TA_GC_Rep4_M36,Ground Control
35,GSM8249860,0.9990018010139465,GSE266549,"Transcriptome profiling of non-islet metabolic tissues in ~500 DO mouse liver, adipose, and skeletal muscle tissue from mice fed high-fat, high-sugar diet. [Adipose]",,,"Perform RNAseq with existing frozen mouse DO tissues from ~500 DO mice were sensitized on a HFHS diet (Keller, Gatti et al. 2018). The same mice have been extensively characterized for T2D-relevant clinical phenotypes, ex-vivo islet function, and other features including microbiome profiling.  Gene expression and proteomic profiling has already been completed in islets. We will collect and analyze the genetic architecture of gene expression in liver, adipose, skeletal muscle. Tissues will be sent to JAX Bar Harbor from Alan Attie’s lab. These tissues were from the same mice used for transcriptome analysis of islets (Genetics May 1, 2018 vol. 209 no. 1 335-356)",transcription profiling by high-throughput sequencing design,39386475;40595617,,,856500,GPL24247,Mus musculus,GSE,Expression profiling by high throughput sequencing,2024/05/10,468,ftp://ftp.ncbi.nlm.nih.gov/geo/series/GSE266nnn/GSE266549/,Transcripts with high distal heritability mediate genetic effects on complex metabolic traits.,bioRxiv : the preprint server for biology,2024 Sep 27,10.1101/2024.09.26.613931,OSD-105|Mmus_C57-6J_TA_GC_Rep4_M36,Ground Control
36,GSM5829345,0.998970627784729,GSE194145,Metabolic subgroups of Diversity Outbred mice show distinct phenotypic and transcriptomic signatures of obesity and insulin resistance,,,"Clinicians and researchers are turning towards precision medicine to treat and prevent obesity and diabetes, given the known contributions of genetics to these metabolic diseases and the wide variability reported in response to treatments. Animal models that incorporate the genetic diversity present in the human population may help discover novel genetic contributors to metabolic disease and test potential treatments. We characterized the Diversity Outbred (DO) mouse population as a model in which to study interindividual variability in metabolic disease and investigated the presence of metabolic subgroups within the population. Glucose metabolism was assessed in male Diversity Outbred (DO) mice after consumption of a high-fat diet for 14 weeks and profiled transcriptomic changes in liver, adipose, and muscle—key tissues involved in glucose homeostasis. To identify metabolic subgroups, we applied classification and regression tree analyses to metabolic phenotype measures as well as transcriptomic data. These findings suggest that DO mice exhibit a diversity of metabolic phenotypes that can be segmented into subgroups using a machine learning approach. The metabolic subgroups observed in the DO may be a useful for probing the phenotypic variability in metabolic disease observed in humans.","Male DO mice received either control or high-fat diet (HFD) for 14 weeks. At study start animals were randomized and half of the mice (N=75) were placed on the High Fat diet (60 kcal %, D12492/D12492N; Research Diets, New Brunswick, NJ)  while the other half (N=75) continued receiving control diet ad libitum. Animals were examined for morbidity and clinical observation twice daily on weekdays and once daily on weekends and holidays. Body weight was measured prior to blood collection on week 1 and then weekly for the remainder of the study. Feed consumption was monitored weekly. During Week 1, 5, 9, and 14, mice were fasted for a period of 4-5 hours and resting-state glucose levels were measured. After 12 weeks, an oral glucose tolerance test was also conducted after mice were fasted overnight (approximately 16-18 hours). Serum insulin and leptin content as well as routine clinical chemistry were also measured. After 14 weeks animals were necropsied and tissues collected. Samples of liver, muscle, and adipose (abdominal) tissue were frozen in liquid nitrogen and stored at or below -70 degrees C. Total RNA was extracted from small sub-samples of these three tissues and gene expression was measured to investigate potential molecular changes driving variability among mice to allow subgroupings. Metabolic subgroups were identified using a machine-learning algorithm.",,,,593508,GPL16417,Mus musculus,GSE,Expression profiling by high throughput sequencing,2022/12/30,446,ftp://ftp.ncbi.nlm.nih.gov/geo/series/GSE194nnn/GSE194145/,,,,,OSD-105|Mmus_C57-6J_TA_GC_Rep4_M36,Ground Control
37,GSM8249911,0.998961329460144,GSE266549,"Transcriptome profiling of non-islet metabolic tissues in ~500 DO mouse liver, adipose, and skeletal muscle tissue from mice fed high-fat, high-sugar diet. [Adipose]",,,"Perform RNAseq with existing frozen mouse DO tissues from ~500 DO mice were sensitized on a HFHS diet (Keller, Gatti et al. 2018). The same mice have been extensively characterized for T2D-relevant clinical phenotypes, ex-vivo islet function, and other features including microbiome profiling.  Gene expression and proteomic profiling has already been completed in islets. We will collect and analyze the genetic architecture of gene expression in liver, adipose, skeletal muscle. Tissues will be sent to JAX Bar Harbor from Alan Attie’s lab. These tissues were from the same mice used for transcriptome analysis of islets (Genetics May 1, 2018 vol. 209 no. 1 335-356)",transcription profiling by high-throughput sequencing design,39386475;40595617,,,856551,GPL24247,Mus musculus,GSE,Expression profiling by high throughput sequencing,2024/05/10,468,ftp://ftp.ncbi.nlm.nih.gov/geo/series/GSE266nnn/GSE266549/,Transcripts with high distal heritability mediate genetic effects on complex metabolic traits.,bioRxiv : the preprint server for biology,2024 Sep 27,10.1101/2024.09.26.613931,OSD-105|Mmus_C57-6J_TA_GC_Rep4_M36,Ground Control
38,GSM8250827,0.998961329460144,GSE266567,"Transcriptome profiling of non-islet metabolic tissues in ~500 DO mouse liver, adipose, and skeletal muscle tissue from mice fed high-fat, high-sugar diet. [skeletal muscle]",,,"Perform RNAseq with existing frozen mouse DO tissues from ~500 DO mice were sensitized on a HFHS diet (Keller, Gatti et al. 2018). The same mice have been extensively characterized for T2D-relevant clinical phenotypes, ex-vivo islet function, and other features including microbiome profiling.  Gene expression and proteomic profiling has already been completed in islets. We will collect and analyze the genetic architecture of gene expression in liver, adipose, skeletal muscle. Tissues will be sent to JAX Bar Harbor from Alan Attie’s lab. These tissues were from the same mice used for transcriptome analysis of islets (Genetics May 1, 2018 vol. 209 no. 1 335-356)",transcription profiling by high-throughput sequencing design,39386475;40595617,,,857022,GPL24247,Mus musculus,GSE,Expression profiling by high throughput sequencing,2024/05/10,474,ftp://ftp.ncbi.nlm.nih.gov/geo/series/GSE266nnn/GSE266567/,Transcripts with high distal heritability mediate genetic effects on complex metabolic traits.,bioRxiv : the preprint server for biology,2024 Sep 27,10.1101/2024.09.26.613931,OSD-105|Mmus_C57-6J_TA_GC_Rep4_M36,Ground Control
39,GSM8250046,0.9989480376243591,GSE266549,"Transcriptome profiling of non-islet metabolic tissues in ~500 DO mouse liver, adipose, and skeletal muscle tissue from mice fed high-fat, high-sugar diet. [Adipose]",,,"Perform RNAseq with existing frozen mouse DO tissues from ~500 DO mice were sensitized on a HFHS diet (Keller, Gatti et al. 2018). The same mice have been extensively characterized for T2D-relevant clinical phenotypes, ex-vivo islet function, and other features including microbiome profiling.  Gene expression and proteomic profiling has already been completed in islets. We will collect and analyze the genetic architecture of gene expression in liver, adipose, skeletal muscle. Tissues will be sent to JAX Bar Harbor from Alan Attie’s lab. These tissues were from the same mice used for transcriptome analysis of islets (Genetics May 1, 2018 vol. 209 no. 1 335-356)",transcription profiling by high-throughput sequencing design,39386475;40595617,,,856685,GPL24247,Mus musculus,GSE,Expression profiling by high throughput sequencing,2024/05/10,468,ftp://ftp.ncbi.nlm.nih.gov/geo/series/GSE266nnn/GSE266549/,Transcripts with high distal heritability mediate genetic effects on complex metabolic traits.,bioRxiv : the preprint server for biology,2024 Sep 27,10.1101/2024.09.26.613931,OSD-105|Mmus_C57-6J_TA_GC_Rep4_M36,Ground Control
40,GSM7974056,0.9992822408676147,GSE232837,Hydroxycitrate delays early mortality in mice and promotes muscle regeneration while inducing a rich hepatic energetic status.,,,"ATP citrate lyase (ACLY) inhibitors have the potential of modulating central processes in protein, carbohydrate, and lipid metabolism, which can have relevant physiological consequences in aging and age-related diseases. Here, we show that hepatic phospho-active ACLY correlates with overweight and Model for End-stage Liver Disease score in humans. Wild-type mice treated chronically with the ACLY inhibitor potassium hydroxycitrate exhibited delayed early mortality. In AML12 hepatocyte cultures, the ACLY inhibitors potassium hydroxycitrate, SB-204990, and bempedoic acid fostered lipid accumulation, which was also observed in the liver of healthy-fed mice treated with potassium hydroxycitrate. Analysis of soleus tissue indicated that potassium hydroxycitrate produced the modulation of wound healing processes. In vivo, potassium hydroxycitrate modulated locomotor function toward increased wire hang performance and reduced rotarod performance in healthy-fed mice, and improved locomotion in mice exposed to cardiotoxin-induced muscle atrophy. Our findings implicate ACLY and ACLY inhibitors in different aspects of aging and muscle regeneration.","C57BL/6 male mice were divided in different groups with a standard diet or standard diet supplemented with hydroxycitrate. AML12 cells were siRNA interfered for Acly expression and were treated with hydroxycitrate, SB-204990 or Bempedoic acid. RNAseq was performed from AML12 cells, liver, soleo and gastrocnemius.",38760909,,,835926,GPL24247,Mus musculus,GSE,Expression profiling by high throughput sequencing,2024/05/16,59,ftp://ftp.ncbi.nlm.nih.gov/geo/series/GSE232nnn/GSE232837/,Hydroxycitrate delays early mortality in mice and promotes muscle regeneration while inducing a rich hepatic energetic status.,Aging cell,2024 Sep,10.1111/acel.14205,OSD-105|Mmus_C57-6J_TA_GC_Rep5_M37,Ground Control
41,GSM8249947,0.9991328716278076,GSE266549,"Transcriptome profiling of non-islet metabolic tissues in ~500 DO mouse liver, adipose, and skeletal muscle tissue from mice fed high-fat, high-sugar diet. [Adipose]",,,"Perform RNAseq with existing frozen mouse DO tissues from ~500 DO mice were sensitized on a HFHS diet (Keller, Gatti et al. 2018). The same mice have been extensively characterized for T2D-relevant clinical phenotypes, ex-vivo islet function, and other features including microbiome profiling.  Gene expression and proteomic profiling has already been completed in islets. We will collect and analyze the genetic architecture of gene expression in liver, adipose, skeletal muscle. Tissues will be sent to JAX Bar Harbor from Alan Attie’s lab. These tissues were from the same mice used for transcriptome analysis of islets (Genetics May 1, 2018 vol. 209 no. 1 335-356)",transcription profiling by high-throughput sequencing design,39386475;40595617,,,856586,GPL24247,Mus musculus,GSE,Expression profiling by high throughput sequencing,2024/05/10,468,ftp://ftp.ncbi.nlm.nih.gov/geo/series/GSE266nnn/GSE266549/,Transcripts with high distal heritability mediate genetic effects on complex metabolic traits.,bioRxiv : the preprint server for biology,2024 Sep 27,10.1101/2024.09.26.613931,OSD-105|Mmus_C57-6J_TA_GC_Rep5_M37,Ground Control
42,GSM8250863,0.9991328716278076,GSE266567,"Transcriptome profiling of non-islet metabolic tissues in ~500 DO mouse liver, adipose, and skeletal muscle tissue from mice fed high-fat, high-sugar diet. [skeletal muscle]",,,"Perform RNAseq with existing frozen mouse DO tissues from ~500 DO mice were sensitized on a HFHS diet (Keller, Gatti et al. 2018). The same mice have been extensively characterized for T2D-relevant clinical phenotypes, ex-vivo islet function, and other features including microbiome profiling.  Gene expression and proteomic profiling has already been completed in islets. We will collect and analyze the genetic architecture of gene expression in liver, adipose, skeletal muscle. Tissues will be sent to JAX Bar Harbor from Alan Attie’s lab. These tissues were from the same mice used for transcriptome analysis of islets (Genetics May 1, 2018 vol. 209 no. 1 335-356)",transcription profiling by high-throughput sequencing design,39386475;40595617,,,857057,GPL24247,Mus musculus,GSE,Expression profiling by high throughput sequencing,2024/05/10,474,ftp://ftp.ncbi.nlm.nih.gov/geo/series/GSE266nnn/GSE266567/,Transcripts with high distal heritability mediate genetic effects on complex metabolic traits.,bioRxiv : the preprint server for biology,2024 Sep 27,10.1101/2024.09.26.613931,OSD-105|Mmus_C57-6J_TA_GC_Rep5_M37,Ground Control
43,GSM8250776,0.9990265965461731,GSE266567,"Transcriptome profiling of non-islet metabolic tissues in ~500 DO mouse liver, adipose, and skeletal muscle tissue from mice fed high-fat, high-sugar diet. [skeletal muscle]",,,"Perform RNAseq with existing frozen mouse DO tissues from ~500 DO mice were sensitized on a HFHS diet (Keller, Gatti et al. 2018). The same mice have been extensively characterized for T2D-relevant clinical phenotypes, ex-vivo islet function, and other features including microbiome profiling.  Gene expression and proteomic profiling has already been completed in islets. We will collect and analyze the genetic architecture of gene expression in liver, adipose, skeletal muscle. Tissues will be sent to JAX Bar Harbor from Alan Attie’s lab. These tissues were from the same mice used for transcriptome analysis of islets (Genetics May 1, 2018 vol. 209 no. 1 335-356)",transcription profiling by high-throughput sequencing design,39386475;40595617,,,856971,GPL24247,Mus musculus,GSE,Expression profiling by high throughput sequencing,2024/05/10,474,ftp://ftp.ncbi.nlm.nih.gov/geo/series/GSE266nnn/GSE266567/,Transcripts with high distal heritability mediate genetic effects on complex metabolic traits.,bioRxiv : the preprint server for biology,2024 Sep 27,10.1101/2024.09.26.613931,OSD-105|Mmus_C57-6J_TA_GC_Rep5_M37,Ground Control
44,GSM8249860,0.9990265965461731,GSE266549,"Transcriptome profiling of non-islet metabolic tissues in ~500 DO mouse liver, adipose, and skeletal muscle tissue from mice fed high-fat, high-sugar diet. [Adipose]",,,"Perform RNAseq with existing frozen mouse DO tissues from ~500 DO mice were sensitized on a HFHS diet (Keller, Gatti et al. 2018). The same mice have been extensively characterized for T2D-relevant clinical phenotypes, ex-vivo islet function, and other features including microbiome profiling.  Gene expression and proteomic profiling has already been completed in islets. We will collect and analyze the genetic architecture of gene expression in liver, adipose, skeletal muscle. Tissues will be sent to JAX Bar Harbor from Alan Attie’s lab. These tissues were from the same mice used for transcriptome analysis of islets (Genetics May 1, 2018 vol. 209 no. 1 335-356)",transcription profiling by high-throughput sequencing design,39386475;40595617,,,856500,GPL24247,Mus musculus,GSE,Expression profiling by high throughput sequencing,2024/05/10,468,ftp://ftp.ncbi.nlm.nih.gov/geo/series/GSE266nnn/GSE266549/,Transcripts with high distal heritability mediate genetic effects on complex metabolic traits.,bioRxiv : the preprint server for biology,2024 Sep 27,10.1101/2024.09.26.613931,OSD-105|Mmus_C57-6J_TA_GC_Rep5_M37,Ground Control
45,GSM5388344,0.999003529548645,GSE178356,Insulin and IGF-1 Receptors Regulate Complex-I Dependent Mitochondrial Bioenergetics and Supercomplexes via FoxOs in Muscle,,,"Decreased skeletal muscle strength and mitochondrial dysfunction are characteristic of diabetes. Action of insulin through insulin receptor (IR) and IGF-1 receptor (IGF1R) maintain muscle mass via suppression of FoxOs, but whether FoxO activation coordinates atrophy in concert with mitochondrial dysfunction is unknown. In the absence of systemic glucose or lipid abnormalities, muscle-specific IR knockout (MIRKO) or combined IR/IGF1R knockout (MIGIRKO) impaired mitochondrial respiration, decreased ATP production, and increased ROS. These mitochondrial abnormalities were not present in muscle-specific IR/IGF1R and FoxO1/3/4 quintuple knockout mice (QKO). Although autophagy was increased when IR/IGF1R were deleted in muscle, mitophagy was not increased. Mechanistically, RNA-seq revealed that complex-I core subunits were decreased in MIGIRKO muscle, and these were reversed with FoxO knockout. Thus, insulin-deficient diabetes or loss of insulin/IGF-1 action in muscle decreases complex-I driven mitochondrial respiration and supercomplex assembly, in part by FoxO-mediated repression of Complex-I subunit expression.","Male mice were used in all animal studies unless stated otherwise. Muscle-specific IR knock-out (MIRKO), IGF1R knock-out (MIGF1RKO) combined IR/IGF1R knock-out (MIGIRKO), and combined IR/IGF1R with FoxO1/3/4 quintuple knock-out (QKO) mice were generated as previously described (PMID: 25981038, 27525440). Briefly, MIRKO, MIGIRKO, and QKO mice were generated using Acta1-Cre (stock 006149; Jackson Laboratory).  Each mouse line was maintained in a separate colony and floxed littermates were used as controls in each experiment. All animals were on a mixed background containing C57Blk6, C57Blk6J, and 129 strains and as such may contain random mutations in the Nnt (Nicotinamide nucleotide transhydrogenase) gene.  A post-hoc determination of Nnt genotype revealed that MIGIRKO and IRIGFRlox were heterozygous, whereas other strains (MIRKO, IRlox, QKO, and Qlox were mixed homozygous and heterozygous for Nnt gene (data not shown), but did not correlate with the mitochondrial differences demonstrated in our study.",,,,512564,GPL17021,Mus musculus,GSE,Expression profiling by high throughput sequencing,2021/07/21,34,ftp://ftp.ncbi.nlm.nih.gov/geo/series/GSE178nnn/GSE178356/,,,,,OSD-105|Mmus_C57-6J_TA_GC_Rep5_M37,Ground Control
46,GSM8250046,0.9989873170852661,GSE266549,"Transcriptome profiling of non-islet metabolic tissues in ~500 DO mouse liver, adipose, and skeletal muscle tissue from mice fed high-fat, high-sugar diet. [Adipose]",,,"Perform RNAseq with existing frozen mouse DO tissues from ~500 DO mice were sensitized on a HFHS diet (Keller, Gatti et al. 2018). The same mice have been extensively characterized for T2D-relevant clinical phenotypes, ex-vivo islet function, and other features including microbiome profiling.  Gene expression and proteomic profiling has already been completed in islets. We will collect and analyze the genetic architecture of gene expression in liver, adipose, skeletal muscle. Tissues will be sent to JAX Bar Harbor from Alan Attie’s lab. These tissues were from the same mice used for transcriptome analysis of islets (Genetics May 1, 2018 vol. 209 no. 1 335-356)",transcription profiling by high-throughput sequencing design,39386475;40595617,,,856685,GPL24247,Mus musculus,GSE,Expression profiling by high throughput sequencing,2024/05/10,468,ftp://ftp.ncbi.nlm.nih.gov/geo/series/GSE266nnn/GSE266549/,Transcripts with high distal heritability mediate genetic effects on complex metabolic traits.,bioRxiv : the preprint server for biology,2024 Sep 27,10.1101/2024.09.26.613931,OSD-105|Mmus_C57-6J_TA_GC_Rep5_M37,Ground Control
47,GSM8250960,0.9989807605743408,GSE266567,"Transcriptome profiling of non-islet metabolic tissues in ~500 DO mouse liver, adipose, and skeletal muscle tissue from mice fed high-fat, high-sugar diet. [skeletal muscle]",,,"Perform RNAseq with existing frozen mouse DO tissues from ~500 DO mice were sensitized on a HFHS diet (Keller, Gatti et al. 2018). The same mice have been extensively characterized for T2D-relevant clinical phenotypes, ex-vivo islet function, and other features including microbiome profiling.  Gene expression and proteomic profiling has already been completed in islets. We will collect and analyze the genetic architecture of gene expression in liver, adipose, skeletal muscle. Tissues will be sent to JAX Bar Harbor from Alan Attie’s lab. These tissues were from the same mice used for transcriptome analysis of islets (Genetics May 1, 2018 vol. 209 no. 1 335-356)",transcription profiling by high-throughput sequencing design,39386475;40595617,,,857153,GPL24247,Mus musculus,GSE,Expression profiling by high throughput sequencing,2024/05/10,474,ftp://ftp.ncbi.nlm.nih.gov/geo/series/GSE266nnn/GSE266567/,Transcripts with high distal heritability mediate genetic effects on complex metabolic traits.,bioRxiv : the preprint server for biology,2024 Sep 27,10.1101/2024.09.26.613931,OSD-105|Mmus_C57-6J_TA_GC_Rep5_M37,Ground Control
48,GSM8251035,0.9989598989486694,GSE266567,"Transcriptome profiling of non-islet metabolic tissues in ~500 DO mouse liver, adipose, and skeletal muscle tissue from mice fed high-fat, high-sugar diet. [skeletal muscle]",,,"Perform RNAseq with existing frozen mouse DO tissues from ~500 DO mice were sensitized on a HFHS diet (Keller, Gatti et al. 2018). The same mice have been extensively characterized for T2D-relevant clinical phenotypes, ex-vivo islet function, and other features including microbiome profiling.  Gene expression and proteomic profiling has already been completed in islets. We will collect and analyze the genetic architecture of gene expression in liver, adipose, skeletal muscle. Tissues will be sent to JAX Bar Harbor from Alan Attie’s lab. These tissues were from the same mice used for transcriptome analysis of islets (Genetics May 1, 2018 vol. 209 no. 1 335-356)",transcription profiling by high-throughput sequencing design,39386475;40595617,,,857228,GPL24247,Mus musculus,GSE,Expression profiling by high throughput sequencing,2024/05/10,474,ftp://ftp.ncbi.nlm.nih.gov/geo/series/GSE266nnn/GSE266567/,Transcripts with high distal heritability mediate genetic effects on complex metabolic traits.,bioRxiv : the preprint server for biology,2024 Sep 27,10.1101/2024.09.26.613931,OSD-105|Mmus_C57-6J_TA_GC_Rep5_M37,Ground Control
49,GSM8250121,0.9989598989486694,GSE266549,"Transcriptome profiling of non-islet metabolic tissues in ~500 DO mouse liver, adipose, and skeletal muscle tissue from mice fed high-fat, high-sugar diet. [Adipose]",,,"Perform RNAseq with existing frozen mouse DO tissues from ~500 DO mice were sensitized on a HFHS diet (Keller, Gatti et al. 2018). The same mice have been extensively characterized for T2D-relevant clinical phenotypes, ex-vivo islet function, and other features including microbiome profiling.  Gene expression and proteomic profiling has already been completed in islets. We will collect and analyze the genetic architecture of gene expression in liver, adipose, skeletal muscle. Tissues will be sent to JAX Bar Harbor from Alan Attie’s lab. These tissues were from the same mice used for transcriptome analysis of islets (Genetics May 1, 2018 vol. 209 no. 1 335-356)",transcription profiling by high-throughput sequencing design,39386475;40595617,,,856760,GPL24247,Mus musculus,GSE,Expression profiling by high throughput sequencing,2024/05/10,468,ftp://ftp.ncbi.nlm.nih.gov/geo/series/GSE266nnn/GSE266549/,Transcripts with high distal heritability mediate genetic effects on complex metabolic traits.,bioRxiv : the preprint server for biology,2024 Sep 27,10.1101/2024.09.26.613931,OSD-105|Mmus_C57-6J_TA_GC_Rep5_M37,Ground Control
50,GSM7974056,0.999263346195221,GSE232837,Hydroxycitrate delays early mortality in mice and promotes muscle regeneration while inducing a rich hepatic energetic status.,,,"ATP citrate lyase (ACLY) inhibitors have the potential of modulating central processes in protein, carbohydrate, and lipid metabolism, which can have relevant physiological consequences in aging and age-related diseases. Here, we show that hepatic phospho-active ACLY correlates with overweight and Model for End-stage Liver Disease score in humans. Wild-type mice treated chronically with the ACLY inhibitor potassium hydroxycitrate exhibited delayed early mortality. In AML12 hepatocyte cultures, the ACLY inhibitors potassium hydroxycitrate, SB-204990, and bempedoic acid fostered lipid accumulation, which was also observed in the liver of healthy-fed mice treated with potassium hydroxycitrate. Analysis of soleus tissue indicated that potassium hydroxycitrate produced the modulation of wound healing processes. In vivo, potassium hydroxycitrate modulated locomotor function toward increased wire hang performance and reduced rotarod performance in healthy-fed mice, and improved locomotion in mice exposed to cardiotoxin-induced muscle atrophy. Our findings implicate ACLY and ACLY inhibitors in different aspects of aging and muscle regeneration.","C57BL/6 male mice were divided in different groups with a standard diet or standard diet supplemented with hydroxycitrate. AML12 cells were siRNA interfered for Acly expression and were treated with hydroxycitrate, SB-204990 or Bempedoic acid. RNAseq was performed from AML12 cells, liver, soleo and gastrocnemius.",38760909,,,835926,GPL24247,Mus musculus,GSE,Expression profiling by high throughput sequencing,2024/05/16,59,ftp://ftp.ncbi.nlm.nih.gov/geo/series/GSE232nnn/GSE232837/,Hydroxycitrate delays early mortality in mice and promotes muscle regeneration while inducing a rich hepatic energetic status.,Aging cell,2024 Sep,10.1111/acel.14205,OSD-105|Mmus_C57-6J_TA_GC_Rep6_M38,Ground Control
51,GSM8250863,0.9990963935852051,GSE266567,"Transcriptome profiling of non-islet metabolic tissues in ~500 DO mouse liver, adipose, and skeletal muscle tissue from mice fed high-fat, high-sugar diet. [skeletal muscle]",,,"Perform RNAseq with existing frozen mouse DO tissues from ~500 DO mice were sensitized on a HFHS diet (Keller, Gatti et al. 2018). The same mice have been extensively characterized for T2D-relevant clinical phenotypes, ex-vivo islet function, and other features including microbiome profiling.  Gene expression and proteomic profiling has already been completed in islets. We will collect and analyze the genetic architecture of gene expression in liver, adipose, skeletal muscle. Tissues will be sent to JAX Bar Harbor from Alan Attie’s lab. These tissues were from the same mice used for transcriptome analysis of islets (Genetics May 1, 2018 vol. 209 no. 1 335-356)",transcription profiling by high-throughput sequencing design,39386475;40595617,,,857057,GPL24247,Mus musculus,GSE,Expression profiling by high throughput sequencing,2024/05/10,474,ftp://ftp.ncbi.nlm.nih.gov/geo/series/GSE266nnn/GSE266567/,Transcripts with high distal heritability mediate genetic effects on complex metabolic traits.,bioRxiv : the preprint server for biology,2024 Sep 27,10.1101/2024.09.26.613931,OSD-105|Mmus_C57-6J_TA_GC_Rep6_M38,Ground Control
52,GSM8249947,0.9990963935852051,GSE266549,"Transcriptome profiling of non-islet metabolic tissues in ~500 DO mouse liver, adipose, and skeletal muscle tissue from mice fed high-fat, high-sugar diet. [Adipose]",,,"Perform RNAseq with existing frozen mouse DO tissues from ~500 DO mice were sensitized on a HFHS diet (Keller, Gatti et al. 2018). The same mice have been extensively characterized for T2D-relevant clinical phenotypes, ex-vivo islet function, and other features including microbiome profiling.  Gene expression and proteomic profiling has already been completed in islets. We will collect and analyze the genetic architecture of gene expression in liver, adipose, skeletal muscle. Tissues will be sent to JAX Bar Harbor from Alan Attie’s lab. These tissues were from the same mice used for transcriptome analysis of islets (Genetics May 1, 2018 vol. 209 no. 1 335-356)",transcription profiling by high-throughput sequencing design,39386475;40595617,,,856586,GPL24247,Mus musculus,GSE,Expression profiling by high throughput sequencing,2024/05/10,468,ftp://ftp.ncbi.nlm.nih.gov/geo/series/GSE266nnn/GSE266549/,Transcripts with high distal heritability mediate genetic effects on complex metabolic traits.,bioRxiv : the preprint server for biology,2024 Sep 27,10.1101/2024.09.26.613931,OSD-105|Mmus_C57-6J_TA_GC_Rep6_M38,Ground Control
53,GSM5388344,0.9990172982215881,GSE178356,Insulin and IGF-1 Receptors Regulate Complex-I Dependent Mitochondrial Bioenergetics and Supercomplexes via FoxOs in Muscle,,,"Decreased skeletal muscle strength and mitochondrial dysfunction are characteristic of diabetes. Action of insulin through insulin receptor (IR) and IGF-1 receptor (IGF1R) maintain muscle mass via suppression of FoxOs, but whether FoxO activation coordinates atrophy in concert with mitochondrial dysfunction is unknown. In the absence of systemic glucose or lipid abnormalities, muscle-specific IR knockout (MIRKO) or combined IR/IGF1R knockout (MIGIRKO) impaired mitochondrial respiration, decreased ATP production, and increased ROS. These mitochondrial abnormalities were not present in muscle-specific IR/IGF1R and FoxO1/3/4 quintuple knockout mice (QKO). Although autophagy was increased when IR/IGF1R were deleted in muscle, mitophagy was not increased. Mechanistically, RNA-seq revealed that complex-I core subunits were decreased in MIGIRKO muscle, and these were reversed with FoxO knockout. Thus, insulin-deficient diabetes or loss of insulin/IGF-1 action in muscle decreases complex-I driven mitochondrial respiration and supercomplex assembly, in part by FoxO-mediated repression of Complex-I subunit expression.","Male mice were used in all animal studies unless stated otherwise. Muscle-specific IR knock-out (MIRKO), IGF1R knock-out (MIGF1RKO) combined IR/IGF1R knock-out (MIGIRKO), and combined IR/IGF1R with FoxO1/3/4 quintuple knock-out (QKO) mice were generated as previously described (PMID: 25981038, 27525440). Briefly, MIRKO, MIGIRKO, and QKO mice were generated using Acta1-Cre (stock 006149; Jackson Laboratory).  Each mouse line was maintained in a separate colony and floxed littermates were used as controls in each experiment. All animals were on a mixed background containing C57Blk6, C57Blk6J, and 129 strains and as such may contain random mutations in the Nnt (Nicotinamide nucleotide transhydrogenase) gene.  A post-hoc determination of Nnt genotype revealed that MIGIRKO and IRIGFRlox were heterozygous, whereas other strains (MIRKO, IRlox, QKO, and Qlox were mixed homozygous and heterozygous for Nnt gene (data not shown), but did not correlate with the mitochondrial differences demonstrated in our study.",,,,512564,GPL17021,Mus musculus,GSE,Expression profiling by high throughput sequencing,2021/07/21,34,ftp://ftp.ncbi.nlm.nih.gov/geo/series/GSE178nnn/GSE178356/,,,,,OSD-105|Mmus_C57-6J_TA_GC_Rep6_M38,Ground Control
54,GSM8249911,0.9989994168281555,GSE266549,"Transcriptome profiling of non-islet metabolic tissues in ~500 DO mouse liver, adipose, and skeletal muscle tissue from mice fed high-fat, high-sugar diet. [Adipose]",,,"Perform RNAseq with existing frozen mouse DO tissues from ~500 DO mice were sensitized on a HFHS diet (Keller, Gatti et al. 2018). The same mice have been extensively characterized for T2D-relevant clinical phenotypes, ex-vivo islet function, and other features including microbiome profiling.  Gene expression and proteomic profiling has already been completed in islets. We will collect and analyze the genetic architecture of gene expression in liver, adipose, skeletal muscle. Tissues will be sent to JAX Bar Harbor from Alan Attie’s lab. These tissues were from the same mice used for transcriptome analysis of islets (Genetics May 1, 2018 vol. 209 no. 1 335-356)",transcription profiling by high-throughput sequencing design,39386475;40595617,,,856551,GPL24247,Mus musculus,GSE,Expression profiling by high throughput sequencing,2024/05/10,468,ftp://ftp.ncbi.nlm.nih.gov/geo/series/GSE266nnn/GSE266549/,Transcripts with high distal heritability mediate genetic effects on complex metabolic traits.,bioRxiv : the preprint server for biology,2024 Sep 27,10.1101/2024.09.26.613931,OSD-105|Mmus_C57-6J_TA_GC_Rep6_M38,Ground Control
55,GSM8250827,0.9989994168281555,GSE266567,"Transcriptome profiling of non-islet metabolic tissues in ~500 DO mouse liver, adipose, and skeletal muscle tissue from mice fed high-fat, high-sugar diet. [skeletal muscle]",,,"Perform RNAseq with existing frozen mouse DO tissues from ~500 DO mice were sensitized on a HFHS diet (Keller, Gatti et al. 2018). The same mice have been extensively characterized for T2D-relevant clinical phenotypes, ex-vivo islet function, and other features including microbiome profiling.  Gene expression and proteomic profiling has already been completed in islets. We will collect and analyze the genetic architecture of gene expression in liver, adipose, skeletal muscle. Tissues will be sent to JAX Bar Harbor from Alan Attie’s lab. These tissues were from the same mice used for transcriptome analysis of islets (Genetics May 1, 2018 vol. 209 no. 1 335-356)",transcription profiling by high-throughput sequencing design,39386475;40595617,,,857022,GPL24247,Mus musculus,GSE,Expression profiling by high throughput sequencing,2024/05/10,474,ftp://ftp.ncbi.nlm.nih.gov/geo/series/GSE266nnn/GSE266567/,Transcripts with high distal heritability mediate genetic effects on complex metabolic traits.,bioRxiv : the preprint server for biology,2024 Sep 27,10.1101/2024.09.26.613931,OSD-105|Mmus_C57-6J_TA_GC_Rep6_M38,Ground Control
56,GSM8250776,0.9989947080612183,GSE266567,"Transcriptome profiling of non-islet metabolic tissues in ~500 DO mouse liver, adipose, and skeletal muscle tissue from mice fed high-fat, high-sugar diet. [skeletal muscle]",,,"Perform RNAseq with existing frozen mouse DO tissues from ~500 DO mice were sensitized on a HFHS diet (Keller, Gatti et al. 2018). The same mice have been extensively characterized for T2D-relevant clinical phenotypes, ex-vivo islet function, and other features including microbiome profiling.  Gene expression and proteomic profiling has already been completed in islets. We will collect and analyze the genetic architecture of gene expression in liver, adipose, skeletal muscle. Tissues will be sent to JAX Bar Harbor from Alan Attie’s lab. These tissues were from the same mice used for transcriptome analysis of islets (Genetics May 1, 2018 vol. 209 no. 1 335-356)",transcription profiling by high-throughput sequencing design,39386475;40595617,,,856971,GPL24247,Mus musculus,GSE,Expression profiling by high throughput sequencing,2024/05/10,474,ftp://ftp.ncbi.nlm.nih.gov/geo/series/GSE266nnn/GSE266567/,Transcripts with high distal heritability mediate genetic effects on complex metabolic traits.,bioRxiv : the preprint server for biology,2024 Sep 27,10.1101/2024.09.26.613931,OSD-105|Mmus_C57-6J_TA_GC_Rep6_M38,Ground Control
57,GSM8249860,0.9989947080612183,GSE266549,"Transcriptome profiling of non-islet metabolic tissues in ~500 DO mouse liver, adipose, and skeletal muscle tissue from mice fed high-fat, high-sugar diet. [Adipose]",,,"Perform RNAseq with existing frozen mouse DO tissues from ~500 DO mice were sensitized on a HFHS diet (Keller, Gatti et al. 2018). The same mice have been extensively characterized for T2D-relevant clinical phenotypes, ex-vivo islet function, and other features including microbiome profiling.  Gene expression and proteomic profiling has already been completed in islets. We will collect and analyze the genetic architecture of gene expression in liver, adipose, skeletal muscle. Tissues will be sent to JAX Bar Harbor from Alan Attie’s lab. These tissues were from the same mice used for transcriptome analysis of islets (Genetics May 1, 2018 vol. 209 no. 1 335-356)",transcription profiling by high-throughput sequencing design,39386475;40595617,,,856500,GPL24247,Mus musculus,GSE,Expression profiling by high throughput sequencing,2024/05/10,468,ftp://ftp.ncbi.nlm.nih.gov/geo/series/GSE266nnn/GSE266549/,Transcripts with high distal heritability mediate genetic effects on complex metabolic traits.,bioRxiv : the preprint server for biology,2024 Sep 27,10.1101/2024.09.26.613931,OSD-105|Mmus_C57-6J_TA_GC_Rep6_M38,Ground Control
58,GSM8250046,0.9989378452301025,GSE266549,"Transcriptome profiling of non-islet metabolic tissues in ~500 DO mouse liver, adipose, and skeletal muscle tissue from mice fed high-fat, high-sugar diet. [Adipose]",,,"Perform RNAseq with existing frozen mouse DO tissues from ~500 DO mice were sensitized on a HFHS diet (Keller, Gatti et al. 2018). The same mice have been extensively characterized for T2D-relevant clinical phenotypes, ex-vivo islet function, and other features including microbiome profiling.  Gene expression and proteomic profiling has already been completed in islets. We will collect and analyze the genetic architecture of gene expression in liver, adipose, skeletal muscle. Tissues will be sent to JAX Bar Harbor from Alan Attie’s lab. These tissues were from the same mice used for transcriptome analysis of islets (Genetics May 1, 2018 vol. 209 no. 1 335-356)",transcription profiling by high-throughput sequencing design,39386475;40595617,,,856685,GPL24247,Mus musculus,GSE,Expression profiling by high throughput sequencing,2024/05/10,468,ftp://ftp.ncbi.nlm.nih.gov/geo/series/GSE266nnn/GSE266549/,Transcripts with high distal heritability mediate genetic effects on complex metabolic traits.,bioRxiv : the preprint server for biology,2024 Sep 27,10.1101/2024.09.26.613931,OSD-105|Mmus_C57-6J_TA_GC_Rep6_M38,Ground Control
59,GSM8250685,0.9989367127418518,GSE266567,"Transcriptome profiling of non-islet metabolic tissues in ~500 DO mouse liver, adipose, and skeletal muscle tissue from mice fed high-fat, high-sugar diet. [skeletal muscle]",,,"Perform RNAseq with existing frozen mouse DO tissues from ~500 DO mice were sensitized on a HFHS diet (Keller, Gatti et al. 2018). The same mice have been extensively characterized for T2D-relevant clinical phenotypes, ex-vivo islet function, and other features including microbiome profiling.  Gene expression and proteomic profiling has already been completed in islets. We will collect and analyze the genetic architecture of gene expression in liver, adipose, skeletal muscle. Tissues will be sent to JAX Bar Harbor from Alan Attie’s lab. These tissues were from the same mice used for transcriptome analysis of islets (Genetics May 1, 2018 vol. 209 no. 1 335-356)",transcription profiling by high-throughput sequencing design,39386475;40595617,,,856880,GPL24247,Mus musculus,GSE,Expression profiling by high throughput sequencing,2024/05/10,474,ftp://ftp.ncbi.nlm.nih.gov/geo/series/GSE266nnn/GSE266567/,Transcripts with high distal heritability mediate genetic effects on complex metabolic traits.,bioRxiv : the preprint server for biology,2024 Sep 27,10.1101/2024.09.26.613931,OSD-105|Mmus_C57-6J_TA_GC_Rep6_M38,Ground Control
60,GSM7974056,0.9994165301322937,GSE232837,Hydroxycitrate delays early mortality in mice and promotes muscle regeneration while inducing a rich hepatic energetic status.,,,"ATP citrate lyase (ACLY) inhibitors have the potential of modulating central processes in protein, carbohydrate, and lipid metabolism, which can have relevant physiological consequences in aging and age-related diseases. Here, we show that hepatic phospho-active ACLY correlates with overweight and Model for End-stage Liver Disease score in humans. Wild-type mice treated chronically with the ACLY inhibitor potassium hydroxycitrate exhibited delayed early mortality. In AML12 hepatocyte cultures, the ACLY inhibitors potassium hydroxycitrate, SB-204990, and bempedoic acid fostered lipid accumulation, which was also observed in the liver of healthy-fed mice treated with potassium hydroxycitrate. Analysis of soleus tissue indicated that potassium hydroxycitrate produced the modulation of wound healing processes. In vivo, potassium hydroxycitrate modulated locomotor function toward increased wire hang performance and reduced rotarod performance in healthy-fed mice, and improved locomotion in mice exposed to cardiotoxin-induced muscle atrophy. Our findings implicate ACLY and ACLY inhibitors in different aspects of aging and muscle regeneration.","C57BL/6 male mice were divided in different groups with a standard diet or standard diet supplemented with hydroxycitrate. AML12 cells were siRNA interfered for Acly expression and were treated with hydroxycitrate, SB-204990 or Bempedoic acid. RNAseq was performed from AML12 cells, liver, soleo and gastrocnemius.",38760909,,,835926,GPL24247,Mus musculus,GSE,Expression profiling by high throughput sequencing,2024/05/16,59,ftp://ftp.ncbi.nlm.nih.gov/geo/series/GSE232nnn/GSE232837/,Hydroxycitrate delays early mortality in mice and promotes muscle regeneration while inducing a rich hepatic energetic status.,Aging cell,2024 Sep,10.1111/acel.14205,OSD-105|Mmus_C57-6J_TA_FLT_Rep1_M23,Space Flight
61,GSM8249977,0.9993622899055481,GSE266549,"Transcriptome profiling of non-islet metabolic tissues in ~500 DO mouse liver, adipose, and skeletal muscle tissue from mice fed high-fat, high-sugar diet. [Adipose]",,,"Perform RNAseq with existing frozen mouse DO tissues from ~500 DO mice were sensitized on a HFHS diet (Keller, Gatti et al. 2018). The same mice have been extensively characterized for T2D-relevant clinical phenotypes, ex-vivo islet function, and other features including microbiome profiling.  Gene expression and proteomic profiling has already been completed in islets. We will collect and analyze the genetic architecture of gene expression in liver, adipose, skeletal muscle. Tissues will be sent to JAX Bar Harbor from Alan Attie’s lab. These tissues were from the same mice used for transcriptome analysis of islets (Genetics May 1, 2018 vol. 209 no. 1 335-356)",transcription profiling by high-throughput sequencing design,39386475;40595617,,,856616,GPL24247,Mus musculus,GSE,Expression profiling by high throughput sequencing,2024/05/10,468,ftp://ftp.ncbi.nlm.nih.gov/geo/series/GSE266nnn/GSE266549/,Transcripts with high distal heritability mediate genetic effects on complex metabolic traits.,bioRxiv : the preprint server for biology,2024 Sep 27,10.1101/2024.09.26.613931,OSD-105|Mmus_C57-6J_TA_FLT_Rep1_M23,Space Flight
62,GSM8250893,0.9993622899055481,GSE266567,"Transcriptome profiling of non-islet metabolic tissues in ~500 DO mouse liver, adipose, and skeletal muscle tissue from mice fed high-fat, high-sugar diet. [skeletal muscle]",,,"Perform RNAseq with existing frozen mouse DO tissues from ~500 DO mice were sensitized on a HFHS diet (Keller, Gatti et al. 2018). The same mice have been extensively characterized for T2D-relevant clinical phenotypes, ex-vivo islet function, and other features including microbiome profiling.  Gene expression and proteomic profiling has already been completed in islets. We will collect and analyze the genetic architecture of gene expression in liver, adipose, skeletal muscle. Tissues will be sent to JAX Bar Harbor from Alan Attie’s lab. These tissues were from the same mice used for transcriptome analysis of islets (Genetics May 1, 2018 vol. 209 no. 1 335-356)",transcription profiling by high-throughput sequencing design,39386475;40595617,,,857087,GPL24247,Mus musculus,GSE,Expression profiling by high throughput sequencing,2024/05/10,474,ftp://ftp.ncbi.nlm.nih.gov/geo/series/GSE266nnn/GSE266567/,Transcripts with high distal heritability mediate genetic effects on complex metabolic traits.,bioRxiv : the preprint server for biology,2024 Sep 27,10.1101/2024.09.26.613931,OSD-105|Mmus_C57-6J_TA_FLT_Rep1_M23,Space Flight
63,GSM8249947,0.9992530941963196,GSE266549,"Transcriptome profiling of non-islet metabolic tissues in ~500 DO mouse liver, adipose, and skeletal muscle tissue from mice fed high-fat, high-sugar diet. [Adipose]",,,"Perform RNAseq with existing frozen mouse DO tissues from ~500 DO mice were sensitized on a HFHS diet (Keller, Gatti et al. 2018). The same mice have been extensively characterized for T2D-relevant clinical phenotypes, ex-vivo islet function, and other features including microbiome profiling.  Gene expression and proteomic profiling has already been completed in islets. We will collect and analyze the genetic architecture of gene expression in liver, adipose, skeletal muscle. Tissues will be sent to JAX Bar Harbor from Alan Attie’s lab. These tissues were from the same mice used for transcriptome analysis of islets (Genetics May 1, 2018 vol. 209 no. 1 335-356)",transcription profiling by high-throughput sequencing design,39386475;40595617,,,856586,GPL24247,Mus musculus,GSE,Expression profiling by high throughput sequencing,2024/05/10,468,ftp://ftp.ncbi.nlm.nih.gov/geo/series/GSE266nnn/GSE266549/,Transcripts with high distal heritability mediate genetic effects on complex metabolic traits.,bioRxiv : the preprint server for biology,2024 Sep 27,10.1101/2024.09.26.613931,OSD-105|Mmus_C57-6J_TA_FLT_Rep1_M23,Space Flight
64,GSM8250863,0.9992530941963196,GSE266567,"Transcriptome profiling of non-islet metabolic tissues in ~500 DO mouse liver, adipose, and skeletal muscle tissue from mice fed high-fat, high-sugar diet. [skeletal muscle]",,,"Perform RNAseq with existing frozen mouse DO tissues from ~500 DO mice were sensitized on a HFHS diet (Keller, Gatti et al. 2018). The same mice have been extensively characterized for T2D-relevant clinical phenotypes, ex-vivo islet function, and other features including microbiome profiling.  Gene expression and proteomic profiling has already been completed in islets. We will collect and analyze the genetic architecture of gene expression in liver, adipose, skeletal muscle. Tissues will be sent to JAX Bar Harbor from Alan Attie’s lab. These tissues were from the same mice used for transcriptome analysis of islets (Genetics May 1, 2018 vol. 209 no. 1 335-356)",transcription profiling by high-throughput sequencing design,39386475;40595617,,,857057,GPL24247,Mus musculus,GSE,Expression profiling by high throughput sequencing,2024/05/10,474,ftp://ftp.ncbi.nlm.nih.gov/geo/series/GSE266nnn/GSE266567/,Transcripts with high distal heritability mediate genetic effects on complex metabolic traits.,bioRxiv : the preprint server for biology,2024 Sep 27,10.1101/2024.09.26.613931,OSD-105|Mmus_C57-6J_TA_FLT_Rep1_M23,Space Flight
65,GSM8250768,0.999213695526123,GSE266567,"Transcriptome profiling of non-islet metabolic tissues in ~500 DO mouse liver, adipose, and skeletal muscle tissue from mice fed high-fat, high-sugar diet. [skeletal muscle]",,,"Perform RNAseq with existing frozen mouse DO tissues from ~500 DO mice were sensitized on a HFHS diet (Keller, Gatti et al. 2018). The same mice have been extensively characterized for T2D-relevant clinical phenotypes, ex-vivo islet function, and other features including microbiome profiling.  Gene expression and proteomic profiling has already been completed in islets. We will collect and analyze the genetic architecture of gene expression in liver, adipose, skeletal muscle. Tissues will be sent to JAX Bar Harbor from Alan Attie’s lab. These tissues were from the same mice used for transcriptome analysis of islets (Genetics May 1, 2018 vol. 209 no. 1 335-356)",transcription profiling by high-throughput sequencing design,39386475;40595617,,,856963,GPL24247,Mus musculus,GSE,Expression profiling by high throughput sequencing,2024/05/10,474,ftp://ftp.ncbi.nlm.nih.gov/geo/series/GSE266nnn/GSE266567/,Transcripts with high distal heritability mediate genetic effects on complex metabolic traits.,bioRxiv : the preprint server for biology,2024 Sep 27,10.1101/2024.09.26.613931,OSD-105|Mmus_C57-6J_TA_FLT_Rep1_M23,Space Flight
66,GSM8249852,0.999213695526123,GSE266549,"Transcriptome profiling of non-islet metabolic tissues in ~500 DO mouse liver, adipose, and skeletal muscle tissue from mice fed high-fat, high-sugar diet. [Adipose]",,,"Perform RNAseq with existing frozen mouse DO tissues from ~500 DO mice were sensitized on a HFHS diet (Keller, Gatti et al. 2018). The same mice have been extensively characterized for T2D-relevant clinical phenotypes, ex-vivo islet function, and other features including microbiome profiling.  Gene expression and proteomic profiling has already been completed in islets. We will collect and analyze the genetic architecture of gene expression in liver, adipose, skeletal muscle. Tissues will be sent to JAX Bar Harbor from Alan Attie’s lab. These tissues were from the same mice used for transcriptome analysis of islets (Genetics May 1, 2018 vol. 209 no. 1 335-356)",transcription profiling by high-throughput sequencing design,39386475;40595617,,,856492,GPL24247,Mus musculus,GSE,Expression profiling by high throughput sequencing,2024/05/10,468,ftp://ftp.ncbi.nlm.nih.gov/geo/series/GSE266nnn/GSE266549/,Transcripts with high distal heritability mediate genetic effects on complex metabolic traits.,bioRxiv : the preprint server for biology,2024 Sep 27,10.1101/2024.09.26.613931,OSD-105|Mmus_C57-6J_TA_FLT_Rep1_M23,Space Flight
67,GSM8251035,0.9992057681083679,GSE266567,"Transcriptome profiling of non-islet metabolic tissues in ~500 DO mouse liver, adipose, and skeletal muscle tissue from mice fed high-fat, high-sugar diet. [skeletal muscle]",,,"Perform RNAseq with existing frozen mouse DO tissues from ~500 DO mice were sensitized on a HFHS diet (Keller, Gatti et al. 2018). The same mice have been extensively characterized for T2D-relevant clinical phenotypes, ex-vivo islet function, and other features including microbiome profiling.  Gene expression and proteomic profiling has already been completed in islets. We will collect and analyze the genetic architecture of gene expression in liver, adipose, skeletal muscle. Tissues will be sent to JAX Bar Harbor from Alan Attie’s lab. These tissues were from the same mice used for transcriptome analysis of islets (Genetics May 1, 2018 vol. 209 no. 1 335-356)",transcription profiling by high-throughput sequencing design,39386475;40595617,,,857228,GPL24247,Mus musculus,GSE,Expression profiling by high throughput sequencing,2024/05/10,474,ftp://ftp.ncbi.nlm.nih.gov/geo/series/GSE266nnn/GSE266567/,Transcripts with high distal heritability mediate genetic effects on complex metabolic traits.,bioRxiv : the preprint server for biology,2024 Sep 27,10.1101/2024.09.26.613931,OSD-105|Mmus_C57-6J_TA_FLT_Rep1_M23,Space Flight
68,GSM8250121,0.9992057681083679,GSE266549,"Transcriptome profiling of non-islet metabolic tissues in ~500 DO mouse liver, adipose, and skeletal muscle tissue from mice fed high-fat, high-sugar diet. [Adipose]",,,"Perform RNAseq with existing frozen mouse DO tissues from ~500 DO mice were sensitized on a HFHS diet (Keller, Gatti et al. 2018). The same mice have been extensively characterized for T2D-relevant clinical phenotypes, ex-vivo islet function, and other features including microbiome profiling.  Gene expression and proteomic profiling has already been completed in islets. We will collect and analyze the genetic architecture of gene expression in liver, adipose, skeletal muscle. Tissues will be sent to JAX Bar Harbor from Alan Attie’s lab. These tissues were from the same mice used for transcriptome analysis of islets (Genetics May 1, 2018 vol. 209 no. 1 335-356)",transcription profiling by high-throughput sequencing design,39386475;40595617,,,856760,GPL24247,Mus musculus,GSE,Expression profiling by high throughput sequencing,2024/05/10,468,ftp://ftp.ncbi.nlm.nih.gov/geo/series/GSE266nnn/GSE266549/,Transcripts with high distal heritability mediate genetic effects on complex metabolic traits.,bioRxiv : the preprint server for biology,2024 Sep 27,10.1101/2024.09.26.613931,OSD-105|Mmus_C57-6J_TA_FLT_Rep1_M23,Space Flight
69,GSM8250733,0.9992023706436157,GSE266567,"Transcriptome profiling of non-islet metabolic tissues in ~500 DO mouse liver, adipose, and skeletal muscle tissue from mice fed high-fat, high-sugar diet. [skeletal muscle]",,,"Perform RNAseq with existing frozen mouse DO tissues from ~500 DO mice were sensitized on a HFHS diet (Keller, Gatti et al. 2018). The same mice have been extensively characterized for T2D-relevant clinical phenotypes, ex-vivo islet function, and other features including microbiome profiling.  Gene expression and proteomic profiling has already been completed in islets. We will collect and analyze the genetic architecture of gene expression in liver, adipose, skeletal muscle. Tissues will be sent to JAX Bar Harbor from Alan Attie’s lab. These tissues were from the same mice used for transcriptome analysis of islets (Genetics May 1, 2018 vol. 209 no. 1 335-356)",transcription profiling by high-throughput sequencing design,39386475;40595617,,,856928,GPL24247,Mus musculus,GSE,Expression profiling by high throughput sequencing,2024/05/10,474,ftp://ftp.ncbi.nlm.nih.gov/geo/series/GSE266nnn/GSE266567/,Transcripts with high distal heritability mediate genetic effects on complex metabolic traits.,bioRxiv : the preprint server for biology,2024 Sep 27,10.1101/2024.09.26.613931,OSD-105|Mmus_C57-6J_TA_FLT_Rep1_M23,Space Flight
70,GSM7974056,0.9993252158164978,GSE232837,Hydroxycitrate delays early mortality in mice and promotes muscle regeneration while inducing a rich hepatic energetic status.,,,"ATP citrate lyase (ACLY) inhibitors have the potential of modulating central processes in protein, carbohydrate, and lipid metabolism, which can have relevant physiological consequences in aging and age-related diseases. Here, we show that hepatic phospho-active ACLY correlates with overweight and Model for End-stage Liver Disease score in humans. Wild-type mice treated chronically with the ACLY inhibitor potassium hydroxycitrate exhibited delayed early mortality. In AML12 hepatocyte cultures, the ACLY inhibitors potassium hydroxycitrate, SB-204990, and bempedoic acid fostered lipid accumulation, which was also observed in the liver of healthy-fed mice treated with potassium hydroxycitrate. Analysis of soleus tissue indicated that potassium hydroxycitrate produced the modulation of wound healing processes. In vivo, potassium hydroxycitrate modulated locomotor function toward increased wire hang performance and reduced rotarod performance in healthy-fed mice, and improved locomotion in mice exposed to cardiotoxin-induced muscle atrophy. Our findings implicate ACLY and ACLY inhibitors in different aspects of aging and muscle regeneration.","C57BL/6 male mice were divided in different groups with a standard diet or standard diet supplemented with hydroxycitrate. AML12 cells were siRNA interfered for Acly expression and were treated with hydroxycitrate, SB-204990 or Bempedoic acid. RNAseq was performed from AML12 cells, liver, soleo and gastrocnemius.",38760909,,,835926,GPL24247,Mus musculus,GSE,Expression profiling by high throughput sequencing,2024/05/16,59,ftp://ftp.ncbi.nlm.nih.gov/geo/series/GSE232nnn/GSE232837/,Hydroxycitrate delays early mortality in mice and promotes muscle regeneration while inducing a rich hepatic energetic status.,Aging cell,2024 Sep,10.1111/acel.14205,OSD-105|Mmus_C57-6J_TA_FLT_Rep2_M24,Space Flight
71,GSM5388344,0.9992484450340271,GSE178356,Insulin and IGF-1 Receptors Regulate Complex-I Dependent Mitochondrial Bioenergetics and Supercomplexes via FoxOs in Muscle,,,"Decreased skeletal muscle strength and mitochondrial dysfunction are characteristic of diabetes. Action of insulin through insulin receptor (IR) and IGF-1 receptor (IGF1R) maintain muscle mass via suppression of FoxOs, but whether FoxO activation coordinates atrophy in concert with mitochondrial dysfunction is unknown. In the absence of systemic glucose or lipid abnormalities, muscle-specific IR knockout (MIRKO) or combined IR/IGF1R knockout (MIGIRKO) impaired mitochondrial respiration, decreased ATP production, and increased ROS. These mitochondrial abnormalities were not present in muscle-specific IR/IGF1R and FoxO1/3/4 quintuple knockout mice (QKO). Although autophagy was increased when IR/IGF1R were deleted in muscle, mitophagy was not increased. Mechanistically, RNA-seq revealed that complex-I core subunits were decreased in MIGIRKO muscle, and these were reversed with FoxO knockout. Thus, insulin-deficient diabetes or loss of insulin/IGF-1 action in muscle decreases complex-I driven mitochondrial respiration and supercomplex assembly, in part by FoxO-mediated repression of Complex-I subunit expression.","Male mice were used in all animal studies unless stated otherwise. Muscle-specific IR knock-out (MIRKO), IGF1R knock-out (MIGF1RKO) combined IR/IGF1R knock-out (MIGIRKO), and combined IR/IGF1R with FoxO1/3/4 quintuple knock-out (QKO) mice were generated as previously described (PMID: 25981038, 27525440). Briefly, MIRKO, MIGIRKO, and QKO mice were generated using Acta1-Cre (stock 006149; Jackson Laboratory).  Each mouse line was maintained in a separate colony and floxed littermates were used as controls in each experiment. All animals were on a mixed background containing C57Blk6, C57Blk6J, and 129 strains and as such may contain random mutations in the Nnt (Nicotinamide nucleotide transhydrogenase) gene.  A post-hoc determination of Nnt genotype revealed that MIGIRKO and IRIGFRlox were heterozygous, whereas other strains (MIRKO, IRlox, QKO, and Qlox were mixed homozygous and heterozygous for Nnt gene (data not shown), but did not correlate with the mitochondrial differences demonstrated in our study.",,,,512564,GPL17021,Mus musculus,GSE,Expression profiling by high throughput sequencing,2021/07/21,34,ftp://ftp.ncbi.nlm.nih.gov/geo/series/GSE178nnn/GSE178356/,,,,,OSD-105|Mmus_C57-6J_TA_FLT_Rep2_M24,Space Flight
72,GSM8250863,0.9992373585700989,GSE266567,"Transcriptome profiling of non-islet metabolic tissues in ~500 DO mouse liver, adipose, and skeletal muscle tissue from mice fed high-fat, high-sugar diet. [skeletal muscle]",,,"Perform RNAseq with existing frozen mouse DO tissues from ~500 DO mice were sensitized on a HFHS diet (Keller, Gatti et al. 2018). The same mice have been extensively characterized for T2D-relevant clinical phenotypes, ex-vivo islet function, and other features including microbiome profiling.  Gene expression and proteomic profiling has already been completed in islets. We will collect and analyze the genetic architecture of gene expression in liver, adipose, skeletal muscle. Tissues will be sent to JAX Bar Harbor from Alan Attie’s lab. These tissues were from the same mice used for transcriptome analysis of islets (Genetics May 1, 2018 vol. 209 no. 1 335-356)",transcription profiling by high-throughput sequencing design,39386475;40595617,,,857057,GPL24247,Mus musculus,GSE,Expression profiling by high throughput sequencing,2024/05/10,474,ftp://ftp.ncbi.nlm.nih.gov/geo/series/GSE266nnn/GSE266567/,Transcripts with high distal heritability mediate genetic effects on complex metabolic traits.,bioRxiv : the preprint server for biology,2024 Sep 27,10.1101/2024.09.26.613931,OSD-105|Mmus_C57-6J_TA_FLT_Rep2_M24,Space Flight
73,GSM8249947,0.9992373585700989,GSE266549,"Transcriptome profiling of non-islet metabolic tissues in ~500 DO mouse liver, adipose, and skeletal muscle tissue from mice fed high-fat, high-sugar diet. [Adipose]",,,"Perform RNAseq with existing frozen mouse DO tissues from ~500 DO mice were sensitized on a HFHS diet (Keller, Gatti et al. 2018). The same mice have been extensively characterized for T2D-relevant clinical phenotypes, ex-vivo islet function, and other features including microbiome profiling.  Gene expression and proteomic profiling has already been completed in islets. We will collect and analyze the genetic architecture of gene expression in liver, adipose, skeletal muscle. Tissues will be sent to JAX Bar Harbor from Alan Attie’s lab. These tissues were from the same mice used for transcriptome analysis of islets (Genetics May 1, 2018 vol. 209 no. 1 335-356)",transcription profiling by high-throughput sequencing design,39386475;40595617,,,856586,GPL24247,Mus musculus,GSE,Expression profiling by high throughput sequencing,2024/05/10,468,ftp://ftp.ncbi.nlm.nih.gov/geo/series/GSE266nnn/GSE266549/,Transcripts with high distal heritability mediate genetic effects on complex metabolic traits.,bioRxiv : the preprint server for biology,2024 Sep 27,10.1101/2024.09.26.613931,OSD-105|Mmus_C57-6J_TA_FLT_Rep2_M24,Space Flight
74,GSM8249860,0.9991293549537659,GSE266549,"Transcriptome profiling of non-islet metabolic tissues in ~500 DO mouse liver, adipose, and skeletal muscle tissue from mice fed high-fat, high-sugar diet. [Adipose]",,,"Perform RNAseq with existing frozen mouse DO tissues from ~500 DO mice were sensitized on a HFHS diet (Keller, Gatti et al. 2018). The same mice have been extensively characterized for T2D-relevant clinical phenotypes, ex-vivo islet function, and other features including microbiome profiling.  Gene expression and proteomic profiling has already been completed in islets. We will collect and analyze the genetic architecture of gene expression in liver, adipose, skeletal muscle. Tissues will be sent to JAX Bar Harbor from Alan Attie’s lab. These tissues were from the same mice used for transcriptome analysis of islets (Genetics May 1, 2018 vol. 209 no. 1 335-356)",transcription profiling by high-throughput sequencing design,39386475;40595617,,,856500,GPL24247,Mus musculus,GSE,Expression profiling by high throughput sequencing,2024/05/10,468,ftp://ftp.ncbi.nlm.nih.gov/geo/series/GSE266nnn/GSE266549/,Transcripts with high distal heritability mediate genetic effects on complex metabolic traits.,bioRxiv : the preprint server for biology,2024 Sep 27,10.1101/2024.09.26.613931,OSD-105|Mmus_C57-6J_TA_FLT_Rep2_M24,Space Flight
75,GSM8250776,0.9991293549537659,GSE266567,"Transcriptome profiling of non-islet metabolic tissues in ~500 DO mouse liver, adipose, and skeletal muscle tissue from mice fed high-fat, high-sugar diet. [skeletal muscle]",,,"Perform RNAseq with existing frozen mouse DO tissues from ~500 DO mice were sensitized on a HFHS diet (Keller, Gatti et al. 2018). The same mice have been extensively characterized for T2D-relevant clinical phenotypes, ex-vivo islet function, and other features including microbiome profiling.  Gene expression and proteomic profiling has already been completed in islets. We will collect and analyze the genetic architecture of gene expression in liver, adipose, skeletal muscle. Tissues will be sent to JAX Bar Harbor from Alan Attie’s lab. These tissues were from the same mice used for transcriptome analysis of islets (Genetics May 1, 2018 vol. 209 no. 1 335-356)",transcription profiling by high-throughput sequencing design,39386475;40595617,,,856971,GPL24247,Mus musculus,GSE,Expression profiling by high throughput sequencing,2024/05/10,474,ftp://ftp.ncbi.nlm.nih.gov/geo/series/GSE266nnn/GSE266567/,Transcripts with high distal heritability mediate genetic effects on complex metabolic traits.,bioRxiv : the preprint server for biology,2024 Sep 27,10.1101/2024.09.26.613931,OSD-105|Mmus_C57-6J_TA_FLT_Rep2_M24,Space Flight
76,GSM8250046,0.9991089105606079,GSE266549,"Transcriptome profiling of non-islet metabolic tissues in ~500 DO mouse liver, adipose, and skeletal muscle tissue from mice fed high-fat, high-sugar diet. [Adipose]",,,"Perform RNAseq with existing frozen mouse DO tissues from ~500 DO mice were sensitized on a HFHS diet (Keller, Gatti et al. 2018). The same mice have been extensively characterized for T2D-relevant clinical phenotypes, ex-vivo islet function, and other features including microbiome profiling.  Gene expression and proteomic profiling has already been completed in islets. We will collect and analyze the genetic architecture of gene expression in liver, adipose, skeletal muscle. Tissues will be sent to JAX Bar Harbor from Alan Attie’s lab. These tissues were from the same mice used for transcriptome analysis of islets (Genetics May 1, 2018 vol. 209 no. 1 335-356)",transcription profiling by high-throughput sequencing design,39386475;40595617,,,856685,GPL24247,Mus musculus,GSE,Expression profiling by high throughput sequencing,2024/05/10,468,ftp://ftp.ncbi.nlm.nih.gov/geo/series/GSE266nnn/GSE266549/,Transcripts with high distal heritability mediate genetic effects on complex metabolic traits.,bioRxiv : the preprint server for biology,2024 Sep 27,10.1101/2024.09.26.613931,OSD-105|Mmus_C57-6J_TA_FLT_Rep2_M24,Space Flight
77,GSM8250960,0.9991028308868408,GSE266567,"Transcriptome profiling of non-islet metabolic tissues in ~500 DO mouse liver, adipose, and skeletal muscle tissue from mice fed high-fat, high-sugar diet. [skeletal muscle]",,,"Perform RNAseq with existing frozen mouse DO tissues from ~500 DO mice were sensitized on a HFHS diet (Keller, Gatti et al. 2018). The same mice have been extensively characterized for T2D-relevant clinical phenotypes, ex-vivo islet function, and other features including microbiome profiling.  Gene expression and proteomic profiling has already been completed in islets. We will collect and analyze the genetic architecture of gene expression in liver, adipose, skeletal muscle. Tissues will be sent to JAX Bar Harbor from Alan Attie’s lab. These tissues were from the same mice used for transcriptome analysis of islets (Genetics May 1, 2018 vol. 209 no. 1 335-356)",transcription profiling by high-throughput sequencing design,39386475;40595617,,,857153,GPL24247,Mus musculus,GSE,Expression profiling by high throughput sequencing,2024/05/10,474,ftp://ftp.ncbi.nlm.nih.gov/geo/series/GSE266nnn/GSE266567/,Transcripts with high distal heritability mediate genetic effects on complex metabolic traits.,bioRxiv : the preprint server for biology,2024 Sep 27,10.1101/2024.09.26.613931,OSD-105|Mmus_C57-6J_TA_FLT_Rep2_M24,Space Flight
78,GSM4063458,0.9990729689598083,GSE136948,FoxO Transcription Factors Are Critical Regulators of Diabetes-Related Muscle Atrophy,,,"Insulin deficiency and uncontrolled diabetes lead to a catabolic state with decreased muscle strength, contributing to disease-related morbidity. FoxO transcription factors are suppressed by insulin and thus are key mediators of insulin action. To study their role in diabetic muscle wasting, we created mice with muscle-specific triple knockout of FoxO1/3/4 and induced diabetes in these M-FoxO-TKO mice with streptozotocin (STZ). Muscle mass and myofiber area were decreased 20-30% in STZ-Diabetes mice due to increased ubiquitin-proteasome degradation and autophagy alterations, characterized by increased LC3-containing vesicles, and elevated levels of phosphorylated ULK1 and LC3-II. Both the muscle loss and markers of increased degradation/autophagy were completely prevented in STZ FoxO-TKO mice. Transcriptomic analyses revealed FoxO-dependent increases in ubiquitin-mediated proteolysis pathways in STZ-Diabetes, including regulation of Fbxo32 (Atrogin1), Trim63 (MuRF1), Bnip3L, and Gabarapl. These same genes were increased 1.4- to 3.3-fold in muscle from humans with type 1 diabetes after short-term insulin deprivation. Thus, FoxO-regulated genes play a rate-limiting role in increased protein degradation and muscle atrophy in insulin-deficient diabetes.","Muscle-specific FoxO1, FoxO3, and FoxO4 triple knockout (M-FoxO-TKO) mice were generated using ACTA1-Cre (stock number 006149; The Jackson Laboratory) and FoxO1/3/4 triple floxed mice, provided by Dr. Domenico Accili, Colombia University Medical Center. Littermate controls were used for all experiments, as the mice are on a mixed background containing C57Blk6, C57Blk6J, and 129 strains. For STZ treatments, mice were fasted overnight and then injected intraperitoneally with a single high dose of STZ (150 mg/kg) (S0130; Sigma) dissolved in 100 mmol/L citrate buffer (pH 4.5) or injected with citrate buffer alone as a control, then immediately given access to food. Female mice were given a 150 mg/kg dose followed by a 75 mg/kg dose of STZ on day 3, since female mice are less responsive to STZ (24). Mice were monitored for hyperglycemia on days 3, 7, 12, and 15, and only mice in which random blood glucose remained >300 mg/dL for the following 9–12 days were used for experiments.",30523026,,,293037,GPL17021,Mus musculus,GSE,Expression profiling by high throughput sequencing,2019/09/05,21,ftp://ftp.ncbi.nlm.nih.gov/geo/series/GSE136nnn/GSE136948/,FoxO Transcription Factors Are Critical Regulators of Diabetes-Related Muscle Atrophy.,Diabetes,2019 Mar,10.2337/db18-0416,OSD-105|Mmus_C57-6J_TA_FLT_Rep2_M24,Space Flight
79,GSM8250893,0.999050498008728,GSE266567,"Transcriptome profiling of non-islet metabolic tissues in ~500 DO mouse liver, adipose, and skeletal muscle tissue from mice fed high-fat, high-sugar diet. [skeletal muscle]",,,"Perform RNAseq with existing frozen mouse DO tissues from ~500 DO mice were sensitized on a HFHS diet (Keller, Gatti et al. 2018). The same mice have been extensively characterized for T2D-relevant clinical phenotypes, ex-vivo islet function, and other features including microbiome profiling.  Gene expression and proteomic profiling has already been completed in islets. We will collect and analyze the genetic architecture of gene expression in liver, adipose, skeletal muscle. Tissues will be sent to JAX Bar Harbor from Alan Attie’s lab. These tissues were from the same mice used for transcriptome analysis of islets (Genetics May 1, 2018 vol. 209 no. 1 335-356)",transcription profiling by high-throughput sequencing design,39386475;40595617,,,857087,GPL24247,Mus musculus,GSE,Expression profiling by high throughput sequencing,2024/05/10,474,ftp://ftp.ncbi.nlm.nih.gov/geo/series/GSE266nnn/GSE266567/,Transcripts with high distal heritability mediate genetic effects on complex metabolic traits.,bioRxiv : the preprint server for biology,2024 Sep 27,10.1101/2024.09.26.613931,OSD-105|Mmus_C57-6J_TA_FLT_Rep2_M24,Space Flight
80,GSM7974056,0.9992120265960693,GSE232837,Hydroxycitrate delays early mortality in mice and promotes muscle regeneration while inducing a rich hepatic energetic status.,,,"ATP citrate lyase (ACLY) inhibitors have the potential of modulating central processes in protein, carbohydrate, and lipid metabolism, which can have relevant physiological consequences in aging and age-related diseases. Here, we show that hepatic phospho-active ACLY correlates with overweight and Model for End-stage Liver Disease score in humans. Wild-type mice treated chronically with the ACLY inhibitor potassium hydroxycitrate exhibited delayed early mortality. In AML12 hepatocyte cultures, the ACLY inhibitors potassium hydroxycitrate, SB-204990, and bempedoic acid fostered lipid accumulation, which was also observed in the liver of healthy-fed mice treated with potassium hydroxycitrate. Analysis of soleus tissue indicated that potassium hydroxycitrate produced the modulation of wound healing processes. In vivo, potassium hydroxycitrate modulated locomotor function toward increased wire hang performance and reduced rotarod performance in healthy-fed mice, and improved locomotion in mice exposed to cardiotoxin-induced muscle atrophy. Our findings implicate ACLY and ACLY inhibitors in different aspects of aging and muscle regeneration.","C57BL/6 male mice were divided in different groups with a standard diet or standard diet supplemented with hydroxycitrate. AML12 cells were siRNA interfered for Acly expression and were treated with hydroxycitrate, SB-204990 or Bempedoic acid. RNAseq was performed from AML12 cells, liver, soleo and gastrocnemius.",38760909,,,835926,GPL24247,Mus musculus,GSE,Expression profiling by high throughput sequencing,2024/05/16,59,ftp://ftp.ncbi.nlm.nih.gov/geo/series/GSE232nnn/GSE232837/,Hydroxycitrate delays early mortality in mice and promotes muscle regeneration while inducing a rich hepatic energetic status.,Aging cell,2024 Sep,10.1111/acel.14205,OSD-105|Mmus_C57-6J_TA_FLT_Rep3_M25,Space Flight
81,GSM5388344,0.9991000294685364,GSE178356,Insulin and IGF-1 Receptors Regulate Complex-I Dependent Mitochondrial Bioenergetics and Supercomplexes via FoxOs in Muscle,,,"Decreased skeletal muscle strength and mitochondrial dysfunction are characteristic of diabetes. Action of insulin through insulin receptor (IR) and IGF-1 receptor (IGF1R) maintain muscle mass via suppression of FoxOs, but whether FoxO activation coordinates atrophy in concert with mitochondrial dysfunction is unknown. In the absence of systemic glucose or lipid abnormalities, muscle-specific IR knockout (MIRKO) or combined IR/IGF1R knockout (MIGIRKO) impaired mitochondrial respiration, decreased ATP production, and increased ROS. These mitochondrial abnormalities were not present in muscle-specific IR/IGF1R and FoxO1/3/4 quintuple knockout mice (QKO). Although autophagy was increased when IR/IGF1R were deleted in muscle, mitophagy was not increased. Mechanistically, RNA-seq revealed that complex-I core subunits were decreased in MIGIRKO muscle, and these were reversed with FoxO knockout. Thus, insulin-deficient diabetes or loss of insulin/IGF-1 action in muscle decreases complex-I driven mitochondrial respiration and supercomplex assembly, in part by FoxO-mediated repression of Complex-I subunit expression.","Male mice were used in all animal studies unless stated otherwise. Muscle-specific IR knock-out (MIRKO), IGF1R knock-out (MIGF1RKO) combined IR/IGF1R knock-out (MIGIRKO), and combined IR/IGF1R with FoxO1/3/4 quintuple knock-out (QKO) mice were generated as previously described (PMID: 25981038, 27525440). Briefly, MIRKO, MIGIRKO, and QKO mice were generated using Acta1-Cre (stock 006149; Jackson Laboratory).  Each mouse line was maintained in a separate colony and floxed littermates were used as controls in each experiment. All animals were on a mixed background containing C57Blk6, C57Blk6J, and 129 strains and as such may contain random mutations in the Nnt (Nicotinamide nucleotide transhydrogenase) gene.  A post-hoc determination of Nnt genotype revealed that MIGIRKO and IRIGFRlox were heterozygous, whereas other strains (MIRKO, IRlox, QKO, and Qlox were mixed homozygous and heterozygous for Nnt gene (data not shown), but did not correlate with the mitochondrial differences demonstrated in our study.",,,,512564,GPL17021,Mus musculus,GSE,Expression profiling by high throughput sequencing,2021/07/21,34,ftp://ftp.ncbi.nlm.nih.gov/geo/series/GSE178nnn/GSE178356/,,,,,OSD-105|Mmus_C57-6J_TA_FLT_Rep3_M25,Space Flight
82,GSM8250863,0.9990968108177185,GSE266567,"Transcriptome profiling of non-islet metabolic tissues in ~500 DO mouse liver, adipose, and skeletal muscle tissue from mice fed high-fat, high-sugar diet. [skeletal muscle]",,,"Perform RNAseq with existing frozen mouse DO tissues from ~500 DO mice were sensitized on a HFHS diet (Keller, Gatti et al. 2018). The same mice have been extensively characterized for T2D-relevant clinical phenotypes, ex-vivo islet function, and other features including microbiome profiling.  Gene expression and proteomic profiling has already been completed in islets. We will collect and analyze the genetic architecture of gene expression in liver, adipose, skeletal muscle. Tissues will be sent to JAX Bar Harbor from Alan Attie’s lab. These tissues were from the same mice used for transcriptome analysis of islets (Genetics May 1, 2018 vol. 209 no. 1 335-356)",transcription profiling by high-throughput sequencing design,39386475;40595617,,,857057,GPL24247,Mus musculus,GSE,Expression profiling by high throughput sequencing,2024/05/10,474,ftp://ftp.ncbi.nlm.nih.gov/geo/series/GSE266nnn/GSE266567/,Transcripts with high distal heritability mediate genetic effects on complex metabolic traits.,bioRxiv : the preprint server for biology,2024 Sep 27,10.1101/2024.09.26.613931,OSD-105|Mmus_C57-6J_TA_FLT_Rep3_M25,Space Flight
83,GSM8249947,0.9990968108177185,GSE266549,"Transcriptome profiling of non-islet metabolic tissues in ~500 DO mouse liver, adipose, and skeletal muscle tissue from mice fed high-fat, high-sugar diet. [Adipose]",,,"Perform RNAseq with existing frozen mouse DO tissues from ~500 DO mice were sensitized on a HFHS diet (Keller, Gatti et al. 2018). The same mice have been extensively characterized for T2D-relevant clinical phenotypes, ex-vivo islet function, and other features including microbiome profiling.  Gene expression and proteomic profiling has already been completed in islets. We will collect and analyze the genetic architecture of gene expression in liver, adipose, skeletal muscle. Tissues will be sent to JAX Bar Harbor from Alan Attie’s lab. These tissues were from the same mice used for transcriptome analysis of islets (Genetics May 1, 2018 vol. 209 no. 1 335-356)",transcription profiling by high-throughput sequencing design,39386475;40595617,,,856586,GPL24247,Mus musculus,GSE,Expression profiling by high throughput sequencing,2024/05/10,468,ftp://ftp.ncbi.nlm.nih.gov/geo/series/GSE266nnn/GSE266549/,Transcripts with high distal heritability mediate genetic effects on complex metabolic traits.,bioRxiv : the preprint server for biology,2024 Sep 27,10.1101/2024.09.26.613931,OSD-105|Mmus_C57-6J_TA_FLT_Rep3_M25,Space Flight
84,GSM5829345,0.9990003705024719,GSE194145,Metabolic subgroups of Diversity Outbred mice show distinct phenotypic and transcriptomic signatures of obesity and insulin resistance,,,"Clinicians and researchers are turning towards precision medicine to treat and prevent obesity and diabetes, given the known contributions of genetics to these metabolic diseases and the wide variability reported in response to treatments. Animal models that incorporate the genetic diversity present in the human population may help discover novel genetic contributors to metabolic disease and test potential treatments. We characterized the Diversity Outbred (DO) mouse population as a model in which to study interindividual variability in metabolic disease and investigated the presence of metabolic subgroups within the population. Glucose metabolism was assessed in male Diversity Outbred (DO) mice after consumption of a high-fat diet for 14 weeks and profiled transcriptomic changes in liver, adipose, and muscle—key tissues involved in glucose homeostasis. To identify metabolic subgroups, we applied classification and regression tree analyses to metabolic phenotype measures as well as transcriptomic data. These findings suggest that DO mice exhibit a diversity of metabolic phenotypes that can be segmented into subgroups using a machine learning approach. The metabolic subgroups observed in the DO may be a useful for probing the phenotypic variability in metabolic disease observed in humans.","Male DO mice received either control or high-fat diet (HFD) for 14 weeks. At study start animals were randomized and half of the mice (N=75) were placed on the High Fat diet (60 kcal %, D12492/D12492N; Research Diets, New Brunswick, NJ)  while the other half (N=75) continued receiving control diet ad libitum. Animals were examined for morbidity and clinical observation twice daily on weekdays and once daily on weekends and holidays. Body weight was measured prior to blood collection on week 1 and then weekly for the remainder of the study. Feed consumption was monitored weekly. During Week 1, 5, 9, and 14, mice were fasted for a period of 4-5 hours and resting-state glucose levels were measured. After 12 weeks, an oral glucose tolerance test was also conducted after mice were fasted overnight (approximately 16-18 hours). Serum insulin and leptin content as well as routine clinical chemistry were also measured. After 14 weeks animals were necropsied and tissues collected. Samples of liver, muscle, and adipose (abdominal) tissue were frozen in liquid nitrogen and stored at or below -70 degrees C. Total RNA was extracted from small sub-samples of these three tissues and gene expression was measured to investigate potential molecular changes driving variability among mice to allow subgroupings. Metabolic subgroups were identified using a machine-learning algorithm.",,,,593508,GPL16417,Mus musculus,GSE,Expression profiling by high throughput sequencing,2022/12/30,446,ftp://ftp.ncbi.nlm.nih.gov/geo/series/GSE194nnn/GSE194145/,,,,,OSD-105|Mmus_C57-6J_TA_FLT_Rep3_M25,Space Flight
85,GSM8250046,0.9989752173423767,GSE266549,"Transcriptome profiling of non-islet metabolic tissues in ~500 DO mouse liver, adipose, and skeletal muscle tissue from mice fed high-fat, high-sugar diet. [Adipose]",,,"Perform RNAseq with existing frozen mouse DO tissues from ~500 DO mice were sensitized on a HFHS diet (Keller, Gatti et al. 2018). The same mice have been extensively characterized for T2D-relevant clinical phenotypes, ex-vivo islet function, and other features including microbiome profiling.  Gene expression and proteomic profiling has already been completed in islets. We will collect and analyze the genetic architecture of gene expression in liver, adipose, skeletal muscle. Tissues will be sent to JAX Bar Harbor from Alan Attie’s lab. These tissues were from the same mice used for transcriptome analysis of islets (Genetics May 1, 2018 vol. 209 no. 1 335-356)",transcription profiling by high-throughput sequencing design,39386475;40595617,,,856685,GPL24247,Mus musculus,GSE,Expression profiling by high throughput sequencing,2024/05/10,468,ftp://ftp.ncbi.nlm.nih.gov/geo/series/GSE266nnn/GSE266549/,Transcripts with high distal heritability mediate genetic effects on complex metabolic traits.,bioRxiv : the preprint server for biology,2024 Sep 27,10.1101/2024.09.26.613931,OSD-105|Mmus_C57-6J_TA_FLT_Rep3_M25,Space Flight
86,GSM8250960,0.9989691972732544,GSE266567,"Transcriptome profiling of non-islet metabolic tissues in ~500 DO mouse liver, adipose, and skeletal muscle tissue from mice fed high-fat, high-sugar diet. [skeletal muscle]",,,"Perform RNAseq with existing frozen mouse DO tissues from ~500 DO mice were sensitized on a HFHS diet (Keller, Gatti et al. 2018). The same mice have been extensively characterized for T2D-relevant clinical phenotypes, ex-vivo islet function, and other features including microbiome profiling.  Gene expression and proteomic profiling has already been completed in islets. We will collect and analyze the genetic architecture of gene expression in liver, adipose, skeletal muscle. Tissues will be sent to JAX Bar Harbor from Alan Attie’s lab. These tissues were from the same mice used for transcriptome analysis of islets (Genetics May 1, 2018 vol. 209 no. 1 335-356)",transcription profiling by high-throughput sequencing design,39386475;40595617,,,857153,GPL24247,Mus musculus,GSE,Expression profiling by high throughput sequencing,2024/05/10,474,ftp://ftp.ncbi.nlm.nih.gov/geo/series/GSE266nnn/GSE266567/,Transcripts with high distal heritability mediate genetic effects on complex metabolic traits.,bioRxiv : the preprint server for biology,2024 Sep 27,10.1101/2024.09.26.613931,OSD-105|Mmus_C57-6J_TA_FLT_Rep3_M25,Space Flight
87,GSM8250776,0.9989529252052307,GSE266567,"Transcriptome profiling of non-islet metabolic tissues in ~500 DO mouse liver, adipose, and skeletal muscle tissue from mice fed high-fat, high-sugar diet. [skeletal muscle]",,,"Perform RNAseq with existing frozen mouse DO tissues from ~500 DO mice were sensitized on a HFHS diet (Keller, Gatti et al. 2018). The same mice have been extensively characterized for T2D-relevant clinical phenotypes, ex-vivo islet function, and other features including microbiome profiling.  Gene expression and proteomic profiling has already been completed in islets. We will collect and analyze the genetic architecture of gene expression in liver, adipose, skeletal muscle. Tissues will be sent to JAX Bar Harbor from Alan Attie’s lab. These tissues were from the same mice used for transcriptome analysis of islets (Genetics May 1, 2018 vol. 209 no. 1 335-356)",transcription profiling by high-throughput sequencing design,39386475;40595617,,,856971,GPL24247,Mus musculus,GSE,Expression profiling by high throughput sequencing,2024/05/10,474,ftp://ftp.ncbi.nlm.nih.gov/geo/series/GSE266nnn/GSE266567/,Transcripts with high distal heritability mediate genetic effects on complex metabolic traits.,bioRxiv : the preprint server for biology,2024 Sep 27,10.1101/2024.09.26.613931,OSD-105|Mmus_C57-6J_TA_FLT_Rep3_M25,Space Flight
88,GSM8249860,0.9989529252052307,GSE266549,"Transcriptome profiling of non-islet metabolic tissues in ~500 DO mouse liver, adipose, and skeletal muscle tissue from mice fed high-fat, high-sugar diet. [Adipose]",,,"Perform RNAseq with existing frozen mouse DO tissues from ~500 DO mice were sensitized on a HFHS diet (Keller, Gatti et al. 2018). The same mice have been extensively characterized for T2D-relevant clinical phenotypes, ex-vivo islet function, and other features including microbiome profiling.  Gene expression and proteomic profiling has already been completed in islets. We will collect and analyze the genetic architecture of gene expression in liver, adipose, skeletal muscle. Tissues will be sent to JAX Bar Harbor from Alan Attie’s lab. These tissues were from the same mice used for transcriptome analysis of islets (Genetics May 1, 2018 vol. 209 no. 1 335-356)",transcription profiling by high-throughput sequencing design,39386475;40595617,,,856500,GPL24247,Mus musculus,GSE,Expression profiling by high throughput sequencing,2024/05/10,468,ftp://ftp.ncbi.nlm.nih.gov/geo/series/GSE266nnn/GSE266549/,Transcripts with high distal heritability mediate genetic effects on complex metabolic traits.,bioRxiv : the preprint server for biology,2024 Sep 27,10.1101/2024.09.26.613931,OSD-105|Mmus_C57-6J_TA_FLT_Rep3_M25,Space Flight
89,GSM4063458,0.9989003539085388,GSE136948,FoxO Transcription Factors Are Critical Regulators of Diabetes-Related Muscle Atrophy,,,"Insulin deficiency and uncontrolled diabetes lead to a catabolic state with decreased muscle strength, contributing to disease-related morbidity. FoxO transcription factors are suppressed by insulin and thus are key mediators of insulin action. To study their role in diabetic muscle wasting, we created mice with muscle-specific triple knockout of FoxO1/3/4 and induced diabetes in these M-FoxO-TKO mice with streptozotocin (STZ). Muscle mass and myofiber area were decreased 20-30% in STZ-Diabetes mice due to increased ubiquitin-proteasome degradation and autophagy alterations, characterized by increased LC3-containing vesicles, and elevated levels of phosphorylated ULK1 and LC3-II. Both the muscle loss and markers of increased degradation/autophagy were completely prevented in STZ FoxO-TKO mice. Transcriptomic analyses revealed FoxO-dependent increases in ubiquitin-mediated proteolysis pathways in STZ-Diabetes, including regulation of Fbxo32 (Atrogin1), Trim63 (MuRF1), Bnip3L, and Gabarapl. These same genes were increased 1.4- to 3.3-fold in muscle from humans with type 1 diabetes after short-term insulin deprivation. Thus, FoxO-regulated genes play a rate-limiting role in increased protein degradation and muscle atrophy in insulin-deficient diabetes.","Muscle-specific FoxO1, FoxO3, and FoxO4 triple knockout (M-FoxO-TKO) mice were generated using ACTA1-Cre (stock number 006149; The Jackson Laboratory) and FoxO1/3/4 triple floxed mice, provided by Dr. Domenico Accili, Colombia University Medical Center. Littermate controls were used for all experiments, as the mice are on a mixed background containing C57Blk6, C57Blk6J, and 129 strains. For STZ treatments, mice were fasted overnight and then injected intraperitoneally with a single high dose of STZ (150 mg/kg) (S0130; Sigma) dissolved in 100 mmol/L citrate buffer (pH 4.5) or injected with citrate buffer alone as a control, then immediately given access to food. Female mice were given a 150 mg/kg dose followed by a 75 mg/kg dose of STZ on day 3, since female mice are less responsive to STZ (24). Mice were monitored for hyperglycemia on days 3, 7, 12, and 15, and only mice in which random blood glucose remained >300 mg/dL for the following 9–12 days were used for experiments.",30523026,,,293037,GPL17021,Mus musculus,GSE,Expression profiling by high throughput sequencing,2019/09/05,21,ftp://ftp.ncbi.nlm.nih.gov/geo/series/GSE136nnn/GSE136948/,FoxO Transcription Factors Are Critical Regulators of Diabetes-Related Muscle Atrophy.,Diabetes,2019 Mar,10.2337/db18-0416,OSD-105|Mmus_C57-6J_TA_FLT_Rep3_M25,Space Flight
90,GSM7974056,0.9991962313652039,GSE232837,Hydroxycitrate delays early mortality in mice and promotes muscle regeneration while inducing a rich hepatic energetic status.,,,"ATP citrate lyase (ACLY) inhibitors have the potential of modulating central processes in protein, carbohydrate, and lipid metabolism, which can have relevant physiological consequences in aging and age-related diseases. Here, we show that hepatic phospho-active ACLY correlates with overweight and Model for End-stage Liver Disease score in humans. Wild-type mice treated chronically with the ACLY inhibitor potassium hydroxycitrate exhibited delayed early mortality. In AML12 hepatocyte cultures, the ACLY inhibitors potassium hydroxycitrate, SB-204990, and bempedoic acid fostered lipid accumulation, which was also observed in the liver of healthy-fed mice treated with potassium hydroxycitrate. Analysis of soleus tissue indicated that potassium hydroxycitrate produced the modulation of wound healing processes. In vivo, potassium hydroxycitrate modulated locomotor function toward increased wire hang performance and reduced rotarod performance in healthy-fed mice, and improved locomotion in mice exposed to cardiotoxin-induced muscle atrophy. Our findings implicate ACLY and ACLY inhibitors in different aspects of aging and muscle regeneration.","C57BL/6 male mice were divided in different groups with a standard diet or standard diet supplemented with hydroxycitrate. AML12 cells were siRNA interfered for Acly expression and were treated with hydroxycitrate, SB-204990 or Bempedoic acid. RNAseq was performed from AML12 cells, liver, soleo and gastrocnemius.",38760909,,,835926,GPL24247,Mus musculus,GSE,Expression profiling by high throughput sequencing,2024/05/16,59,ftp://ftp.ncbi.nlm.nih.gov/geo/series/GSE232nnn/GSE232837/,Hydroxycitrate delays early mortality in mice and promotes muscle regeneration while inducing a rich hepatic energetic status.,Aging cell,2024 Sep,10.1111/acel.14205,OSD-105|Mmus_C57-6J_TA_FLT_Rep4_M26,Space Flight
91,GSM8249911,0.9990175366401672,GSE266549,"Transcriptome profiling of non-islet metabolic tissues in ~500 DO mouse liver, adipose, and skeletal muscle tissue from mice fed high-fat, high-sugar diet. [Adipose]",,,"Perform RNAseq with existing frozen mouse DO tissues from ~500 DO mice were sensitized on a HFHS diet (Keller, Gatti et al. 2018). The same mice have been extensively characterized for T2D-relevant clinical phenotypes, ex-vivo islet function, and other features including microbiome profiling.  Gene expression and proteomic profiling has already been completed in islets. We will collect and analyze the genetic architecture of gene expression in liver, adipose, skeletal muscle. Tissues will be sent to JAX Bar Harbor from Alan Attie’s lab. These tissues were from the same mice used for transcriptome analysis of islets (Genetics May 1, 2018 vol. 209 no. 1 335-356)",transcription profiling by high-throughput sequencing design,39386475;40595617,,,856551,GPL24247,Mus musculus,GSE,Expression profiling by high throughput sequencing,2024/05/10,468,ftp://ftp.ncbi.nlm.nih.gov/geo/series/GSE266nnn/GSE266549/,Transcripts with high distal heritability mediate genetic effects on complex metabolic traits.,bioRxiv : the preprint server for biology,2024 Sep 27,10.1101/2024.09.26.613931,OSD-105|Mmus_C57-6J_TA_FLT_Rep4_M26,Space Flight
92,GSM8250827,0.9990175366401672,GSE266567,"Transcriptome profiling of non-islet metabolic tissues in ~500 DO mouse liver, adipose, and skeletal muscle tissue from mice fed high-fat, high-sugar diet. [skeletal muscle]",,,"Perform RNAseq with existing frozen mouse DO tissues from ~500 DO mice were sensitized on a HFHS diet (Keller, Gatti et al. 2018). The same mice have been extensively characterized for T2D-relevant clinical phenotypes, ex-vivo islet function, and other features including microbiome profiling.  Gene expression and proteomic profiling has already been completed in islets. We will collect and analyze the genetic architecture of gene expression in liver, adipose, skeletal muscle. Tissues will be sent to JAX Bar Harbor from Alan Attie’s lab. These tissues were from the same mice used for transcriptome analysis of islets (Genetics May 1, 2018 vol. 209 no. 1 335-356)",transcription profiling by high-throughput sequencing design,39386475;40595617,,,857022,GPL24247,Mus musculus,GSE,Expression profiling by high throughput sequencing,2024/05/10,474,ftp://ftp.ncbi.nlm.nih.gov/geo/series/GSE266nnn/GSE266567/,Transcripts with high distal heritability mediate genetic effects on complex metabolic traits.,bioRxiv : the preprint server for biology,2024 Sep 27,10.1101/2024.09.26.613931,OSD-105|Mmus_C57-6J_TA_FLT_Rep4_M26,Space Flight
93,GSM8250863,0.9989523887634277,GSE266567,"Transcriptome profiling of non-islet metabolic tissues in ~500 DO mouse liver, adipose, and skeletal muscle tissue from mice fed high-fat, high-sugar diet. [skeletal muscle]",,,"Perform RNAseq with existing frozen mouse DO tissues from ~500 DO mice were sensitized on a HFHS diet (Keller, Gatti et al. 2018). The same mice have been extensively characterized for T2D-relevant clinical phenotypes, ex-vivo islet function, and other features including microbiome profiling.  Gene expression and proteomic profiling has already been completed in islets. We will collect and analyze the genetic architecture of gene expression in liver, adipose, skeletal muscle. Tissues will be sent to JAX Bar Harbor from Alan Attie’s lab. These tissues were from the same mice used for transcriptome analysis of islets (Genetics May 1, 2018 vol. 209 no. 1 335-356)",transcription profiling by high-throughput sequencing design,39386475;40595617,,,857057,GPL24247,Mus musculus,GSE,Expression profiling by high throughput sequencing,2024/05/10,474,ftp://ftp.ncbi.nlm.nih.gov/geo/series/GSE266nnn/GSE266567/,Transcripts with high distal heritability mediate genetic effects on complex metabolic traits.,bioRxiv : the preprint server for biology,2024 Sep 27,10.1101/2024.09.26.613931,OSD-105|Mmus_C57-6J_TA_FLT_Rep4_M26,Space Flight
94,GSM8249947,0.9989523887634277,GSE266549,"Transcriptome profiling of non-islet metabolic tissues in ~500 DO mouse liver, adipose, and skeletal muscle tissue from mice fed high-fat, high-sugar diet. [Adipose]",,,"Perform RNAseq with existing frozen mouse DO tissues from ~500 DO mice were sensitized on a HFHS diet (Keller, Gatti et al. 2018). The same mice have been extensively characterized for T2D-relevant clinical phenotypes, ex-vivo islet function, and other features including microbiome profiling.  Gene expression and proteomic profiling has already been completed in islets. We will collect and analyze the genetic architecture of gene expression in liver, adipose, skeletal muscle. Tissues will be sent to JAX Bar Harbor from Alan Attie’s lab. These tissues were from the same mice used for transcriptome analysis of islets (Genetics May 1, 2018 vol. 209 no. 1 335-356)",transcription profiling by high-throughput sequencing design,39386475;40595617,,,856586,GPL24247,Mus musculus,GSE,Expression profiling by high throughput sequencing,2024/05/10,468,ftp://ftp.ncbi.nlm.nih.gov/geo/series/GSE266nnn/GSE266549/,Transcripts with high distal heritability mediate genetic effects on complex metabolic traits.,bioRxiv : the preprint server for biology,2024 Sep 27,10.1101/2024.09.26.613931,OSD-105|Mmus_C57-6J_TA_FLT_Rep4_M26,Space Flight
95,GSM5388344,0.9989219903945923,GSE178356,Insulin and IGF-1 Receptors Regulate Complex-I Dependent Mitochondrial Bioenergetics and Supercomplexes via FoxOs in Muscle,,,"Decreased skeletal muscle strength and mitochondrial dysfunction are characteristic of diabetes. Action of insulin through insulin receptor (IR) and IGF-1 receptor (IGF1R) maintain muscle mass via suppression of FoxOs, but whether FoxO activation coordinates atrophy in concert with mitochondrial dysfunction is unknown. In the absence of systemic glucose or lipid abnormalities, muscle-specific IR knockout (MIRKO) or combined IR/IGF1R knockout (MIGIRKO) impaired mitochondrial respiration, decreased ATP production, and increased ROS. These mitochondrial abnormalities were not present in muscle-specific IR/IGF1R and FoxO1/3/4 quintuple knockout mice (QKO). Although autophagy was increased when IR/IGF1R were deleted in muscle, mitophagy was not increased. Mechanistically, RNA-seq revealed that complex-I core subunits were decreased in MIGIRKO muscle, and these were reversed with FoxO knockout. Thus, insulin-deficient diabetes or loss of insulin/IGF-1 action in muscle decreases complex-I driven mitochondrial respiration and supercomplex assembly, in part by FoxO-mediated repression of Complex-I subunit expression.","Male mice were used in all animal studies unless stated otherwise. Muscle-specific IR knock-out (MIRKO), IGF1R knock-out (MIGF1RKO) combined IR/IGF1R knock-out (MIGIRKO), and combined IR/IGF1R with FoxO1/3/4 quintuple knock-out (QKO) mice were generated as previously described (PMID: 25981038, 27525440). Briefly, MIRKO, MIGIRKO, and QKO mice were generated using Acta1-Cre (stock 006149; Jackson Laboratory).  Each mouse line was maintained in a separate colony and floxed littermates were used as controls in each experiment. All animals were on a mixed background containing C57Blk6, C57Blk6J, and 129 strains and as such may contain random mutations in the Nnt (Nicotinamide nucleotide transhydrogenase) gene.  A post-hoc determination of Nnt genotype revealed that MIGIRKO and IRIGFRlox were heterozygous, whereas other strains (MIRKO, IRlox, QKO, and Qlox were mixed homozygous and heterozygous for Nnt gene (data not shown), but did not correlate with the mitochondrial differences demonstrated in our study.",,,,512564,GPL17021,Mus musculus,GSE,Expression profiling by high throughput sequencing,2021/07/21,34,ftp://ftp.ncbi.nlm.nih.gov/geo/series/GSE178nnn/GSE178356/,,,,,OSD-105|Mmus_C57-6J_TA_FLT_Rep4_M26,Space Flight
96,GSM8250685,0.9988660216331482,GSE266567,"Transcriptome profiling of non-islet metabolic tissues in ~500 DO mouse liver, adipose, and skeletal muscle tissue from mice fed high-fat, high-sugar diet. [skeletal muscle]",,,"Perform RNAseq with existing frozen mouse DO tissues from ~500 DO mice were sensitized on a HFHS diet (Keller, Gatti et al. 2018). The same mice have been extensively characterized for T2D-relevant clinical phenotypes, ex-vivo islet function, and other features including microbiome profiling.  Gene expression and proteomic profiling has already been completed in islets. We will collect and analyze the genetic architecture of gene expression in liver, adipose, skeletal muscle. Tissues will be sent to JAX Bar Harbor from Alan Attie’s lab. These tissues were from the same mice used for transcriptome analysis of islets (Genetics May 1, 2018 vol. 209 no. 1 335-356)",transcription profiling by high-throughput sequencing design,39386475;40595617,,,856880,GPL24247,Mus musculus,GSE,Expression profiling by high throughput sequencing,2024/05/10,474,ftp://ftp.ncbi.nlm.nih.gov/geo/series/GSE266nnn/GSE266567/,Transcripts with high distal heritability mediate genetic effects on complex metabolic traits.,bioRxiv : the preprint server for biology,2024 Sep 27,10.1101/2024.09.26.613931,OSD-105|Mmus_C57-6J_TA_FLT_Rep4_M26,Space Flight
97,GSM8249767,0.9988576173782349,GSE266549,"Transcriptome profiling of non-islet metabolic tissues in ~500 DO mouse liver, adipose, and skeletal muscle tissue from mice fed high-fat, high-sugar diet. [Adipose]",,,"Perform RNAseq with existing frozen mouse DO tissues from ~500 DO mice were sensitized on a HFHS diet (Keller, Gatti et al. 2018). The same mice have been extensively characterized for T2D-relevant clinical phenotypes, ex-vivo islet function, and other features including microbiome profiling.  Gene expression and proteomic profiling has already been completed in islets. We will collect and analyze the genetic architecture of gene expression in liver, adipose, skeletal muscle. Tissues will be sent to JAX Bar Harbor from Alan Attie’s lab. These tissues were from the same mice used for transcriptome analysis of islets (Genetics May 1, 2018 vol. 209 no. 1 335-356)",transcription profiling by high-throughput sequencing design,39386475;40595617,,,856407,GPL24247,Mus musculus,GSE,Expression profiling by high throughput sequencing,2024/05/10,468,ftp://ftp.ncbi.nlm.nih.gov/geo/series/GSE266nnn/GSE266549/,Transcripts with high distal heritability mediate genetic effects on complex metabolic traits.,bioRxiv : the preprint server for biology,2024 Sep 27,10.1101/2024.09.26.613931,OSD-105|Mmus_C57-6J_TA_FLT_Rep4_M26,Space Flight
98,GSM8249860,0.998848557472229,GSE266549,"Transcriptome profiling of non-islet metabolic tissues in ~500 DO mouse liver, adipose, and skeletal muscle tissue from mice fed high-fat, high-sugar diet. [Adipose]",,,"Perform RNAseq with existing frozen mouse DO tissues from ~500 DO mice were sensitized on a HFHS diet (Keller, Gatti et al. 2018). The same mice have been extensively characterized for T2D-relevant clinical phenotypes, ex-vivo islet function, and other features including microbiome profiling.  Gene expression and proteomic profiling has already been completed in islets. We will collect and analyze the genetic architecture of gene expression in liver, adipose, skeletal muscle. Tissues will be sent to JAX Bar Harbor from Alan Attie’s lab. These tissues were from the same mice used for transcriptome analysis of islets (Genetics May 1, 2018 vol. 209 no. 1 335-356)",transcription profiling by high-throughput sequencing design,39386475;40595617,,,856500,GPL24247,Mus musculus,GSE,Expression profiling by high throughput sequencing,2024/05/10,468,ftp://ftp.ncbi.nlm.nih.gov/geo/series/GSE266nnn/GSE266549/,Transcripts with high distal heritability mediate genetic effects on complex metabolic traits.,bioRxiv : the preprint server for biology,2024 Sep 27,10.1101/2024.09.26.613931,OSD-105|Mmus_C57-6J_TA_FLT_Rep4_M26,Space Flight
99,GSM8250776,0.998848557472229,GSE266567,"Transcriptome profiling of non-islet metabolic tissues in ~500 DO mouse liver, adipose, and skeletal muscle tissue from mice fed high-fat, high-sugar diet. [skeletal muscle]",,,"Perform RNAseq with existing frozen mouse DO tissues from ~500 DO mice were sensitized on a HFHS diet (Keller, Gatti et al. 2018). The same mice have been extensively characterized for T2D-relevant clinical phenotypes, ex-vivo islet function, and other features including microbiome profiling.  Gene expression and proteomic profiling has already been completed in islets. We will collect and analyze the genetic architecture of gene expression in liver, adipose, skeletal muscle. Tissues will be sent to JAX Bar Harbor from Alan Attie’s lab. These tissues were from the same mice used for transcriptome analysis of islets (Genetics May 1, 2018 vol. 209 no. 1 335-356)",transcription profiling by high-throughput sequencing design,39386475;40595617,,,856971,GPL24247,Mus musculus,GSE,Expression profiling by high throughput sequencing,2024/05/10,474,ftp://ftp.ncbi.nlm.nih.gov/geo/series/GSE266nnn/GSE266567/,Transcripts with high distal heritability mediate genetic effects on complex metabolic traits.,bioRxiv : the preprint server for biology,2024 Sep 27,10.1101/2024.09.26.613931,OSD-105|Mmus_C57-6J_TA_FLT_Rep4_M26,Space Flight
100,GSM4063459,0.9987801909446716,GSE136948,FoxO Transcription Factors Are Critical Regulators of Diabetes-Related Muscle Atrophy,,,"Insulin deficiency and uncontrolled diabetes lead to a catabolic state with decreased muscle strength, contributing to disease-related morbidity. FoxO transcription factors are suppressed by insulin and thus are key mediators of insulin action. To study their role in diabetic muscle wasting, we created mice with muscle-specific triple knockout of FoxO1/3/4 and induced diabetes in these M-FoxO-TKO mice with streptozotocin (STZ). Muscle mass and myofiber area were decreased 20-30% in STZ-Diabetes mice due to increased ubiquitin-proteasome degradation and autophagy alterations, characterized by increased LC3-containing vesicles, and elevated levels of phosphorylated ULK1 and LC3-II. Both the muscle loss and markers of increased degradation/autophagy were completely prevented in STZ FoxO-TKO mice. Transcriptomic analyses revealed FoxO-dependent increases in ubiquitin-mediated proteolysis pathways in STZ-Diabetes, including regulation of Fbxo32 (Atrogin1), Trim63 (MuRF1), Bnip3L, and Gabarapl. These same genes were increased 1.4- to 3.3-fold in muscle from humans with type 1 diabetes after short-term insulin deprivation. Thus, FoxO-regulated genes play a rate-limiting role in increased protein degradation and muscle atrophy in insulin-deficient diabetes.","Muscle-specific FoxO1, FoxO3, and FoxO4 triple knockout (M-FoxO-TKO) mice were generated using ACTA1-Cre (stock number 006149; The Jackson Laboratory) and FoxO1/3/4 triple floxed mice, provided by Dr. Domenico Accili, Colombia University Medical Center. Littermate controls were used for all experiments, as the mice are on a mixed background containing C57Blk6, C57Blk6J, and 129 strains. For STZ treatments, mice were fasted overnight and then injected intraperitoneally with a single high dose of STZ (150 mg/kg) (S0130; Sigma) dissolved in 100 mmol/L citrate buffer (pH 4.5) or injected with citrate buffer alone as a control, then immediately given access to food. Female mice were given a 150 mg/kg dose followed by a 75 mg/kg dose of STZ on day 3, since female mice are less responsive to STZ (24). Mice were monitored for hyperglycemia on days 3, 7, 12, and 15, and only mice in which random blood glucose remained >300 mg/dL for the following 9–12 days were used for experiments.",30523026,,,293038,GPL17021,Mus musculus,GSE,Expression profiling by high throughput sequencing,2019/09/05,21,ftp://ftp.ncbi.nlm.nih.gov/geo/series/GSE136nnn/GSE136948/,FoxO Transcription Factors Are Critical Regulators of Diabetes-Related Muscle Atrophy.,Diabetes,2019 Mar,10.2337/db18-0416,OSD-105|Mmus_C57-6J_TA_FLT_Rep5_M27,Space Flight
101,GSM7974056,0.9986597299575806,GSE232837,Hydroxycitrate delays early mortality in mice and promotes muscle regeneration while inducing a rich hepatic energetic status.,,,"ATP citrate lyase (ACLY) inhibitors have the potential of modulating central processes in protein, carbohydrate, and lipid metabolism, which can have relevant physiological consequences in aging and age-related diseases. Here, we show that hepatic phospho-active ACLY correlates with overweight and Model for End-stage Liver Disease score in humans. Wild-type mice treated chronically with the ACLY inhibitor potassium hydroxycitrate exhibited delayed early mortality. In AML12 hepatocyte cultures, the ACLY inhibitors potassium hydroxycitrate, SB-204990, and bempedoic acid fostered lipid accumulation, which was also observed in the liver of healthy-fed mice treated with potassium hydroxycitrate. Analysis of soleus tissue indicated that potassium hydroxycitrate produced the modulation of wound healing processes. In vivo, potassium hydroxycitrate modulated locomotor function toward increased wire hang performance and reduced rotarod performance in healthy-fed mice, and improved locomotion in mice exposed to cardiotoxin-induced muscle atrophy. Our findings implicate ACLY and ACLY inhibitors in different aspects of aging and muscle regeneration.","C57BL/6 male mice were divided in different groups with a standard diet or standard diet supplemented with hydroxycitrate. AML12 cells were siRNA interfered for Acly expression and were treated with hydroxycitrate, SB-204990 or Bempedoic acid. RNAseq was performed from AML12 cells, liver, soleo and gastrocnemius.",38760909,,,835926,GPL24247,Mus musculus,GSE,Expression profiling by high throughput sequencing,2024/05/16,59,ftp://ftp.ncbi.nlm.nih.gov/geo/series/GSE232nnn/GSE232837/,Hydroxycitrate delays early mortality in mice and promotes muscle regeneration while inducing a rich hepatic energetic status.,Aging cell,2024 Sep,10.1111/acel.14205,OSD-105|Mmus_C57-6J_TA_FLT_Rep5_M27,Space Flight
102,GSM5963763,0.9985979199409485,GSE199074,Next Generation Sequencing Facilitates Quantitative Analysis of Transcriptomes of Skeletal Muscle-Specific Akt Knockout Mice,,,Impact of knocking out of Akt in fast-twitch muscle on the transcritome was characterized by down-regulation of genes involved in mitochondria and electron transport chain.,Fast-twitch muscle mRNA profiles of 50-week-old skeletal muscle-specific Akt knockout mice and the control floxed mice,36198696,,,615429,GPL19057,Mus musculus,GSE,Expression profiling by high throughput sequencing,2022/06/02,6,ftp://ftp.ncbi.nlm.nih.gov/geo/series/GSE199nnn/GSE199074/,Deletion of skeletal muscle Akt1/2 causes osteosarcopenia and reduces lifespan in mice.,Nature communications,2022 Oct 5,10.1038/s41467-022-33008-2,OSD-105|Mmus_C57-6J_TA_FLT_Rep5_M27,Space Flight
103,GSM5388344,0.9984638690948486,GSE178356,Insulin and IGF-1 Receptors Regulate Complex-I Dependent Mitochondrial Bioenergetics and Supercomplexes via FoxOs in Muscle,,,"Decreased skeletal muscle strength and mitochondrial dysfunction are characteristic of diabetes. Action of insulin through insulin receptor (IR) and IGF-1 receptor (IGF1R) maintain muscle mass via suppression of FoxOs, but whether FoxO activation coordinates atrophy in concert with mitochondrial dysfunction is unknown. In the absence of systemic glucose or lipid abnormalities, muscle-specific IR knockout (MIRKO) or combined IR/IGF1R knockout (MIGIRKO) impaired mitochondrial respiration, decreased ATP production, and increased ROS. These mitochondrial abnormalities were not present in muscle-specific IR/IGF1R and FoxO1/3/4 quintuple knockout mice (QKO). Although autophagy was increased when IR/IGF1R were deleted in muscle, mitophagy was not increased. Mechanistically, RNA-seq revealed that complex-I core subunits were decreased in MIGIRKO muscle, and these were reversed with FoxO knockout. Thus, insulin-deficient diabetes or loss of insulin/IGF-1 action in muscle decreases complex-I driven mitochondrial respiration and supercomplex assembly, in part by FoxO-mediated repression of Complex-I subunit expression.","Male mice were used in all animal studies unless stated otherwise. Muscle-specific IR knock-out (MIRKO), IGF1R knock-out (MIGF1RKO) combined IR/IGF1R knock-out (MIGIRKO), and combined IR/IGF1R with FoxO1/3/4 quintuple knock-out (QKO) mice were generated as previously described (PMID: 25981038, 27525440). Briefly, MIRKO, MIGIRKO, and QKO mice were generated using Acta1-Cre (stock 006149; Jackson Laboratory).  Each mouse line was maintained in a separate colony and floxed littermates were used as controls in each experiment. All animals were on a mixed background containing C57Blk6, C57Blk6J, and 129 strains and as such may contain random mutations in the Nnt (Nicotinamide nucleotide transhydrogenase) gene.  A post-hoc determination of Nnt genotype revealed that MIGIRKO and IRIGFRlox were heterozygous, whereas other strains (MIRKO, IRlox, QKO, and Qlox were mixed homozygous and heterozygous for Nnt gene (data not shown), but did not correlate with the mitochondrial differences demonstrated in our study.",,,,512564,GPL17021,Mus musculus,GSE,Expression profiling by high throughput sequencing,2021/07/21,34,ftp://ftp.ncbi.nlm.nih.gov/geo/series/GSE178nnn/GSE178356/,,,,,OSD-105|Mmus_C57-6J_TA_FLT_Rep5_M27,Space Flight
104,GSM5829345,0.9983891248703003,GSE194145,Metabolic subgroups of Diversity Outbred mice show distinct phenotypic and transcriptomic signatures of obesity and insulin resistance,,,"Clinicians and researchers are turning towards precision medicine to treat and prevent obesity and diabetes, given the known contributions of genetics to these metabolic diseases and the wide variability reported in response to treatments. Animal models that incorporate the genetic diversity present in the human population may help discover novel genetic contributors to metabolic disease and test potential treatments. We characterized the Diversity Outbred (DO) mouse population as a model in which to study interindividual variability in metabolic disease and investigated the presence of metabolic subgroups within the population. Glucose metabolism was assessed in male Diversity Outbred (DO) mice after consumption of a high-fat diet for 14 weeks and profiled transcriptomic changes in liver, adipose, and muscle—key tissues involved in glucose homeostasis. To identify metabolic subgroups, we applied classification and regression tree analyses to metabolic phenotype measures as well as transcriptomic data. These findings suggest that DO mice exhibit a diversity of metabolic phenotypes that can be segmented into subgroups using a machine learning approach. The metabolic subgroups observed in the DO may be a useful for probing the phenotypic variability in metabolic disease observed in humans.","Male DO mice received either control or high-fat diet (HFD) for 14 weeks. At study start animals were randomized and half of the mice (N=75) were placed on the High Fat diet (60 kcal %, D12492/D12492N; Research Diets, New Brunswick, NJ)  while the other half (N=75) continued receiving control diet ad libitum. Animals were examined for morbidity and clinical observation twice daily on weekdays and once daily on weekends and holidays. Body weight was measured prior to blood collection on week 1 and then weekly for the remainder of the study. Feed consumption was monitored weekly. During Week 1, 5, 9, and 14, mice were fasted for a period of 4-5 hours and resting-state glucose levels were measured. After 12 weeks, an oral glucose tolerance test was also conducted after mice were fasted overnight (approximately 16-18 hours). Serum insulin and leptin content as well as routine clinical chemistry were also measured. After 14 weeks animals were necropsied and tissues collected. Samples of liver, muscle, and adipose (abdominal) tissue were frozen in liquid nitrogen and stored at or below -70 degrees C. Total RNA was extracted from small sub-samples of these three tissues and gene expression was measured to investigate potential molecular changes driving variability among mice to allow subgroupings. Metabolic subgroups were identified using a machine-learning algorithm.",,,,593508,GPL16417,Mus musculus,GSE,Expression profiling by high throughput sequencing,2022/12/30,446,ftp://ftp.ncbi.nlm.nih.gov/geo/series/GSE194nnn/GSE194145/,,,,,OSD-105|Mmus_C57-6J_TA_FLT_Rep5_M27,Space Flight
105,GSM8250863,0.9983290433883667,GSE266567,"Transcriptome profiling of non-islet metabolic tissues in ~500 DO mouse liver, adipose, and skeletal muscle tissue from mice fed high-fat, high-sugar diet. [skeletal muscle]",,,"Perform RNAseq with existing frozen mouse DO tissues from ~500 DO mice were sensitized on a HFHS diet (Keller, Gatti et al. 2018). The same mice have been extensively characterized for T2D-relevant clinical phenotypes, ex-vivo islet function, and other features including microbiome profiling.  Gene expression and proteomic profiling has already been completed in islets. We will collect and analyze the genetic architecture of gene expression in liver, adipose, skeletal muscle. Tissues will be sent to JAX Bar Harbor from Alan Attie’s lab. These tissues were from the same mice used for transcriptome analysis of islets (Genetics May 1, 2018 vol. 209 no. 1 335-356)",transcription profiling by high-throughput sequencing design,39386475;40595617,,,857057,GPL24247,Mus musculus,GSE,Expression profiling by high throughput sequencing,2024/05/10,474,ftp://ftp.ncbi.nlm.nih.gov/geo/series/GSE266nnn/GSE266567/,Transcripts with high distal heritability mediate genetic effects on complex metabolic traits.,bioRxiv : the preprint server for biology,2024 Sep 27,10.1101/2024.09.26.613931,OSD-105|Mmus_C57-6J_TA_FLT_Rep5_M27,Space Flight
106,GSM8249947,0.9983290433883667,GSE266549,"Transcriptome profiling of non-islet metabolic tissues in ~500 DO mouse liver, adipose, and skeletal muscle tissue from mice fed high-fat, high-sugar diet. [Adipose]",,,"Perform RNAseq with existing frozen mouse DO tissues from ~500 DO mice were sensitized on a HFHS diet (Keller, Gatti et al. 2018). The same mice have been extensively characterized for T2D-relevant clinical phenotypes, ex-vivo islet function, and other features including microbiome profiling.  Gene expression and proteomic profiling has already been completed in islets. We will collect and analyze the genetic architecture of gene expression in liver, adipose, skeletal muscle. Tissues will be sent to JAX Bar Harbor from Alan Attie’s lab. These tissues were from the same mice used for transcriptome analysis of islets (Genetics May 1, 2018 vol. 209 no. 1 335-356)",transcription profiling by high-throughput sequencing design,39386475;40595617,,,856586,GPL24247,Mus musculus,GSE,Expression profiling by high throughput sequencing,2024/05/10,468,ftp://ftp.ncbi.nlm.nih.gov/geo/series/GSE266nnn/GSE266549/,Transcripts with high distal heritability mediate genetic effects on complex metabolic traits.,bioRxiv : the preprint server for biology,2024 Sep 27,10.1101/2024.09.26.613931,OSD-105|Mmus_C57-6J_TA_FLT_Rep5_M27,Space Flight
107,GSM5829472,0.9983223676681519,GSE194145,Metabolic subgroups of Diversity Outbred mice show distinct phenotypic and transcriptomic signatures of obesity and insulin resistance,,,"Clinicians and researchers are turning towards precision medicine to treat and prevent obesity and diabetes, given the known contributions of genetics to these metabolic diseases and the wide variability reported in response to treatments. Animal models that incorporate the genetic diversity present in the human population may help discover novel genetic contributors to metabolic disease and test potential treatments. We characterized the Diversity Outbred (DO) mouse population as a model in which to study interindividual variability in metabolic disease and investigated the presence of metabolic subgroups within the population. Glucose metabolism was assessed in male Diversity Outbred (DO) mice after consumption of a high-fat diet for 14 weeks and profiled transcriptomic changes in liver, adipose, and muscle—key tissues involved in glucose homeostasis. To identify metabolic subgroups, we applied classification and regression tree analyses to metabolic phenotype measures as well as transcriptomic data. These findings suggest that DO mice exhibit a diversity of metabolic phenotypes that can be segmented into subgroups using a machine learning approach. The metabolic subgroups observed in the DO may be a useful for probing the phenotypic variability in metabolic disease observed in humans.","Male DO mice received either control or high-fat diet (HFD) for 14 weeks. At study start animals were randomized and half of the mice (N=75) were placed on the High Fat diet (60 kcal %, D12492/D12492N; Research Diets, New Brunswick, NJ)  while the other half (N=75) continued receiving control diet ad libitum. Animals were examined for morbidity and clinical observation twice daily on weekdays and once daily on weekends and holidays. Body weight was measured prior to blood collection on week 1 and then weekly for the remainder of the study. Feed consumption was monitored weekly. During Week 1, 5, 9, and 14, mice were fasted for a period of 4-5 hours and resting-state glucose levels were measured. After 12 weeks, an oral glucose tolerance test was also conducted after mice were fasted overnight (approximately 16-18 hours). Serum insulin and leptin content as well as routine clinical chemistry were also measured. After 14 weeks animals were necropsied and tissues collected. Samples of liver, muscle, and adipose (abdominal) tissue were frozen in liquid nitrogen and stored at or below -70 degrees C. Total RNA was extracted from small sub-samples of these three tissues and gene expression was measured to investigate potential molecular changes driving variability among mice to allow subgroupings. Metabolic subgroups were identified using a machine-learning algorithm.",,,,593630,GPL16417,Mus musculus,GSE,Expression profiling by high throughput sequencing,2022/12/30,446,ftp://ftp.ncbi.nlm.nih.gov/geo/series/GSE194nnn/GSE194145/,,,,,OSD-105|Mmus_C57-6J_TA_FLT_Rep5_M27,Space Flight
108,GSM4063458,0.9982484579086304,GSE136948,FoxO Transcription Factors Are Critical Regulators of Diabetes-Related Muscle Atrophy,,,"Insulin deficiency and uncontrolled diabetes lead to a catabolic state with decreased muscle strength, contributing to disease-related morbidity. FoxO transcription factors are suppressed by insulin and thus are key mediators of insulin action. To study their role in diabetic muscle wasting, we created mice with muscle-specific triple knockout of FoxO1/3/4 and induced diabetes in these M-FoxO-TKO mice with streptozotocin (STZ). Muscle mass and myofiber area were decreased 20-30% in STZ-Diabetes mice due to increased ubiquitin-proteasome degradation and autophagy alterations, characterized by increased LC3-containing vesicles, and elevated levels of phosphorylated ULK1 and LC3-II. Both the muscle loss and markers of increased degradation/autophagy were completely prevented in STZ FoxO-TKO mice. Transcriptomic analyses revealed FoxO-dependent increases in ubiquitin-mediated proteolysis pathways in STZ-Diabetes, including regulation of Fbxo32 (Atrogin1), Trim63 (MuRF1), Bnip3L, and Gabarapl. These same genes were increased 1.4- to 3.3-fold in muscle from humans with type 1 diabetes after short-term insulin deprivation. Thus, FoxO-regulated genes play a rate-limiting role in increased protein degradation and muscle atrophy in insulin-deficient diabetes.","Muscle-specific FoxO1, FoxO3, and FoxO4 triple knockout (M-FoxO-TKO) mice were generated using ACTA1-Cre (stock number 006149; The Jackson Laboratory) and FoxO1/3/4 triple floxed mice, provided by Dr. Domenico Accili, Colombia University Medical Center. Littermate controls were used for all experiments, as the mice are on a mixed background containing C57Blk6, C57Blk6J, and 129 strains. For STZ treatments, mice were fasted overnight and then injected intraperitoneally with a single high dose of STZ (150 mg/kg) (S0130; Sigma) dissolved in 100 mmol/L citrate buffer (pH 4.5) or injected with citrate buffer alone as a control, then immediately given access to food. Female mice were given a 150 mg/kg dose followed by a 75 mg/kg dose of STZ on day 3, since female mice are less responsive to STZ (24). Mice were monitored for hyperglycemia on days 3, 7, 12, and 15, and only mice in which random blood glucose remained >300 mg/dL for the following 9–12 days were used for experiments.",30523026,,,293037,GPL17021,Mus musculus,GSE,Expression profiling by high throughput sequencing,2019/09/05,21,ftp://ftp.ncbi.nlm.nih.gov/geo/series/GSE136nnn/GSE136948/,FoxO Transcription Factors Are Critical Regulators of Diabetes-Related Muscle Atrophy.,Diabetes,2019 Mar,10.2337/db18-0416,OSD-105|Mmus_C57-6J_TA_FLT_Rep5_M27,Space Flight
109,GSM3384030,0.998216986656189,GSE119801,IMP2 increases mouse skeletal muscle mass and voluntary activity by enhancing autocrine IGF2 production and optimizing muscle metabolism,,,"The Igf2 mRNA binding protein2/Imp2 was selectively deleted from adult mouse muscle; two phenotypes were observed: modestly decreased accrual of skeletal muscle mass after weaning and reduced wheel running activity but normal forced treadmill performance. Reduced voluntary activity occurs when fed a high fat diet but is normalized when consuming standard chow. The reduced muscle mass is due to diminished autocrine Igf2 production, reduced Akt1 activation, disinhibition of Gsk3α and reduced protein synthesis, without altered mTOR complex1 activity. The diet-dependent reduction in spontaneous exercise is accompanied by suboptimal muscle fatty acid oxidation, caused by reduced PPARα mRNA and protein, the former an Imp2 client. Nevertheless, in contrast to global Imp2 deficiency, muscle specific Imp2 inactivation does not alter glucose tolerance or the hypoglycemic effect of insulin. Imp2 deficiency in skeletal muscle reduces autocrine production of Igf2 and fiber growth and disorders nutrient metabolism so as to reduce voluntary physical activity.","The function of IMP2 in adult muscle has been investigated by creating the IMP2 muscle specific knockout mice. The metabolism of these mice at the whole body level, cellular lever, molecular level have been studied.",30692269,,,196711,GPL17021,Mus musculus,GSE,Expression profiling by high throughput sequencing,2018/12/31,10,ftp://ftp.ncbi.nlm.nih.gov/geo/series/GSE119nnn/GSE119801/,IMP2 Increases Mouse Skeletal Muscle Mass and Voluntary Activity by Enhancing Autocrine Insulin-Like Growth Factor 2 Production and Optimizing Muscle Metabolism.,Molecular and cellular biology,2019 Apr 1,10.1128/MCB.00528-18,OSD-105|Mmus_C57-6J_TA_FLT_Rep5_M27,Space Flight
110,GSM7974056,0.999190092086792,GSE232837,Hydroxycitrate delays early mortality in mice and promotes muscle regeneration while inducing a rich hepatic energetic status.,,,"ATP citrate lyase (ACLY) inhibitors have the potential of modulating central processes in protein, carbohydrate, and lipid metabolism, which can have relevant physiological consequences in aging and age-related diseases. Here, we show that hepatic phospho-active ACLY correlates with overweight and Model for End-stage Liver Disease score in humans. Wild-type mice treated chronically with the ACLY inhibitor potassium hydroxycitrate exhibited delayed early mortality. In AML12 hepatocyte cultures, the ACLY inhibitors potassium hydroxycitrate, SB-204990, and bempedoic acid fostered lipid accumulation, which was also observed in the liver of healthy-fed mice treated with potassium hydroxycitrate. Analysis of soleus tissue indicated that potassium hydroxycitrate produced the modulation of wound healing processes. In vivo, potassium hydroxycitrate modulated locomotor function toward increased wire hang performance and reduced rotarod performance in healthy-fed mice, and improved locomotion in mice exposed to cardiotoxin-induced muscle atrophy. Our findings implicate ACLY and ACLY inhibitors in different aspects of aging and muscle regeneration.","C57BL/6 male mice were divided in different groups with a standard diet or standard diet supplemented with hydroxycitrate. AML12 cells were siRNA interfered for Acly expression and were treated with hydroxycitrate, SB-204990 or Bempedoic acid. RNAseq was performed from AML12 cells, liver, soleo and gastrocnemius.",38760909,,,835926,GPL24247,Mus musculus,GSE,Expression profiling by high throughput sequencing,2024/05/16,59,ftp://ftp.ncbi.nlm.nih.gov/geo/series/GSE232nnn/GSE232837/,Hydroxycitrate delays early mortality in mice and promotes muscle regeneration while inducing a rich hepatic energetic status.,Aging cell,2024 Sep,10.1111/acel.14205,OSD-105|Mmus_C57-6J_TA_FLT_Rep6_M28,Space Flight
111,GSM5388344,0.9990604519844055,GSE178356,Insulin and IGF-1 Receptors Regulate Complex-I Dependent Mitochondrial Bioenergetics and Supercomplexes via FoxOs in Muscle,,,"Decreased skeletal muscle strength and mitochondrial dysfunction are characteristic of diabetes. Action of insulin through insulin receptor (IR) and IGF-1 receptor (IGF1R) maintain muscle mass via suppression of FoxOs, but whether FoxO activation coordinates atrophy in concert with mitochondrial dysfunction is unknown. In the absence of systemic glucose or lipid abnormalities, muscle-specific IR knockout (MIRKO) or combined IR/IGF1R knockout (MIGIRKO) impaired mitochondrial respiration, decreased ATP production, and increased ROS. These mitochondrial abnormalities were not present in muscle-specific IR/IGF1R and FoxO1/3/4 quintuple knockout mice (QKO). Although autophagy was increased when IR/IGF1R were deleted in muscle, mitophagy was not increased. Mechanistically, RNA-seq revealed that complex-I core subunits were decreased in MIGIRKO muscle, and these were reversed with FoxO knockout. Thus, insulin-deficient diabetes or loss of insulin/IGF-1 action in muscle decreases complex-I driven mitochondrial respiration and supercomplex assembly, in part by FoxO-mediated repression of Complex-I subunit expression.","Male mice were used in all animal studies unless stated otherwise. Muscle-specific IR knock-out (MIRKO), IGF1R knock-out (MIGF1RKO) combined IR/IGF1R knock-out (MIGIRKO), and combined IR/IGF1R with FoxO1/3/4 quintuple knock-out (QKO) mice were generated as previously described (PMID: 25981038, 27525440). Briefly, MIRKO, MIGIRKO, and QKO mice were generated using Acta1-Cre (stock 006149; Jackson Laboratory).  Each mouse line was maintained in a separate colony and floxed littermates were used as controls in each experiment. All animals were on a mixed background containing C57Blk6, C57Blk6J, and 129 strains and as such may contain random mutations in the Nnt (Nicotinamide nucleotide transhydrogenase) gene.  A post-hoc determination of Nnt genotype revealed that MIGIRKO and IRIGFRlox were heterozygous, whereas other strains (MIRKO, IRlox, QKO, and Qlox were mixed homozygous and heterozygous for Nnt gene (data not shown), but did not correlate with the mitochondrial differences demonstrated in our study.",,,,512564,GPL17021,Mus musculus,GSE,Expression profiling by high throughput sequencing,2021/07/21,34,ftp://ftp.ncbi.nlm.nih.gov/geo/series/GSE178nnn/GSE178356/,,,,,OSD-105|Mmus_C57-6J_TA_FLT_Rep6_M28,Space Flight
112,GSM8250863,0.9990355968475342,GSE266567,"Transcriptome profiling of non-islet metabolic tissues in ~500 DO mouse liver, adipose, and skeletal muscle tissue from mice fed high-fat, high-sugar diet. [skeletal muscle]",,,"Perform RNAseq with existing frozen mouse DO tissues from ~500 DO mice were sensitized on a HFHS diet (Keller, Gatti et al. 2018). The same mice have been extensively characterized for T2D-relevant clinical phenotypes, ex-vivo islet function, and other features including microbiome profiling.  Gene expression and proteomic profiling has already been completed in islets. We will collect and analyze the genetic architecture of gene expression in liver, adipose, skeletal muscle. Tissues will be sent to JAX Bar Harbor from Alan Attie’s lab. These tissues were from the same mice used for transcriptome analysis of islets (Genetics May 1, 2018 vol. 209 no. 1 335-356)",transcription profiling by high-throughput sequencing design,39386475;40595617,,,857057,GPL24247,Mus musculus,GSE,Expression profiling by high throughput sequencing,2024/05/10,474,ftp://ftp.ncbi.nlm.nih.gov/geo/series/GSE266nnn/GSE266567/,Transcripts with high distal heritability mediate genetic effects on complex metabolic traits.,bioRxiv : the preprint server for biology,2024 Sep 27,10.1101/2024.09.26.613931,OSD-105|Mmus_C57-6J_TA_FLT_Rep6_M28,Space Flight
113,GSM8249947,0.9990355968475342,GSE266549,"Transcriptome profiling of non-islet metabolic tissues in ~500 DO mouse liver, adipose, and skeletal muscle tissue from mice fed high-fat, high-sugar diet. [Adipose]",,,"Perform RNAseq with existing frozen mouse DO tissues from ~500 DO mice were sensitized on a HFHS diet (Keller, Gatti et al. 2018). The same mice have been extensively characterized for T2D-relevant clinical phenotypes, ex-vivo islet function, and other features including microbiome profiling.  Gene expression and proteomic profiling has already been completed in islets. We will collect and analyze the genetic architecture of gene expression in liver, adipose, skeletal muscle. Tissues will be sent to JAX Bar Harbor from Alan Attie’s lab. These tissues were from the same mice used for transcriptome analysis of islets (Genetics May 1, 2018 vol. 209 no. 1 335-356)",transcription profiling by high-throughput sequencing design,39386475;40595617,,,856586,GPL24247,Mus musculus,GSE,Expression profiling by high throughput sequencing,2024/05/10,468,ftp://ftp.ncbi.nlm.nih.gov/geo/series/GSE266nnn/GSE266549/,Transcripts with high distal heritability mediate genetic effects on complex metabolic traits.,bioRxiv : the preprint server for biology,2024 Sep 27,10.1101/2024.09.26.613931,OSD-105|Mmus_C57-6J_TA_FLT_Rep6_M28,Space Flight
114,GSM5829345,0.9989779591560364,GSE194145,Metabolic subgroups of Diversity Outbred mice show distinct phenotypic and transcriptomic signatures of obesity and insulin resistance,,,"Clinicians and researchers are turning towards precision medicine to treat and prevent obesity and diabetes, given the known contributions of genetics to these metabolic diseases and the wide variability reported in response to treatments. Animal models that incorporate the genetic diversity present in the human population may help discover novel genetic contributors to metabolic disease and test potential treatments. We characterized the Diversity Outbred (DO) mouse population as a model in which to study interindividual variability in metabolic disease and investigated the presence of metabolic subgroups within the population. Glucose metabolism was assessed in male Diversity Outbred (DO) mice after consumption of a high-fat diet for 14 weeks and profiled transcriptomic changes in liver, adipose, and muscle—key tissues involved in glucose homeostasis. To identify metabolic subgroups, we applied classification and regression tree analyses to metabolic phenotype measures as well as transcriptomic data. These findings suggest that DO mice exhibit a diversity of metabolic phenotypes that can be segmented into subgroups using a machine learning approach. The metabolic subgroups observed in the DO may be a useful for probing the phenotypic variability in metabolic disease observed in humans.","Male DO mice received either control or high-fat diet (HFD) for 14 weeks. At study start animals were randomized and half of the mice (N=75) were placed on the High Fat diet (60 kcal %, D12492/D12492N; Research Diets, New Brunswick, NJ)  while the other half (N=75) continued receiving control diet ad libitum. Animals were examined for morbidity and clinical observation twice daily on weekdays and once daily on weekends and holidays. Body weight was measured prior to blood collection on week 1 and then weekly for the remainder of the study. Feed consumption was monitored weekly. During Week 1, 5, 9, and 14, mice were fasted for a period of 4-5 hours and resting-state glucose levels were measured. After 12 weeks, an oral glucose tolerance test was also conducted after mice were fasted overnight (approximately 16-18 hours). Serum insulin and leptin content as well as routine clinical chemistry were also measured. After 14 weeks animals were necropsied and tissues collected. Samples of liver, muscle, and adipose (abdominal) tissue were frozen in liquid nitrogen and stored at or below -70 degrees C. Total RNA was extracted from small sub-samples of these three tissues and gene expression was measured to investigate potential molecular changes driving variability among mice to allow subgroupings. Metabolic subgroups were identified using a machine-learning algorithm.",,,,593508,GPL16417,Mus musculus,GSE,Expression profiling by high throughput sequencing,2022/12/30,446,ftp://ftp.ncbi.nlm.nih.gov/geo/series/GSE194nnn/GSE194145/,,,,,OSD-105|Mmus_C57-6J_TA_FLT_Rep6_M28,Space Flight
115,GSM8250776,0.9989078640937805,GSE266567,"Transcriptome profiling of non-islet metabolic tissues in ~500 DO mouse liver, adipose, and skeletal muscle tissue from mice fed high-fat, high-sugar diet. [skeletal muscle]",,,"Perform RNAseq with existing frozen mouse DO tissues from ~500 DO mice were sensitized on a HFHS diet (Keller, Gatti et al. 2018). The same mice have been extensively characterized for T2D-relevant clinical phenotypes, ex-vivo islet function, and other features including microbiome profiling.  Gene expression and proteomic profiling has already been completed in islets. We will collect and analyze the genetic architecture of gene expression in liver, adipose, skeletal muscle. Tissues will be sent to JAX Bar Harbor from Alan Attie’s lab. These tissues were from the same mice used for transcriptome analysis of islets (Genetics May 1, 2018 vol. 209 no. 1 335-356)",transcription profiling by high-throughput sequencing design,39386475;40595617,,,856971,GPL24247,Mus musculus,GSE,Expression profiling by high throughput sequencing,2024/05/10,474,ftp://ftp.ncbi.nlm.nih.gov/geo/series/GSE266nnn/GSE266567/,Transcripts with high distal heritability mediate genetic effects on complex metabolic traits.,bioRxiv : the preprint server for biology,2024 Sep 27,10.1101/2024.09.26.613931,OSD-105|Mmus_C57-6J_TA_FLT_Rep6_M28,Space Flight
116,GSM8249860,0.9989078640937805,GSE266549,"Transcriptome profiling of non-islet metabolic tissues in ~500 DO mouse liver, adipose, and skeletal muscle tissue from mice fed high-fat, high-sugar diet. [Adipose]",,,"Perform RNAseq with existing frozen mouse DO tissues from ~500 DO mice were sensitized on a HFHS diet (Keller, Gatti et al. 2018). The same mice have been extensively characterized for T2D-relevant clinical phenotypes, ex-vivo islet function, and other features including microbiome profiling.  Gene expression and proteomic profiling has already been completed in islets. We will collect and analyze the genetic architecture of gene expression in liver, adipose, skeletal muscle. Tissues will be sent to JAX Bar Harbor from Alan Attie’s lab. These tissues were from the same mice used for transcriptome analysis of islets (Genetics May 1, 2018 vol. 209 no. 1 335-356)",transcription profiling by high-throughput sequencing design,39386475;40595617,,,856500,GPL24247,Mus musculus,GSE,Expression profiling by high throughput sequencing,2024/05/10,468,ftp://ftp.ncbi.nlm.nih.gov/geo/series/GSE266nnn/GSE266549/,Transcripts with high distal heritability mediate genetic effects on complex metabolic traits.,bioRxiv : the preprint server for biology,2024 Sep 27,10.1101/2024.09.26.613931,OSD-105|Mmus_C57-6J_TA_FLT_Rep6_M28,Space Flight
117,GSM4063458,0.9989057183265686,GSE136948,FoxO Transcription Factors Are Critical Regulators of Diabetes-Related Muscle Atrophy,,,"Insulin deficiency and uncontrolled diabetes lead to a catabolic state with decreased muscle strength, contributing to disease-related morbidity. FoxO transcription factors are suppressed by insulin and thus are key mediators of insulin action. To study their role in diabetic muscle wasting, we created mice with muscle-specific triple knockout of FoxO1/3/4 and induced diabetes in these M-FoxO-TKO mice with streptozotocin (STZ). Muscle mass and myofiber area were decreased 20-30% in STZ-Diabetes mice due to increased ubiquitin-proteasome degradation and autophagy alterations, characterized by increased LC3-containing vesicles, and elevated levels of phosphorylated ULK1 and LC3-II. Both the muscle loss and markers of increased degradation/autophagy were completely prevented in STZ FoxO-TKO mice. Transcriptomic analyses revealed FoxO-dependent increases in ubiquitin-mediated proteolysis pathways in STZ-Diabetes, including regulation of Fbxo32 (Atrogin1), Trim63 (MuRF1), Bnip3L, and Gabarapl. These same genes were increased 1.4- to 3.3-fold in muscle from humans with type 1 diabetes after short-term insulin deprivation. Thus, FoxO-regulated genes play a rate-limiting role in increased protein degradation and muscle atrophy in insulin-deficient diabetes.","Muscle-specific FoxO1, FoxO3, and FoxO4 triple knockout (M-FoxO-TKO) mice were generated using ACTA1-Cre (stock number 006149; The Jackson Laboratory) and FoxO1/3/4 triple floxed mice, provided by Dr. Domenico Accili, Colombia University Medical Center. Littermate controls were used for all experiments, as the mice are on a mixed background containing C57Blk6, C57Blk6J, and 129 strains. For STZ treatments, mice were fasted overnight and then injected intraperitoneally with a single high dose of STZ (150 mg/kg) (S0130; Sigma) dissolved in 100 mmol/L citrate buffer (pH 4.5) or injected with citrate buffer alone as a control, then immediately given access to food. Female mice were given a 150 mg/kg dose followed by a 75 mg/kg dose of STZ on day 3, since female mice are less responsive to STZ (24). Mice were monitored for hyperglycemia on days 3, 7, 12, and 15, and only mice in which random blood glucose remained >300 mg/dL for the following 9–12 days were used for experiments.",30523026,,,293037,GPL17021,Mus musculus,GSE,Expression profiling by high throughput sequencing,2019/09/05,21,ftp://ftp.ncbi.nlm.nih.gov/geo/series/GSE136nnn/GSE136948/,FoxO Transcription Factors Are Critical Regulators of Diabetes-Related Muscle Atrophy.,Diabetes,2019 Mar,10.2337/db18-0416,OSD-105|Mmus_C57-6J_TA_FLT_Rep6_M28,Space Flight
118,GSM8250046,0.9989000558853149,GSE266549,"Transcriptome profiling of non-islet metabolic tissues in ~500 DO mouse liver, adipose, and skeletal muscle tissue from mice fed high-fat, high-sugar diet. [Adipose]",,,"Perform RNAseq with existing frozen mouse DO tissues from ~500 DO mice were sensitized on a HFHS diet (Keller, Gatti et al. 2018). The same mice have been extensively characterized for T2D-relevant clinical phenotypes, ex-vivo islet function, and other features including microbiome profiling.  Gene expression and proteomic profiling has already been completed in islets. We will collect and analyze the genetic architecture of gene expression in liver, adipose, skeletal muscle. Tissues will be sent to JAX Bar Harbor from Alan Attie’s lab. These tissues were from the same mice used for transcriptome analysis of islets (Genetics May 1, 2018 vol. 209 no. 1 335-356)",transcription profiling by high-throughput sequencing design,39386475;40595617,,,856685,GPL24247,Mus musculus,GSE,Expression profiling by high throughput sequencing,2024/05/10,468,ftp://ftp.ncbi.nlm.nih.gov/geo/series/GSE266nnn/GSE266549/,Transcripts with high distal heritability mediate genetic effects on complex metabolic traits.,bioRxiv : the preprint server for biology,2024 Sep 27,10.1101/2024.09.26.613931,OSD-105|Mmus_C57-6J_TA_FLT_Rep6_M28,Space Flight
119,GSM8250960,0.9988938570022583,GSE266567,"Transcriptome profiling of non-islet metabolic tissues in ~500 DO mouse liver, adipose, and skeletal muscle tissue from mice fed high-fat, high-sugar diet. [skeletal muscle]",,,"Perform RNAseq with existing frozen mouse DO tissues from ~500 DO mice were sensitized on a HFHS diet (Keller, Gatti et al. 2018). The same mice have been extensively characterized for T2D-relevant clinical phenotypes, ex-vivo islet function, and other features including microbiome profiling.  Gene expression and proteomic profiling has already been completed in islets. We will collect and analyze the genetic architecture of gene expression in liver, adipose, skeletal muscle. Tissues will be sent to JAX Bar Harbor from Alan Attie’s lab. These tissues were from the same mice used for transcriptome analysis of islets (Genetics May 1, 2018 vol. 209 no. 1 335-356)",transcription profiling by high-throughput sequencing design,39386475;40595617,,,857153,GPL24247,Mus musculus,GSE,Expression profiling by high throughput sequencing,2024/05/10,474,ftp://ftp.ncbi.nlm.nih.gov/geo/series/GSE266nnn/GSE266567/,Transcripts with high distal heritability mediate genetic effects on complex metabolic traits.,bioRxiv : the preprint server for biology,2024 Sep 27,10.1101/2024.09.26.613931,OSD-105|Mmus_C57-6J_TA_FLT_Rep6_M28,Space Flight
