,gsm,score,gse,title,source_name,characteristics,geo_summary,geo_design,pubmed_ids,tissue,species,archs4_index,geo_platform_biopython,geo_taxon_biopython,geo_entry_type_biopython,geo_gds_type_biopython,geo_pdat_biopython,geo_n_samples_biopython,geo_ftp_link_biopython,pubmed_title_biopython,pubmed_journal_biopython,pubmed_pub_date_biopython,pubmed_doi_biopython,sample_name,spaceflight
0,GSM5900268,0.9945680499076843,GSE196765,Autism-like behaviors and cerebellar dysfunction in the Bmal1 mutant mouse ameliorated by mTORC1 inhibition,,,"Although circadian and sleep disorders are frequently associated with autism spectrum disorders (ASD), it remains elusive whether clock gene disruption can lead to autistic-like phenotypes in animals. The essential clock gene Bmal1 has been associated with human sociability and its missense mutations are identified in ASD. Here we report that global Bmal1 deletion led to significant social impairments, excessive stereotyped and repetitive behaviors, as well as motor learning disabilities in mice, all of which resemble core behavioral deficits in ASD. Furthermore, aberrant cell density and immature morphology of dendritic spines were identified in the cerebellar Purkinje cells (PCs) of Bmal1 knockout (KO) mice. Electrophysiological recordings uncovered enhanced excitatory and inhibitory synaptic transmission and reduced firing rates in the PCs of Bmal1 KO mice. Differential expression of ASD- and ataxia-associated genes (Ntng2, Mfrp, Nr4a2, Thbs1, Atxn1, and Atxn3) and dysregulated pathways of translational control, including hyperactivated mammalian target of rapamycin complex 1 (mTORC1) signaling, were identified in the cerebellum of Bmal1 KO mice. Interestingly, the antidiabetic drug metformin reversed mTORC1 hyperactivation and alleviated major behavioral and PC deficits in Bmal1 KO mice. Importantly, conditional Bmal1 deletion only in cerebellar PCs was sufficient to recapitulate autistic-like behavioral and cellular changes akin to those identified in Bmal1 KO mice. Together, these results unveil a previously unidentified role for Bmal1 disruption in cerebellar dysfunction and autistic-like behaviors. Our findings provide experimental evidence supporting a putative role for dysregulation of circadian clock gene expression in the pathogenesis of ASD.","total RNA-seq and footprint experiments from the cerebellar tissue of Bmal1 knockout and wildtype mice, 3 biological replicates form each condition for RNA-seq; 2 biolgical replicates from each condition for footprint experiments.",35301425,,,598593,GPL13112,Mus musculus,GSE,Expression profiling by high throughput sequencing,2022/03/17,10,ftp://ftp.ncbi.nlm.nih.gov/geo/series/GSE196nnn/GSE196765/,Autistic-like behavior and cerebellar dysfunction in Bmal1 mutant mice ameliorated by mTORC1 inhibition.,Molecular psychiatry,2023 Sep,10.1038/s41380-022-01499-6,OSD-525|RR23_Cb_GC_G1_techrep1,Ground Control
1,GSM5900262,0.9940268993377686,GSE196765,Autism-like behaviors and cerebellar dysfunction in the Bmal1 mutant mouse ameliorated by mTORC1 inhibition,,,"Although circadian and sleep disorders are frequently associated with autism spectrum disorders (ASD), it remains elusive whether clock gene disruption can lead to autistic-like phenotypes in animals. The essential clock gene Bmal1 has been associated with human sociability and its missense mutations are identified in ASD. Here we report that global Bmal1 deletion led to significant social impairments, excessive stereotyped and repetitive behaviors, as well as motor learning disabilities in mice, all of which resemble core behavioral deficits in ASD. Furthermore, aberrant cell density and immature morphology of dendritic spines were identified in the cerebellar Purkinje cells (PCs) of Bmal1 knockout (KO) mice. Electrophysiological recordings uncovered enhanced excitatory and inhibitory synaptic transmission and reduced firing rates in the PCs of Bmal1 KO mice. Differential expression of ASD- and ataxia-associated genes (Ntng2, Mfrp, Nr4a2, Thbs1, Atxn1, and Atxn3) and dysregulated pathways of translational control, including hyperactivated mammalian target of rapamycin complex 1 (mTORC1) signaling, were identified in the cerebellum of Bmal1 KO mice. Interestingly, the antidiabetic drug metformin reversed mTORC1 hyperactivation and alleviated major behavioral and PC deficits in Bmal1 KO mice. Importantly, conditional Bmal1 deletion only in cerebellar PCs was sufficient to recapitulate autistic-like behavioral and cellular changes akin to those identified in Bmal1 KO mice. Together, these results unveil a previously unidentified role for Bmal1 disruption in cerebellar dysfunction and autistic-like behaviors. Our findings provide experimental evidence supporting a putative role for dysregulation of circadian clock gene expression in the pathogenesis of ASD.","total RNA-seq and footprint experiments from the cerebellar tissue of Bmal1 knockout and wildtype mice, 3 biological replicates form each condition for RNA-seq; 2 biolgical replicates from each condition for footprint experiments.",35301425,,,598587,GPL13112,Mus musculus,GSE,Expression profiling by high throughput sequencing,2022/03/17,10,ftp://ftp.ncbi.nlm.nih.gov/geo/series/GSE196nnn/GSE196765/,Autistic-like behavior and cerebellar dysfunction in Bmal1 mutant mice ameliorated by mTORC1 inhibition.,Molecular psychiatry,2023 Sep,10.1038/s41380-022-01499-6,OSD-525|RR23_Cb_GC_G1_techrep1,Ground Control
2,GSM4780432,0.9934186339378357,GSE157902,GTPBP1 resolves paused ribosomes to maintain neuronal homeostasis,,,"Ribosome-associated quality control pathways respond to defects in translational elongation to recycle arrested ribosomes and degrade aberrant polypeptides and mRNAs. Loss of an individual tRNA gene leads to ribosomal pausing that is resolved by the translational GTPase GTPBP2, and in its absence causes neuron death. Here we show that loss of the homologous protein GTPBP1 during tRNA deficiency in the mouse brain also leads to codon-specific ribosome pausing and neurodegeneration, suggesting that these non-redundant translational GTPases function in the same pathway to mitigate ribosome pausing. Ribosome stalling in the mutant brain led to activation of the integrated stress response (ISR) mediated by GCN2 and decreased mTORC1 signaling. However, in contrast to the ISR, which enhanced neuron survival, reduced mTORC1 signaling increased neuronal death. Our data demonstrate that GTPBP1 functions as an important quality control mechanism during translation elongation and suggest that translational signaling pathways intricately interact to regulate neuronal homeostasis during defective translation elongation.","18 samples are in analyzed in this study in the context of 3 week old C57BL/6J (B6J) mouse cerebellum. These include 3 replicates of the following genotypes Gtpbp1 -/-, Gtpbp2 -/- (mediated through a previously characterized nmf205 point mutation), and wildtype mice. RNA-seq and ribosome footprint profiling datasets were generated for each sample.",33186095,,,415770,GPL21103,Mus musculus,GSE,Expression profiling by high throughput sequencing; Other,2020/10/26,18,ftp://ftp.ncbi.nlm.nih.gov/geo/series/GSE157nnn/GSE157902/,GTPBP1 resolves paused ribosomes to maintain neuronal homeostasis.,eLife,2020 Nov 13,10.7554/eLife.62731,OSD-525|RR23_Cb_GC_G1_techrep1,Ground Control
3,GSM4780427,0.9927545785903931,GSE157902,GTPBP1 resolves paused ribosomes to maintain neuronal homeostasis,,,"Ribosome-associated quality control pathways respond to defects in translational elongation to recycle arrested ribosomes and degrade aberrant polypeptides and mRNAs. Loss of an individual tRNA gene leads to ribosomal pausing that is resolved by the translational GTPase GTPBP2, and in its absence causes neuron death. Here we show that loss of the homologous protein GTPBP1 during tRNA deficiency in the mouse brain also leads to codon-specific ribosome pausing and neurodegeneration, suggesting that these non-redundant translational GTPases function in the same pathway to mitigate ribosome pausing. Ribosome stalling in the mutant brain led to activation of the integrated stress response (ISR) mediated by GCN2 and decreased mTORC1 signaling. However, in contrast to the ISR, which enhanced neuron survival, reduced mTORC1 signaling increased neuronal death. Our data demonstrate that GTPBP1 functions as an important quality control mechanism during translation elongation and suggest that translational signaling pathways intricately interact to regulate neuronal homeostasis during defective translation elongation.","18 samples are in analyzed in this study in the context of 3 week old C57BL/6J (B6J) mouse cerebellum. These include 3 replicates of the following genotypes Gtpbp1 -/-, Gtpbp2 -/- (mediated through a previously characterized nmf205 point mutation), and wildtype mice. RNA-seq and ribosome footprint profiling datasets were generated for each sample.",33186095,,,415765,GPL21103,Mus musculus,GSE,Expression profiling by high throughput sequencing; Other,2020/10/26,18,ftp://ftp.ncbi.nlm.nih.gov/geo/series/GSE157nnn/GSE157902/,GTPBP1 resolves paused ribosomes to maintain neuronal homeostasis.,eLife,2020 Nov 13,10.7554/eLife.62731,OSD-525|RR23_Cb_GC_G1_techrep1,Ground Control
4,GSM5900270,0.992566704750061,GSE196765,Autism-like behaviors and cerebellar dysfunction in the Bmal1 mutant mouse ameliorated by mTORC1 inhibition,,,"Although circadian and sleep disorders are frequently associated with autism spectrum disorders (ASD), it remains elusive whether clock gene disruption can lead to autistic-like phenotypes in animals. The essential clock gene Bmal1 has been associated with human sociability and its missense mutations are identified in ASD. Here we report that global Bmal1 deletion led to significant social impairments, excessive stereotyped and repetitive behaviors, as well as motor learning disabilities in mice, all of which resemble core behavioral deficits in ASD. Furthermore, aberrant cell density and immature morphology of dendritic spines were identified in the cerebellar Purkinje cells (PCs) of Bmal1 knockout (KO) mice. Electrophysiological recordings uncovered enhanced excitatory and inhibitory synaptic transmission and reduced firing rates in the PCs of Bmal1 KO mice. Differential expression of ASD- and ataxia-associated genes (Ntng2, Mfrp, Nr4a2, Thbs1, Atxn1, and Atxn3) and dysregulated pathways of translational control, including hyperactivated mammalian target of rapamycin complex 1 (mTORC1) signaling, were identified in the cerebellum of Bmal1 KO mice. Interestingly, the antidiabetic drug metformin reversed mTORC1 hyperactivation and alleviated major behavioral and PC deficits in Bmal1 KO mice. Importantly, conditional Bmal1 deletion only in cerebellar PCs was sufficient to recapitulate autistic-like behavioral and cellular changes akin to those identified in Bmal1 KO mice. Together, these results unveil a previously unidentified role for Bmal1 disruption in cerebellar dysfunction and autistic-like behaviors. Our findings provide experimental evidence supporting a putative role for dysregulation of circadian clock gene expression in the pathogenesis of ASD.","total RNA-seq and footprint experiments from the cerebellar tissue of Bmal1 knockout and wildtype mice, 3 biological replicates form each condition for RNA-seq; 2 biolgical replicates from each condition for footprint experiments.",35301425,,,598595,GPL13112,Mus musculus,GSE,Expression profiling by high throughput sequencing,2022/03/17,10,ftp://ftp.ncbi.nlm.nih.gov/geo/series/GSE196nnn/GSE196765/,Autistic-like behavior and cerebellar dysfunction in Bmal1 mutant mice ameliorated by mTORC1 inhibition.,Molecular psychiatry,2023 Sep,10.1038/s41380-022-01499-6,OSD-525|RR23_Cb_GC_G1_techrep1,Ground Control
5,GSM4780431,0.9924665689468384,GSE157902,GTPBP1 resolves paused ribosomes to maintain neuronal homeostasis,,,"Ribosome-associated quality control pathways respond to defects in translational elongation to recycle arrested ribosomes and degrade aberrant polypeptides and mRNAs. Loss of an individual tRNA gene leads to ribosomal pausing that is resolved by the translational GTPase GTPBP2, and in its absence causes neuron death. Here we show that loss of the homologous protein GTPBP1 during tRNA deficiency in the mouse brain also leads to codon-specific ribosome pausing and neurodegeneration, suggesting that these non-redundant translational GTPases function in the same pathway to mitigate ribosome pausing. Ribosome stalling in the mutant brain led to activation of the integrated stress response (ISR) mediated by GCN2 and decreased mTORC1 signaling. However, in contrast to the ISR, which enhanced neuron survival, reduced mTORC1 signaling increased neuronal death. Our data demonstrate that GTPBP1 functions as an important quality control mechanism during translation elongation and suggest that translational signaling pathways intricately interact to regulate neuronal homeostasis during defective translation elongation.","18 samples are in analyzed in this study in the context of 3 week old C57BL/6J (B6J) mouse cerebellum. These include 3 replicates of the following genotypes Gtpbp1 -/-, Gtpbp2 -/- (mediated through a previously characterized nmf205 point mutation), and wildtype mice. RNA-seq and ribosome footprint profiling datasets were generated for each sample.",33186095,,,415769,GPL21103,Mus musculus,GSE,Expression profiling by high throughput sequencing; Other,2020/10/26,18,ftp://ftp.ncbi.nlm.nih.gov/geo/series/GSE157nnn/GSE157902/,GTPBP1 resolves paused ribosomes to maintain neuronal homeostasis.,eLife,2020 Nov 13,10.7554/eLife.62731,OSD-525|RR23_Cb_GC_G1_techrep1,Ground Control
6,GSM4780424,0.9922351837158203,GSE157902,GTPBP1 resolves paused ribosomes to maintain neuronal homeostasis,,,"Ribosome-associated quality control pathways respond to defects in translational elongation to recycle arrested ribosomes and degrade aberrant polypeptides and mRNAs. Loss of an individual tRNA gene leads to ribosomal pausing that is resolved by the translational GTPase GTPBP2, and in its absence causes neuron death. Here we show that loss of the homologous protein GTPBP1 during tRNA deficiency in the mouse brain also leads to codon-specific ribosome pausing and neurodegeneration, suggesting that these non-redundant translational GTPases function in the same pathway to mitigate ribosome pausing. Ribosome stalling in the mutant brain led to activation of the integrated stress response (ISR) mediated by GCN2 and decreased mTORC1 signaling. However, in contrast to the ISR, which enhanced neuron survival, reduced mTORC1 signaling increased neuronal death. Our data demonstrate that GTPBP1 functions as an important quality control mechanism during translation elongation and suggest that translational signaling pathways intricately interact to regulate neuronal homeostasis during defective translation elongation.","18 samples are in analyzed in this study in the context of 3 week old C57BL/6J (B6J) mouse cerebellum. These include 3 replicates of the following genotypes Gtpbp1 -/-, Gtpbp2 -/- (mediated through a previously characterized nmf205 point mutation), and wildtype mice. RNA-seq and ribosome footprint profiling datasets were generated for each sample.",33186095,,,415762,GPL21103,Mus musculus,GSE,Expression profiling by high throughput sequencing; Other,2020/10/26,18,ftp://ftp.ncbi.nlm.nih.gov/geo/series/GSE157nnn/GSE157902/,GTPBP1 resolves paused ribosomes to maintain neuronal homeostasis.,eLife,2020 Nov 13,10.7554/eLife.62731,OSD-525|RR23_Cb_GC_G1_techrep1,Ground Control
7,GSM4780429,0.9919609427452087,GSE157902,GTPBP1 resolves paused ribosomes to maintain neuronal homeostasis,,,"Ribosome-associated quality control pathways respond to defects in translational elongation to recycle arrested ribosomes and degrade aberrant polypeptides and mRNAs. Loss of an individual tRNA gene leads to ribosomal pausing that is resolved by the translational GTPase GTPBP2, and in its absence causes neuron death. Here we show that loss of the homologous protein GTPBP1 during tRNA deficiency in the mouse brain also leads to codon-specific ribosome pausing and neurodegeneration, suggesting that these non-redundant translational GTPases function in the same pathway to mitigate ribosome pausing. Ribosome stalling in the mutant brain led to activation of the integrated stress response (ISR) mediated by GCN2 and decreased mTORC1 signaling. However, in contrast to the ISR, which enhanced neuron survival, reduced mTORC1 signaling increased neuronal death. Our data demonstrate that GTPBP1 functions as an important quality control mechanism during translation elongation and suggest that translational signaling pathways intricately interact to regulate neuronal homeostasis during defective translation elongation.","18 samples are in analyzed in this study in the context of 3 week old C57BL/6J (B6J) mouse cerebellum. These include 3 replicates of the following genotypes Gtpbp1 -/-, Gtpbp2 -/- (mediated through a previously characterized nmf205 point mutation), and wildtype mice. RNA-seq and ribosome footprint profiling datasets were generated for each sample.",33186095,,,415767,GPL21103,Mus musculus,GSE,Expression profiling by high throughput sequencing; Other,2020/10/26,18,ftp://ftp.ncbi.nlm.nih.gov/geo/series/GSE157nnn/GSE157902/,GTPBP1 resolves paused ribosomes to maintain neuronal homeostasis.,eLife,2020 Nov 13,10.7554/eLife.62731,OSD-525|RR23_Cb_GC_G1_techrep1,Ground Control
8,GSM1356266,0.9919214844703674,GSE56127,Ribosome stalling induced by mutation of a CNS-specific tRNA causes neurodegeneration,,,"In higher eukaryotes, the large numbers of nuclear-encoded tRNA genes partially ensure the robustness of cytoplasmic protein translation. Here we discover that a loss-of-function in n-Tr20, a member of the nuclear-encoded tRNA Arg UCU family that is expressed specifically in the central nervous systems leads to low but detectable levels of ribosome stalling. In the absence of GTPBP2, a novel binding partner of the ribosome recycling protein Pelota, ribosome stalling increases, leading to widespread neurodegeneration. Our results not only define GTPBP2 as a ribosome rescue factor, but also unmask the disease potential of mutations in nuclear-encoded tRNA genes. In this submission we provide ribosome footprinting data from the cerebella of four strains derived from the C57BL/6J strain with combinations of  n-Tr20 and GTPBP2 mutations.",Examination of ribosome stalling in cerebella from 4 mouse strains derived from the: C57BL/6J (B6J) strain. The nmf205-/- strain has a homozygous mutation in the gene GTPBP2 while the B6J strain has normal GTPBP2. The n-Tr20 J/J strain has a defect in the n-Tr20 tRNA while the n-Tr20 N/N strain has a functional n-Tr20 tRNA. The 4 strains are the 2x2 combinations of these defects and correctly functioning sequences. 2 replicates for each strain. Please note that only BAM files are included in the records since they form the basis of the study's conclusions.  The raw data ribosomal RNA have been filtered and then unique reads mapping to mm10 were computed using tophat and igenome annotations.,25061210,,,15210,GPL13112,Mus musculus,GSE,Expression profiling by high throughput sequencing,2014/07/28,8,ftp://ftp.ncbi.nlm.nih.gov/geo/series/GSE56nnn/GSE56127/,RNA function. Ribosome stalling induced by mutation of a CNS-specific tRNA causes neurodegeneration.,"Science (New York, N.Y.)",2014 Jul 25,10.1126/science.1249749,OSD-525|RR23_Cb_GC_G1_techrep1,Ground Control
9,GSM2341162,0.9914385676383972,GSE87808,Impaired Amino Acid Transport at the Blood Brain Barrier Is a Cause of Autism Spectrum Disorder,,,"Autism spectrum disorders (ASD) are a group of genetic disorders often overlapping with other neurological conditions. We previously described abnormalities in the branched chain amino acid (BCAA) catabolic pathway as a cause of ASD. Here we show that the solute carrier transporter 7a5 (SLC7A5), a large neutral amino acid transporter localized at the blood brain barrier (BBB), has an essential role in maintaining normal levels of brain BCAAs. In mice, deletion of Slc7a5 from the endothelial cells of the BBB leads to decreased levels of brain BCAAs, abnormal mRNA translation and severe neurological abnormalities. Furthermore, we identified several patients with autistic traits and motor delay carrying deleterious homozygous mutations in the SLC7A5 gene. Finally, we demonstrate that BCAA intracerebroventricular administration ameliorates abnormal behaviors in adult mutant mice. Our data elucidate a neurological syndrome defined by SLC7A5 mutations and support an essential role for the BCAA in human brain function.",RNA-sequencing of cerebellum from 3 wildtype mice and 3 Slc7a5 KO mice,27912058,,,78239,GPL17021,Mus musculus,GSE,Expression profiling by high throughput sequencing,2016/12/22,6,ftp://ftp.ncbi.nlm.nih.gov/geo/series/GSE87nnn/GSE87808/,Impaired Amino Acid Transport at the Blood Brain Barrier Is a Cause of Autism Spectrum Disorder.,Cell,2016 Dec 1,10.1016/j.cell.2016.11.013,OSD-525|RR23_Cb_GC_G1_techrep1,Ground Control
10,GSM5900262,0.9934837818145752,GSE196765,Autism-like behaviors and cerebellar dysfunction in the Bmal1 mutant mouse ameliorated by mTORC1 inhibition,,,"Although circadian and sleep disorders are frequently associated with autism spectrum disorders (ASD), it remains elusive whether clock gene disruption can lead to autistic-like phenotypes in animals. The essential clock gene Bmal1 has been associated with human sociability and its missense mutations are identified in ASD. Here we report that global Bmal1 deletion led to significant social impairments, excessive stereotyped and repetitive behaviors, as well as motor learning disabilities in mice, all of which resemble core behavioral deficits in ASD. Furthermore, aberrant cell density and immature morphology of dendritic spines were identified in the cerebellar Purkinje cells (PCs) of Bmal1 knockout (KO) mice. Electrophysiological recordings uncovered enhanced excitatory and inhibitory synaptic transmission and reduced firing rates in the PCs of Bmal1 KO mice. Differential expression of ASD- and ataxia-associated genes (Ntng2, Mfrp, Nr4a2, Thbs1, Atxn1, and Atxn3) and dysregulated pathways of translational control, including hyperactivated mammalian target of rapamycin complex 1 (mTORC1) signaling, were identified in the cerebellum of Bmal1 KO mice. Interestingly, the antidiabetic drug metformin reversed mTORC1 hyperactivation and alleviated major behavioral and PC deficits in Bmal1 KO mice. Importantly, conditional Bmal1 deletion only in cerebellar PCs was sufficient to recapitulate autistic-like behavioral and cellular changes akin to those identified in Bmal1 KO mice. Together, these results unveil a previously unidentified role for Bmal1 disruption in cerebellar dysfunction and autistic-like behaviors. Our findings provide experimental evidence supporting a putative role for dysregulation of circadian clock gene expression in the pathogenesis of ASD.","total RNA-seq and footprint experiments from the cerebellar tissue of Bmal1 knockout and wildtype mice, 3 biological replicates form each condition for RNA-seq; 2 biolgical replicates from each condition for footprint experiments.",35301425,,,598587,GPL13112,Mus musculus,GSE,Expression profiling by high throughput sequencing,2022/03/17,10,ftp://ftp.ncbi.nlm.nih.gov/geo/series/GSE196nnn/GSE196765/,Autistic-like behavior and cerebellar dysfunction in Bmal1 mutant mice ameliorated by mTORC1 inhibition.,Molecular psychiatry,2023 Sep,10.1038/s41380-022-01499-6,OSD-525|RR23_Cb_GC_G1_techrep2,Ground Control
11,GSM5900268,0.9931016564369202,GSE196765,Autism-like behaviors and cerebellar dysfunction in the Bmal1 mutant mouse ameliorated by mTORC1 inhibition,,,"Although circadian and sleep disorders are frequently associated with autism spectrum disorders (ASD), it remains elusive whether clock gene disruption can lead to autistic-like phenotypes in animals. The essential clock gene Bmal1 has been associated with human sociability and its missense mutations are identified in ASD. Here we report that global Bmal1 deletion led to significant social impairments, excessive stereotyped and repetitive behaviors, as well as motor learning disabilities in mice, all of which resemble core behavioral deficits in ASD. Furthermore, aberrant cell density and immature morphology of dendritic spines were identified in the cerebellar Purkinje cells (PCs) of Bmal1 knockout (KO) mice. Electrophysiological recordings uncovered enhanced excitatory and inhibitory synaptic transmission and reduced firing rates in the PCs of Bmal1 KO mice. Differential expression of ASD- and ataxia-associated genes (Ntng2, Mfrp, Nr4a2, Thbs1, Atxn1, and Atxn3) and dysregulated pathways of translational control, including hyperactivated mammalian target of rapamycin complex 1 (mTORC1) signaling, were identified in the cerebellum of Bmal1 KO mice. Interestingly, the antidiabetic drug metformin reversed mTORC1 hyperactivation and alleviated major behavioral and PC deficits in Bmal1 KO mice. Importantly, conditional Bmal1 deletion only in cerebellar PCs was sufficient to recapitulate autistic-like behavioral and cellular changes akin to those identified in Bmal1 KO mice. Together, these results unveil a previously unidentified role for Bmal1 disruption in cerebellar dysfunction and autistic-like behaviors. Our findings provide experimental evidence supporting a putative role for dysregulation of circadian clock gene expression in the pathogenesis of ASD.","total RNA-seq and footprint experiments from the cerebellar tissue of Bmal1 knockout and wildtype mice, 3 biological replicates form each condition for RNA-seq; 2 biolgical replicates from each condition for footprint experiments.",35301425,,,598593,GPL13112,Mus musculus,GSE,Expression profiling by high throughput sequencing,2022/03/17,10,ftp://ftp.ncbi.nlm.nih.gov/geo/series/GSE196nnn/GSE196765/,Autistic-like behavior and cerebellar dysfunction in Bmal1 mutant mice ameliorated by mTORC1 inhibition.,Molecular psychiatry,2023 Sep,10.1038/s41380-022-01499-6,OSD-525|RR23_Cb_GC_G1_techrep2,Ground Control
12,GSM5900265,0.992196798324585,GSE196765,Autism-like behaviors and cerebellar dysfunction in the Bmal1 mutant mouse ameliorated by mTORC1 inhibition,,,"Although circadian and sleep disorders are frequently associated with autism spectrum disorders (ASD), it remains elusive whether clock gene disruption can lead to autistic-like phenotypes in animals. The essential clock gene Bmal1 has been associated with human sociability and its missense mutations are identified in ASD. Here we report that global Bmal1 deletion led to significant social impairments, excessive stereotyped and repetitive behaviors, as well as motor learning disabilities in mice, all of which resemble core behavioral deficits in ASD. Furthermore, aberrant cell density and immature morphology of dendritic spines were identified in the cerebellar Purkinje cells (PCs) of Bmal1 knockout (KO) mice. Electrophysiological recordings uncovered enhanced excitatory and inhibitory synaptic transmission and reduced firing rates in the PCs of Bmal1 KO mice. Differential expression of ASD- and ataxia-associated genes (Ntng2, Mfrp, Nr4a2, Thbs1, Atxn1, and Atxn3) and dysregulated pathways of translational control, including hyperactivated mammalian target of rapamycin complex 1 (mTORC1) signaling, were identified in the cerebellum of Bmal1 KO mice. Interestingly, the antidiabetic drug metformin reversed mTORC1 hyperactivation and alleviated major behavioral and PC deficits in Bmal1 KO mice. Importantly, conditional Bmal1 deletion only in cerebellar PCs was sufficient to recapitulate autistic-like behavioral and cellular changes akin to those identified in Bmal1 KO mice. Together, these results unveil a previously unidentified role for Bmal1 disruption in cerebellar dysfunction and autistic-like behaviors. Our findings provide experimental evidence supporting a putative role for dysregulation of circadian clock gene expression in the pathogenesis of ASD.","total RNA-seq and footprint experiments from the cerebellar tissue of Bmal1 knockout and wildtype mice, 3 biological replicates form each condition for RNA-seq; 2 biolgical replicates from each condition for footprint experiments.",35301425,,,598590,GPL13112,Mus musculus,GSE,Expression profiling by high throughput sequencing,2022/03/17,10,ftp://ftp.ncbi.nlm.nih.gov/geo/series/GSE196nnn/GSE196765/,Autistic-like behavior and cerebellar dysfunction in Bmal1 mutant mice ameliorated by mTORC1 inhibition.,Molecular psychiatry,2023 Sep,10.1038/s41380-022-01499-6,OSD-525|RR23_Cb_GC_G1_techrep2,Ground Control
13,GSM4780432,0.9921292066574097,GSE157902,GTPBP1 resolves paused ribosomes to maintain neuronal homeostasis,,,"Ribosome-associated quality control pathways respond to defects in translational elongation to recycle arrested ribosomes and degrade aberrant polypeptides and mRNAs. Loss of an individual tRNA gene leads to ribosomal pausing that is resolved by the translational GTPase GTPBP2, and in its absence causes neuron death. Here we show that loss of the homologous protein GTPBP1 during tRNA deficiency in the mouse brain also leads to codon-specific ribosome pausing and neurodegeneration, suggesting that these non-redundant translational GTPases function in the same pathway to mitigate ribosome pausing. Ribosome stalling in the mutant brain led to activation of the integrated stress response (ISR) mediated by GCN2 and decreased mTORC1 signaling. However, in contrast to the ISR, which enhanced neuron survival, reduced mTORC1 signaling increased neuronal death. Our data demonstrate that GTPBP1 functions as an important quality control mechanism during translation elongation and suggest that translational signaling pathways intricately interact to regulate neuronal homeostasis during defective translation elongation.","18 samples are in analyzed in this study in the context of 3 week old C57BL/6J (B6J) mouse cerebellum. These include 3 replicates of the following genotypes Gtpbp1 -/-, Gtpbp2 -/- (mediated through a previously characterized nmf205 point mutation), and wildtype mice. RNA-seq and ribosome footprint profiling datasets were generated for each sample.",33186095,,,415770,GPL21103,Mus musculus,GSE,Expression profiling by high throughput sequencing; Other,2020/10/26,18,ftp://ftp.ncbi.nlm.nih.gov/geo/series/GSE157nnn/GSE157902/,GTPBP1 resolves paused ribosomes to maintain neuronal homeostasis.,eLife,2020 Nov 13,10.7554/eLife.62731,OSD-525|RR23_Cb_GC_G1_techrep2,Ground Control
14,GSM4780427,0.9911140203475952,GSE157902,GTPBP1 resolves paused ribosomes to maintain neuronal homeostasis,,,"Ribosome-associated quality control pathways respond to defects in translational elongation to recycle arrested ribosomes and degrade aberrant polypeptides and mRNAs. Loss of an individual tRNA gene leads to ribosomal pausing that is resolved by the translational GTPase GTPBP2, and in its absence causes neuron death. Here we show that loss of the homologous protein GTPBP1 during tRNA deficiency in the mouse brain also leads to codon-specific ribosome pausing and neurodegeneration, suggesting that these non-redundant translational GTPases function in the same pathway to mitigate ribosome pausing. Ribosome stalling in the mutant brain led to activation of the integrated stress response (ISR) mediated by GCN2 and decreased mTORC1 signaling. However, in contrast to the ISR, which enhanced neuron survival, reduced mTORC1 signaling increased neuronal death. Our data demonstrate that GTPBP1 functions as an important quality control mechanism during translation elongation and suggest that translational signaling pathways intricately interact to regulate neuronal homeostasis during defective translation elongation.","18 samples are in analyzed in this study in the context of 3 week old C57BL/6J (B6J) mouse cerebellum. These include 3 replicates of the following genotypes Gtpbp1 -/-, Gtpbp2 -/- (mediated through a previously characterized nmf205 point mutation), and wildtype mice. RNA-seq and ribosome footprint profiling datasets were generated for each sample.",33186095,,,415765,GPL21103,Mus musculus,GSE,Expression profiling by high throughput sequencing; Other,2020/10/26,18,ftp://ftp.ncbi.nlm.nih.gov/geo/series/GSE157nnn/GSE157902/,GTPBP1 resolves paused ribosomes to maintain neuronal homeostasis.,eLife,2020 Nov 13,10.7554/eLife.62731,OSD-525|RR23_Cb_GC_G1_techrep2,Ground Control
15,GSM4780424,0.991075873374939,GSE157902,GTPBP1 resolves paused ribosomes to maintain neuronal homeostasis,,,"Ribosome-associated quality control pathways respond to defects in translational elongation to recycle arrested ribosomes and degrade aberrant polypeptides and mRNAs. Loss of an individual tRNA gene leads to ribosomal pausing that is resolved by the translational GTPase GTPBP2, and in its absence causes neuron death. Here we show that loss of the homologous protein GTPBP1 during tRNA deficiency in the mouse brain also leads to codon-specific ribosome pausing and neurodegeneration, suggesting that these non-redundant translational GTPases function in the same pathway to mitigate ribosome pausing. Ribosome stalling in the mutant brain led to activation of the integrated stress response (ISR) mediated by GCN2 and decreased mTORC1 signaling. However, in contrast to the ISR, which enhanced neuron survival, reduced mTORC1 signaling increased neuronal death. Our data demonstrate that GTPBP1 functions as an important quality control mechanism during translation elongation and suggest that translational signaling pathways intricately interact to regulate neuronal homeostasis during defective translation elongation.","18 samples are in analyzed in this study in the context of 3 week old C57BL/6J (B6J) mouse cerebellum. These include 3 replicates of the following genotypes Gtpbp1 -/-, Gtpbp2 -/- (mediated through a previously characterized nmf205 point mutation), and wildtype mice. RNA-seq and ribosome footprint profiling datasets were generated for each sample.",33186095,,,415762,GPL21103,Mus musculus,GSE,Expression profiling by high throughput sequencing; Other,2020/10/26,18,ftp://ftp.ncbi.nlm.nih.gov/geo/series/GSE157nnn/GSE157902/,GTPBP1 resolves paused ribosomes to maintain neuronal homeostasis.,eLife,2020 Nov 13,10.7554/eLife.62731,OSD-525|RR23_Cb_GC_G1_techrep2,Ground Control
16,GSM6610612,0.990140974521637,GSE214530,Time- and tissue-specific response of the mouse transcriptome after a short-term exposure to normoxia or intermittent hypoxia (IH),,,"To investigated the effects of early exposure to IH on tissue-specific transcriptome and biological processes, we evaluated differential gene expression of circadian rhythms and 24-hour mean expression in the lung, heart, liver, kidney, muscle, and cerebellum from mice after exposure to normoxic and IH conditions. The cardiopulmonary tissues were most affected by short-term exposure to IH in comparison with other organs.","Eight-week-old C57BL/6J mice were exposed to either normoxia or intermittent hypooxia (21-8% O2) for seven days before it was released into constant normoxic darkness for two days. Multiple tissues (liver, lung, kidney, muscle, heart, and cerebellum) were harvested on the second day of constant darkness for 24 hours with three-hour intervals to assess changes in their transcriptome.",37252926,,,691298,GPL24247,Mus musculus,GSE,Expression profiling by high throughput sequencing,2022/09/30,288,ftp://ftp.ncbi.nlm.nih.gov/geo/series/GSE214nnn/GSE214530/,Obstructive sleep apnea in a mouse model is associated with tissue-specific transcriptomic changes in circadian rhythmicity and mean 24-hour gene expression.,PLoS biology,2023 May,10.1371/journal.pbio.3002139,OSD-525|RR23_Cb_GC_G1_techrep2,Ground Control
17,GSM2718617,0.9901336431503296,GSE101918,Species and Cell-Type Properties of Classically Defined Human and Rodent Neurons and Glia,,,This SuperSeries is composed of the SubSeries listed below.,Refer to individual Series,30320555,,,118503,GPL17021; GPL20084; GPL18573; GPL19057,Mus musculus; Rattus norvegicus; Homo sapiens,GSE,Genome binding/occupancy profiling by high throughput sequencing; Expression profiling by high throughput sequencing,2018/10/12,114,ftp://ftp.ncbi.nlm.nih.gov/geo/series/GSE101nnn/GSE101918/,Species and cell-type properties of classically defined human and rodent neurons and glia.,eLife,2018 Oct 15,10.7554/eLife.37551,OSD-525|RR23_Cb_GC_G1_techrep2,Ground Control
18,GSM1356266,0.9900182485580444,GSE56127,Ribosome stalling induced by mutation of a CNS-specific tRNA causes neurodegeneration,,,"In higher eukaryotes, the large numbers of nuclear-encoded tRNA genes partially ensure the robustness of cytoplasmic protein translation. Here we discover that a loss-of-function in n-Tr20, a member of the nuclear-encoded tRNA Arg UCU family that is expressed specifically in the central nervous systems leads to low but detectable levels of ribosome stalling. In the absence of GTPBP2, a novel binding partner of the ribosome recycling protein Pelota, ribosome stalling increases, leading to widespread neurodegeneration. Our results not only define GTPBP2 as a ribosome rescue factor, but also unmask the disease potential of mutations in nuclear-encoded tRNA genes. In this submission we provide ribosome footprinting data from the cerebella of four strains derived from the C57BL/6J strain with combinations of  n-Tr20 and GTPBP2 mutations.",Examination of ribosome stalling in cerebella from 4 mouse strains derived from the: C57BL/6J (B6J) strain. The nmf205-/- strain has a homozygous mutation in the gene GTPBP2 while the B6J strain has normal GTPBP2. The n-Tr20 J/J strain has a defect in the n-Tr20 tRNA while the n-Tr20 N/N strain has a functional n-Tr20 tRNA. The 4 strains are the 2x2 combinations of these defects and correctly functioning sequences. 2 replicates for each strain. Please note that only BAM files are included in the records since they form the basis of the study's conclusions.  The raw data ribosomal RNA have been filtered and then unique reads mapping to mm10 were computed using tophat and igenome annotations.,25061210,,,15210,GPL13112,Mus musculus,GSE,Expression profiling by high throughput sequencing,2014/07/28,8,ftp://ftp.ncbi.nlm.nih.gov/geo/series/GSE56nnn/GSE56127/,RNA function. Ribosome stalling induced by mutation of a CNS-specific tRNA causes neurodegeneration.,"Science (New York, N.Y.)",2014 Jul 25,10.1126/science.1249749,OSD-525|RR23_Cb_GC_G1_techrep2,Ground Control
19,GSM2718616,0.9898288249969482,GSE101918,Species and Cell-Type Properties of Classically Defined Human and Rodent Neurons and Glia,,,This SuperSeries is composed of the SubSeries listed below.,Refer to individual Series,30320555,,,118502,GPL17021; GPL20084; GPL18573; GPL19057,Mus musculus; Rattus norvegicus; Homo sapiens,GSE,Genome binding/occupancy profiling by high throughput sequencing; Expression profiling by high throughput sequencing,2018/10/12,114,ftp://ftp.ncbi.nlm.nih.gov/geo/series/GSE101nnn/GSE101918/,Species and cell-type properties of classically defined human and rodent neurons and glia.,eLife,2018 Oct 15,10.7554/eLife.37551,OSD-525|RR23_Cb_GC_G1_techrep2,Ground Control
20,GSM5900262,0.9929116368293762,GSE196765,Autism-like behaviors and cerebellar dysfunction in the Bmal1 mutant mouse ameliorated by mTORC1 inhibition,,,"Although circadian and sleep disorders are frequently associated with autism spectrum disorders (ASD), it remains elusive whether clock gene disruption can lead to autistic-like phenotypes in animals. The essential clock gene Bmal1 has been associated with human sociability and its missense mutations are identified in ASD. Here we report that global Bmal1 deletion led to significant social impairments, excessive stereotyped and repetitive behaviors, as well as motor learning disabilities in mice, all of which resemble core behavioral deficits in ASD. Furthermore, aberrant cell density and immature morphology of dendritic spines were identified in the cerebellar Purkinje cells (PCs) of Bmal1 knockout (KO) mice. Electrophysiological recordings uncovered enhanced excitatory and inhibitory synaptic transmission and reduced firing rates in the PCs of Bmal1 KO mice. Differential expression of ASD- and ataxia-associated genes (Ntng2, Mfrp, Nr4a2, Thbs1, Atxn1, and Atxn3) and dysregulated pathways of translational control, including hyperactivated mammalian target of rapamycin complex 1 (mTORC1) signaling, were identified in the cerebellum of Bmal1 KO mice. Interestingly, the antidiabetic drug metformin reversed mTORC1 hyperactivation and alleviated major behavioral and PC deficits in Bmal1 KO mice. Importantly, conditional Bmal1 deletion only in cerebellar PCs was sufficient to recapitulate autistic-like behavioral and cellular changes akin to those identified in Bmal1 KO mice. Together, these results unveil a previously unidentified role for Bmal1 disruption in cerebellar dysfunction and autistic-like behaviors. Our findings provide experimental evidence supporting a putative role for dysregulation of circadian clock gene expression in the pathogenesis of ASD.","total RNA-seq and footprint experiments from the cerebellar tissue of Bmal1 knockout and wildtype mice, 3 biological replicates form each condition for RNA-seq; 2 biolgical replicates from each condition for footprint experiments.",35301425,,,598587,GPL13112,Mus musculus,GSE,Expression profiling by high throughput sequencing,2022/03/17,10,ftp://ftp.ncbi.nlm.nih.gov/geo/series/GSE196nnn/GSE196765/,Autistic-like behavior and cerebellar dysfunction in Bmal1 mutant mice ameliorated by mTORC1 inhibition.,Molecular psychiatry,2023 Sep,10.1038/s41380-022-01499-6,OSD-525|RR23_Cb_GC_G2,Ground Control
21,GSM5900268,0.9927571415901184,GSE196765,Autism-like behaviors and cerebellar dysfunction in the Bmal1 mutant mouse ameliorated by mTORC1 inhibition,,,"Although circadian and sleep disorders are frequently associated with autism spectrum disorders (ASD), it remains elusive whether clock gene disruption can lead to autistic-like phenotypes in animals. The essential clock gene Bmal1 has been associated with human sociability and its missense mutations are identified in ASD. Here we report that global Bmal1 deletion led to significant social impairments, excessive stereotyped and repetitive behaviors, as well as motor learning disabilities in mice, all of which resemble core behavioral deficits in ASD. Furthermore, aberrant cell density and immature morphology of dendritic spines were identified in the cerebellar Purkinje cells (PCs) of Bmal1 knockout (KO) mice. Electrophysiological recordings uncovered enhanced excitatory and inhibitory synaptic transmission and reduced firing rates in the PCs of Bmal1 KO mice. Differential expression of ASD- and ataxia-associated genes (Ntng2, Mfrp, Nr4a2, Thbs1, Atxn1, and Atxn3) and dysregulated pathways of translational control, including hyperactivated mammalian target of rapamycin complex 1 (mTORC1) signaling, were identified in the cerebellum of Bmal1 KO mice. Interestingly, the antidiabetic drug metformin reversed mTORC1 hyperactivation and alleviated major behavioral and PC deficits in Bmal1 KO mice. Importantly, conditional Bmal1 deletion only in cerebellar PCs was sufficient to recapitulate autistic-like behavioral and cellular changes akin to those identified in Bmal1 KO mice. Together, these results unveil a previously unidentified role for Bmal1 disruption in cerebellar dysfunction and autistic-like behaviors. Our findings provide experimental evidence supporting a putative role for dysregulation of circadian clock gene expression in the pathogenesis of ASD.","total RNA-seq and footprint experiments from the cerebellar tissue of Bmal1 knockout and wildtype mice, 3 biological replicates form each condition for RNA-seq; 2 biolgical replicates from each condition for footprint experiments.",35301425,,,598593,GPL13112,Mus musculus,GSE,Expression profiling by high throughput sequencing,2022/03/17,10,ftp://ftp.ncbi.nlm.nih.gov/geo/series/GSE196nnn/GSE196765/,Autistic-like behavior and cerebellar dysfunction in Bmal1 mutant mice ameliorated by mTORC1 inhibition.,Molecular psychiatry,2023 Sep,10.1038/s41380-022-01499-6,OSD-525|RR23_Cb_GC_G2,Ground Control
22,GSM4780427,0.9926431179046631,GSE157902,GTPBP1 resolves paused ribosomes to maintain neuronal homeostasis,,,"Ribosome-associated quality control pathways respond to defects in translational elongation to recycle arrested ribosomes and degrade aberrant polypeptides and mRNAs. Loss of an individual tRNA gene leads to ribosomal pausing that is resolved by the translational GTPase GTPBP2, and in its absence causes neuron death. Here we show that loss of the homologous protein GTPBP1 during tRNA deficiency in the mouse brain also leads to codon-specific ribosome pausing and neurodegeneration, suggesting that these non-redundant translational GTPases function in the same pathway to mitigate ribosome pausing. Ribosome stalling in the mutant brain led to activation of the integrated stress response (ISR) mediated by GCN2 and decreased mTORC1 signaling. However, in contrast to the ISR, which enhanced neuron survival, reduced mTORC1 signaling increased neuronal death. Our data demonstrate that GTPBP1 functions as an important quality control mechanism during translation elongation and suggest that translational signaling pathways intricately interact to regulate neuronal homeostasis during defective translation elongation.","18 samples are in analyzed in this study in the context of 3 week old C57BL/6J (B6J) mouse cerebellum. These include 3 replicates of the following genotypes Gtpbp1 -/-, Gtpbp2 -/- (mediated through a previously characterized nmf205 point mutation), and wildtype mice. RNA-seq and ribosome footprint profiling datasets were generated for each sample.",33186095,,,415765,GPL21103,Mus musculus,GSE,Expression profiling by high throughput sequencing; Other,2020/10/26,18,ftp://ftp.ncbi.nlm.nih.gov/geo/series/GSE157nnn/GSE157902/,GTPBP1 resolves paused ribosomes to maintain neuronal homeostasis.,eLife,2020 Nov 13,10.7554/eLife.62731,OSD-525|RR23_Cb_GC_G2,Ground Control
23,GSM5900265,0.9924707412719727,GSE196765,Autism-like behaviors and cerebellar dysfunction in the Bmal1 mutant mouse ameliorated by mTORC1 inhibition,,,"Although circadian and sleep disorders are frequently associated with autism spectrum disorders (ASD), it remains elusive whether clock gene disruption can lead to autistic-like phenotypes in animals. The essential clock gene Bmal1 has been associated with human sociability and its missense mutations are identified in ASD. Here we report that global Bmal1 deletion led to significant social impairments, excessive stereotyped and repetitive behaviors, as well as motor learning disabilities in mice, all of which resemble core behavioral deficits in ASD. Furthermore, aberrant cell density and immature morphology of dendritic spines were identified in the cerebellar Purkinje cells (PCs) of Bmal1 knockout (KO) mice. Electrophysiological recordings uncovered enhanced excitatory and inhibitory synaptic transmission and reduced firing rates in the PCs of Bmal1 KO mice. Differential expression of ASD- and ataxia-associated genes (Ntng2, Mfrp, Nr4a2, Thbs1, Atxn1, and Atxn3) and dysregulated pathways of translational control, including hyperactivated mammalian target of rapamycin complex 1 (mTORC1) signaling, were identified in the cerebellum of Bmal1 KO mice. Interestingly, the antidiabetic drug metformin reversed mTORC1 hyperactivation and alleviated major behavioral and PC deficits in Bmal1 KO mice. Importantly, conditional Bmal1 deletion only in cerebellar PCs was sufficient to recapitulate autistic-like behavioral and cellular changes akin to those identified in Bmal1 KO mice. Together, these results unveil a previously unidentified role for Bmal1 disruption in cerebellar dysfunction and autistic-like behaviors. Our findings provide experimental evidence supporting a putative role for dysregulation of circadian clock gene expression in the pathogenesis of ASD.","total RNA-seq and footprint experiments from the cerebellar tissue of Bmal1 knockout and wildtype mice, 3 biological replicates form each condition for RNA-seq; 2 biolgical replicates from each condition for footprint experiments.",35301425,,,598590,GPL13112,Mus musculus,GSE,Expression profiling by high throughput sequencing,2022/03/17,10,ftp://ftp.ncbi.nlm.nih.gov/geo/series/GSE196nnn/GSE196765/,Autistic-like behavior and cerebellar dysfunction in Bmal1 mutant mice ameliorated by mTORC1 inhibition.,Molecular psychiatry,2023 Sep,10.1038/s41380-022-01499-6,OSD-525|RR23_Cb_GC_G2,Ground Control
24,GSM4780432,0.9924321174621582,GSE157902,GTPBP1 resolves paused ribosomes to maintain neuronal homeostasis,,,"Ribosome-associated quality control pathways respond to defects in translational elongation to recycle arrested ribosomes and degrade aberrant polypeptides and mRNAs. Loss of an individual tRNA gene leads to ribosomal pausing that is resolved by the translational GTPase GTPBP2, and in its absence causes neuron death. Here we show that loss of the homologous protein GTPBP1 during tRNA deficiency in the mouse brain also leads to codon-specific ribosome pausing and neurodegeneration, suggesting that these non-redundant translational GTPases function in the same pathway to mitigate ribosome pausing. Ribosome stalling in the mutant brain led to activation of the integrated stress response (ISR) mediated by GCN2 and decreased mTORC1 signaling. However, in contrast to the ISR, which enhanced neuron survival, reduced mTORC1 signaling increased neuronal death. Our data demonstrate that GTPBP1 functions as an important quality control mechanism during translation elongation and suggest that translational signaling pathways intricately interact to regulate neuronal homeostasis during defective translation elongation.","18 samples are in analyzed in this study in the context of 3 week old C57BL/6J (B6J) mouse cerebellum. These include 3 replicates of the following genotypes Gtpbp1 -/-, Gtpbp2 -/- (mediated through a previously characterized nmf205 point mutation), and wildtype mice. RNA-seq and ribosome footprint profiling datasets were generated for each sample.",33186095,,,415770,GPL21103,Mus musculus,GSE,Expression profiling by high throughput sequencing; Other,2020/10/26,18,ftp://ftp.ncbi.nlm.nih.gov/geo/series/GSE157nnn/GSE157902/,GTPBP1 resolves paused ribosomes to maintain neuronal homeostasis.,eLife,2020 Nov 13,10.7554/eLife.62731,OSD-525|RR23_Cb_GC_G2,Ground Control
25,GSM6610612,0.9922627210617065,GSE214530,Time- and tissue-specific response of the mouse transcriptome after a short-term exposure to normoxia or intermittent hypoxia (IH),,,"To investigated the effects of early exposure to IH on tissue-specific transcriptome and biological processes, we evaluated differential gene expression of circadian rhythms and 24-hour mean expression in the lung, heart, liver, kidney, muscle, and cerebellum from mice after exposure to normoxic and IH conditions. The cardiopulmonary tissues were most affected by short-term exposure to IH in comparison with other organs.","Eight-week-old C57BL/6J mice were exposed to either normoxia or intermittent hypooxia (21-8% O2) for seven days before it was released into constant normoxic darkness for two days. Multiple tissues (liver, lung, kidney, muscle, heart, and cerebellum) were harvested on the second day of constant darkness for 24 hours with three-hour intervals to assess changes in their transcriptome.",37252926,,,691298,GPL24247,Mus musculus,GSE,Expression profiling by high throughput sequencing,2022/09/30,288,ftp://ftp.ncbi.nlm.nih.gov/geo/series/GSE214nnn/GSE214530/,Obstructive sleep apnea in a mouse model is associated with tissue-specific transcriptomic changes in circadian rhythmicity and mean 24-hour gene expression.,PLoS biology,2023 May,10.1371/journal.pbio.3002139,OSD-525|RR23_Cb_GC_G2,Ground Control
26,GSM4780424,0.9920920729637146,GSE157902,GTPBP1 resolves paused ribosomes to maintain neuronal homeostasis,,,"Ribosome-associated quality control pathways respond to defects in translational elongation to recycle arrested ribosomes and degrade aberrant polypeptides and mRNAs. Loss of an individual tRNA gene leads to ribosomal pausing that is resolved by the translational GTPase GTPBP2, and in its absence causes neuron death. Here we show that loss of the homologous protein GTPBP1 during tRNA deficiency in the mouse brain also leads to codon-specific ribosome pausing and neurodegeneration, suggesting that these non-redundant translational GTPases function in the same pathway to mitigate ribosome pausing. Ribosome stalling in the mutant brain led to activation of the integrated stress response (ISR) mediated by GCN2 and decreased mTORC1 signaling. However, in contrast to the ISR, which enhanced neuron survival, reduced mTORC1 signaling increased neuronal death. Our data demonstrate that GTPBP1 functions as an important quality control mechanism during translation elongation and suggest that translational signaling pathways intricately interact to regulate neuronal homeostasis during defective translation elongation.","18 samples are in analyzed in this study in the context of 3 week old C57BL/6J (B6J) mouse cerebellum. These include 3 replicates of the following genotypes Gtpbp1 -/-, Gtpbp2 -/- (mediated through a previously characterized nmf205 point mutation), and wildtype mice. RNA-seq and ribosome footprint profiling datasets were generated for each sample.",33186095,,,415762,GPL21103,Mus musculus,GSE,Expression profiling by high throughput sequencing; Other,2020/10/26,18,ftp://ftp.ncbi.nlm.nih.gov/geo/series/GSE157nnn/GSE157902/,GTPBP1 resolves paused ribosomes to maintain neuronal homeostasis.,eLife,2020 Nov 13,10.7554/eLife.62731,OSD-525|RR23_Cb_GC_G2,Ground Control
27,GSM4199640,0.9918673038482666,GSE141252,Chronologic age and morbidities could converge on gene-specific traits through length-dependent failure of transcript polymerization,,,We provide evidence for the decrease of long transcripts during aging using a unique reference transcriptomic survey of 17 mouse organs sampled at 5 timepoints over the lifespan.,"Transcriptomic profiles of 17 mouse organs, sampled at 4, 9, 12, 18, 24 months of age, were generated by standard illumina RNA-Seq protocols.",,,,315028,GPL19057,Mus musculus,GSE,Expression profiling by high throughput sequencing,2021/12/31,518,ftp://ftp.ncbi.nlm.nih.gov/geo/series/GSE141nnn/GSE141252/,,,,,OSD-525|RR23_Cb_GC_G2,Ground Control
28,GSM4199490,0.9915151000022888,GSE141252,Chronologic age and morbidities could converge on gene-specific traits through length-dependent failure of transcript polymerization,,,We provide evidence for the decrease of long transcripts during aging using a unique reference transcriptomic survey of 17 mouse organs sampled at 5 timepoints over the lifespan.,"Transcriptomic profiles of 17 mouse organs, sampled at 4, 9, 12, 18, 24 months of age, were generated by standard illumina RNA-Seq protocols.",,,,314885,GPL19057,Mus musculus,GSE,Expression profiling by high throughput sequencing,2021/12/31,518,ftp://ftp.ncbi.nlm.nih.gov/geo/series/GSE141nnn/GSE141252/,,,,,OSD-525|RR23_Cb_GC_G2,Ground Control
29,GSM4199428,0.9914872050285339,GSE141252,Chronologic age and morbidities could converge on gene-specific traits through length-dependent failure of transcript polymerization,,,We provide evidence for the decrease of long transcripts during aging using a unique reference transcriptomic survey of 17 mouse organs sampled at 5 timepoints over the lifespan.,"Transcriptomic profiles of 17 mouse organs, sampled at 4, 9, 12, 18, 24 months of age, were generated by standard illumina RNA-Seq protocols.",,,,314826,GPL19057,Mus musculus,GSE,Expression profiling by high throughput sequencing,2021/12/31,518,ftp://ftp.ncbi.nlm.nih.gov/geo/series/GSE141nnn/GSE141252/,,,,,OSD-525|RR23_Cb_GC_G2,Ground Control
30,GSM5900265,0.9930587410926819,GSE196765,Autism-like behaviors and cerebellar dysfunction in the Bmal1 mutant mouse ameliorated by mTORC1 inhibition,,,"Although circadian and sleep disorders are frequently associated with autism spectrum disorders (ASD), it remains elusive whether clock gene disruption can lead to autistic-like phenotypes in animals. The essential clock gene Bmal1 has been associated with human sociability and its missense mutations are identified in ASD. Here we report that global Bmal1 deletion led to significant social impairments, excessive stereotyped and repetitive behaviors, as well as motor learning disabilities in mice, all of which resemble core behavioral deficits in ASD. Furthermore, aberrant cell density and immature morphology of dendritic spines were identified in the cerebellar Purkinje cells (PCs) of Bmal1 knockout (KO) mice. Electrophysiological recordings uncovered enhanced excitatory and inhibitory synaptic transmission and reduced firing rates in the PCs of Bmal1 KO mice. Differential expression of ASD- and ataxia-associated genes (Ntng2, Mfrp, Nr4a2, Thbs1, Atxn1, and Atxn3) and dysregulated pathways of translational control, including hyperactivated mammalian target of rapamycin complex 1 (mTORC1) signaling, were identified in the cerebellum of Bmal1 KO mice. Interestingly, the antidiabetic drug metformin reversed mTORC1 hyperactivation and alleviated major behavioral and PC deficits in Bmal1 KO mice. Importantly, conditional Bmal1 deletion only in cerebellar PCs was sufficient to recapitulate autistic-like behavioral and cellular changes akin to those identified in Bmal1 KO mice. Together, these results unveil a previously unidentified role for Bmal1 disruption in cerebellar dysfunction and autistic-like behaviors. Our findings provide experimental evidence supporting a putative role for dysregulation of circadian clock gene expression in the pathogenesis of ASD.","total RNA-seq and footprint experiments from the cerebellar tissue of Bmal1 knockout and wildtype mice, 3 biological replicates form each condition for RNA-seq; 2 biolgical replicates from each condition for footprint experiments.",35301425,,,598590,GPL13112,Mus musculus,GSE,Expression profiling by high throughput sequencing,2022/03/17,10,ftp://ftp.ncbi.nlm.nih.gov/geo/series/GSE196nnn/GSE196765/,Autistic-like behavior and cerebellar dysfunction in Bmal1 mutant mice ameliorated by mTORC1 inhibition.,Molecular psychiatry,2023 Sep,10.1038/s41380-022-01499-6,OSD-525|RR23_Cb_GC_G3,Ground Control
31,GSM5900262,0.9911864995956421,GSE196765,Autism-like behaviors and cerebellar dysfunction in the Bmal1 mutant mouse ameliorated by mTORC1 inhibition,,,"Although circadian and sleep disorders are frequently associated with autism spectrum disorders (ASD), it remains elusive whether clock gene disruption can lead to autistic-like phenotypes in animals. The essential clock gene Bmal1 has been associated with human sociability and its missense mutations are identified in ASD. Here we report that global Bmal1 deletion led to significant social impairments, excessive stereotyped and repetitive behaviors, as well as motor learning disabilities in mice, all of which resemble core behavioral deficits in ASD. Furthermore, aberrant cell density and immature morphology of dendritic spines were identified in the cerebellar Purkinje cells (PCs) of Bmal1 knockout (KO) mice. Electrophysiological recordings uncovered enhanced excitatory and inhibitory synaptic transmission and reduced firing rates in the PCs of Bmal1 KO mice. Differential expression of ASD- and ataxia-associated genes (Ntng2, Mfrp, Nr4a2, Thbs1, Atxn1, and Atxn3) and dysregulated pathways of translational control, including hyperactivated mammalian target of rapamycin complex 1 (mTORC1) signaling, were identified in the cerebellum of Bmal1 KO mice. Interestingly, the antidiabetic drug metformin reversed mTORC1 hyperactivation and alleviated major behavioral and PC deficits in Bmal1 KO mice. Importantly, conditional Bmal1 deletion only in cerebellar PCs was sufficient to recapitulate autistic-like behavioral and cellular changes akin to those identified in Bmal1 KO mice. Together, these results unveil a previously unidentified role for Bmal1 disruption in cerebellar dysfunction and autistic-like behaviors. Our findings provide experimental evidence supporting a putative role for dysregulation of circadian clock gene expression in the pathogenesis of ASD.","total RNA-seq and footprint experiments from the cerebellar tissue of Bmal1 knockout and wildtype mice, 3 biological replicates form each condition for RNA-seq; 2 biolgical replicates from each condition for footprint experiments.",35301425,,,598587,GPL13112,Mus musculus,GSE,Expression profiling by high throughput sequencing,2022/03/17,10,ftp://ftp.ncbi.nlm.nih.gov/geo/series/GSE196nnn/GSE196765/,Autistic-like behavior and cerebellar dysfunction in Bmal1 mutant mice ameliorated by mTORC1 inhibition.,Molecular psychiatry,2023 Sep,10.1038/s41380-022-01499-6,OSD-525|RR23_Cb_GC_G3,Ground Control
32,GSM2718616,0.9911081790924072,GSE101918,Species and Cell-Type Properties of Classically Defined Human and Rodent Neurons and Glia,,,This SuperSeries is composed of the SubSeries listed below.,Refer to individual Series,30320555,,,118502,GPL17021; GPL20084; GPL18573; GPL19057,Mus musculus; Rattus norvegicus; Homo sapiens,GSE,Genome binding/occupancy profiling by high throughput sequencing; Expression profiling by high throughput sequencing,2018/10/12,114,ftp://ftp.ncbi.nlm.nih.gov/geo/series/GSE101nnn/GSE101918/,Species and cell-type properties of classically defined human and rodent neurons and glia.,eLife,2018 Oct 15,10.7554/eLife.37551,OSD-525|RR23_Cb_GC_G3,Ground Control
33,GSM5900268,0.9902662634849548,GSE196765,Autism-like behaviors and cerebellar dysfunction in the Bmal1 mutant mouse ameliorated by mTORC1 inhibition,,,"Although circadian and sleep disorders are frequently associated with autism spectrum disorders (ASD), it remains elusive whether clock gene disruption can lead to autistic-like phenotypes in animals. The essential clock gene Bmal1 has been associated with human sociability and its missense mutations are identified in ASD. Here we report that global Bmal1 deletion led to significant social impairments, excessive stereotyped and repetitive behaviors, as well as motor learning disabilities in mice, all of which resemble core behavioral deficits in ASD. Furthermore, aberrant cell density and immature morphology of dendritic spines were identified in the cerebellar Purkinje cells (PCs) of Bmal1 knockout (KO) mice. Electrophysiological recordings uncovered enhanced excitatory and inhibitory synaptic transmission and reduced firing rates in the PCs of Bmal1 KO mice. Differential expression of ASD- and ataxia-associated genes (Ntng2, Mfrp, Nr4a2, Thbs1, Atxn1, and Atxn3) and dysregulated pathways of translational control, including hyperactivated mammalian target of rapamycin complex 1 (mTORC1) signaling, were identified in the cerebellum of Bmal1 KO mice. Interestingly, the antidiabetic drug metformin reversed mTORC1 hyperactivation and alleviated major behavioral and PC deficits in Bmal1 KO mice. Importantly, conditional Bmal1 deletion only in cerebellar PCs was sufficient to recapitulate autistic-like behavioral and cellular changes akin to those identified in Bmal1 KO mice. Together, these results unveil a previously unidentified role for Bmal1 disruption in cerebellar dysfunction and autistic-like behaviors. Our findings provide experimental evidence supporting a putative role for dysregulation of circadian clock gene expression in the pathogenesis of ASD.","total RNA-seq and footprint experiments from the cerebellar tissue of Bmal1 knockout and wildtype mice, 3 biological replicates form each condition for RNA-seq; 2 biolgical replicates from each condition for footprint experiments.",35301425,,,598593,GPL13112,Mus musculus,GSE,Expression profiling by high throughput sequencing,2022/03/17,10,ftp://ftp.ncbi.nlm.nih.gov/geo/series/GSE196nnn/GSE196765/,Autistic-like behavior and cerebellar dysfunction in Bmal1 mutant mice ameliorated by mTORC1 inhibition.,Molecular psychiatry,2023 Sep,10.1038/s41380-022-01499-6,OSD-525|RR23_Cb_GC_G3,Ground Control
34,GSM2718617,0.9894123673439026,GSE101918,Species and Cell-Type Properties of Classically Defined Human and Rodent Neurons and Glia,,,This SuperSeries is composed of the SubSeries listed below.,Refer to individual Series,30320555,,,118503,GPL17021; GPL20084; GPL18573; GPL19057,Mus musculus; Rattus norvegicus; Homo sapiens,GSE,Genome binding/occupancy profiling by high throughput sequencing; Expression profiling by high throughput sequencing,2018/10/12,114,ftp://ftp.ncbi.nlm.nih.gov/geo/series/GSE101nnn/GSE101918/,Species and cell-type properties of classically defined human and rodent neurons and glia.,eLife,2018 Oct 15,10.7554/eLife.37551,OSD-525|RR23_Cb_GC_G3,Ground Control
35,GSM4780432,0.9893483519554138,GSE157902,GTPBP1 resolves paused ribosomes to maintain neuronal homeostasis,,,"Ribosome-associated quality control pathways respond to defects in translational elongation to recycle arrested ribosomes and degrade aberrant polypeptides and mRNAs. Loss of an individual tRNA gene leads to ribosomal pausing that is resolved by the translational GTPase GTPBP2, and in its absence causes neuron death. Here we show that loss of the homologous protein GTPBP1 during tRNA deficiency in the mouse brain also leads to codon-specific ribosome pausing and neurodegeneration, suggesting that these non-redundant translational GTPases function in the same pathway to mitigate ribosome pausing. Ribosome stalling in the mutant brain led to activation of the integrated stress response (ISR) mediated by GCN2 and decreased mTORC1 signaling. However, in contrast to the ISR, which enhanced neuron survival, reduced mTORC1 signaling increased neuronal death. Our data demonstrate that GTPBP1 functions as an important quality control mechanism during translation elongation and suggest that translational signaling pathways intricately interact to regulate neuronal homeostasis during defective translation elongation.","18 samples are in analyzed in this study in the context of 3 week old C57BL/6J (B6J) mouse cerebellum. These include 3 replicates of the following genotypes Gtpbp1 -/-, Gtpbp2 -/- (mediated through a previously characterized nmf205 point mutation), and wildtype mice. RNA-seq and ribosome footprint profiling datasets were generated for each sample.",33186095,,,415770,GPL21103,Mus musculus,GSE,Expression profiling by high throughput sequencing; Other,2020/10/26,18,ftp://ftp.ncbi.nlm.nih.gov/geo/series/GSE157nnn/GSE157902/,GTPBP1 resolves paused ribosomes to maintain neuronal homeostasis.,eLife,2020 Nov 13,10.7554/eLife.62731,OSD-525|RR23_Cb_GC_G3,Ground Control
36,GSM6610612,0.9889946579933167,GSE214530,Time- and tissue-specific response of the mouse transcriptome after a short-term exposure to normoxia or intermittent hypoxia (IH),,,"To investigated the effects of early exposure to IH on tissue-specific transcriptome and biological processes, we evaluated differential gene expression of circadian rhythms and 24-hour mean expression in the lung, heart, liver, kidney, muscle, and cerebellum from mice after exposure to normoxic and IH conditions. The cardiopulmonary tissues were most affected by short-term exposure to IH in comparison with other organs.","Eight-week-old C57BL/6J mice were exposed to either normoxia or intermittent hypooxia (21-8% O2) for seven days before it was released into constant normoxic darkness for two days. Multiple tissues (liver, lung, kidney, muscle, heart, and cerebellum) were harvested on the second day of constant darkness for 24 hours with three-hour intervals to assess changes in their transcriptome.",37252926,,,691298,GPL24247,Mus musculus,GSE,Expression profiling by high throughput sequencing,2022/09/30,288,ftp://ftp.ncbi.nlm.nih.gov/geo/series/GSE214nnn/GSE214530/,Obstructive sleep apnea in a mouse model is associated with tissue-specific transcriptomic changes in circadian rhythmicity and mean 24-hour gene expression.,PLoS biology,2023 May,10.1371/journal.pbio.3002139,OSD-525|RR23_Cb_GC_G3,Ground Control
37,GSM4780427,0.9885611534118652,GSE157902,GTPBP1 resolves paused ribosomes to maintain neuronal homeostasis,,,"Ribosome-associated quality control pathways respond to defects in translational elongation to recycle arrested ribosomes and degrade aberrant polypeptides and mRNAs. Loss of an individual tRNA gene leads to ribosomal pausing that is resolved by the translational GTPase GTPBP2, and in its absence causes neuron death. Here we show that loss of the homologous protein GTPBP1 during tRNA deficiency in the mouse brain also leads to codon-specific ribosome pausing and neurodegeneration, suggesting that these non-redundant translational GTPases function in the same pathway to mitigate ribosome pausing. Ribosome stalling in the mutant brain led to activation of the integrated stress response (ISR) mediated by GCN2 and decreased mTORC1 signaling. However, in contrast to the ISR, which enhanced neuron survival, reduced mTORC1 signaling increased neuronal death. Our data demonstrate that GTPBP1 functions as an important quality control mechanism during translation elongation and suggest that translational signaling pathways intricately interact to regulate neuronal homeostasis during defective translation elongation.","18 samples are in analyzed in this study in the context of 3 week old C57BL/6J (B6J) mouse cerebellum. These include 3 replicates of the following genotypes Gtpbp1 -/-, Gtpbp2 -/- (mediated through a previously characterized nmf205 point mutation), and wildtype mice. RNA-seq and ribosome footprint profiling datasets were generated for each sample.",33186095,,,415765,GPL21103,Mus musculus,GSE,Expression profiling by high throughput sequencing; Other,2020/10/26,18,ftp://ftp.ncbi.nlm.nih.gov/geo/series/GSE157nnn/GSE157902/,GTPBP1 resolves paused ribosomes to maintain neuronal homeostasis.,eLife,2020 Nov 13,10.7554/eLife.62731,OSD-525|RR23_Cb_GC_G3,Ground Control
38,GSM4780424,0.9885249137878418,GSE157902,GTPBP1 resolves paused ribosomes to maintain neuronal homeostasis,,,"Ribosome-associated quality control pathways respond to defects in translational elongation to recycle arrested ribosomes and degrade aberrant polypeptides and mRNAs. Loss of an individual tRNA gene leads to ribosomal pausing that is resolved by the translational GTPase GTPBP2, and in its absence causes neuron death. Here we show that loss of the homologous protein GTPBP1 during tRNA deficiency in the mouse brain also leads to codon-specific ribosome pausing and neurodegeneration, suggesting that these non-redundant translational GTPases function in the same pathway to mitigate ribosome pausing. Ribosome stalling in the mutant brain led to activation of the integrated stress response (ISR) mediated by GCN2 and decreased mTORC1 signaling. However, in contrast to the ISR, which enhanced neuron survival, reduced mTORC1 signaling increased neuronal death. Our data demonstrate that GTPBP1 functions as an important quality control mechanism during translation elongation and suggest that translational signaling pathways intricately interact to regulate neuronal homeostasis during defective translation elongation.","18 samples are in analyzed in this study in the context of 3 week old C57BL/6J (B6J) mouse cerebellum. These include 3 replicates of the following genotypes Gtpbp1 -/-, Gtpbp2 -/- (mediated through a previously characterized nmf205 point mutation), and wildtype mice. RNA-seq and ribosome footprint profiling datasets were generated for each sample.",33186095,,,415762,GPL21103,Mus musculus,GSE,Expression profiling by high throughput sequencing; Other,2020/10/26,18,ftp://ftp.ncbi.nlm.nih.gov/geo/series/GSE157nnn/GSE157902/,GTPBP1 resolves paused ribosomes to maintain neuronal homeostasis.,eLife,2020 Nov 13,10.7554/eLife.62731,OSD-525|RR23_Cb_GC_G3,Ground Control
39,GSM6610607,0.9884876012802124,GSE214530,Time- and tissue-specific response of the mouse transcriptome after a short-term exposure to normoxia or intermittent hypoxia (IH),,,"To investigated the effects of early exposure to IH on tissue-specific transcriptome and biological processes, we evaluated differential gene expression of circadian rhythms and 24-hour mean expression in the lung, heart, liver, kidney, muscle, and cerebellum from mice after exposure to normoxic and IH conditions. The cardiopulmonary tissues were most affected by short-term exposure to IH in comparison with other organs.","Eight-week-old C57BL/6J mice were exposed to either normoxia or intermittent hypooxia (21-8% O2) for seven days before it was released into constant normoxic darkness for two days. Multiple tissues (liver, lung, kidney, muscle, heart, and cerebellum) were harvested on the second day of constant darkness for 24 hours with three-hour intervals to assess changes in their transcriptome.",37252926,,,691293,GPL24247,Mus musculus,GSE,Expression profiling by high throughput sequencing,2022/09/30,288,ftp://ftp.ncbi.nlm.nih.gov/geo/series/GSE214nnn/GSE214530/,Obstructive sleep apnea in a mouse model is associated with tissue-specific transcriptomic changes in circadian rhythmicity and mean 24-hour gene expression.,PLoS biology,2023 May,10.1371/journal.pbio.3002139,OSD-525|RR23_Cb_GC_G3,Ground Control
40,GSM5900265,0.9917254447937012,GSE196765,Autism-like behaviors and cerebellar dysfunction in the Bmal1 mutant mouse ameliorated by mTORC1 inhibition,,,"Although circadian and sleep disorders are frequently associated with autism spectrum disorders (ASD), it remains elusive whether clock gene disruption can lead to autistic-like phenotypes in animals. The essential clock gene Bmal1 has been associated with human sociability and its missense mutations are identified in ASD. Here we report that global Bmal1 deletion led to significant social impairments, excessive stereotyped and repetitive behaviors, as well as motor learning disabilities in mice, all of which resemble core behavioral deficits in ASD. Furthermore, aberrant cell density and immature morphology of dendritic spines were identified in the cerebellar Purkinje cells (PCs) of Bmal1 knockout (KO) mice. Electrophysiological recordings uncovered enhanced excitatory and inhibitory synaptic transmission and reduced firing rates in the PCs of Bmal1 KO mice. Differential expression of ASD- and ataxia-associated genes (Ntng2, Mfrp, Nr4a2, Thbs1, Atxn1, and Atxn3) and dysregulated pathways of translational control, including hyperactivated mammalian target of rapamycin complex 1 (mTORC1) signaling, were identified in the cerebellum of Bmal1 KO mice. Interestingly, the antidiabetic drug metformin reversed mTORC1 hyperactivation and alleviated major behavioral and PC deficits in Bmal1 KO mice. Importantly, conditional Bmal1 deletion only in cerebellar PCs was sufficient to recapitulate autistic-like behavioral and cellular changes akin to those identified in Bmal1 KO mice. Together, these results unveil a previously unidentified role for Bmal1 disruption in cerebellar dysfunction and autistic-like behaviors. Our findings provide experimental evidence supporting a putative role for dysregulation of circadian clock gene expression in the pathogenesis of ASD.","total RNA-seq and footprint experiments from the cerebellar tissue of Bmal1 knockout and wildtype mice, 3 biological replicates form each condition for RNA-seq; 2 biolgical replicates from each condition for footprint experiments.",35301425,,,598590,GPL13112,Mus musculus,GSE,Expression profiling by high throughput sequencing,2022/03/17,10,ftp://ftp.ncbi.nlm.nih.gov/geo/series/GSE196nnn/GSE196765/,Autistic-like behavior and cerebellar dysfunction in Bmal1 mutant mice ameliorated by mTORC1 inhibition.,Molecular psychiatry,2023 Sep,10.1038/s41380-022-01499-6,OSD-525|RR23_Cb_GC_G4,Ground Control
41,GSM5900262,0.9916431307792664,GSE196765,Autism-like behaviors and cerebellar dysfunction in the Bmal1 mutant mouse ameliorated by mTORC1 inhibition,,,"Although circadian and sleep disorders are frequently associated with autism spectrum disorders (ASD), it remains elusive whether clock gene disruption can lead to autistic-like phenotypes in animals. The essential clock gene Bmal1 has been associated with human sociability and its missense mutations are identified in ASD. Here we report that global Bmal1 deletion led to significant social impairments, excessive stereotyped and repetitive behaviors, as well as motor learning disabilities in mice, all of which resemble core behavioral deficits in ASD. Furthermore, aberrant cell density and immature morphology of dendritic spines were identified in the cerebellar Purkinje cells (PCs) of Bmal1 knockout (KO) mice. Electrophysiological recordings uncovered enhanced excitatory and inhibitory synaptic transmission and reduced firing rates in the PCs of Bmal1 KO mice. Differential expression of ASD- and ataxia-associated genes (Ntng2, Mfrp, Nr4a2, Thbs1, Atxn1, and Atxn3) and dysregulated pathways of translational control, including hyperactivated mammalian target of rapamycin complex 1 (mTORC1) signaling, were identified in the cerebellum of Bmal1 KO mice. Interestingly, the antidiabetic drug metformin reversed mTORC1 hyperactivation and alleviated major behavioral and PC deficits in Bmal1 KO mice. Importantly, conditional Bmal1 deletion only in cerebellar PCs was sufficient to recapitulate autistic-like behavioral and cellular changes akin to those identified in Bmal1 KO mice. Together, these results unveil a previously unidentified role for Bmal1 disruption in cerebellar dysfunction and autistic-like behaviors. Our findings provide experimental evidence supporting a putative role for dysregulation of circadian clock gene expression in the pathogenesis of ASD.","total RNA-seq and footprint experiments from the cerebellar tissue of Bmal1 knockout and wildtype mice, 3 biological replicates form each condition for RNA-seq; 2 biolgical replicates from each condition for footprint experiments.",35301425,,,598587,GPL13112,Mus musculus,GSE,Expression profiling by high throughput sequencing,2022/03/17,10,ftp://ftp.ncbi.nlm.nih.gov/geo/series/GSE196nnn/GSE196765/,Autistic-like behavior and cerebellar dysfunction in Bmal1 mutant mice ameliorated by mTORC1 inhibition.,Molecular psychiatry,2023 Sep,10.1038/s41380-022-01499-6,OSD-525|RR23_Cb_GC_G4,Ground Control
42,GSM5900268,0.9915475845336914,GSE196765,Autism-like behaviors and cerebellar dysfunction in the Bmal1 mutant mouse ameliorated by mTORC1 inhibition,,,"Although circadian and sleep disorders are frequently associated with autism spectrum disorders (ASD), it remains elusive whether clock gene disruption can lead to autistic-like phenotypes in animals. The essential clock gene Bmal1 has been associated with human sociability and its missense mutations are identified in ASD. Here we report that global Bmal1 deletion led to significant social impairments, excessive stereotyped and repetitive behaviors, as well as motor learning disabilities in mice, all of which resemble core behavioral deficits in ASD. Furthermore, aberrant cell density and immature morphology of dendritic spines were identified in the cerebellar Purkinje cells (PCs) of Bmal1 knockout (KO) mice. Electrophysiological recordings uncovered enhanced excitatory and inhibitory synaptic transmission and reduced firing rates in the PCs of Bmal1 KO mice. Differential expression of ASD- and ataxia-associated genes (Ntng2, Mfrp, Nr4a2, Thbs1, Atxn1, and Atxn3) and dysregulated pathways of translational control, including hyperactivated mammalian target of rapamycin complex 1 (mTORC1) signaling, were identified in the cerebellum of Bmal1 KO mice. Interestingly, the antidiabetic drug metformin reversed mTORC1 hyperactivation and alleviated major behavioral and PC deficits in Bmal1 KO mice. Importantly, conditional Bmal1 deletion only in cerebellar PCs was sufficient to recapitulate autistic-like behavioral and cellular changes akin to those identified in Bmal1 KO mice. Together, these results unveil a previously unidentified role for Bmal1 disruption in cerebellar dysfunction and autistic-like behaviors. Our findings provide experimental evidence supporting a putative role for dysregulation of circadian clock gene expression in the pathogenesis of ASD.","total RNA-seq and footprint experiments from the cerebellar tissue of Bmal1 knockout and wildtype mice, 3 biological replicates form each condition for RNA-seq; 2 biolgical replicates from each condition for footprint experiments.",35301425,,,598593,GPL13112,Mus musculus,GSE,Expression profiling by high throughput sequencing,2022/03/17,10,ftp://ftp.ncbi.nlm.nih.gov/geo/series/GSE196nnn/GSE196765/,Autistic-like behavior and cerebellar dysfunction in Bmal1 mutant mice ameliorated by mTORC1 inhibition.,Molecular psychiatry,2023 Sep,10.1038/s41380-022-01499-6,OSD-525|RR23_Cb_GC_G4,Ground Control
43,GSM4780424,0.9910186529159546,GSE157902,GTPBP1 resolves paused ribosomes to maintain neuronal homeostasis,,,"Ribosome-associated quality control pathways respond to defects in translational elongation to recycle arrested ribosomes and degrade aberrant polypeptides and mRNAs. Loss of an individual tRNA gene leads to ribosomal pausing that is resolved by the translational GTPase GTPBP2, and in its absence causes neuron death. Here we show that loss of the homologous protein GTPBP1 during tRNA deficiency in the mouse brain also leads to codon-specific ribosome pausing and neurodegeneration, suggesting that these non-redundant translational GTPases function in the same pathway to mitigate ribosome pausing. Ribosome stalling in the mutant brain led to activation of the integrated stress response (ISR) mediated by GCN2 and decreased mTORC1 signaling. However, in contrast to the ISR, which enhanced neuron survival, reduced mTORC1 signaling increased neuronal death. Our data demonstrate that GTPBP1 functions as an important quality control mechanism during translation elongation and suggest that translational signaling pathways intricately interact to regulate neuronal homeostasis during defective translation elongation.","18 samples are in analyzed in this study in the context of 3 week old C57BL/6J (B6J) mouse cerebellum. These include 3 replicates of the following genotypes Gtpbp1 -/-, Gtpbp2 -/- (mediated through a previously characterized nmf205 point mutation), and wildtype mice. RNA-seq and ribosome footprint profiling datasets were generated for each sample.",33186095,,,415762,GPL21103,Mus musculus,GSE,Expression profiling by high throughput sequencing; Other,2020/10/26,18,ftp://ftp.ncbi.nlm.nih.gov/geo/series/GSE157nnn/GSE157902/,GTPBP1 resolves paused ribosomes to maintain neuronal homeostasis.,eLife,2020 Nov 13,10.7554/eLife.62731,OSD-525|RR23_Cb_GC_G4,Ground Control
44,GSM4780427,0.9905927181243896,GSE157902,GTPBP1 resolves paused ribosomes to maintain neuronal homeostasis,,,"Ribosome-associated quality control pathways respond to defects in translational elongation to recycle arrested ribosomes and degrade aberrant polypeptides and mRNAs. Loss of an individual tRNA gene leads to ribosomal pausing that is resolved by the translational GTPase GTPBP2, and in its absence causes neuron death. Here we show that loss of the homologous protein GTPBP1 during tRNA deficiency in the mouse brain also leads to codon-specific ribosome pausing and neurodegeneration, suggesting that these non-redundant translational GTPases function in the same pathway to mitigate ribosome pausing. Ribosome stalling in the mutant brain led to activation of the integrated stress response (ISR) mediated by GCN2 and decreased mTORC1 signaling. However, in contrast to the ISR, which enhanced neuron survival, reduced mTORC1 signaling increased neuronal death. Our data demonstrate that GTPBP1 functions as an important quality control mechanism during translation elongation and suggest that translational signaling pathways intricately interact to regulate neuronal homeostasis during defective translation elongation.","18 samples are in analyzed in this study in the context of 3 week old C57BL/6J (B6J) mouse cerebellum. These include 3 replicates of the following genotypes Gtpbp1 -/-, Gtpbp2 -/- (mediated through a previously characterized nmf205 point mutation), and wildtype mice. RNA-seq and ribosome footprint profiling datasets were generated for each sample.",33186095,,,415765,GPL21103,Mus musculus,GSE,Expression profiling by high throughput sequencing; Other,2020/10/26,18,ftp://ftp.ncbi.nlm.nih.gov/geo/series/GSE157nnn/GSE157902/,GTPBP1 resolves paused ribosomes to maintain neuronal homeostasis.,eLife,2020 Nov 13,10.7554/eLife.62731,OSD-525|RR23_Cb_GC_G4,Ground Control
45,GSM4780432,0.9904810786247253,GSE157902,GTPBP1 resolves paused ribosomes to maintain neuronal homeostasis,,,"Ribosome-associated quality control pathways respond to defects in translational elongation to recycle arrested ribosomes and degrade aberrant polypeptides and mRNAs. Loss of an individual tRNA gene leads to ribosomal pausing that is resolved by the translational GTPase GTPBP2, and in its absence causes neuron death. Here we show that loss of the homologous protein GTPBP1 during tRNA deficiency in the mouse brain also leads to codon-specific ribosome pausing and neurodegeneration, suggesting that these non-redundant translational GTPases function in the same pathway to mitigate ribosome pausing. Ribosome stalling in the mutant brain led to activation of the integrated stress response (ISR) mediated by GCN2 and decreased mTORC1 signaling. However, in contrast to the ISR, which enhanced neuron survival, reduced mTORC1 signaling increased neuronal death. Our data demonstrate that GTPBP1 functions as an important quality control mechanism during translation elongation and suggest that translational signaling pathways intricately interact to regulate neuronal homeostasis during defective translation elongation.","18 samples are in analyzed in this study in the context of 3 week old C57BL/6J (B6J) mouse cerebellum. These include 3 replicates of the following genotypes Gtpbp1 -/-, Gtpbp2 -/- (mediated through a previously characterized nmf205 point mutation), and wildtype mice. RNA-seq and ribosome footprint profiling datasets were generated for each sample.",33186095,,,415770,GPL21103,Mus musculus,GSE,Expression profiling by high throughput sequencing; Other,2020/10/26,18,ftp://ftp.ncbi.nlm.nih.gov/geo/series/GSE157nnn/GSE157902/,GTPBP1 resolves paused ribosomes to maintain neuronal homeostasis.,eLife,2020 Nov 13,10.7554/eLife.62731,OSD-525|RR23_Cb_GC_G4,Ground Control
46,GSM6610612,0.99000483751297,GSE214530,Time- and tissue-specific response of the mouse transcriptome after a short-term exposure to normoxia or intermittent hypoxia (IH),,,"To investigated the effects of early exposure to IH on tissue-specific transcriptome and biological processes, we evaluated differential gene expression of circadian rhythms and 24-hour mean expression in the lung, heart, liver, kidney, muscle, and cerebellum from mice after exposure to normoxic and IH conditions. The cardiopulmonary tissues were most affected by short-term exposure to IH in comparison with other organs.","Eight-week-old C57BL/6J mice were exposed to either normoxia or intermittent hypooxia (21-8% O2) for seven days before it was released into constant normoxic darkness for two days. Multiple tissues (liver, lung, kidney, muscle, heart, and cerebellum) were harvested on the second day of constant darkness for 24 hours with three-hour intervals to assess changes in their transcriptome.",37252926,,,691298,GPL24247,Mus musculus,GSE,Expression profiling by high throughput sequencing,2022/09/30,288,ftp://ftp.ncbi.nlm.nih.gov/geo/series/GSE214nnn/GSE214530/,Obstructive sleep apnea in a mouse model is associated with tissue-specific transcriptomic changes in circadian rhythmicity and mean 24-hour gene expression.,PLoS biology,2023 May,10.1371/journal.pbio.3002139,OSD-525|RR23_Cb_GC_G4,Ground Control
47,GSM4199640,0.9898689985275269,GSE141252,Chronologic age and morbidities could converge on gene-specific traits through length-dependent failure of transcript polymerization,,,We provide evidence for the decrease of long transcripts during aging using a unique reference transcriptomic survey of 17 mouse organs sampled at 5 timepoints over the lifespan.,"Transcriptomic profiles of 17 mouse organs, sampled at 4, 9, 12, 18, 24 months of age, were generated by standard illumina RNA-Seq protocols.",,,,315028,GPL19057,Mus musculus,GSE,Expression profiling by high throughput sequencing,2021/12/31,518,ftp://ftp.ncbi.nlm.nih.gov/geo/series/GSE141nnn/GSE141252/,,,,,OSD-525|RR23_Cb_GC_G4,Ground Control
48,GSM4199490,0.9896031618118286,GSE141252,Chronologic age and morbidities could converge on gene-specific traits through length-dependent failure of transcript polymerization,,,We provide evidence for the decrease of long transcripts during aging using a unique reference transcriptomic survey of 17 mouse organs sampled at 5 timepoints over the lifespan.,"Transcriptomic profiles of 17 mouse organs, sampled at 4, 9, 12, 18, 24 months of age, were generated by standard illumina RNA-Seq protocols.",,,,314885,GPL19057,Mus musculus,GSE,Expression profiling by high throughput sequencing,2021/12/31,518,ftp://ftp.ncbi.nlm.nih.gov/geo/series/GSE141nnn/GSE141252/,,,,,OSD-525|RR23_Cb_GC_G4,Ground Control
49,GSM6610607,0.9894667267799377,GSE214530,Time- and tissue-specific response of the mouse transcriptome after a short-term exposure to normoxia or intermittent hypoxia (IH),,,"To investigated the effects of early exposure to IH on tissue-specific transcriptome and biological processes, we evaluated differential gene expression of circadian rhythms and 24-hour mean expression in the lung, heart, liver, kidney, muscle, and cerebellum from mice after exposure to normoxic and IH conditions. The cardiopulmonary tissues were most affected by short-term exposure to IH in comparison with other organs.","Eight-week-old C57BL/6J mice were exposed to either normoxia or intermittent hypooxia (21-8% O2) for seven days before it was released into constant normoxic darkness for two days. Multiple tissues (liver, lung, kidney, muscle, heart, and cerebellum) were harvested on the second day of constant darkness for 24 hours with three-hour intervals to assess changes in their transcriptome.",37252926,,,691293,GPL24247,Mus musculus,GSE,Expression profiling by high throughput sequencing,2022/09/30,288,ftp://ftp.ncbi.nlm.nih.gov/geo/series/GSE214nnn/GSE214530/,Obstructive sleep apnea in a mouse model is associated with tissue-specific transcriptomic changes in circadian rhythmicity and mean 24-hour gene expression.,PLoS biology,2023 May,10.1371/journal.pbio.3002139,OSD-525|RR23_Cb_GC_G4,Ground Control
50,GSM7329509,0.9948344230651855,GSE232368,Transcriptomic approach reveals splicing dysregulation in spinocerebellar ataxia type 1,,,"Spinocerebellar ataxia type 1 (SCA1) is caused by a polyglutamine expansion in the ATXN1 gene leading to an expanded polyglutamine tract in the ATAXIN-1 protein. Ataxin-1 is broadly expressed throughout the brain and is known to be involved in regulating gene expression; however, it is not yet determined if mutant ataxin-1 regulates alternative splicing events. Utilizing SCA1 mouse models, we performed bulk RNA sequencing and looked for misregulated alternative splicing (mAS) events in SCA1 mouse cerebella. We found that mutant ataxin-1 causes mAS events to occur in the SCA1 mouse cerebella. Furthermore, we showed that abnormal splicing events predominantly occur in cell types that express mutant ataxin-1. Less than 25% of the mAS events were also differentially expressed genes (DEGs) and therefore their transcriptional dysregulation was previously unknown in the context of SCA1. We show through gene ontology analysis that mAS events reveal new biological pathways: mAS events showed changes in structural morphogenesis whereas DEGs showed changes in ion channel and transmembrane transport. We also report that mutant ataxin-1 causes dysregulation of expression of other ataxia-causing genes, providing evidence for molecular basis of clinical similarity among otherwise heterogeneous inherited cerebellar ataxias. We also identified the potential mechanism by which mutant ATXN1 causes mAS through its interaction with RBFOX1.","Comparative transcriptomic analysis of RNA-seq data for mouse cerebella extracted from WT FVB/NJ and Atxn1-82Q transgenic FVB/NJ mice. Samples were collected from 5-, 12-, 20-, and 52-week old mice with four biological replicates collected from 5-week old and three biological replicates collected from 12-, 20-, and 52-week old mice.",37802886,,,779181,GPL24247,Mus musculus,GSE,Expression profiling by high throughput sequencing,2023/10/20,26,ftp://ftp.ncbi.nlm.nih.gov/geo/series/GSE232nnn/GSE232368/,Dysregulation of alternative splicing in spinocerebellar ataxia type 1.,Human molecular genetics,2024 Jan 7,10.1093/hmg/ddad170,OSD-525|RR23_Cb_GC_G5,Ground Control
51,GSM7329510,0.9948237538337708,GSE232368,Transcriptomic approach reveals splicing dysregulation in spinocerebellar ataxia type 1,,,"Spinocerebellar ataxia type 1 (SCA1) is caused by a polyglutamine expansion in the ATXN1 gene leading to an expanded polyglutamine tract in the ATAXIN-1 protein. Ataxin-1 is broadly expressed throughout the brain and is known to be involved in regulating gene expression; however, it is not yet determined if mutant ataxin-1 regulates alternative splicing events. Utilizing SCA1 mouse models, we performed bulk RNA sequencing and looked for misregulated alternative splicing (mAS) events in SCA1 mouse cerebella. We found that mutant ataxin-1 causes mAS events to occur in the SCA1 mouse cerebella. Furthermore, we showed that abnormal splicing events predominantly occur in cell types that express mutant ataxin-1. Less than 25% of the mAS events were also differentially expressed genes (DEGs) and therefore their transcriptional dysregulation was previously unknown in the context of SCA1. We show through gene ontology analysis that mAS events reveal new biological pathways: mAS events showed changes in structural morphogenesis whereas DEGs showed changes in ion channel and transmembrane transport. We also report that mutant ataxin-1 causes dysregulation of expression of other ataxia-causing genes, providing evidence for molecular basis of clinical similarity among otherwise heterogeneous inherited cerebellar ataxias. We also identified the potential mechanism by which mutant ATXN1 causes mAS through its interaction with RBFOX1.","Comparative transcriptomic analysis of RNA-seq data for mouse cerebella extracted from WT FVB/NJ and Atxn1-82Q transgenic FVB/NJ mice. Samples were collected from 5-, 12-, 20-, and 52-week old mice with four biological replicates collected from 5-week old and three biological replicates collected from 12-, 20-, and 52-week old mice.",37802886,,,779182,GPL24247,Mus musculus,GSE,Expression profiling by high throughput sequencing,2023/10/20,26,ftp://ftp.ncbi.nlm.nih.gov/geo/series/GSE232nnn/GSE232368/,Dysregulation of alternative splicing in spinocerebellar ataxia type 1.,Human molecular genetics,2024 Jan 7,10.1093/hmg/ddad170,OSD-525|RR23_Cb_GC_G5,Ground Control
52,GSM7329497,0.9947234392166138,GSE232368,Transcriptomic approach reveals splicing dysregulation in spinocerebellar ataxia type 1,,,"Spinocerebellar ataxia type 1 (SCA1) is caused by a polyglutamine expansion in the ATXN1 gene leading to an expanded polyglutamine tract in the ATAXIN-1 protein. Ataxin-1 is broadly expressed throughout the brain and is known to be involved in regulating gene expression; however, it is not yet determined if mutant ataxin-1 regulates alternative splicing events. Utilizing SCA1 mouse models, we performed bulk RNA sequencing and looked for misregulated alternative splicing (mAS) events in SCA1 mouse cerebella. We found that mutant ataxin-1 causes mAS events to occur in the SCA1 mouse cerebella. Furthermore, we showed that abnormal splicing events predominantly occur in cell types that express mutant ataxin-1. Less than 25% of the mAS events were also differentially expressed genes (DEGs) and therefore their transcriptional dysregulation was previously unknown in the context of SCA1. We show through gene ontology analysis that mAS events reveal new biological pathways: mAS events showed changes in structural morphogenesis whereas DEGs showed changes in ion channel and transmembrane transport. We also report that mutant ataxin-1 causes dysregulation of expression of other ataxia-causing genes, providing evidence for molecular basis of clinical similarity among otherwise heterogeneous inherited cerebellar ataxias. We also identified the potential mechanism by which mutant ATXN1 causes mAS through its interaction with RBFOX1.","Comparative transcriptomic analysis of RNA-seq data for mouse cerebella extracted from WT FVB/NJ and Atxn1-82Q transgenic FVB/NJ mice. Samples were collected from 5-, 12-, 20-, and 52-week old mice with four biological replicates collected from 5-week old and three biological replicates collected from 12-, 20-, and 52-week old mice.",37802886,,,779169,GPL24247,Mus musculus,GSE,Expression profiling by high throughput sequencing,2023/10/20,26,ftp://ftp.ncbi.nlm.nih.gov/geo/series/GSE232nnn/GSE232368/,Dysregulation of alternative splicing in spinocerebellar ataxia type 1.,Human molecular genetics,2024 Jan 7,10.1093/hmg/ddad170,OSD-525|RR23_Cb_GC_G5,Ground Control
53,GSM7329511,0.9945767521858215,GSE232368,Transcriptomic approach reveals splicing dysregulation in spinocerebellar ataxia type 1,,,"Spinocerebellar ataxia type 1 (SCA1) is caused by a polyglutamine expansion in the ATXN1 gene leading to an expanded polyglutamine tract in the ATAXIN-1 protein. Ataxin-1 is broadly expressed throughout the brain and is known to be involved in regulating gene expression; however, it is not yet determined if mutant ataxin-1 regulates alternative splicing events. Utilizing SCA1 mouse models, we performed bulk RNA sequencing and looked for misregulated alternative splicing (mAS) events in SCA1 mouse cerebella. We found that mutant ataxin-1 causes mAS events to occur in the SCA1 mouse cerebella. Furthermore, we showed that abnormal splicing events predominantly occur in cell types that express mutant ataxin-1. Less than 25% of the mAS events were also differentially expressed genes (DEGs) and therefore their transcriptional dysregulation was previously unknown in the context of SCA1. We show through gene ontology analysis that mAS events reveal new biological pathways: mAS events showed changes in structural morphogenesis whereas DEGs showed changes in ion channel and transmembrane transport. We also report that mutant ataxin-1 causes dysregulation of expression of other ataxia-causing genes, providing evidence for molecular basis of clinical similarity among otherwise heterogeneous inherited cerebellar ataxias. We also identified the potential mechanism by which mutant ATXN1 causes mAS through its interaction with RBFOX1.","Comparative transcriptomic analysis of RNA-seq data for mouse cerebella extracted from WT FVB/NJ and Atxn1-82Q transgenic FVB/NJ mice. Samples were collected from 5-, 12-, 20-, and 52-week old mice with four biological replicates collected from 5-week old and three biological replicates collected from 12-, 20-, and 52-week old mice.",37802886,,,779183,GPL24247,Mus musculus,GSE,Expression profiling by high throughput sequencing,2023/10/20,26,ftp://ftp.ncbi.nlm.nih.gov/geo/series/GSE232nnn/GSE232368/,Dysregulation of alternative splicing in spinocerebellar ataxia type 1.,Human molecular genetics,2024 Jan 7,10.1093/hmg/ddad170,OSD-525|RR23_Cb_GC_G5,Ground Control
54,GSM4780430,0.9943230152130127,GSE157902,GTPBP1 resolves paused ribosomes to maintain neuronal homeostasis,,,"Ribosome-associated quality control pathways respond to defects in translational elongation to recycle arrested ribosomes and degrade aberrant polypeptides and mRNAs. Loss of an individual tRNA gene leads to ribosomal pausing that is resolved by the translational GTPase GTPBP2, and in its absence causes neuron death. Here we show that loss of the homologous protein GTPBP1 during tRNA deficiency in the mouse brain also leads to codon-specific ribosome pausing and neurodegeneration, suggesting that these non-redundant translational GTPases function in the same pathway to mitigate ribosome pausing. Ribosome stalling in the mutant brain led to activation of the integrated stress response (ISR) mediated by GCN2 and decreased mTORC1 signaling. However, in contrast to the ISR, which enhanced neuron survival, reduced mTORC1 signaling increased neuronal death. Our data demonstrate that GTPBP1 functions as an important quality control mechanism during translation elongation and suggest that translational signaling pathways intricately interact to regulate neuronal homeostasis during defective translation elongation.","18 samples are in analyzed in this study in the context of 3 week old C57BL/6J (B6J) mouse cerebellum. These include 3 replicates of the following genotypes Gtpbp1 -/-, Gtpbp2 -/- (mediated through a previously characterized nmf205 point mutation), and wildtype mice. RNA-seq and ribosome footprint profiling datasets were generated for each sample.",33186095,,,415768,GPL21103,Mus musculus,GSE,Expression profiling by high throughput sequencing; Other,2020/10/26,18,ftp://ftp.ncbi.nlm.nih.gov/geo/series/GSE157nnn/GSE157902/,GTPBP1 resolves paused ribosomes to maintain neuronal homeostasis.,eLife,2020 Nov 13,10.7554/eLife.62731,OSD-525|RR23_Cb_GC_G5,Ground Control
55,GSM2804408,0.9940612316131592,GSE104633,RNA-sequencing of the Math1-Cre SmoM2 mouse genetic model of medulloblastoma,,,"We investigated how misactivation of the Hedgehog (Hh) pathway causes medulloblastoma, and found that Hh signaling induces its transcriptional effector GLI2 to bind the Cdk6 promoter, activate gene expression, and drive uncontrolled cell proliferation. Genetic or pharmacological inhibition of CDK6 repressed the growth of Hh-associated medulloblastoma and prolonged survival in vivo through inhibition of cell proliferation. These findings suggest that CDK6 antagonists may be effective therapies for Hh-associated cancers in humans.",RNA-sequencing of Math1-Cre Smo2 tumors and SmoM2 controls with transcriptomic analysis of age- and sex-matched littermate controls,,,,133665,GPL17021,Mus musculus,GSE,Expression profiling by high throughput sequencing,2018/01/01,6,ftp://ftp.ncbi.nlm.nih.gov/geo/series/GSE104nnn/GSE104633/,,,,,OSD-525|RR23_Cb_GC_G5,Ground Control
56,GSM2804406,0.9940320253372192,GSE104633,RNA-sequencing of the Math1-Cre SmoM2 mouse genetic model of medulloblastoma,,,"We investigated how misactivation of the Hedgehog (Hh) pathway causes medulloblastoma, and found that Hh signaling induces its transcriptional effector GLI2 to bind the Cdk6 promoter, activate gene expression, and drive uncontrolled cell proliferation. Genetic or pharmacological inhibition of CDK6 repressed the growth of Hh-associated medulloblastoma and prolonged survival in vivo through inhibition of cell proliferation. These findings suggest that CDK6 antagonists may be effective therapies for Hh-associated cancers in humans.",RNA-sequencing of Math1-Cre Smo2 tumors and SmoM2 controls with transcriptomic analysis of age- and sex-matched littermate controls,,,,133663,GPL17021,Mus musculus,GSE,Expression profiling by high throughput sequencing,2018/01/01,6,ftp://ftp.ncbi.nlm.nih.gov/geo/series/GSE104nnn/GSE104633/,,,,,OSD-525|RR23_Cb_GC_G5,Ground Control
57,GSM4780431,0.9939563274383545,GSE157902,GTPBP1 resolves paused ribosomes to maintain neuronal homeostasis,,,"Ribosome-associated quality control pathways respond to defects in translational elongation to recycle arrested ribosomes and degrade aberrant polypeptides and mRNAs. Loss of an individual tRNA gene leads to ribosomal pausing that is resolved by the translational GTPase GTPBP2, and in its absence causes neuron death. Here we show that loss of the homologous protein GTPBP1 during tRNA deficiency in the mouse brain also leads to codon-specific ribosome pausing and neurodegeneration, suggesting that these non-redundant translational GTPases function in the same pathway to mitigate ribosome pausing. Ribosome stalling in the mutant brain led to activation of the integrated stress response (ISR) mediated by GCN2 and decreased mTORC1 signaling. However, in contrast to the ISR, which enhanced neuron survival, reduced mTORC1 signaling increased neuronal death. Our data demonstrate that GTPBP1 functions as an important quality control mechanism during translation elongation and suggest that translational signaling pathways intricately interact to regulate neuronal homeostasis during defective translation elongation.","18 samples are in analyzed in this study in the context of 3 week old C57BL/6J (B6J) mouse cerebellum. These include 3 replicates of the following genotypes Gtpbp1 -/-, Gtpbp2 -/- (mediated through a previously characterized nmf205 point mutation), and wildtype mice. RNA-seq and ribosome footprint profiling datasets were generated for each sample.",33186095,,,415769,GPL21103,Mus musculus,GSE,Expression profiling by high throughput sequencing; Other,2020/10/26,18,ftp://ftp.ncbi.nlm.nih.gov/geo/series/GSE157nnn/GSE157902/,GTPBP1 resolves paused ribosomes to maintain neuronal homeostasis.,eLife,2020 Nov 13,10.7554/eLife.62731,OSD-525|RR23_Cb_GC_G5,Ground Control
58,GSM5900270,0.9938876628875732,GSE196765,Autism-like behaviors and cerebellar dysfunction in the Bmal1 mutant mouse ameliorated by mTORC1 inhibition,,,"Although circadian and sleep disorders are frequently associated with autism spectrum disorders (ASD), it remains elusive whether clock gene disruption can lead to autistic-like phenotypes in animals. The essential clock gene Bmal1 has been associated with human sociability and its missense mutations are identified in ASD. Here we report that global Bmal1 deletion led to significant social impairments, excessive stereotyped and repetitive behaviors, as well as motor learning disabilities in mice, all of which resemble core behavioral deficits in ASD. Furthermore, aberrant cell density and immature morphology of dendritic spines were identified in the cerebellar Purkinje cells (PCs) of Bmal1 knockout (KO) mice. Electrophysiological recordings uncovered enhanced excitatory and inhibitory synaptic transmission and reduced firing rates in the PCs of Bmal1 KO mice. Differential expression of ASD- and ataxia-associated genes (Ntng2, Mfrp, Nr4a2, Thbs1, Atxn1, and Atxn3) and dysregulated pathways of translational control, including hyperactivated mammalian target of rapamycin complex 1 (mTORC1) signaling, were identified in the cerebellum of Bmal1 KO mice. Interestingly, the antidiabetic drug metformin reversed mTORC1 hyperactivation and alleviated major behavioral and PC deficits in Bmal1 KO mice. Importantly, conditional Bmal1 deletion only in cerebellar PCs was sufficient to recapitulate autistic-like behavioral and cellular changes akin to those identified in Bmal1 KO mice. Together, these results unveil a previously unidentified role for Bmal1 disruption in cerebellar dysfunction and autistic-like behaviors. Our findings provide experimental evidence supporting a putative role for dysregulation of circadian clock gene expression in the pathogenesis of ASD.","total RNA-seq and footprint experiments from the cerebellar tissue of Bmal1 knockout and wildtype mice, 3 biological replicates form each condition for RNA-seq; 2 biolgical replicates from each condition for footprint experiments.",35301425,,,598595,GPL13112,Mus musculus,GSE,Expression profiling by high throughput sequencing,2022/03/17,10,ftp://ftp.ncbi.nlm.nih.gov/geo/series/GSE196nnn/GSE196765/,Autistic-like behavior and cerebellar dysfunction in Bmal1 mutant mice ameliorated by mTORC1 inhibition.,Molecular psychiatry,2023 Sep,10.1038/s41380-022-01499-6,OSD-525|RR23_Cb_GC_G5,Ground Control
59,GSM5900268,0.9937915802001953,GSE196765,Autism-like behaviors and cerebellar dysfunction in the Bmal1 mutant mouse ameliorated by mTORC1 inhibition,,,"Although circadian and sleep disorders are frequently associated with autism spectrum disorders (ASD), it remains elusive whether clock gene disruption can lead to autistic-like phenotypes in animals. The essential clock gene Bmal1 has been associated with human sociability and its missense mutations are identified in ASD. Here we report that global Bmal1 deletion led to significant social impairments, excessive stereotyped and repetitive behaviors, as well as motor learning disabilities in mice, all of which resemble core behavioral deficits in ASD. Furthermore, aberrant cell density and immature morphology of dendritic spines were identified in the cerebellar Purkinje cells (PCs) of Bmal1 knockout (KO) mice. Electrophysiological recordings uncovered enhanced excitatory and inhibitory synaptic transmission and reduced firing rates in the PCs of Bmal1 KO mice. Differential expression of ASD- and ataxia-associated genes (Ntng2, Mfrp, Nr4a2, Thbs1, Atxn1, and Atxn3) and dysregulated pathways of translational control, including hyperactivated mammalian target of rapamycin complex 1 (mTORC1) signaling, were identified in the cerebellum of Bmal1 KO mice. Interestingly, the antidiabetic drug metformin reversed mTORC1 hyperactivation and alleviated major behavioral and PC deficits in Bmal1 KO mice. Importantly, conditional Bmal1 deletion only in cerebellar PCs was sufficient to recapitulate autistic-like behavioral and cellular changes akin to those identified in Bmal1 KO mice. Together, these results unveil a previously unidentified role for Bmal1 disruption in cerebellar dysfunction and autistic-like behaviors. Our findings provide experimental evidence supporting a putative role for dysregulation of circadian clock gene expression in the pathogenesis of ASD.","total RNA-seq and footprint experiments from the cerebellar tissue of Bmal1 knockout and wildtype mice, 3 biological replicates form each condition for RNA-seq; 2 biolgical replicates from each condition for footprint experiments.",35301425,,,598593,GPL13112,Mus musculus,GSE,Expression profiling by high throughput sequencing,2022/03/17,10,ftp://ftp.ncbi.nlm.nih.gov/geo/series/GSE196nnn/GSE196765/,Autistic-like behavior and cerebellar dysfunction in Bmal1 mutant mice ameliorated by mTORC1 inhibition.,Molecular psychiatry,2023 Sep,10.1038/s41380-022-01499-6,OSD-525|RR23_Cb_GC_G5,Ground Control
60,GSM5704802,0.9882769584655762,GSE189527,Distinct translatome changes in specific neural populations precede electroencephalographic changes in prion-infected mice,,,"Selective vulnerability is an enigmatic feature of neurodegenerative diseases (NDs), whereby a widely expressed protein causes lesions in specific cell types and brain regions. Using the RiboTag method in mice, translational responses of five neural subtypes to acquired prion disease (PrD) were measured. Pre-onset and disease onset timepoints were chosen based on longitudinal electroencephalography (EEG) that revealed a gradual increase in theta power between 10- and 18-weeks after prion injection, resembling a clinical feature of human PrD. At disease onset, marked by significantly increased theta power and histopathological lesions, mice had pronounced translatome changes in all five cell types despite appearing normal. Remarkably, at a pre-onset stage, prior to EEG and neuropathological changes, we found that 1) translatomes of astrocytes indicated reduced synthesis of ribosomal and mitochondrial components, 2) glutamatergic neurons showed increased expression of cytoskeletal genes, and 3) GABAergic neurons revealed reduced expression of circadian rhythm genes. These data demonstrate that early translatome responses to neurodegeneration emerge prior to conventional markers of disease and are cell type-specific. Therapeutic strategies may need to target multiple pathways in specific populations of cells, early in disease.",RiboTag translatome profiling data demonstrating that early translatome responses to neurodegeneration emerge prior to other signs of disease and are unique to different cell types.,35960762,,,573543,GPL17021,Mus musculus,GSE,Expression profiling by high throughput sequencing,2022/06/13,98,ftp://ftp.ncbi.nlm.nih.gov/geo/series/GSE189nnn/GSE189527/,Distinct translatome changes in specific neural populations precede electroencephalographic changes in prion-infected mice.,PLoS pathogens,2022 Aug,10.1371/journal.ppat.1010747,OSD-525|RR23_Cb_GC_G6,Ground Control
61,GSM2779383,0.9875656366348267,GSE103698,Intact interleukin-10 receptor signaling protects from hippocampal damage elicited by experimental neurotropic virus infection of SJL mice,,,"Differential interleukin-10 (IL-10) expression is suspected to contribute to strain specific differences in the course of Theiler's murine encephalomyelitis virus infection in mice. To determine the expression kinetics of IL-10 and related genes, RNA-based next generation sequencing (RNA-seq) was performed with brain cells obtained from infected SJL mice. Methods: 5-week old, female SJL mice were infected with the BeAn strain of TMEV and sacrificed 4, 7 or 14 days post infection (dpi). RNA was isolated from transversal sections of brain tissue at the level of the hippocampus. RNA-seq was performed on an Illumina HiSeq2500 system. Genes involved in Interleukin-10 (IL-10) signalling were analyzed and transcript levels were compared during the course of infection. Results: A significant upregulation of Interleukin-10 (Il10), Interleukin-10 receptor subunit α (ll10rα), Janus kinase 1 (Jak1) and signal transducer and activator of transcription 3 (Stat3) was detected 7 days post infection (dpi) compared to 4 dpi. Same genes showed a significant downregulation at 14 dpi compared to 7 dpi. Suppressor of cytokine signaling 3 (Socs3) was significantly downregulated at 14 dpi compared to 7 dpi. No differences were detected between transcript levels of interleukin-10 receptor subunit β (Il10rβ) and tyrosine kinase 2 (Tyk2). Conclusion: IL-10 pathway gene expression is transiently upregulated following TMEV-infection of SJL-mice.",RNA-seq of brain tissue derived from TMEV-infected SJL mice. 3 different timepoints post infection with 5 animals per timepoint.,29666403,,,131605,GPL17021,Mus musculus,GSE,Expression profiling by high throughput sequencing,2018/05/09,15,ftp://ftp.ncbi.nlm.nih.gov/geo/series/GSE103nnn/GSE103698/,Intact interleukin-10 receptor signaling protects from hippocampal damage elicited by experimental neurotropic virus infection of SJL mice.,Scientific reports,2018 Apr 17,10.1038/s41598-018-24378-z,OSD-525|RR23_Cb_GC_G6,Ground Control
62,GSM3854958,0.9875231385231018,GSE132580,Male mice brain transcriptome in Bahd1 +/+ and Bahd1 -/- at adult and E16.5 embryo stages,,,This SuperSeries is composed of the SubSeries listed below.,Refer to individual Series,32407325,,,259135,GPL17021,Mus musculus,GSE,Expression profiling by high throughput sequencing,2020/05/21,12,ftp://ftp.ncbi.nlm.nih.gov/geo/series/GSE132nnn/GSE132580/,BAHD1 haploinsufficiency results in anxiety-like phenotypes in male mice.,PloS one,2020,10.1371/journal.pone.0232789,OSD-525|RR23_Cb_GC_G6,Ground Control
63,GSM4954952,0.9872720837593079,GSE162583,"mRNASeq of kidney, liver, and cerebellum of P195A/p150- and P195A/p150+ mice",,,"The goal of this experiement was to determine what transcriptional differences there are between P195A/p150- (sick) and P195A/p150+ (healthy) mice. Kidney, Liver, and Cerebellum were the most clearly affected on histology and qPCR for IFN. We found an IFN signature and ISR signature were both upregulated in P195A/p150- mice as compared to P195A/p150+ littermates.","mRNA profiles of the liver, kidney, and cerebellum of 23 day old P195A/p150- and P195A/p150+ mice",34343497,,,438098,GPL13112,Mus musculus,GSE,Expression profiling by high throughput sequencing,2021/08/26,46,ftp://ftp.ncbi.nlm.nih.gov/geo/series/GSE162nnn/GSE162583/,Protein kinase R and the integrated stress response drive immunopathology caused by mutations in the RNA deaminase ADAR1.,Immunity,2021 Sep 14,10.1016/j.immuni.2021.07.001,OSD-525|RR23_Cb_GC_G6,Ground Control
64,GSM4199722,0.986967921257019,GSE141252,Chronologic age and morbidities could converge on gene-specific traits through length-dependent failure of transcript polymerization,,,We provide evidence for the decrease of long transcripts during aging using a unique reference transcriptomic survey of 17 mouse organs sampled at 5 timepoints over the lifespan.,"Transcriptomic profiles of 17 mouse organs, sampled at 4, 9, 12, 18, 24 months of age, were generated by standard illumina RNA-Seq protocols.",,,,315110,GPL19057,Mus musculus,GSE,Expression profiling by high throughput sequencing,2021/12/31,518,ftp://ftp.ncbi.nlm.nih.gov/geo/series/GSE141nnn/GSE141252/,,,,,OSD-525|RR23_Cb_GC_G6,Ground Control
65,GSM2025010,0.9865846037864685,GSE76458,The transcriptome of central nervous system myelin,,,"Rapid nerve conduction in the CNS is facilitated by the insulation of axons with myelin, a specialized oligodendroglial compartment distant from the cell body. Myelin is turned over and adapted throughout life; however, the molecular and cellular basis of myelin dynamics is not well understood. Hypothesizing that only a fraction of all myelin-related mRNAs has been identified so far, we subjected myelin biochemically purified from mouse brains at various ages to RNA sequencing. We find a surprisingly large pool of transcripts abundant and/or enriched in myelin. By bioinformatic comparison, the myelin transcriptome is closely related to the myelin proteome but clearly distinct from the transcriptomes of oligodendrocytes and brain tissues, suggesting that the incorporation of mRNAs into the myelin compartment is highly selective. The mRNA-pool in myelin displays maturation-dependent dynamic changes of composition, abundance, and functional associations; however ageing-dependent changes after 6 months of age were minor. We suggest that this transcript pool provides a basis for the local modulation of myelin turnover and adaptation, i.e. in the individual internode.",RNA-seq of different stages of myelin,,,,53801,GPL13112,Mus musculus,GSE,Expression profiling by high throughput sequencing,2016/12/31,12,ftp://ftp.ncbi.nlm.nih.gov/geo/series/GSE76nnn/GSE76458/,,,,,OSD-525|RR23_Cb_GC_G6,Ground Control
66,GSM2068254,0.9865846037864685,GSE78151,The transcriptome of central nervous system myelin,,,"Rapid nerve conduction in the CNS is facilitated by the insulation of axons with myelin, a specialized oligodendroglial compartment distant from the cell body. Myelin is turned over and adapted throughout life; however, the molecular and cellular basis of myelin dynamics is not well understood. Hypothesizing that only a fraction of all myelin-related mRNAs has been identified so far, we subjected myelin biochemically purified from mouse brains at various ages to RNA sequencing. We find a surprisingly large pool of transcripts abundant and/or enriched in myelin. Furthermore, a comprehensive analysis showed that the myelin transcriptome is closely related to the myelin proteome but clearly distinct from the transcriptomes of oligodendrocytes and brain tissues, suggesting that the incorporation of mRNAs into the myelin compartment is highly selective. The mRNA-pool in myelin displays maturation-dependent dynamic changes of composition, abundance, and functional associations; however ageing-dependent changes after 6 months of age were minor. We suggest that this transcript pool provides a basis for the local modulation of myelin turnover and adaptation, i.e. in the individual internode.","A light-weight membrane fraction enriched for myelin was purified from mouse brains as described previously (Jahn et al., Neuromethods, 2013). For RNA-Seq, RNA was isolated from myelin of mice from indicated ages.",27173133,,,55959,GPL13112,Mus musculus,GSE,Expression profiling by high throughput sequencing,2016/06/24,12,ftp://ftp.ncbi.nlm.nih.gov/geo/series/GSE78nnn/GSE78151/,The transcriptome of mouse central nervous system myelin.,Scientific reports,2016 May 13,10.1038/srep25828,OSD-525|RR23_Cb_GC_G6,Ground Control
67,GSM3854959,0.9864834547042847,GSE132580,Male mice brain transcriptome in Bahd1 +/+ and Bahd1 -/- at adult and E16.5 embryo stages,,,This SuperSeries is composed of the SubSeries listed below.,Refer to individual Series,32407325,,,259136,GPL17021,Mus musculus,GSE,Expression profiling by high throughput sequencing,2020/05/21,12,ftp://ftp.ncbi.nlm.nih.gov/geo/series/GSE132nnn/GSE132580/,BAHD1 haploinsufficiency results in anxiety-like phenotypes in male mice.,PloS one,2020,10.1371/journal.pone.0232789,OSD-525|RR23_Cb_GC_G6,Ground Control
68,GSM3455647,0.9863333702087402,GSE122117,The role of beta-catenin signaling in regulating barrier vs. non-barrier gene expression programs in circumventricular organ and ocular vasculatures,,,"The mammalian brain, spinal cord, and retina are supplied by capillaries that do not permit free diffusion of molecules between serum and parenchyma, a property that defines the blood-brain and blood-retina barriers. Exceptions to this pattern are found in the circumventricular organs (CVOs), a set of small midline brain structures that are supplied by high permeability capillaries. In the eye and brain, high permeability capillaries are also present in the choriocapillaris, which supplies the retinal pigment epithelium and photoreceptors, and the ciliary body and choroid plexus, the sources of aqueous humor and cerebrospinal fluid, respectively. We show here that endothelial cells in these vascular systems exhibit a low level of beta-catenin signaling. By elevating beta-catenin signaling in endothelial cells, these vasculatures can be partially converted to a barrier state. In one CVO, the area postrema, high permeability is maintained, in part, by local production of Wnt inhibitory factor-1.","RNA-seq and ATAC-seq of adult vascular endothelial cells (ECs) from the cerebellum, anterior pituitary, and posterior pituitary of Tie2-GFP mice, with and without beta-catenin stabilization; RiboTag RNA-seq of adult vascular ECs from the cortex and choroid plexus, with and without beta-catenin stabilization. Information about the RiboTag mouse is available at: https://depts.washington.edu/mcklab/RiboTag.html",30932813;31913116,,,214056,GPL19057,Mus musculus,GSE,Expression profiling by high throughput sequencing; Genome binding/occupancy profiling by high throughput sequencing; Other,2019/03/26,52,ftp://ftp.ncbi.nlm.nih.gov/geo/series/GSE122nnn/GSE122117/,Beta-catenin signaling regulates barrier-specific gene expression in circumventricular organ and ocular vasculatures.,eLife,2019 Apr 1,10.7554/eLife.43257,OSD-525|RR23_Cb_GC_G6,Ground Control
69,GSM2025000,0.9862478375434875,GSE76458,The transcriptome of central nervous system myelin,,,"Rapid nerve conduction in the CNS is facilitated by the insulation of axons with myelin, a specialized oligodendroglial compartment distant from the cell body. Myelin is turned over and adapted throughout life; however, the molecular and cellular basis of myelin dynamics is not well understood. Hypothesizing that only a fraction of all myelin-related mRNAs has been identified so far, we subjected myelin biochemically purified from mouse brains at various ages to RNA sequencing. We find a surprisingly large pool of transcripts abundant and/or enriched in myelin. By bioinformatic comparison, the myelin transcriptome is closely related to the myelin proteome but clearly distinct from the transcriptomes of oligodendrocytes and brain tissues, suggesting that the incorporation of mRNAs into the myelin compartment is highly selective. The mRNA-pool in myelin displays maturation-dependent dynamic changes of composition, abundance, and functional associations; however ageing-dependent changes after 6 months of age were minor. We suggest that this transcript pool provides a basis for the local modulation of myelin turnover and adaptation, i.e. in the individual internode.",RNA-seq of different stages of myelin,,,,53791,GPL13112,Mus musculus,GSE,Expression profiling by high throughput sequencing,2016/12/31,12,ftp://ftp.ncbi.nlm.nih.gov/geo/series/GSE76nnn/GSE76458/,,,,,OSD-525|RR23_Cb_GC_G6,Ground Control
70,GSM4780427,0.9947574734687805,GSE157902,GTPBP1 resolves paused ribosomes to maintain neuronal homeostasis,,,"Ribosome-associated quality control pathways respond to defects in translational elongation to recycle arrested ribosomes and degrade aberrant polypeptides and mRNAs. Loss of an individual tRNA gene leads to ribosomal pausing that is resolved by the translational GTPase GTPBP2, and in its absence causes neuron death. Here we show that loss of the homologous protein GTPBP1 during tRNA deficiency in the mouse brain also leads to codon-specific ribosome pausing and neurodegeneration, suggesting that these non-redundant translational GTPases function in the same pathway to mitigate ribosome pausing. Ribosome stalling in the mutant brain led to activation of the integrated stress response (ISR) mediated by GCN2 and decreased mTORC1 signaling. However, in contrast to the ISR, which enhanced neuron survival, reduced mTORC1 signaling increased neuronal death. Our data demonstrate that GTPBP1 functions as an important quality control mechanism during translation elongation and suggest that translational signaling pathways intricately interact to regulate neuronal homeostasis during defective translation elongation.","18 samples are in analyzed in this study in the context of 3 week old C57BL/6J (B6J) mouse cerebellum. These include 3 replicates of the following genotypes Gtpbp1 -/-, Gtpbp2 -/- (mediated through a previously characterized nmf205 point mutation), and wildtype mice. RNA-seq and ribosome footprint profiling datasets were generated for each sample.",33186095,,,415765,GPL21103,Mus musculus,GSE,Expression profiling by high throughput sequencing; Other,2020/10/26,18,ftp://ftp.ncbi.nlm.nih.gov/geo/series/GSE157nnn/GSE157902/,GTPBP1 resolves paused ribosomes to maintain neuronal homeostasis.,eLife,2020 Nov 13,10.7554/eLife.62731,OSD-525|RR23_Cb_GC_G7,Ground Control
71,GSM5900268,0.9946562051773071,GSE196765,Autism-like behaviors and cerebellar dysfunction in the Bmal1 mutant mouse ameliorated by mTORC1 inhibition,,,"Although circadian and sleep disorders are frequently associated with autism spectrum disorders (ASD), it remains elusive whether clock gene disruption can lead to autistic-like phenotypes in animals. The essential clock gene Bmal1 has been associated with human sociability and its missense mutations are identified in ASD. Here we report that global Bmal1 deletion led to significant social impairments, excessive stereotyped and repetitive behaviors, as well as motor learning disabilities in mice, all of which resemble core behavioral deficits in ASD. Furthermore, aberrant cell density and immature morphology of dendritic spines were identified in the cerebellar Purkinje cells (PCs) of Bmal1 knockout (KO) mice. Electrophysiological recordings uncovered enhanced excitatory and inhibitory synaptic transmission and reduced firing rates in the PCs of Bmal1 KO mice. Differential expression of ASD- and ataxia-associated genes (Ntng2, Mfrp, Nr4a2, Thbs1, Atxn1, and Atxn3) and dysregulated pathways of translational control, including hyperactivated mammalian target of rapamycin complex 1 (mTORC1) signaling, were identified in the cerebellum of Bmal1 KO mice. Interestingly, the antidiabetic drug metformin reversed mTORC1 hyperactivation and alleviated major behavioral and PC deficits in Bmal1 KO mice. Importantly, conditional Bmal1 deletion only in cerebellar PCs was sufficient to recapitulate autistic-like behavioral and cellular changes akin to those identified in Bmal1 KO mice. Together, these results unveil a previously unidentified role for Bmal1 disruption in cerebellar dysfunction and autistic-like behaviors. Our findings provide experimental evidence supporting a putative role for dysregulation of circadian clock gene expression in the pathogenesis of ASD.","total RNA-seq and footprint experiments from the cerebellar tissue of Bmal1 knockout and wildtype mice, 3 biological replicates form each condition for RNA-seq; 2 biolgical replicates from each condition for footprint experiments.",35301425,,,598593,GPL13112,Mus musculus,GSE,Expression profiling by high throughput sequencing,2022/03/17,10,ftp://ftp.ncbi.nlm.nih.gov/geo/series/GSE196nnn/GSE196765/,Autistic-like behavior and cerebellar dysfunction in Bmal1 mutant mice ameliorated by mTORC1 inhibition.,Molecular psychiatry,2023 Sep,10.1038/s41380-022-01499-6,OSD-525|RR23_Cb_GC_G7,Ground Control
72,GSM4780424,0.994050145149231,GSE157902,GTPBP1 resolves paused ribosomes to maintain neuronal homeostasis,,,"Ribosome-associated quality control pathways respond to defects in translational elongation to recycle arrested ribosomes and degrade aberrant polypeptides and mRNAs. Loss of an individual tRNA gene leads to ribosomal pausing that is resolved by the translational GTPase GTPBP2, and in its absence causes neuron death. Here we show that loss of the homologous protein GTPBP1 during tRNA deficiency in the mouse brain also leads to codon-specific ribosome pausing and neurodegeneration, suggesting that these non-redundant translational GTPases function in the same pathway to mitigate ribosome pausing. Ribosome stalling in the mutant brain led to activation of the integrated stress response (ISR) mediated by GCN2 and decreased mTORC1 signaling. However, in contrast to the ISR, which enhanced neuron survival, reduced mTORC1 signaling increased neuronal death. Our data demonstrate that GTPBP1 functions as an important quality control mechanism during translation elongation and suggest that translational signaling pathways intricately interact to regulate neuronal homeostasis during defective translation elongation.","18 samples are in analyzed in this study in the context of 3 week old C57BL/6J (B6J) mouse cerebellum. These include 3 replicates of the following genotypes Gtpbp1 -/-, Gtpbp2 -/- (mediated through a previously characterized nmf205 point mutation), and wildtype mice. RNA-seq and ribosome footprint profiling datasets were generated for each sample.",33186095,,,415762,GPL21103,Mus musculus,GSE,Expression profiling by high throughput sequencing; Other,2020/10/26,18,ftp://ftp.ncbi.nlm.nih.gov/geo/series/GSE157nnn/GSE157902/,GTPBP1 resolves paused ribosomes to maintain neuronal homeostasis.,eLife,2020 Nov 13,10.7554/eLife.62731,OSD-525|RR23_Cb_GC_G7,Ground Control
73,GSM4780432,0.9939650893211365,GSE157902,GTPBP1 resolves paused ribosomes to maintain neuronal homeostasis,,,"Ribosome-associated quality control pathways respond to defects in translational elongation to recycle arrested ribosomes and degrade aberrant polypeptides and mRNAs. Loss of an individual tRNA gene leads to ribosomal pausing that is resolved by the translational GTPase GTPBP2, and in its absence causes neuron death. Here we show that loss of the homologous protein GTPBP1 during tRNA deficiency in the mouse brain also leads to codon-specific ribosome pausing and neurodegeneration, suggesting that these non-redundant translational GTPases function in the same pathway to mitigate ribosome pausing. Ribosome stalling in the mutant brain led to activation of the integrated stress response (ISR) mediated by GCN2 and decreased mTORC1 signaling. However, in contrast to the ISR, which enhanced neuron survival, reduced mTORC1 signaling increased neuronal death. Our data demonstrate that GTPBP1 functions as an important quality control mechanism during translation elongation and suggest that translational signaling pathways intricately interact to regulate neuronal homeostasis during defective translation elongation.","18 samples are in analyzed in this study in the context of 3 week old C57BL/6J (B6J) mouse cerebellum. These include 3 replicates of the following genotypes Gtpbp1 -/-, Gtpbp2 -/- (mediated through a previously characterized nmf205 point mutation), and wildtype mice. RNA-seq and ribosome footprint profiling datasets were generated for each sample.",33186095,,,415770,GPL21103,Mus musculus,GSE,Expression profiling by high throughput sequencing; Other,2020/10/26,18,ftp://ftp.ncbi.nlm.nih.gov/geo/series/GSE157nnn/GSE157902/,GTPBP1 resolves paused ribosomes to maintain neuronal homeostasis.,eLife,2020 Nov 13,10.7554/eLife.62731,OSD-525|RR23_Cb_GC_G7,Ground Control
74,GSM6610593,0.9938805103302002,GSE214530,Time- and tissue-specific response of the mouse transcriptome after a short-term exposure to normoxia or intermittent hypoxia (IH),,,"To investigated the effects of early exposure to IH on tissue-specific transcriptome and biological processes, we evaluated differential gene expression of circadian rhythms and 24-hour mean expression in the lung, heart, liver, kidney, muscle, and cerebellum from mice after exposure to normoxic and IH conditions. The cardiopulmonary tissues were most affected by short-term exposure to IH in comparison with other organs.","Eight-week-old C57BL/6J mice were exposed to either normoxia or intermittent hypooxia (21-8% O2) for seven days before it was released into constant normoxic darkness for two days. Multiple tissues (liver, lung, kidney, muscle, heart, and cerebellum) were harvested on the second day of constant darkness for 24 hours with three-hour intervals to assess changes in their transcriptome.",37252926,,,691279,GPL24247,Mus musculus,GSE,Expression profiling by high throughput sequencing,2022/09/30,288,ftp://ftp.ncbi.nlm.nih.gov/geo/series/GSE214nnn/GSE214530/,Obstructive sleep apnea in a mouse model is associated with tissue-specific transcriptomic changes in circadian rhythmicity and mean 24-hour gene expression.,PLoS biology,2023 May,10.1371/journal.pbio.3002139,OSD-525|RR23_Cb_GC_G7,Ground Control
75,GSM4780429,0.9938327074050903,GSE157902,GTPBP1 resolves paused ribosomes to maintain neuronal homeostasis,,,"Ribosome-associated quality control pathways respond to defects in translational elongation to recycle arrested ribosomes and degrade aberrant polypeptides and mRNAs. Loss of an individual tRNA gene leads to ribosomal pausing that is resolved by the translational GTPase GTPBP2, and in its absence causes neuron death. Here we show that loss of the homologous protein GTPBP1 during tRNA deficiency in the mouse brain also leads to codon-specific ribosome pausing and neurodegeneration, suggesting that these non-redundant translational GTPases function in the same pathway to mitigate ribosome pausing. Ribosome stalling in the mutant brain led to activation of the integrated stress response (ISR) mediated by GCN2 and decreased mTORC1 signaling. However, in contrast to the ISR, which enhanced neuron survival, reduced mTORC1 signaling increased neuronal death. Our data demonstrate that GTPBP1 functions as an important quality control mechanism during translation elongation and suggest that translational signaling pathways intricately interact to regulate neuronal homeostasis during defective translation elongation.","18 samples are in analyzed in this study in the context of 3 week old C57BL/6J (B6J) mouse cerebellum. These include 3 replicates of the following genotypes Gtpbp1 -/-, Gtpbp2 -/- (mediated through a previously characterized nmf205 point mutation), and wildtype mice. RNA-seq and ribosome footprint profiling datasets were generated for each sample.",33186095,,,415767,GPL21103,Mus musculus,GSE,Expression profiling by high throughput sequencing; Other,2020/10/26,18,ftp://ftp.ncbi.nlm.nih.gov/geo/series/GSE157nnn/GSE157902/,GTPBP1 resolves paused ribosomes to maintain neuronal homeostasis.,eLife,2020 Nov 13,10.7554/eLife.62731,OSD-525|RR23_Cb_GC_G7,Ground Control
76,GSM6610592,0.993752121925354,GSE214530,Time- and tissue-specific response of the mouse transcriptome after a short-term exposure to normoxia or intermittent hypoxia (IH),,,"To investigated the effects of early exposure to IH on tissue-specific transcriptome and biological processes, we evaluated differential gene expression of circadian rhythms and 24-hour mean expression in the lung, heart, liver, kidney, muscle, and cerebellum from mice after exposure to normoxic and IH conditions. The cardiopulmonary tissues were most affected by short-term exposure to IH in comparison with other organs.","Eight-week-old C57BL/6J mice were exposed to either normoxia or intermittent hypooxia (21-8% O2) for seven days before it was released into constant normoxic darkness for two days. Multiple tissues (liver, lung, kidney, muscle, heart, and cerebellum) were harvested on the second day of constant darkness for 24 hours with three-hour intervals to assess changes in their transcriptome.",37252926,,,691278,GPL24247,Mus musculus,GSE,Expression profiling by high throughput sequencing,2022/09/30,288,ftp://ftp.ncbi.nlm.nih.gov/geo/series/GSE214nnn/GSE214530/,Obstructive sleep apnea in a mouse model is associated with tissue-specific transcriptomic changes in circadian rhythmicity and mean 24-hour gene expression.,PLoS biology,2023 May,10.1371/journal.pbio.3002139,OSD-525|RR23_Cb_GC_G7,Ground Control
77,GSM5900262,0.9936515092849731,GSE196765,Autism-like behaviors and cerebellar dysfunction in the Bmal1 mutant mouse ameliorated by mTORC1 inhibition,,,"Although circadian and sleep disorders are frequently associated with autism spectrum disorders (ASD), it remains elusive whether clock gene disruption can lead to autistic-like phenotypes in animals. The essential clock gene Bmal1 has been associated with human sociability and its missense mutations are identified in ASD. Here we report that global Bmal1 deletion led to significant social impairments, excessive stereotyped and repetitive behaviors, as well as motor learning disabilities in mice, all of which resemble core behavioral deficits in ASD. Furthermore, aberrant cell density and immature morphology of dendritic spines were identified in the cerebellar Purkinje cells (PCs) of Bmal1 knockout (KO) mice. Electrophysiological recordings uncovered enhanced excitatory and inhibitory synaptic transmission and reduced firing rates in the PCs of Bmal1 KO mice. Differential expression of ASD- and ataxia-associated genes (Ntng2, Mfrp, Nr4a2, Thbs1, Atxn1, and Atxn3) and dysregulated pathways of translational control, including hyperactivated mammalian target of rapamycin complex 1 (mTORC1) signaling, were identified in the cerebellum of Bmal1 KO mice. Interestingly, the antidiabetic drug metformin reversed mTORC1 hyperactivation and alleviated major behavioral and PC deficits in Bmal1 KO mice. Importantly, conditional Bmal1 deletion only in cerebellar PCs was sufficient to recapitulate autistic-like behavioral and cellular changes akin to those identified in Bmal1 KO mice. Together, these results unveil a previously unidentified role for Bmal1 disruption in cerebellar dysfunction and autistic-like behaviors. Our findings provide experimental evidence supporting a putative role for dysregulation of circadian clock gene expression in the pathogenesis of ASD.","total RNA-seq and footprint experiments from the cerebellar tissue of Bmal1 knockout and wildtype mice, 3 biological replicates form each condition for RNA-seq; 2 biolgical replicates from each condition for footprint experiments.",35301425,,,598587,GPL13112,Mus musculus,GSE,Expression profiling by high throughput sequencing,2022/03/17,10,ftp://ftp.ncbi.nlm.nih.gov/geo/series/GSE196nnn/GSE196765/,Autistic-like behavior and cerebellar dysfunction in Bmal1 mutant mice ameliorated by mTORC1 inhibition.,Molecular psychiatry,2023 Sep,10.1038/s41380-022-01499-6,OSD-525|RR23_Cb_GC_G7,Ground Control
78,GSM2341162,0.9936374425888062,GSE87808,Impaired Amino Acid Transport at the Blood Brain Barrier Is a Cause of Autism Spectrum Disorder,,,"Autism spectrum disorders (ASD) are a group of genetic disorders often overlapping with other neurological conditions. We previously described abnormalities in the branched chain amino acid (BCAA) catabolic pathway as a cause of ASD. Here we show that the solute carrier transporter 7a5 (SLC7A5), a large neutral amino acid transporter localized at the blood brain barrier (BBB), has an essential role in maintaining normal levels of brain BCAAs. In mice, deletion of Slc7a5 from the endothelial cells of the BBB leads to decreased levels of brain BCAAs, abnormal mRNA translation and severe neurological abnormalities. Furthermore, we identified several patients with autistic traits and motor delay carrying deleterious homozygous mutations in the SLC7A5 gene. Finally, we demonstrate that BCAA intracerebroventricular administration ameliorates abnormal behaviors in adult mutant mice. Our data elucidate a neurological syndrome defined by SLC7A5 mutations and support an essential role for the BCAA in human brain function.",RNA-sequencing of cerebellum from 3 wildtype mice and 3 Slc7a5 KO mice,27912058,,,78239,GPL17021,Mus musculus,GSE,Expression profiling by high throughput sequencing,2016/12/22,6,ftp://ftp.ncbi.nlm.nih.gov/geo/series/GSE87nnn/GSE87808/,Impaired Amino Acid Transport at the Blood Brain Barrier Is a Cause of Autism Spectrum Disorder.,Cell,2016 Dec 1,10.1016/j.cell.2016.11.013,OSD-525|RR23_Cb_GC_G7,Ground Control
79,GSM6610609,0.993628740310669,GSE214530,Time- and tissue-specific response of the mouse transcriptome after a short-term exposure to normoxia or intermittent hypoxia (IH),,,"To investigated the effects of early exposure to IH on tissue-specific transcriptome and biological processes, we evaluated differential gene expression of circadian rhythms and 24-hour mean expression in the lung, heart, liver, kidney, muscle, and cerebellum from mice after exposure to normoxic and IH conditions. The cardiopulmonary tissues were most affected by short-term exposure to IH in comparison with other organs.","Eight-week-old C57BL/6J mice were exposed to either normoxia or intermittent hypooxia (21-8% O2) for seven days before it was released into constant normoxic darkness for two days. Multiple tissues (liver, lung, kidney, muscle, heart, and cerebellum) were harvested on the second day of constant darkness for 24 hours with three-hour intervals to assess changes in their transcriptome.",37252926,,,691295,GPL24247,Mus musculus,GSE,Expression profiling by high throughput sequencing,2022/09/30,288,ftp://ftp.ncbi.nlm.nih.gov/geo/series/GSE214nnn/GSE214530/,Obstructive sleep apnea in a mouse model is associated with tissue-specific transcriptomic changes in circadian rhythmicity and mean 24-hour gene expression.,PLoS biology,2023 May,10.1371/journal.pbio.3002139,OSD-525|RR23_Cb_GC_G7,Ground Control
80,GSM5900268,0.994070291519165,GSE196765,Autism-like behaviors and cerebellar dysfunction in the Bmal1 mutant mouse ameliorated by mTORC1 inhibition,,,"Although circadian and sleep disorders are frequently associated with autism spectrum disorders (ASD), it remains elusive whether clock gene disruption can lead to autistic-like phenotypes in animals. The essential clock gene Bmal1 has been associated with human sociability and its missense mutations are identified in ASD. Here we report that global Bmal1 deletion led to significant social impairments, excessive stereotyped and repetitive behaviors, as well as motor learning disabilities in mice, all of which resemble core behavioral deficits in ASD. Furthermore, aberrant cell density and immature morphology of dendritic spines were identified in the cerebellar Purkinje cells (PCs) of Bmal1 knockout (KO) mice. Electrophysiological recordings uncovered enhanced excitatory and inhibitory synaptic transmission and reduced firing rates in the PCs of Bmal1 KO mice. Differential expression of ASD- and ataxia-associated genes (Ntng2, Mfrp, Nr4a2, Thbs1, Atxn1, and Atxn3) and dysregulated pathways of translational control, including hyperactivated mammalian target of rapamycin complex 1 (mTORC1) signaling, were identified in the cerebellum of Bmal1 KO mice. Interestingly, the antidiabetic drug metformin reversed mTORC1 hyperactivation and alleviated major behavioral and PC deficits in Bmal1 KO mice. Importantly, conditional Bmal1 deletion only in cerebellar PCs was sufficient to recapitulate autistic-like behavioral and cellular changes akin to those identified in Bmal1 KO mice. Together, these results unveil a previously unidentified role for Bmal1 disruption in cerebellar dysfunction and autistic-like behaviors. Our findings provide experimental evidence supporting a putative role for dysregulation of circadian clock gene expression in the pathogenesis of ASD.","total RNA-seq and footprint experiments from the cerebellar tissue of Bmal1 knockout and wildtype mice, 3 biological replicates form each condition for RNA-seq; 2 biolgical replicates from each condition for footprint experiments.",35301425,,,598593,GPL13112,Mus musculus,GSE,Expression profiling by high throughput sequencing,2022/03/17,10,ftp://ftp.ncbi.nlm.nih.gov/geo/series/GSE196nnn/GSE196765/,Autistic-like behavior and cerebellar dysfunction in Bmal1 mutant mice ameliorated by mTORC1 inhibition.,Molecular psychiatry,2023 Sep,10.1038/s41380-022-01499-6,OSD-525|RR23_Cb_GC_G8,Ground Control
81,GSM5900262,0.9935701489448547,GSE196765,Autism-like behaviors and cerebellar dysfunction in the Bmal1 mutant mouse ameliorated by mTORC1 inhibition,,,"Although circadian and sleep disorders are frequently associated with autism spectrum disorders (ASD), it remains elusive whether clock gene disruption can lead to autistic-like phenotypes in animals. The essential clock gene Bmal1 has been associated with human sociability and its missense mutations are identified in ASD. Here we report that global Bmal1 deletion led to significant social impairments, excessive stereotyped and repetitive behaviors, as well as motor learning disabilities in mice, all of which resemble core behavioral deficits in ASD. Furthermore, aberrant cell density and immature morphology of dendritic spines were identified in the cerebellar Purkinje cells (PCs) of Bmal1 knockout (KO) mice. Electrophysiological recordings uncovered enhanced excitatory and inhibitory synaptic transmission and reduced firing rates in the PCs of Bmal1 KO mice. Differential expression of ASD- and ataxia-associated genes (Ntng2, Mfrp, Nr4a2, Thbs1, Atxn1, and Atxn3) and dysregulated pathways of translational control, including hyperactivated mammalian target of rapamycin complex 1 (mTORC1) signaling, were identified in the cerebellum of Bmal1 KO mice. Interestingly, the antidiabetic drug metformin reversed mTORC1 hyperactivation and alleviated major behavioral and PC deficits in Bmal1 KO mice. Importantly, conditional Bmal1 deletion only in cerebellar PCs was sufficient to recapitulate autistic-like behavioral and cellular changes akin to those identified in Bmal1 KO mice. Together, these results unveil a previously unidentified role for Bmal1 disruption in cerebellar dysfunction and autistic-like behaviors. Our findings provide experimental evidence supporting a putative role for dysregulation of circadian clock gene expression in the pathogenesis of ASD.","total RNA-seq and footprint experiments from the cerebellar tissue of Bmal1 knockout and wildtype mice, 3 biological replicates form each condition for RNA-seq; 2 biolgical replicates from each condition for footprint experiments.",35301425,,,598587,GPL13112,Mus musculus,GSE,Expression profiling by high throughput sequencing,2022/03/17,10,ftp://ftp.ncbi.nlm.nih.gov/geo/series/GSE196nnn/GSE196765/,Autistic-like behavior and cerebellar dysfunction in Bmal1 mutant mice ameliorated by mTORC1 inhibition.,Molecular psychiatry,2023 Sep,10.1038/s41380-022-01499-6,OSD-525|RR23_Cb_GC_G8,Ground Control
82,GSM4780427,0.9935043454170227,GSE157902,GTPBP1 resolves paused ribosomes to maintain neuronal homeostasis,,,"Ribosome-associated quality control pathways respond to defects in translational elongation to recycle arrested ribosomes and degrade aberrant polypeptides and mRNAs. Loss of an individual tRNA gene leads to ribosomal pausing that is resolved by the translational GTPase GTPBP2, and in its absence causes neuron death. Here we show that loss of the homologous protein GTPBP1 during tRNA deficiency in the mouse brain also leads to codon-specific ribosome pausing and neurodegeneration, suggesting that these non-redundant translational GTPases function in the same pathway to mitigate ribosome pausing. Ribosome stalling in the mutant brain led to activation of the integrated stress response (ISR) mediated by GCN2 and decreased mTORC1 signaling. However, in contrast to the ISR, which enhanced neuron survival, reduced mTORC1 signaling increased neuronal death. Our data demonstrate that GTPBP1 functions as an important quality control mechanism during translation elongation and suggest that translational signaling pathways intricately interact to regulate neuronal homeostasis during defective translation elongation.","18 samples are in analyzed in this study in the context of 3 week old C57BL/6J (B6J) mouse cerebellum. These include 3 replicates of the following genotypes Gtpbp1 -/-, Gtpbp2 -/- (mediated through a previously characterized nmf205 point mutation), and wildtype mice. RNA-seq and ribosome footprint profiling datasets were generated for each sample.",33186095,,,415765,GPL21103,Mus musculus,GSE,Expression profiling by high throughput sequencing; Other,2020/10/26,18,ftp://ftp.ncbi.nlm.nih.gov/geo/series/GSE157nnn/GSE157902/,GTPBP1 resolves paused ribosomes to maintain neuronal homeostasis.,eLife,2020 Nov 13,10.7554/eLife.62731,OSD-525|RR23_Cb_GC_G8,Ground Control
83,GSM4780432,0.9932932257652283,GSE157902,GTPBP1 resolves paused ribosomes to maintain neuronal homeostasis,,,"Ribosome-associated quality control pathways respond to defects in translational elongation to recycle arrested ribosomes and degrade aberrant polypeptides and mRNAs. Loss of an individual tRNA gene leads to ribosomal pausing that is resolved by the translational GTPase GTPBP2, and in its absence causes neuron death. Here we show that loss of the homologous protein GTPBP1 during tRNA deficiency in the mouse brain also leads to codon-specific ribosome pausing and neurodegeneration, suggesting that these non-redundant translational GTPases function in the same pathway to mitigate ribosome pausing. Ribosome stalling in the mutant brain led to activation of the integrated stress response (ISR) mediated by GCN2 and decreased mTORC1 signaling. However, in contrast to the ISR, which enhanced neuron survival, reduced mTORC1 signaling increased neuronal death. Our data demonstrate that GTPBP1 functions as an important quality control mechanism during translation elongation and suggest that translational signaling pathways intricately interact to regulate neuronal homeostasis during defective translation elongation.","18 samples are in analyzed in this study in the context of 3 week old C57BL/6J (B6J) mouse cerebellum. These include 3 replicates of the following genotypes Gtpbp1 -/-, Gtpbp2 -/- (mediated through a previously characterized nmf205 point mutation), and wildtype mice. RNA-seq and ribosome footprint profiling datasets were generated for each sample.",33186095,,,415770,GPL21103,Mus musculus,GSE,Expression profiling by high throughput sequencing; Other,2020/10/26,18,ftp://ftp.ncbi.nlm.nih.gov/geo/series/GSE157nnn/GSE157902/,GTPBP1 resolves paused ribosomes to maintain neuronal homeostasis.,eLife,2020 Nov 13,10.7554/eLife.62731,OSD-525|RR23_Cb_GC_G8,Ground Control
84,GSM4780424,0.9926055669784546,GSE157902,GTPBP1 resolves paused ribosomes to maintain neuronal homeostasis,,,"Ribosome-associated quality control pathways respond to defects in translational elongation to recycle arrested ribosomes and degrade aberrant polypeptides and mRNAs. Loss of an individual tRNA gene leads to ribosomal pausing that is resolved by the translational GTPase GTPBP2, and in its absence causes neuron death. Here we show that loss of the homologous protein GTPBP1 during tRNA deficiency in the mouse brain also leads to codon-specific ribosome pausing and neurodegeneration, suggesting that these non-redundant translational GTPases function in the same pathway to mitigate ribosome pausing. Ribosome stalling in the mutant brain led to activation of the integrated stress response (ISR) mediated by GCN2 and decreased mTORC1 signaling. However, in contrast to the ISR, which enhanced neuron survival, reduced mTORC1 signaling increased neuronal death. Our data demonstrate that GTPBP1 functions as an important quality control mechanism during translation elongation and suggest that translational signaling pathways intricately interact to regulate neuronal homeostasis during defective translation elongation.","18 samples are in analyzed in this study in the context of 3 week old C57BL/6J (B6J) mouse cerebellum. These include 3 replicates of the following genotypes Gtpbp1 -/-, Gtpbp2 -/- (mediated through a previously characterized nmf205 point mutation), and wildtype mice. RNA-seq and ribosome footprint profiling datasets were generated for each sample.",33186095,,,415762,GPL21103,Mus musculus,GSE,Expression profiling by high throughput sequencing; Other,2020/10/26,18,ftp://ftp.ncbi.nlm.nih.gov/geo/series/GSE157nnn/GSE157902/,GTPBP1 resolves paused ribosomes to maintain neuronal homeostasis.,eLife,2020 Nov 13,10.7554/eLife.62731,OSD-525|RR23_Cb_GC_G8,Ground Control
85,GSM2341162,0.9925869703292847,GSE87808,Impaired Amino Acid Transport at the Blood Brain Barrier Is a Cause of Autism Spectrum Disorder,,,"Autism spectrum disorders (ASD) are a group of genetic disorders often overlapping with other neurological conditions. We previously described abnormalities in the branched chain amino acid (BCAA) catabolic pathway as a cause of ASD. Here we show that the solute carrier transporter 7a5 (SLC7A5), a large neutral amino acid transporter localized at the blood brain barrier (BBB), has an essential role in maintaining normal levels of brain BCAAs. In mice, deletion of Slc7a5 from the endothelial cells of the BBB leads to decreased levels of brain BCAAs, abnormal mRNA translation and severe neurological abnormalities. Furthermore, we identified several patients with autistic traits and motor delay carrying deleterious homozygous mutations in the SLC7A5 gene. Finally, we demonstrate that BCAA intracerebroventricular administration ameliorates abnormal behaviors in adult mutant mice. Our data elucidate a neurological syndrome defined by SLC7A5 mutations and support an essential role for the BCAA in human brain function.",RNA-sequencing of cerebellum from 3 wildtype mice and 3 Slc7a5 KO mice,27912058,,,78239,GPL17021,Mus musculus,GSE,Expression profiling by high throughput sequencing,2016/12/22,6,ftp://ftp.ncbi.nlm.nih.gov/geo/series/GSE87nnn/GSE87808/,Impaired Amino Acid Transport at the Blood Brain Barrier Is a Cause of Autism Spectrum Disorder.,Cell,2016 Dec 1,10.1016/j.cell.2016.11.013,OSD-525|RR23_Cb_GC_G8,Ground Control
86,GSM4780429,0.9922012686729431,GSE157902,GTPBP1 resolves paused ribosomes to maintain neuronal homeostasis,,,"Ribosome-associated quality control pathways respond to defects in translational elongation to recycle arrested ribosomes and degrade aberrant polypeptides and mRNAs. Loss of an individual tRNA gene leads to ribosomal pausing that is resolved by the translational GTPase GTPBP2, and in its absence causes neuron death. Here we show that loss of the homologous protein GTPBP1 during tRNA deficiency in the mouse brain also leads to codon-specific ribosome pausing and neurodegeneration, suggesting that these non-redundant translational GTPases function in the same pathway to mitigate ribosome pausing. Ribosome stalling in the mutant brain led to activation of the integrated stress response (ISR) mediated by GCN2 and decreased mTORC1 signaling. However, in contrast to the ISR, which enhanced neuron survival, reduced mTORC1 signaling increased neuronal death. Our data demonstrate that GTPBP1 functions as an important quality control mechanism during translation elongation and suggest that translational signaling pathways intricately interact to regulate neuronal homeostasis during defective translation elongation.","18 samples are in analyzed in this study in the context of 3 week old C57BL/6J (B6J) mouse cerebellum. These include 3 replicates of the following genotypes Gtpbp1 -/-, Gtpbp2 -/- (mediated through a previously characterized nmf205 point mutation), and wildtype mice. RNA-seq and ribosome footprint profiling datasets were generated for each sample.",33186095,,,415767,GPL21103,Mus musculus,GSE,Expression profiling by high throughput sequencing; Other,2020/10/26,18,ftp://ftp.ncbi.nlm.nih.gov/geo/series/GSE157nnn/GSE157902/,GTPBP1 resolves paused ribosomes to maintain neuronal homeostasis.,eLife,2020 Nov 13,10.7554/eLife.62731,OSD-525|RR23_Cb_GC_G8,Ground Control
87,GSM6610593,0.9921203851699829,GSE214530,Time- and tissue-specific response of the mouse transcriptome after a short-term exposure to normoxia or intermittent hypoxia (IH),,,"To investigated the effects of early exposure to IH on tissue-specific transcriptome and biological processes, we evaluated differential gene expression of circadian rhythms and 24-hour mean expression in the lung, heart, liver, kidney, muscle, and cerebellum from mice after exposure to normoxic and IH conditions. The cardiopulmonary tissues were most affected by short-term exposure to IH in comparison with other organs.","Eight-week-old C57BL/6J mice were exposed to either normoxia or intermittent hypooxia (21-8% O2) for seven days before it was released into constant normoxic darkness for two days. Multiple tissues (liver, lung, kidney, muscle, heart, and cerebellum) were harvested on the second day of constant darkness for 24 hours with three-hour intervals to assess changes in their transcriptome.",37252926,,,691279,GPL24247,Mus musculus,GSE,Expression profiling by high throughput sequencing,2022/09/30,288,ftp://ftp.ncbi.nlm.nih.gov/geo/series/GSE214nnn/GSE214530/,Obstructive sleep apnea in a mouse model is associated with tissue-specific transcriptomic changes in circadian rhythmicity and mean 24-hour gene expression.,PLoS biology,2023 May,10.1371/journal.pbio.3002139,OSD-525|RR23_Cb_GC_G8,Ground Control
88,GSM6610609,0.9920227527618408,GSE214530,Time- and tissue-specific response of the mouse transcriptome after a short-term exposure to normoxia or intermittent hypoxia (IH),,,"To investigated the effects of early exposure to IH on tissue-specific transcriptome and biological processes, we evaluated differential gene expression of circadian rhythms and 24-hour mean expression in the lung, heart, liver, kidney, muscle, and cerebellum from mice after exposure to normoxic and IH conditions. The cardiopulmonary tissues were most affected by short-term exposure to IH in comparison with other organs.","Eight-week-old C57BL/6J mice were exposed to either normoxia or intermittent hypooxia (21-8% O2) for seven days before it was released into constant normoxic darkness for two days. Multiple tissues (liver, lung, kidney, muscle, heart, and cerebellum) were harvested on the second day of constant darkness for 24 hours with three-hour intervals to assess changes in their transcriptome.",37252926,,,691295,GPL24247,Mus musculus,GSE,Expression profiling by high throughput sequencing,2022/09/30,288,ftp://ftp.ncbi.nlm.nih.gov/geo/series/GSE214nnn/GSE214530/,Obstructive sleep apnea in a mouse model is associated with tissue-specific transcriptomic changes in circadian rhythmicity and mean 24-hour gene expression.,PLoS biology,2023 May,10.1371/journal.pbio.3002139,OSD-525|RR23_Cb_GC_G8,Ground Control
89,GSM6610592,0.9917524456977844,GSE214530,Time- and tissue-specific response of the mouse transcriptome after a short-term exposure to normoxia or intermittent hypoxia (IH),,,"To investigated the effects of early exposure to IH on tissue-specific transcriptome and biological processes, we evaluated differential gene expression of circadian rhythms and 24-hour mean expression in the lung, heart, liver, kidney, muscle, and cerebellum from mice after exposure to normoxic and IH conditions. The cardiopulmonary tissues were most affected by short-term exposure to IH in comparison with other organs.","Eight-week-old C57BL/6J mice were exposed to either normoxia or intermittent hypooxia (21-8% O2) for seven days before it was released into constant normoxic darkness for two days. Multiple tissues (liver, lung, kidney, muscle, heart, and cerebellum) were harvested on the second day of constant darkness for 24 hours with three-hour intervals to assess changes in their transcriptome.",37252926,,,691278,GPL24247,Mus musculus,GSE,Expression profiling by high throughput sequencing,2022/09/30,288,ftp://ftp.ncbi.nlm.nih.gov/geo/series/GSE214nnn/GSE214530/,Obstructive sleep apnea in a mouse model is associated with tissue-specific transcriptomic changes in circadian rhythmicity and mean 24-hour gene expression.,PLoS biology,2023 May,10.1371/journal.pbio.3002139,OSD-525|RR23_Cb_GC_G8,Ground Control
90,GSM5900268,0.9932448863983154,GSE196765,Autism-like behaviors and cerebellar dysfunction in the Bmal1 mutant mouse ameliorated by mTORC1 inhibition,,,"Although circadian and sleep disorders are frequently associated with autism spectrum disorders (ASD), it remains elusive whether clock gene disruption can lead to autistic-like phenotypes in animals. The essential clock gene Bmal1 has been associated with human sociability and its missense mutations are identified in ASD. Here we report that global Bmal1 deletion led to significant social impairments, excessive stereotyped and repetitive behaviors, as well as motor learning disabilities in mice, all of which resemble core behavioral deficits in ASD. Furthermore, aberrant cell density and immature morphology of dendritic spines were identified in the cerebellar Purkinje cells (PCs) of Bmal1 knockout (KO) mice. Electrophysiological recordings uncovered enhanced excitatory and inhibitory synaptic transmission and reduced firing rates in the PCs of Bmal1 KO mice. Differential expression of ASD- and ataxia-associated genes (Ntng2, Mfrp, Nr4a2, Thbs1, Atxn1, and Atxn3) and dysregulated pathways of translational control, including hyperactivated mammalian target of rapamycin complex 1 (mTORC1) signaling, were identified in the cerebellum of Bmal1 KO mice. Interestingly, the antidiabetic drug metformin reversed mTORC1 hyperactivation and alleviated major behavioral and PC deficits in Bmal1 KO mice. Importantly, conditional Bmal1 deletion only in cerebellar PCs was sufficient to recapitulate autistic-like behavioral and cellular changes akin to those identified in Bmal1 KO mice. Together, these results unveil a previously unidentified role for Bmal1 disruption in cerebellar dysfunction and autistic-like behaviors. Our findings provide experimental evidence supporting a putative role for dysregulation of circadian clock gene expression in the pathogenesis of ASD.","total RNA-seq and footprint experiments from the cerebellar tissue of Bmal1 knockout and wildtype mice, 3 biological replicates form each condition for RNA-seq; 2 biolgical replicates from each condition for footprint experiments.",35301425,,,598593,GPL13112,Mus musculus,GSE,Expression profiling by high throughput sequencing,2022/03/17,10,ftp://ftp.ncbi.nlm.nih.gov/geo/series/GSE196nnn/GSE196765/,Autistic-like behavior and cerebellar dysfunction in Bmal1 mutant mice ameliorated by mTORC1 inhibition.,Molecular psychiatry,2023 Sep,10.1038/s41380-022-01499-6,OSD-525|RR23_Cb_GC_G9,Ground Control
91,GSM2341166,0.9923933148384094,GSE87808,Impaired Amino Acid Transport at the Blood Brain Barrier Is a Cause of Autism Spectrum Disorder,,,"Autism spectrum disorders (ASD) are a group of genetic disorders often overlapping with other neurological conditions. We previously described abnormalities in the branched chain amino acid (BCAA) catabolic pathway as a cause of ASD. Here we show that the solute carrier transporter 7a5 (SLC7A5), a large neutral amino acid transporter localized at the blood brain barrier (BBB), has an essential role in maintaining normal levels of brain BCAAs. In mice, deletion of Slc7a5 from the endothelial cells of the BBB leads to decreased levels of brain BCAAs, abnormal mRNA translation and severe neurological abnormalities. Furthermore, we identified several patients with autistic traits and motor delay carrying deleterious homozygous mutations in the SLC7A5 gene. Finally, we demonstrate that BCAA intracerebroventricular administration ameliorates abnormal behaviors in adult mutant mice. Our data elucidate a neurological syndrome defined by SLC7A5 mutations and support an essential role for the BCAA in human brain function.",RNA-sequencing of cerebellum from 3 wildtype mice and 3 Slc7a5 KO mice,27912058,,,78243,GPL17021,Mus musculus,GSE,Expression profiling by high throughput sequencing,2016/12/22,6,ftp://ftp.ncbi.nlm.nih.gov/geo/series/GSE87nnn/GSE87808/,Impaired Amino Acid Transport at the Blood Brain Barrier Is a Cause of Autism Spectrum Disorder.,Cell,2016 Dec 1,10.1016/j.cell.2016.11.013,OSD-525|RR23_Cb_GC_G9,Ground Control
92,GSM4780429,0.9922842979431152,GSE157902,GTPBP1 resolves paused ribosomes to maintain neuronal homeostasis,,,"Ribosome-associated quality control pathways respond to defects in translational elongation to recycle arrested ribosomes and degrade aberrant polypeptides and mRNAs. Loss of an individual tRNA gene leads to ribosomal pausing that is resolved by the translational GTPase GTPBP2, and in its absence causes neuron death. Here we show that loss of the homologous protein GTPBP1 during tRNA deficiency in the mouse brain also leads to codon-specific ribosome pausing and neurodegeneration, suggesting that these non-redundant translational GTPases function in the same pathway to mitigate ribosome pausing. Ribosome stalling in the mutant brain led to activation of the integrated stress response (ISR) mediated by GCN2 and decreased mTORC1 signaling. However, in contrast to the ISR, which enhanced neuron survival, reduced mTORC1 signaling increased neuronal death. Our data demonstrate that GTPBP1 functions as an important quality control mechanism during translation elongation and suggest that translational signaling pathways intricately interact to regulate neuronal homeostasis during defective translation elongation.","18 samples are in analyzed in this study in the context of 3 week old C57BL/6J (B6J) mouse cerebellum. These include 3 replicates of the following genotypes Gtpbp1 -/-, Gtpbp2 -/- (mediated through a previously characterized nmf205 point mutation), and wildtype mice. RNA-seq and ribosome footprint profiling datasets were generated for each sample.",33186095,,,415767,GPL21103,Mus musculus,GSE,Expression profiling by high throughput sequencing; Other,2020/10/26,18,ftp://ftp.ncbi.nlm.nih.gov/geo/series/GSE157nnn/GSE157902/,GTPBP1 resolves paused ribosomes to maintain neuronal homeostasis.,eLife,2020 Nov 13,10.7554/eLife.62731,OSD-525|RR23_Cb_GC_G9,Ground Control
93,GSM4780427,0.9918282628059387,GSE157902,GTPBP1 resolves paused ribosomes to maintain neuronal homeostasis,,,"Ribosome-associated quality control pathways respond to defects in translational elongation to recycle arrested ribosomes and degrade aberrant polypeptides and mRNAs. Loss of an individual tRNA gene leads to ribosomal pausing that is resolved by the translational GTPase GTPBP2, and in its absence causes neuron death. Here we show that loss of the homologous protein GTPBP1 during tRNA deficiency in the mouse brain also leads to codon-specific ribosome pausing and neurodegeneration, suggesting that these non-redundant translational GTPases function in the same pathway to mitigate ribosome pausing. Ribosome stalling in the mutant brain led to activation of the integrated stress response (ISR) mediated by GCN2 and decreased mTORC1 signaling. However, in contrast to the ISR, which enhanced neuron survival, reduced mTORC1 signaling increased neuronal death. Our data demonstrate that GTPBP1 functions as an important quality control mechanism during translation elongation and suggest that translational signaling pathways intricately interact to regulate neuronal homeostasis during defective translation elongation.","18 samples are in analyzed in this study in the context of 3 week old C57BL/6J (B6J) mouse cerebellum. These include 3 replicates of the following genotypes Gtpbp1 -/-, Gtpbp2 -/- (mediated through a previously characterized nmf205 point mutation), and wildtype mice. RNA-seq and ribosome footprint profiling datasets were generated for each sample.",33186095,,,415765,GPL21103,Mus musculus,GSE,Expression profiling by high throughput sequencing; Other,2020/10/26,18,ftp://ftp.ncbi.nlm.nih.gov/geo/series/GSE157nnn/GSE157902/,GTPBP1 resolves paused ribosomes to maintain neuronal homeostasis.,eLife,2020 Nov 13,10.7554/eLife.62731,OSD-525|RR23_Cb_GC_G9,Ground Control
94,GSM4780424,0.9916312098503113,GSE157902,GTPBP1 resolves paused ribosomes to maintain neuronal homeostasis,,,"Ribosome-associated quality control pathways respond to defects in translational elongation to recycle arrested ribosomes and degrade aberrant polypeptides and mRNAs. Loss of an individual tRNA gene leads to ribosomal pausing that is resolved by the translational GTPase GTPBP2, and in its absence causes neuron death. Here we show that loss of the homologous protein GTPBP1 during tRNA deficiency in the mouse brain also leads to codon-specific ribosome pausing and neurodegeneration, suggesting that these non-redundant translational GTPases function in the same pathway to mitigate ribosome pausing. Ribosome stalling in the mutant brain led to activation of the integrated stress response (ISR) mediated by GCN2 and decreased mTORC1 signaling. However, in contrast to the ISR, which enhanced neuron survival, reduced mTORC1 signaling increased neuronal death. Our data demonstrate that GTPBP1 functions as an important quality control mechanism during translation elongation and suggest that translational signaling pathways intricately interact to regulate neuronal homeostasis during defective translation elongation.","18 samples are in analyzed in this study in the context of 3 week old C57BL/6J (B6J) mouse cerebellum. These include 3 replicates of the following genotypes Gtpbp1 -/-, Gtpbp2 -/- (mediated through a previously characterized nmf205 point mutation), and wildtype mice. RNA-seq and ribosome footprint profiling datasets were generated for each sample.",33186095,,,415762,GPL21103,Mus musculus,GSE,Expression profiling by high throughput sequencing; Other,2020/10/26,18,ftp://ftp.ncbi.nlm.nih.gov/geo/series/GSE157nnn/GSE157902/,GTPBP1 resolves paused ribosomes to maintain neuronal homeostasis.,eLife,2020 Nov 13,10.7554/eLife.62731,OSD-525|RR23_Cb_GC_G9,Ground Control
95,GSM4780425,0.9913303852081299,GSE157902,GTPBP1 resolves paused ribosomes to maintain neuronal homeostasis,,,"Ribosome-associated quality control pathways respond to defects in translational elongation to recycle arrested ribosomes and degrade aberrant polypeptides and mRNAs. Loss of an individual tRNA gene leads to ribosomal pausing that is resolved by the translational GTPase GTPBP2, and in its absence causes neuron death. Here we show that loss of the homologous protein GTPBP1 during tRNA deficiency in the mouse brain also leads to codon-specific ribosome pausing and neurodegeneration, suggesting that these non-redundant translational GTPases function in the same pathway to mitigate ribosome pausing. Ribosome stalling in the mutant brain led to activation of the integrated stress response (ISR) mediated by GCN2 and decreased mTORC1 signaling. However, in contrast to the ISR, which enhanced neuron survival, reduced mTORC1 signaling increased neuronal death. Our data demonstrate that GTPBP1 functions as an important quality control mechanism during translation elongation and suggest that translational signaling pathways intricately interact to regulate neuronal homeostasis during defective translation elongation.","18 samples are in analyzed in this study in the context of 3 week old C57BL/6J (B6J) mouse cerebellum. These include 3 replicates of the following genotypes Gtpbp1 -/-, Gtpbp2 -/- (mediated through a previously characterized nmf205 point mutation), and wildtype mice. RNA-seq and ribosome footprint profiling datasets were generated for each sample.",33186095,,,415763,GPL21103,Mus musculus,GSE,Expression profiling by high throughput sequencing; Other,2020/10/26,18,ftp://ftp.ncbi.nlm.nih.gov/geo/series/GSE157nnn/GSE157902/,GTPBP1 resolves paused ribosomes to maintain neuronal homeostasis.,eLife,2020 Nov 13,10.7554/eLife.62731,OSD-525|RR23_Cb_GC_G9,Ground Control
96,GSM7329511,0.991183876991272,GSE232368,Transcriptomic approach reveals splicing dysregulation in spinocerebellar ataxia type 1,,,"Spinocerebellar ataxia type 1 (SCA1) is caused by a polyglutamine expansion in the ATXN1 gene leading to an expanded polyglutamine tract in the ATAXIN-1 protein. Ataxin-1 is broadly expressed throughout the brain and is known to be involved in regulating gene expression; however, it is not yet determined if mutant ataxin-1 regulates alternative splicing events. Utilizing SCA1 mouse models, we performed bulk RNA sequencing and looked for misregulated alternative splicing (mAS) events in SCA1 mouse cerebella. We found that mutant ataxin-1 causes mAS events to occur in the SCA1 mouse cerebella. Furthermore, we showed that abnormal splicing events predominantly occur in cell types that express mutant ataxin-1. Less than 25% of the mAS events were also differentially expressed genes (DEGs) and therefore their transcriptional dysregulation was previously unknown in the context of SCA1. We show through gene ontology analysis that mAS events reveal new biological pathways: mAS events showed changes in structural morphogenesis whereas DEGs showed changes in ion channel and transmembrane transport. We also report that mutant ataxin-1 causes dysregulation of expression of other ataxia-causing genes, providing evidence for molecular basis of clinical similarity among otherwise heterogeneous inherited cerebellar ataxias. We also identified the potential mechanism by which mutant ATXN1 causes mAS through its interaction with RBFOX1.","Comparative transcriptomic analysis of RNA-seq data for mouse cerebella extracted from WT FVB/NJ and Atxn1-82Q transgenic FVB/NJ mice. Samples were collected from 5-, 12-, 20-, and 52-week old mice with four biological replicates collected from 5-week old and three biological replicates collected from 12-, 20-, and 52-week old mice.",37802886,,,779183,GPL24247,Mus musculus,GSE,Expression profiling by high throughput sequencing,2023/10/20,26,ftp://ftp.ncbi.nlm.nih.gov/geo/series/GSE232nnn/GSE232368/,Dysregulation of alternative splicing in spinocerebellar ataxia type 1.,Human molecular genetics,2024 Jan 7,10.1093/hmg/ddad170,OSD-525|RR23_Cb_GC_G9,Ground Control
97,GSM5900262,0.9911637306213379,GSE196765,Autism-like behaviors and cerebellar dysfunction in the Bmal1 mutant mouse ameliorated by mTORC1 inhibition,,,"Although circadian and sleep disorders are frequently associated with autism spectrum disorders (ASD), it remains elusive whether clock gene disruption can lead to autistic-like phenotypes in animals. The essential clock gene Bmal1 has been associated with human sociability and its missense mutations are identified in ASD. Here we report that global Bmal1 deletion led to significant social impairments, excessive stereotyped and repetitive behaviors, as well as motor learning disabilities in mice, all of which resemble core behavioral deficits in ASD. Furthermore, aberrant cell density and immature morphology of dendritic spines were identified in the cerebellar Purkinje cells (PCs) of Bmal1 knockout (KO) mice. Electrophysiological recordings uncovered enhanced excitatory and inhibitory synaptic transmission and reduced firing rates in the PCs of Bmal1 KO mice. Differential expression of ASD- and ataxia-associated genes (Ntng2, Mfrp, Nr4a2, Thbs1, Atxn1, and Atxn3) and dysregulated pathways of translational control, including hyperactivated mammalian target of rapamycin complex 1 (mTORC1) signaling, were identified in the cerebellum of Bmal1 KO mice. Interestingly, the antidiabetic drug metformin reversed mTORC1 hyperactivation and alleviated major behavioral and PC deficits in Bmal1 KO mice. Importantly, conditional Bmal1 deletion only in cerebellar PCs was sufficient to recapitulate autistic-like behavioral and cellular changes akin to those identified in Bmal1 KO mice. Together, these results unveil a previously unidentified role for Bmal1 disruption in cerebellar dysfunction and autistic-like behaviors. Our findings provide experimental evidence supporting a putative role for dysregulation of circadian clock gene expression in the pathogenesis of ASD.","total RNA-seq and footprint experiments from the cerebellar tissue of Bmal1 knockout and wildtype mice, 3 biological replicates form each condition for RNA-seq; 2 biolgical replicates from each condition for footprint experiments.",35301425,,,598587,GPL13112,Mus musculus,GSE,Expression profiling by high throughput sequencing,2022/03/17,10,ftp://ftp.ncbi.nlm.nih.gov/geo/series/GSE196nnn/GSE196765/,Autistic-like behavior and cerebellar dysfunction in Bmal1 mutant mice ameliorated by mTORC1 inhibition.,Molecular psychiatry,2023 Sep,10.1038/s41380-022-01499-6,OSD-525|RR23_Cb_GC_G9,Ground Control
98,GSM4199365,0.991083025932312,GSE141252,Chronologic age and morbidities could converge on gene-specific traits through length-dependent failure of transcript polymerization,,,We provide evidence for the decrease of long transcripts during aging using a unique reference transcriptomic survey of 17 mouse organs sampled at 5 timepoints over the lifespan.,"Transcriptomic profiles of 17 mouse organs, sampled at 4, 9, 12, 18, 24 months of age, were generated by standard illumina RNA-Seq protocols.",,,,314769,GPL19057,Mus musculus,GSE,Expression profiling by high throughput sequencing,2021/12/31,518,ftp://ftp.ncbi.nlm.nih.gov/geo/series/GSE141nnn/GSE141252/,,,,,OSD-525|RR23_Cb_GC_G9,Ground Control
99,GSM4780432,0.9909980893135071,GSE157902,GTPBP1 resolves paused ribosomes to maintain neuronal homeostasis,,,"Ribosome-associated quality control pathways respond to defects in translational elongation to recycle arrested ribosomes and degrade aberrant polypeptides and mRNAs. Loss of an individual tRNA gene leads to ribosomal pausing that is resolved by the translational GTPase GTPBP2, and in its absence causes neuron death. Here we show that loss of the homologous protein GTPBP1 during tRNA deficiency in the mouse brain also leads to codon-specific ribosome pausing and neurodegeneration, suggesting that these non-redundant translational GTPases function in the same pathway to mitigate ribosome pausing. Ribosome stalling in the mutant brain led to activation of the integrated stress response (ISR) mediated by GCN2 and decreased mTORC1 signaling. However, in contrast to the ISR, which enhanced neuron survival, reduced mTORC1 signaling increased neuronal death. Our data demonstrate that GTPBP1 functions as an important quality control mechanism during translation elongation and suggest that translational signaling pathways intricately interact to regulate neuronal homeostasis during defective translation elongation.","18 samples are in analyzed in this study in the context of 3 week old C57BL/6J (B6J) mouse cerebellum. These include 3 replicates of the following genotypes Gtpbp1 -/-, Gtpbp2 -/- (mediated through a previously characterized nmf205 point mutation), and wildtype mice. RNA-seq and ribosome footprint profiling datasets were generated for each sample.",33186095,,,415770,GPL21103,Mus musculus,GSE,Expression profiling by high throughput sequencing; Other,2020/10/26,18,ftp://ftp.ncbi.nlm.nih.gov/geo/series/GSE157nnn/GSE157902/,GTPBP1 resolves paused ribosomes to maintain neuronal homeostasis.,eLife,2020 Nov 13,10.7554/eLife.62731,OSD-525|RR23_Cb_GC_G9,Ground Control
100,GSM5900268,0.992557168006897,GSE196765,Autism-like behaviors and cerebellar dysfunction in the Bmal1 mutant mouse ameliorated by mTORC1 inhibition,,,"Although circadian and sleep disorders are frequently associated with autism spectrum disorders (ASD), it remains elusive whether clock gene disruption can lead to autistic-like phenotypes in animals. The essential clock gene Bmal1 has been associated with human sociability and its missense mutations are identified in ASD. Here we report that global Bmal1 deletion led to significant social impairments, excessive stereotyped and repetitive behaviors, as well as motor learning disabilities in mice, all of which resemble core behavioral deficits in ASD. Furthermore, aberrant cell density and immature morphology of dendritic spines were identified in the cerebellar Purkinje cells (PCs) of Bmal1 knockout (KO) mice. Electrophysiological recordings uncovered enhanced excitatory and inhibitory synaptic transmission and reduced firing rates in the PCs of Bmal1 KO mice. Differential expression of ASD- and ataxia-associated genes (Ntng2, Mfrp, Nr4a2, Thbs1, Atxn1, and Atxn3) and dysregulated pathways of translational control, including hyperactivated mammalian target of rapamycin complex 1 (mTORC1) signaling, were identified in the cerebellum of Bmal1 KO mice. Interestingly, the antidiabetic drug metformin reversed mTORC1 hyperactivation and alleviated major behavioral and PC deficits in Bmal1 KO mice. Importantly, conditional Bmal1 deletion only in cerebellar PCs was sufficient to recapitulate autistic-like behavioral and cellular changes akin to those identified in Bmal1 KO mice. Together, these results unveil a previously unidentified role for Bmal1 disruption in cerebellar dysfunction and autistic-like behaviors. Our findings provide experimental evidence supporting a putative role for dysregulation of circadian clock gene expression in the pathogenesis of ASD.","total RNA-seq and footprint experiments from the cerebellar tissue of Bmal1 knockout and wildtype mice, 3 biological replicates form each condition for RNA-seq; 2 biolgical replicates from each condition for footprint experiments.",35301425,,,598593,GPL13112,Mus musculus,GSE,Expression profiling by high throughput sequencing,2022/03/17,10,ftp://ftp.ncbi.nlm.nih.gov/geo/series/GSE196nnn/GSE196765/,Autistic-like behavior and cerebellar dysfunction in Bmal1 mutant mice ameliorated by mTORC1 inhibition.,Molecular psychiatry,2023 Sep,10.1038/s41380-022-01499-6,OSD-525|RR23_Cb_FLT_F1_techrep1,Space Flight
101,GSM5900262,0.9920719861984253,GSE196765,Autism-like behaviors and cerebellar dysfunction in the Bmal1 mutant mouse ameliorated by mTORC1 inhibition,,,"Although circadian and sleep disorders are frequently associated with autism spectrum disorders (ASD), it remains elusive whether clock gene disruption can lead to autistic-like phenotypes in animals. The essential clock gene Bmal1 has been associated with human sociability and its missense mutations are identified in ASD. Here we report that global Bmal1 deletion led to significant social impairments, excessive stereotyped and repetitive behaviors, as well as motor learning disabilities in mice, all of which resemble core behavioral deficits in ASD. Furthermore, aberrant cell density and immature morphology of dendritic spines were identified in the cerebellar Purkinje cells (PCs) of Bmal1 knockout (KO) mice. Electrophysiological recordings uncovered enhanced excitatory and inhibitory synaptic transmission and reduced firing rates in the PCs of Bmal1 KO mice. Differential expression of ASD- and ataxia-associated genes (Ntng2, Mfrp, Nr4a2, Thbs1, Atxn1, and Atxn3) and dysregulated pathways of translational control, including hyperactivated mammalian target of rapamycin complex 1 (mTORC1) signaling, were identified in the cerebellum of Bmal1 KO mice. Interestingly, the antidiabetic drug metformin reversed mTORC1 hyperactivation and alleviated major behavioral and PC deficits in Bmal1 KO mice. Importantly, conditional Bmal1 deletion only in cerebellar PCs was sufficient to recapitulate autistic-like behavioral and cellular changes akin to those identified in Bmal1 KO mice. Together, these results unveil a previously unidentified role for Bmal1 disruption in cerebellar dysfunction and autistic-like behaviors. Our findings provide experimental evidence supporting a putative role for dysregulation of circadian clock gene expression in the pathogenesis of ASD.","total RNA-seq and footprint experiments from the cerebellar tissue of Bmal1 knockout and wildtype mice, 3 biological replicates form each condition for RNA-seq; 2 biolgical replicates from each condition for footprint experiments.",35301425,,,598587,GPL13112,Mus musculus,GSE,Expression profiling by high throughput sequencing,2022/03/17,10,ftp://ftp.ncbi.nlm.nih.gov/geo/series/GSE196nnn/GSE196765/,Autistic-like behavior and cerebellar dysfunction in Bmal1 mutant mice ameliorated by mTORC1 inhibition.,Molecular psychiatry,2023 Sep,10.1038/s41380-022-01499-6,OSD-525|RR23_Cb_FLT_F1_techrep1,Space Flight
102,GSM4780427,0.9916847348213196,GSE157902,GTPBP1 resolves paused ribosomes to maintain neuronal homeostasis,,,"Ribosome-associated quality control pathways respond to defects in translational elongation to recycle arrested ribosomes and degrade aberrant polypeptides and mRNAs. Loss of an individual tRNA gene leads to ribosomal pausing that is resolved by the translational GTPase GTPBP2, and in its absence causes neuron death. Here we show that loss of the homologous protein GTPBP1 during tRNA deficiency in the mouse brain also leads to codon-specific ribosome pausing and neurodegeneration, suggesting that these non-redundant translational GTPases function in the same pathway to mitigate ribosome pausing. Ribosome stalling in the mutant brain led to activation of the integrated stress response (ISR) mediated by GCN2 and decreased mTORC1 signaling. However, in contrast to the ISR, which enhanced neuron survival, reduced mTORC1 signaling increased neuronal death. Our data demonstrate that GTPBP1 functions as an important quality control mechanism during translation elongation and suggest that translational signaling pathways intricately interact to regulate neuronal homeostasis during defective translation elongation.","18 samples are in analyzed in this study in the context of 3 week old C57BL/6J (B6J) mouse cerebellum. These include 3 replicates of the following genotypes Gtpbp1 -/-, Gtpbp2 -/- (mediated through a previously characterized nmf205 point mutation), and wildtype mice. RNA-seq and ribosome footprint profiling datasets were generated for each sample.",33186095,,,415765,GPL21103,Mus musculus,GSE,Expression profiling by high throughput sequencing; Other,2020/10/26,18,ftp://ftp.ncbi.nlm.nih.gov/geo/series/GSE157nnn/GSE157902/,GTPBP1 resolves paused ribosomes to maintain neuronal homeostasis.,eLife,2020 Nov 13,10.7554/eLife.62731,OSD-525|RR23_Cb_FLT_F1_techrep1,Space Flight
103,GSM4780424,0.9914755821228027,GSE157902,GTPBP1 resolves paused ribosomes to maintain neuronal homeostasis,,,"Ribosome-associated quality control pathways respond to defects in translational elongation to recycle arrested ribosomes and degrade aberrant polypeptides and mRNAs. Loss of an individual tRNA gene leads to ribosomal pausing that is resolved by the translational GTPase GTPBP2, and in its absence causes neuron death. Here we show that loss of the homologous protein GTPBP1 during tRNA deficiency in the mouse brain also leads to codon-specific ribosome pausing and neurodegeneration, suggesting that these non-redundant translational GTPases function in the same pathway to mitigate ribosome pausing. Ribosome stalling in the mutant brain led to activation of the integrated stress response (ISR) mediated by GCN2 and decreased mTORC1 signaling. However, in contrast to the ISR, which enhanced neuron survival, reduced mTORC1 signaling increased neuronal death. Our data demonstrate that GTPBP1 functions as an important quality control mechanism during translation elongation and suggest that translational signaling pathways intricately interact to regulate neuronal homeostasis during defective translation elongation.","18 samples are in analyzed in this study in the context of 3 week old C57BL/6J (B6J) mouse cerebellum. These include 3 replicates of the following genotypes Gtpbp1 -/-, Gtpbp2 -/- (mediated through a previously characterized nmf205 point mutation), and wildtype mice. RNA-seq and ribosome footprint profiling datasets were generated for each sample.",33186095,,,415762,GPL21103,Mus musculus,GSE,Expression profiling by high throughput sequencing; Other,2020/10/26,18,ftp://ftp.ncbi.nlm.nih.gov/geo/series/GSE157nnn/GSE157902/,GTPBP1 resolves paused ribosomes to maintain neuronal homeostasis.,eLife,2020 Nov 13,10.7554/eLife.62731,OSD-525|RR23_Cb_FLT_F1_techrep1,Space Flight
104,GSM4780432,0.9913067817687988,GSE157902,GTPBP1 resolves paused ribosomes to maintain neuronal homeostasis,,,"Ribosome-associated quality control pathways respond to defects in translational elongation to recycle arrested ribosomes and degrade aberrant polypeptides and mRNAs. Loss of an individual tRNA gene leads to ribosomal pausing that is resolved by the translational GTPase GTPBP2, and in its absence causes neuron death. Here we show that loss of the homologous protein GTPBP1 during tRNA deficiency in the mouse brain also leads to codon-specific ribosome pausing and neurodegeneration, suggesting that these non-redundant translational GTPases function in the same pathway to mitigate ribosome pausing. Ribosome stalling in the mutant brain led to activation of the integrated stress response (ISR) mediated by GCN2 and decreased mTORC1 signaling. However, in contrast to the ISR, which enhanced neuron survival, reduced mTORC1 signaling increased neuronal death. Our data demonstrate that GTPBP1 functions as an important quality control mechanism during translation elongation and suggest that translational signaling pathways intricately interact to regulate neuronal homeostasis during defective translation elongation.","18 samples are in analyzed in this study in the context of 3 week old C57BL/6J (B6J) mouse cerebellum. These include 3 replicates of the following genotypes Gtpbp1 -/-, Gtpbp2 -/- (mediated through a previously characterized nmf205 point mutation), and wildtype mice. RNA-seq and ribosome footprint profiling datasets were generated for each sample.",33186095,,,415770,GPL21103,Mus musculus,GSE,Expression profiling by high throughput sequencing; Other,2020/10/26,18,ftp://ftp.ncbi.nlm.nih.gov/geo/series/GSE157nnn/GSE157902/,GTPBP1 resolves paused ribosomes to maintain neuronal homeostasis.,eLife,2020 Nov 13,10.7554/eLife.62731,OSD-525|RR23_Cb_FLT_F1_techrep1,Space Flight
105,GSM2341166,0.9906901717185974,GSE87808,Impaired Amino Acid Transport at the Blood Brain Barrier Is a Cause of Autism Spectrum Disorder,,,"Autism spectrum disorders (ASD) are a group of genetic disorders often overlapping with other neurological conditions. We previously described abnormalities in the branched chain amino acid (BCAA) catabolic pathway as a cause of ASD. Here we show that the solute carrier transporter 7a5 (SLC7A5), a large neutral amino acid transporter localized at the blood brain barrier (BBB), has an essential role in maintaining normal levels of brain BCAAs. In mice, deletion of Slc7a5 from the endothelial cells of the BBB leads to decreased levels of brain BCAAs, abnormal mRNA translation and severe neurological abnormalities. Furthermore, we identified several patients with autistic traits and motor delay carrying deleterious homozygous mutations in the SLC7A5 gene. Finally, we demonstrate that BCAA intracerebroventricular administration ameliorates abnormal behaviors in adult mutant mice. Our data elucidate a neurological syndrome defined by SLC7A5 mutations and support an essential role for the BCAA in human brain function.",RNA-sequencing of cerebellum from 3 wildtype mice and 3 Slc7a5 KO mice,27912058,,,78243,GPL17021,Mus musculus,GSE,Expression profiling by high throughput sequencing,2016/12/22,6,ftp://ftp.ncbi.nlm.nih.gov/geo/series/GSE87nnn/GSE87808/,Impaired Amino Acid Transport at the Blood Brain Barrier Is a Cause of Autism Spectrum Disorder.,Cell,2016 Dec 1,10.1016/j.cell.2016.11.013,OSD-525|RR23_Cb_FLT_F1_techrep1,Space Flight
106,GSM6610612,0.9906402826309204,GSE214530,Time- and tissue-specific response of the mouse transcriptome after a short-term exposure to normoxia or intermittent hypoxia (IH),,,"To investigated the effects of early exposure to IH on tissue-specific transcriptome and biological processes, we evaluated differential gene expression of circadian rhythms and 24-hour mean expression in the lung, heart, liver, kidney, muscle, and cerebellum from mice after exposure to normoxic and IH conditions. The cardiopulmonary tissues were most affected by short-term exposure to IH in comparison with other organs.","Eight-week-old C57BL/6J mice were exposed to either normoxia or intermittent hypooxia (21-8% O2) for seven days before it was released into constant normoxic darkness for two days. Multiple tissues (liver, lung, kidney, muscle, heart, and cerebellum) were harvested on the second day of constant darkness for 24 hours with three-hour intervals to assess changes in their transcriptome.",37252926,,,691298,GPL24247,Mus musculus,GSE,Expression profiling by high throughput sequencing,2022/09/30,288,ftp://ftp.ncbi.nlm.nih.gov/geo/series/GSE214nnn/GSE214530/,Obstructive sleep apnea in a mouse model is associated with tissue-specific transcriptomic changes in circadian rhythmicity and mean 24-hour gene expression.,PLoS biology,2023 May,10.1371/journal.pbio.3002139,OSD-525|RR23_Cb_FLT_F1_techrep1,Space Flight
107,GSM4199640,0.9905637502670288,GSE141252,Chronologic age and morbidities could converge on gene-specific traits through length-dependent failure of transcript polymerization,,,We provide evidence for the decrease of long transcripts during aging using a unique reference transcriptomic survey of 17 mouse organs sampled at 5 timepoints over the lifespan.,"Transcriptomic profiles of 17 mouse organs, sampled at 4, 9, 12, 18, 24 months of age, were generated by standard illumina RNA-Seq protocols.",,,,315028,GPL19057,Mus musculus,GSE,Expression profiling by high throughput sequencing,2021/12/31,518,ftp://ftp.ncbi.nlm.nih.gov/geo/series/GSE141nnn/GSE141252/,,,,,OSD-525|RR23_Cb_FLT_F1_techrep1,Space Flight
108,GSM4780429,0.9904922246932983,GSE157902,GTPBP1 resolves paused ribosomes to maintain neuronal homeostasis,,,"Ribosome-associated quality control pathways respond to defects in translational elongation to recycle arrested ribosomes and degrade aberrant polypeptides and mRNAs. Loss of an individual tRNA gene leads to ribosomal pausing that is resolved by the translational GTPase GTPBP2, and in its absence causes neuron death. Here we show that loss of the homologous protein GTPBP1 during tRNA deficiency in the mouse brain also leads to codon-specific ribosome pausing and neurodegeneration, suggesting that these non-redundant translational GTPases function in the same pathway to mitigate ribosome pausing. Ribosome stalling in the mutant brain led to activation of the integrated stress response (ISR) mediated by GCN2 and decreased mTORC1 signaling. However, in contrast to the ISR, which enhanced neuron survival, reduced mTORC1 signaling increased neuronal death. Our data demonstrate that GTPBP1 functions as an important quality control mechanism during translation elongation and suggest that translational signaling pathways intricately interact to regulate neuronal homeostasis during defective translation elongation.","18 samples are in analyzed in this study in the context of 3 week old C57BL/6J (B6J) mouse cerebellum. These include 3 replicates of the following genotypes Gtpbp1 -/-, Gtpbp2 -/- (mediated through a previously characterized nmf205 point mutation), and wildtype mice. RNA-seq and ribosome footprint profiling datasets were generated for each sample.",33186095,,,415767,GPL21103,Mus musculus,GSE,Expression profiling by high throughput sequencing; Other,2020/10/26,18,ftp://ftp.ncbi.nlm.nih.gov/geo/series/GSE157nnn/GSE157902/,GTPBP1 resolves paused ribosomes to maintain neuronal homeostasis.,eLife,2020 Nov 13,10.7554/eLife.62731,OSD-525|RR23_Cb_FLT_F1_techrep1,Space Flight
109,GSM2718617,0.9904146194458008,GSE101918,Species and Cell-Type Properties of Classically Defined Human and Rodent Neurons and Glia,,,This SuperSeries is composed of the SubSeries listed below.,Refer to individual Series,30320555,,,118503,GPL17021; GPL20084; GPL18573; GPL19057,Mus musculus; Rattus norvegicus; Homo sapiens,GSE,Genome binding/occupancy profiling by high throughput sequencing; Expression profiling by high throughput sequencing,2018/10/12,114,ftp://ftp.ncbi.nlm.nih.gov/geo/series/GSE101nnn/GSE101918/,Species and cell-type properties of classically defined human and rodent neurons and glia.,eLife,2018 Oct 15,10.7554/eLife.37551,OSD-525|RR23_Cb_FLT_F1_techrep1,Space Flight
110,GSM5900265,0.9922870397567749,GSE196765,Autism-like behaviors and cerebellar dysfunction in the Bmal1 mutant mouse ameliorated by mTORC1 inhibition,,,"Although circadian and sleep disorders are frequently associated with autism spectrum disorders (ASD), it remains elusive whether clock gene disruption can lead to autistic-like phenotypes in animals. The essential clock gene Bmal1 has been associated with human sociability and its missense mutations are identified in ASD. Here we report that global Bmal1 deletion led to significant social impairments, excessive stereotyped and repetitive behaviors, as well as motor learning disabilities in mice, all of which resemble core behavioral deficits in ASD. Furthermore, aberrant cell density and immature morphology of dendritic spines were identified in the cerebellar Purkinje cells (PCs) of Bmal1 knockout (KO) mice. Electrophysiological recordings uncovered enhanced excitatory and inhibitory synaptic transmission and reduced firing rates in the PCs of Bmal1 KO mice. Differential expression of ASD- and ataxia-associated genes (Ntng2, Mfrp, Nr4a2, Thbs1, Atxn1, and Atxn3) and dysregulated pathways of translational control, including hyperactivated mammalian target of rapamycin complex 1 (mTORC1) signaling, were identified in the cerebellum of Bmal1 KO mice. Interestingly, the antidiabetic drug metformin reversed mTORC1 hyperactivation and alleviated major behavioral and PC deficits in Bmal1 KO mice. Importantly, conditional Bmal1 deletion only in cerebellar PCs was sufficient to recapitulate autistic-like behavioral and cellular changes akin to those identified in Bmal1 KO mice. Together, these results unveil a previously unidentified role for Bmal1 disruption in cerebellar dysfunction and autistic-like behaviors. Our findings provide experimental evidence supporting a putative role for dysregulation of circadian clock gene expression in the pathogenesis of ASD.","total RNA-seq and footprint experiments from the cerebellar tissue of Bmal1 knockout and wildtype mice, 3 biological replicates form each condition for RNA-seq; 2 biolgical replicates from each condition for footprint experiments.",35301425,,,598590,GPL13112,Mus musculus,GSE,Expression profiling by high throughput sequencing,2022/03/17,10,ftp://ftp.ncbi.nlm.nih.gov/geo/series/GSE196nnn/GSE196765/,Autistic-like behavior and cerebellar dysfunction in Bmal1 mutant mice ameliorated by mTORC1 inhibition.,Molecular psychiatry,2023 Sep,10.1038/s41380-022-01499-6,OSD-525|RR23_Cb_FLT_F1_techrep2,Space Flight
111,GSM2718616,0.9902806282043457,GSE101918,Species and Cell-Type Properties of Classically Defined Human and Rodent Neurons and Glia,,,This SuperSeries is composed of the SubSeries listed below.,Refer to individual Series,30320555,,,118502,GPL17021; GPL20084; GPL18573; GPL19057,Mus musculus; Rattus norvegicus; Homo sapiens,GSE,Genome binding/occupancy profiling by high throughput sequencing; Expression profiling by high throughput sequencing,2018/10/12,114,ftp://ftp.ncbi.nlm.nih.gov/geo/series/GSE101nnn/GSE101918/,Species and cell-type properties of classically defined human and rodent neurons and glia.,eLife,2018 Oct 15,10.7554/eLife.37551,OSD-525|RR23_Cb_FLT_F1_techrep2,Space Flight
112,GSM4199722,0.9893742203712463,GSE141252,Chronologic age and morbidities could converge on gene-specific traits through length-dependent failure of transcript polymerization,,,We provide evidence for the decrease of long transcripts during aging using a unique reference transcriptomic survey of 17 mouse organs sampled at 5 timepoints over the lifespan.,"Transcriptomic profiles of 17 mouse organs, sampled at 4, 9, 12, 18, 24 months of age, were generated by standard illumina RNA-Seq protocols.",,,,315110,GPL19057,Mus musculus,GSE,Expression profiling by high throughput sequencing,2021/12/31,518,ftp://ftp.ncbi.nlm.nih.gov/geo/series/GSE141nnn/GSE141252/,,,,,OSD-525|RR23_Cb_FLT_F1_techrep2,Space Flight
113,GSM5900262,0.9890515804290771,GSE196765,Autism-like behaviors and cerebellar dysfunction in the Bmal1 mutant mouse ameliorated by mTORC1 inhibition,,,"Although circadian and sleep disorders are frequently associated with autism spectrum disorders (ASD), it remains elusive whether clock gene disruption can lead to autistic-like phenotypes in animals. The essential clock gene Bmal1 has been associated with human sociability and its missense mutations are identified in ASD. Here we report that global Bmal1 deletion led to significant social impairments, excessive stereotyped and repetitive behaviors, as well as motor learning disabilities in mice, all of which resemble core behavioral deficits in ASD. Furthermore, aberrant cell density and immature morphology of dendritic spines were identified in the cerebellar Purkinje cells (PCs) of Bmal1 knockout (KO) mice. Electrophysiological recordings uncovered enhanced excitatory and inhibitory synaptic transmission and reduced firing rates in the PCs of Bmal1 KO mice. Differential expression of ASD- and ataxia-associated genes (Ntng2, Mfrp, Nr4a2, Thbs1, Atxn1, and Atxn3) and dysregulated pathways of translational control, including hyperactivated mammalian target of rapamycin complex 1 (mTORC1) signaling, were identified in the cerebellum of Bmal1 KO mice. Interestingly, the antidiabetic drug metformin reversed mTORC1 hyperactivation and alleviated major behavioral and PC deficits in Bmal1 KO mice. Importantly, conditional Bmal1 deletion only in cerebellar PCs was sufficient to recapitulate autistic-like behavioral and cellular changes akin to those identified in Bmal1 KO mice. Together, these results unveil a previously unidentified role for Bmal1 disruption in cerebellar dysfunction and autistic-like behaviors. Our findings provide experimental evidence supporting a putative role for dysregulation of circadian clock gene expression in the pathogenesis of ASD.","total RNA-seq and footprint experiments from the cerebellar tissue of Bmal1 knockout and wildtype mice, 3 biological replicates form each condition for RNA-seq; 2 biolgical replicates from each condition for footprint experiments.",35301425,,,598587,GPL13112,Mus musculus,GSE,Expression profiling by high throughput sequencing,2022/03/17,10,ftp://ftp.ncbi.nlm.nih.gov/geo/series/GSE196nnn/GSE196765/,Autistic-like behavior and cerebellar dysfunction in Bmal1 mutant mice ameliorated by mTORC1 inhibition.,Molecular psychiatry,2023 Sep,10.1038/s41380-022-01499-6,OSD-525|RR23_Cb_FLT_F1_techrep2,Space Flight
114,GSM2779383,0.9889046549797058,GSE103698,Intact interleukin-10 receptor signaling protects from hippocampal damage elicited by experimental neurotropic virus infection of SJL mice,,,"Differential interleukin-10 (IL-10) expression is suspected to contribute to strain specific differences in the course of Theiler's murine encephalomyelitis virus infection in mice. To determine the expression kinetics of IL-10 and related genes, RNA-based next generation sequencing (RNA-seq) was performed with brain cells obtained from infected SJL mice. Methods: 5-week old, female SJL mice were infected with the BeAn strain of TMEV and sacrificed 4, 7 or 14 days post infection (dpi). RNA was isolated from transversal sections of brain tissue at the level of the hippocampus. RNA-seq was performed on an Illumina HiSeq2500 system. Genes involved in Interleukin-10 (IL-10) signalling were analyzed and transcript levels were compared during the course of infection. Results: A significant upregulation of Interleukin-10 (Il10), Interleukin-10 receptor subunit α (ll10rα), Janus kinase 1 (Jak1) and signal transducer and activator of transcription 3 (Stat3) was detected 7 days post infection (dpi) compared to 4 dpi. Same genes showed a significant downregulation at 14 dpi compared to 7 dpi. Suppressor of cytokine signaling 3 (Socs3) was significantly downregulated at 14 dpi compared to 7 dpi. No differences were detected between transcript levels of interleukin-10 receptor subunit β (Il10rβ) and tyrosine kinase 2 (Tyk2). Conclusion: IL-10 pathway gene expression is transiently upregulated following TMEV-infection of SJL-mice.",RNA-seq of brain tissue derived from TMEV-infected SJL mice. 3 different timepoints post infection with 5 animals per timepoint.,29666403,,,131605,GPL17021,Mus musculus,GSE,Expression profiling by high throughput sequencing,2018/05/09,15,ftp://ftp.ncbi.nlm.nih.gov/geo/series/GSE103nnn/GSE103698/,Intact interleukin-10 receptor signaling protects from hippocampal damage elicited by experimental neurotropic virus infection of SJL mice.,Scientific reports,2018 Apr 17,10.1038/s41598-018-24378-z,OSD-525|RR23_Cb_FLT_F1_techrep2,Space Flight
115,GSM6610612,0.9887603521347046,GSE214530,Time- and tissue-specific response of the mouse transcriptome after a short-term exposure to normoxia or intermittent hypoxia (IH),,,"To investigated the effects of early exposure to IH on tissue-specific transcriptome and biological processes, we evaluated differential gene expression of circadian rhythms and 24-hour mean expression in the lung, heart, liver, kidney, muscle, and cerebellum from mice after exposure to normoxic and IH conditions. The cardiopulmonary tissues were most affected by short-term exposure to IH in comparison with other organs.","Eight-week-old C57BL/6J mice were exposed to either normoxia or intermittent hypooxia (21-8% O2) for seven days before it was released into constant normoxic darkness for two days. Multiple tissues (liver, lung, kidney, muscle, heart, and cerebellum) were harvested on the second day of constant darkness for 24 hours with three-hour intervals to assess changes in their transcriptome.",37252926,,,691298,GPL24247,Mus musculus,GSE,Expression profiling by high throughput sequencing,2022/09/30,288,ftp://ftp.ncbi.nlm.nih.gov/geo/series/GSE214nnn/GSE214530/,Obstructive sleep apnea in a mouse model is associated with tissue-specific transcriptomic changes in circadian rhythmicity and mean 24-hour gene expression.,PLoS biology,2023 May,10.1371/journal.pbio.3002139,OSD-525|RR23_Cb_FLT_F1_techrep2,Space Flight
116,GSM6610607,0.988640308380127,GSE214530,Time- and tissue-specific response of the mouse transcriptome after a short-term exposure to normoxia or intermittent hypoxia (IH),,,"To investigated the effects of early exposure to IH on tissue-specific transcriptome and biological processes, we evaluated differential gene expression of circadian rhythms and 24-hour mean expression in the lung, heart, liver, kidney, muscle, and cerebellum from mice after exposure to normoxic and IH conditions. The cardiopulmonary tissues were most affected by short-term exposure to IH in comparison with other organs.","Eight-week-old C57BL/6J mice were exposed to either normoxia or intermittent hypooxia (21-8% O2) for seven days before it was released into constant normoxic darkness for two days. Multiple tissues (liver, lung, kidney, muscle, heart, and cerebellum) were harvested on the second day of constant darkness for 24 hours with three-hour intervals to assess changes in their transcriptome.",37252926,,,691293,GPL24247,Mus musculus,GSE,Expression profiling by high throughput sequencing,2022/09/30,288,ftp://ftp.ncbi.nlm.nih.gov/geo/series/GSE214nnn/GSE214530/,Obstructive sleep apnea in a mouse model is associated with tissue-specific transcriptomic changes in circadian rhythmicity and mean 24-hour gene expression.,PLoS biology,2023 May,10.1371/journal.pbio.3002139,OSD-525|RR23_Cb_FLT_F1_techrep2,Space Flight
117,GSM4199490,0.9882319569587708,GSE141252,Chronologic age and morbidities could converge on gene-specific traits through length-dependent failure of transcript polymerization,,,We provide evidence for the decrease of long transcripts during aging using a unique reference transcriptomic survey of 17 mouse organs sampled at 5 timepoints over the lifespan.,"Transcriptomic profiles of 17 mouse organs, sampled at 4, 9, 12, 18, 24 months of age, were generated by standard illumina RNA-Seq protocols.",,,,314885,GPL19057,Mus musculus,GSE,Expression profiling by high throughput sequencing,2021/12/31,518,ftp://ftp.ncbi.nlm.nih.gov/geo/series/GSE141nnn/GSE141252/,,,,,OSD-525|RR23_Cb_FLT_F1_techrep2,Space Flight
118,GSM5900268,0.9881053566932678,GSE196765,Autism-like behaviors and cerebellar dysfunction in the Bmal1 mutant mouse ameliorated by mTORC1 inhibition,,,"Although circadian and sleep disorders are frequently associated with autism spectrum disorders (ASD), it remains elusive whether clock gene disruption can lead to autistic-like phenotypes in animals. The essential clock gene Bmal1 has been associated with human sociability and its missense mutations are identified in ASD. Here we report that global Bmal1 deletion led to significant social impairments, excessive stereotyped and repetitive behaviors, as well as motor learning disabilities in mice, all of which resemble core behavioral deficits in ASD. Furthermore, aberrant cell density and immature morphology of dendritic spines were identified in the cerebellar Purkinje cells (PCs) of Bmal1 knockout (KO) mice. Electrophysiological recordings uncovered enhanced excitatory and inhibitory synaptic transmission and reduced firing rates in the PCs of Bmal1 KO mice. Differential expression of ASD- and ataxia-associated genes (Ntng2, Mfrp, Nr4a2, Thbs1, Atxn1, and Atxn3) and dysregulated pathways of translational control, including hyperactivated mammalian target of rapamycin complex 1 (mTORC1) signaling, were identified in the cerebellum of Bmal1 KO mice. Interestingly, the antidiabetic drug metformin reversed mTORC1 hyperactivation and alleviated major behavioral and PC deficits in Bmal1 KO mice. Importantly, conditional Bmal1 deletion only in cerebellar PCs was sufficient to recapitulate autistic-like behavioral and cellular changes akin to those identified in Bmal1 KO mice. Together, these results unveil a previously unidentified role for Bmal1 disruption in cerebellar dysfunction and autistic-like behaviors. Our findings provide experimental evidence supporting a putative role for dysregulation of circadian clock gene expression in the pathogenesis of ASD.","total RNA-seq and footprint experiments from the cerebellar tissue of Bmal1 knockout and wildtype mice, 3 biological replicates form each condition for RNA-seq; 2 biolgical replicates from each condition for footprint experiments.",35301425,,,598593,GPL13112,Mus musculus,GSE,Expression profiling by high throughput sequencing,2022/03/17,10,ftp://ftp.ncbi.nlm.nih.gov/geo/series/GSE196nnn/GSE196765/,Autistic-like behavior and cerebellar dysfunction in Bmal1 mutant mice ameliorated by mTORC1 inhibition.,Molecular psychiatry,2023 Sep,10.1038/s41380-022-01499-6,OSD-525|RR23_Cb_FLT_F1_techrep2,Space Flight
119,GSM4199640,0.9880606532096863,GSE141252,Chronologic age and morbidities could converge on gene-specific traits through length-dependent failure of transcript polymerization,,,We provide evidence for the decrease of long transcripts during aging using a unique reference transcriptomic survey of 17 mouse organs sampled at 5 timepoints over the lifespan.,"Transcriptomic profiles of 17 mouse organs, sampled at 4, 9, 12, 18, 24 months of age, were generated by standard illumina RNA-Seq protocols.",,,,315028,GPL19057,Mus musculus,GSE,Expression profiling by high throughput sequencing,2021/12/31,518,ftp://ftp.ncbi.nlm.nih.gov/geo/series/GSE141nnn/GSE141252/,,,,,OSD-525|RR23_Cb_FLT_F1_techrep2,Space Flight
120,GSM4780427,0.9936105012893677,GSE157902,GTPBP1 resolves paused ribosomes to maintain neuronal homeostasis,,,"Ribosome-associated quality control pathways respond to defects in translational elongation to recycle arrested ribosomes and degrade aberrant polypeptides and mRNAs. Loss of an individual tRNA gene leads to ribosomal pausing that is resolved by the translational GTPase GTPBP2, and in its absence causes neuron death. Here we show that loss of the homologous protein GTPBP1 during tRNA deficiency in the mouse brain also leads to codon-specific ribosome pausing and neurodegeneration, suggesting that these non-redundant translational GTPases function in the same pathway to mitigate ribosome pausing. Ribosome stalling in the mutant brain led to activation of the integrated stress response (ISR) mediated by GCN2 and decreased mTORC1 signaling. However, in contrast to the ISR, which enhanced neuron survival, reduced mTORC1 signaling increased neuronal death. Our data demonstrate that GTPBP1 functions as an important quality control mechanism during translation elongation and suggest that translational signaling pathways intricately interact to regulate neuronal homeostasis during defective translation elongation.","18 samples are in analyzed in this study in the context of 3 week old C57BL/6J (B6J) mouse cerebellum. These include 3 replicates of the following genotypes Gtpbp1 -/-, Gtpbp2 -/- (mediated through a previously characterized nmf205 point mutation), and wildtype mice. RNA-seq and ribosome footprint profiling datasets were generated for each sample.",33186095,,,415765,GPL21103,Mus musculus,GSE,Expression profiling by high throughput sequencing; Other,2020/10/26,18,ftp://ftp.ncbi.nlm.nih.gov/geo/series/GSE157nnn/GSE157902/,GTPBP1 resolves paused ribosomes to maintain neuronal homeostasis.,eLife,2020 Nov 13,10.7554/eLife.62731,OSD-525|RR23_Cb_FLT_F2,Space Flight
121,GSM5900268,0.9934839010238647,GSE196765,Autism-like behaviors and cerebellar dysfunction in the Bmal1 mutant mouse ameliorated by mTORC1 inhibition,,,"Although circadian and sleep disorders are frequently associated with autism spectrum disorders (ASD), it remains elusive whether clock gene disruption can lead to autistic-like phenotypes in animals. The essential clock gene Bmal1 has been associated with human sociability and its missense mutations are identified in ASD. Here we report that global Bmal1 deletion led to significant social impairments, excessive stereotyped and repetitive behaviors, as well as motor learning disabilities in mice, all of which resemble core behavioral deficits in ASD. Furthermore, aberrant cell density and immature morphology of dendritic spines were identified in the cerebellar Purkinje cells (PCs) of Bmal1 knockout (KO) mice. Electrophysiological recordings uncovered enhanced excitatory and inhibitory synaptic transmission and reduced firing rates in the PCs of Bmal1 KO mice. Differential expression of ASD- and ataxia-associated genes (Ntng2, Mfrp, Nr4a2, Thbs1, Atxn1, and Atxn3) and dysregulated pathways of translational control, including hyperactivated mammalian target of rapamycin complex 1 (mTORC1) signaling, were identified in the cerebellum of Bmal1 KO mice. Interestingly, the antidiabetic drug metformin reversed mTORC1 hyperactivation and alleviated major behavioral and PC deficits in Bmal1 KO mice. Importantly, conditional Bmal1 deletion only in cerebellar PCs was sufficient to recapitulate autistic-like behavioral and cellular changes akin to those identified in Bmal1 KO mice. Together, these results unveil a previously unidentified role for Bmal1 disruption in cerebellar dysfunction and autistic-like behaviors. Our findings provide experimental evidence supporting a putative role for dysregulation of circadian clock gene expression in the pathogenesis of ASD.","total RNA-seq and footprint experiments from the cerebellar tissue of Bmal1 knockout and wildtype mice, 3 biological replicates form each condition for RNA-seq; 2 biolgical replicates from each condition for footprint experiments.",35301425,,,598593,GPL13112,Mus musculus,GSE,Expression profiling by high throughput sequencing,2022/03/17,10,ftp://ftp.ncbi.nlm.nih.gov/geo/series/GSE196nnn/GSE196765/,Autistic-like behavior and cerebellar dysfunction in Bmal1 mutant mice ameliorated by mTORC1 inhibition.,Molecular psychiatry,2023 Sep,10.1038/s41380-022-01499-6,OSD-525|RR23_Cb_FLT_F2,Space Flight
122,GSM4780424,0.9934472441673279,GSE157902,GTPBP1 resolves paused ribosomes to maintain neuronal homeostasis,,,"Ribosome-associated quality control pathways respond to defects in translational elongation to recycle arrested ribosomes and degrade aberrant polypeptides and mRNAs. Loss of an individual tRNA gene leads to ribosomal pausing that is resolved by the translational GTPase GTPBP2, and in its absence causes neuron death. Here we show that loss of the homologous protein GTPBP1 during tRNA deficiency in the mouse brain also leads to codon-specific ribosome pausing and neurodegeneration, suggesting that these non-redundant translational GTPases function in the same pathway to mitigate ribosome pausing. Ribosome stalling in the mutant brain led to activation of the integrated stress response (ISR) mediated by GCN2 and decreased mTORC1 signaling. However, in contrast to the ISR, which enhanced neuron survival, reduced mTORC1 signaling increased neuronal death. Our data demonstrate that GTPBP1 functions as an important quality control mechanism during translation elongation and suggest that translational signaling pathways intricately interact to regulate neuronal homeostasis during defective translation elongation.","18 samples are in analyzed in this study in the context of 3 week old C57BL/6J (B6J) mouse cerebellum. These include 3 replicates of the following genotypes Gtpbp1 -/-, Gtpbp2 -/- (mediated through a previously characterized nmf205 point mutation), and wildtype mice. RNA-seq and ribosome footprint profiling datasets were generated for each sample.",33186095,,,415762,GPL21103,Mus musculus,GSE,Expression profiling by high throughput sequencing; Other,2020/10/26,18,ftp://ftp.ncbi.nlm.nih.gov/geo/series/GSE157nnn/GSE157902/,GTPBP1 resolves paused ribosomes to maintain neuronal homeostasis.,eLife,2020 Nov 13,10.7554/eLife.62731,OSD-525|RR23_Cb_FLT_F2,Space Flight
123,GSM4780429,0.9932172298431396,GSE157902,GTPBP1 resolves paused ribosomes to maintain neuronal homeostasis,,,"Ribosome-associated quality control pathways respond to defects in translational elongation to recycle arrested ribosomes and degrade aberrant polypeptides and mRNAs. Loss of an individual tRNA gene leads to ribosomal pausing that is resolved by the translational GTPase GTPBP2, and in its absence causes neuron death. Here we show that loss of the homologous protein GTPBP1 during tRNA deficiency in the mouse brain also leads to codon-specific ribosome pausing and neurodegeneration, suggesting that these non-redundant translational GTPases function in the same pathway to mitigate ribosome pausing. Ribosome stalling in the mutant brain led to activation of the integrated stress response (ISR) mediated by GCN2 and decreased mTORC1 signaling. However, in contrast to the ISR, which enhanced neuron survival, reduced mTORC1 signaling increased neuronal death. Our data demonstrate that GTPBP1 functions as an important quality control mechanism during translation elongation and suggest that translational signaling pathways intricately interact to regulate neuronal homeostasis during defective translation elongation.","18 samples are in analyzed in this study in the context of 3 week old C57BL/6J (B6J) mouse cerebellum. These include 3 replicates of the following genotypes Gtpbp1 -/-, Gtpbp2 -/- (mediated through a previously characterized nmf205 point mutation), and wildtype mice. RNA-seq and ribosome footprint profiling datasets were generated for each sample.",33186095,,,415767,GPL21103,Mus musculus,GSE,Expression profiling by high throughput sequencing; Other,2020/10/26,18,ftp://ftp.ncbi.nlm.nih.gov/geo/series/GSE157nnn/GSE157902/,GTPBP1 resolves paused ribosomes to maintain neuronal homeostasis.,eLife,2020 Nov 13,10.7554/eLife.62731,OSD-525|RR23_Cb_FLT_F2,Space Flight
124,GSM4199640,0.9929425716400146,GSE141252,Chronologic age and morbidities could converge on gene-specific traits through length-dependent failure of transcript polymerization,,,We provide evidence for the decrease of long transcripts during aging using a unique reference transcriptomic survey of 17 mouse organs sampled at 5 timepoints over the lifespan.,"Transcriptomic profiles of 17 mouse organs, sampled at 4, 9, 12, 18, 24 months of age, were generated by standard illumina RNA-Seq protocols.",,,,315028,GPL19057,Mus musculus,GSE,Expression profiling by high throughput sequencing,2021/12/31,518,ftp://ftp.ncbi.nlm.nih.gov/geo/series/GSE141nnn/GSE141252/,,,,,OSD-525|RR23_Cb_FLT_F2,Space Flight
125,GSM2341166,0.9928784966468811,GSE87808,Impaired Amino Acid Transport at the Blood Brain Barrier Is a Cause of Autism Spectrum Disorder,,,"Autism spectrum disorders (ASD) are a group of genetic disorders often overlapping with other neurological conditions. We previously described abnormalities in the branched chain amino acid (BCAA) catabolic pathway as a cause of ASD. Here we show that the solute carrier transporter 7a5 (SLC7A5), a large neutral amino acid transporter localized at the blood brain barrier (BBB), has an essential role in maintaining normal levels of brain BCAAs. In mice, deletion of Slc7a5 from the endothelial cells of the BBB leads to decreased levels of brain BCAAs, abnormal mRNA translation and severe neurological abnormalities. Furthermore, we identified several patients with autistic traits and motor delay carrying deleterious homozygous mutations in the SLC7A5 gene. Finally, we demonstrate that BCAA intracerebroventricular administration ameliorates abnormal behaviors in adult mutant mice. Our data elucidate a neurological syndrome defined by SLC7A5 mutations and support an essential role for the BCAA in human brain function.",RNA-sequencing of cerebellum from 3 wildtype mice and 3 Slc7a5 KO mice,27912058,,,78243,GPL17021,Mus musculus,GSE,Expression profiling by high throughput sequencing,2016/12/22,6,ftp://ftp.ncbi.nlm.nih.gov/geo/series/GSE87nnn/GSE87808/,Impaired Amino Acid Transport at the Blood Brain Barrier Is a Cause of Autism Spectrum Disorder.,Cell,2016 Dec 1,10.1016/j.cell.2016.11.013,OSD-525|RR23_Cb_FLT_F2,Space Flight
126,GSM4199365,0.9928629398345947,GSE141252,Chronologic age and morbidities could converge on gene-specific traits through length-dependent failure of transcript polymerization,,,We provide evidence for the decrease of long transcripts during aging using a unique reference transcriptomic survey of 17 mouse organs sampled at 5 timepoints over the lifespan.,"Transcriptomic profiles of 17 mouse organs, sampled at 4, 9, 12, 18, 24 months of age, were generated by standard illumina RNA-Seq protocols.",,,,314769,GPL19057,Mus musculus,GSE,Expression profiling by high throughput sequencing,2021/12/31,518,ftp://ftp.ncbi.nlm.nih.gov/geo/series/GSE141nnn/GSE141252/,,,,,OSD-525|RR23_Cb_FLT_F2,Space Flight
127,GSM4199475,0.9926413893699646,GSE141252,Chronologic age and morbidities could converge on gene-specific traits through length-dependent failure of transcript polymerization,,,We provide evidence for the decrease of long transcripts during aging using a unique reference transcriptomic survey of 17 mouse organs sampled at 5 timepoints over the lifespan.,"Transcriptomic profiles of 17 mouse organs, sampled at 4, 9, 12, 18, 24 months of age, were generated by standard illumina RNA-Seq protocols.",,,,314870,GPL19057,Mus musculus,GSE,Expression profiling by high throughput sequencing,2021/12/31,518,ftp://ftp.ncbi.nlm.nih.gov/geo/series/GSE141nnn/GSE141252/,,,,,OSD-525|RR23_Cb_FLT_F2,Space Flight
128,GSM6610612,0.9926382303237915,GSE214530,Time- and tissue-specific response of the mouse transcriptome after a short-term exposure to normoxia or intermittent hypoxia (IH),,,"To investigated the effects of early exposure to IH on tissue-specific transcriptome and biological processes, we evaluated differential gene expression of circadian rhythms and 24-hour mean expression in the lung, heart, liver, kidney, muscle, and cerebellum from mice after exposure to normoxic and IH conditions. The cardiopulmonary tissues were most affected by short-term exposure to IH in comparison with other organs.","Eight-week-old C57BL/6J mice were exposed to either normoxia or intermittent hypooxia (21-8% O2) for seven days before it was released into constant normoxic darkness for two days. Multiple tissues (liver, lung, kidney, muscle, heart, and cerebellum) were harvested on the second day of constant darkness for 24 hours with three-hour intervals to assess changes in their transcriptome.",37252926,,,691298,GPL24247,Mus musculus,GSE,Expression profiling by high throughput sequencing,2022/09/30,288,ftp://ftp.ncbi.nlm.nih.gov/geo/series/GSE214nnn/GSE214530/,Obstructive sleep apnea in a mouse model is associated with tissue-specific transcriptomic changes in circadian rhythmicity and mean 24-hour gene expression.,PLoS biology,2023 May,10.1371/journal.pbio.3002139,OSD-525|RR23_Cb_FLT_F2,Space Flight
129,GSM4780432,0.9926339387893677,GSE157902,GTPBP1 resolves paused ribosomes to maintain neuronal homeostasis,,,"Ribosome-associated quality control pathways respond to defects in translational elongation to recycle arrested ribosomes and degrade aberrant polypeptides and mRNAs. Loss of an individual tRNA gene leads to ribosomal pausing that is resolved by the translational GTPase GTPBP2, and in its absence causes neuron death. Here we show that loss of the homologous protein GTPBP1 during tRNA deficiency in the mouse brain also leads to codon-specific ribosome pausing and neurodegeneration, suggesting that these non-redundant translational GTPases function in the same pathway to mitigate ribosome pausing. Ribosome stalling in the mutant brain led to activation of the integrated stress response (ISR) mediated by GCN2 and decreased mTORC1 signaling. However, in contrast to the ISR, which enhanced neuron survival, reduced mTORC1 signaling increased neuronal death. Our data demonstrate that GTPBP1 functions as an important quality control mechanism during translation elongation and suggest that translational signaling pathways intricately interact to regulate neuronal homeostasis during defective translation elongation.","18 samples are in analyzed in this study in the context of 3 week old C57BL/6J (B6J) mouse cerebellum. These include 3 replicates of the following genotypes Gtpbp1 -/-, Gtpbp2 -/- (mediated through a previously characterized nmf205 point mutation), and wildtype mice. RNA-seq and ribosome footprint profiling datasets were generated for each sample.",33186095,,,415770,GPL21103,Mus musculus,GSE,Expression profiling by high throughput sequencing; Other,2020/10/26,18,ftp://ftp.ncbi.nlm.nih.gov/geo/series/GSE157nnn/GSE157902/,GTPBP1 resolves paused ribosomes to maintain neuronal homeostasis.,eLife,2020 Nov 13,10.7554/eLife.62731,OSD-525|RR23_Cb_FLT_F2,Space Flight
130,GSM4199475,0.991888165473938,GSE141252,Chronologic age and morbidities could converge on gene-specific traits through length-dependent failure of transcript polymerization,,,We provide evidence for the decrease of long transcripts during aging using a unique reference transcriptomic survey of 17 mouse organs sampled at 5 timepoints over the lifespan.,"Transcriptomic profiles of 17 mouse organs, sampled at 4, 9, 12, 18, 24 months of age, were generated by standard illumina RNA-Seq protocols.",,,,314870,GPL19057,Mus musculus,GSE,Expression profiling by high throughput sequencing,2021/12/31,518,ftp://ftp.ncbi.nlm.nih.gov/geo/series/GSE141nnn/GSE141252/,,,,,OSD-525|RR23_Cb_FLT_F3,Space Flight
131,GSM4199640,0.9918212890625,GSE141252,Chronologic age and morbidities could converge on gene-specific traits through length-dependent failure of transcript polymerization,,,We provide evidence for the decrease of long transcripts during aging using a unique reference transcriptomic survey of 17 mouse organs sampled at 5 timepoints over the lifespan.,"Transcriptomic profiles of 17 mouse organs, sampled at 4, 9, 12, 18, 24 months of age, were generated by standard illumina RNA-Seq protocols.",,,,315028,GPL19057,Mus musculus,GSE,Expression profiling by high throughput sequencing,2021/12/31,518,ftp://ftp.ncbi.nlm.nih.gov/geo/series/GSE141nnn/GSE141252/,,,,,OSD-525|RR23_Cb_FLT_F3,Space Flight
132,GSM4780424,0.991532027721405,GSE157902,GTPBP1 resolves paused ribosomes to maintain neuronal homeostasis,,,"Ribosome-associated quality control pathways respond to defects in translational elongation to recycle arrested ribosomes and degrade aberrant polypeptides and mRNAs. Loss of an individual tRNA gene leads to ribosomal pausing that is resolved by the translational GTPase GTPBP2, and in its absence causes neuron death. Here we show that loss of the homologous protein GTPBP1 during tRNA deficiency in the mouse brain also leads to codon-specific ribosome pausing and neurodegeneration, suggesting that these non-redundant translational GTPases function in the same pathway to mitigate ribosome pausing. Ribosome stalling in the mutant brain led to activation of the integrated stress response (ISR) mediated by GCN2 and decreased mTORC1 signaling. However, in contrast to the ISR, which enhanced neuron survival, reduced mTORC1 signaling increased neuronal death. Our data demonstrate that GTPBP1 functions as an important quality control mechanism during translation elongation and suggest that translational signaling pathways intricately interact to regulate neuronal homeostasis during defective translation elongation.","18 samples are in analyzed in this study in the context of 3 week old C57BL/6J (B6J) mouse cerebellum. These include 3 replicates of the following genotypes Gtpbp1 -/-, Gtpbp2 -/- (mediated through a previously characterized nmf205 point mutation), and wildtype mice. RNA-seq and ribosome footprint profiling datasets were generated for each sample.",33186095,,,415762,GPL21103,Mus musculus,GSE,Expression profiling by high throughput sequencing; Other,2020/10/26,18,ftp://ftp.ncbi.nlm.nih.gov/geo/series/GSE157nnn/GSE157902/,GTPBP1 resolves paused ribosomes to maintain neuronal homeostasis.,eLife,2020 Nov 13,10.7554/eLife.62731,OSD-525|RR23_Cb_FLT_F3,Space Flight
133,GSM4199490,0.9914703965187073,GSE141252,Chronologic age and morbidities could converge on gene-specific traits through length-dependent failure of transcript polymerization,,,We provide evidence for the decrease of long transcripts during aging using a unique reference transcriptomic survey of 17 mouse organs sampled at 5 timepoints over the lifespan.,"Transcriptomic profiles of 17 mouse organs, sampled at 4, 9, 12, 18, 24 months of age, were generated by standard illumina RNA-Seq protocols.",,,,314885,GPL19057,Mus musculus,GSE,Expression profiling by high throughput sequencing,2021/12/31,518,ftp://ftp.ncbi.nlm.nih.gov/geo/series/GSE141nnn/GSE141252/,,,,,OSD-525|RR23_Cb_FLT_F3,Space Flight
134,GSM6610612,0.9912962317466736,GSE214530,Time- and tissue-specific response of the mouse transcriptome after a short-term exposure to normoxia or intermittent hypoxia (IH),,,"To investigated the effects of early exposure to IH on tissue-specific transcriptome and biological processes, we evaluated differential gene expression of circadian rhythms and 24-hour mean expression in the lung, heart, liver, kidney, muscle, and cerebellum from mice after exposure to normoxic and IH conditions. The cardiopulmonary tissues were most affected by short-term exposure to IH in comparison with other organs.","Eight-week-old C57BL/6J mice were exposed to either normoxia or intermittent hypooxia (21-8% O2) for seven days before it was released into constant normoxic darkness for two days. Multiple tissues (liver, lung, kidney, muscle, heart, and cerebellum) were harvested on the second day of constant darkness for 24 hours with three-hour intervals to assess changes in their transcriptome.",37252926,,,691298,GPL24247,Mus musculus,GSE,Expression profiling by high throughput sequencing,2022/09/30,288,ftp://ftp.ncbi.nlm.nih.gov/geo/series/GSE214nnn/GSE214530/,Obstructive sleep apnea in a mouse model is associated with tissue-specific transcriptomic changes in circadian rhythmicity and mean 24-hour gene expression.,PLoS biology,2023 May,10.1371/journal.pbio.3002139,OSD-525|RR23_Cb_FLT_F3,Space Flight
135,GSM4199365,0.991204559803009,GSE141252,Chronologic age and morbidities could converge on gene-specific traits through length-dependent failure of transcript polymerization,,,We provide evidence for the decrease of long transcripts during aging using a unique reference transcriptomic survey of 17 mouse organs sampled at 5 timepoints over the lifespan.,"Transcriptomic profiles of 17 mouse organs, sampled at 4, 9, 12, 18, 24 months of age, were generated by standard illumina RNA-Seq protocols.",,,,314769,GPL19057,Mus musculus,GSE,Expression profiling by high throughput sequencing,2021/12/31,518,ftp://ftp.ncbi.nlm.nih.gov/geo/series/GSE141nnn/GSE141252/,,,,,OSD-525|RR23_Cb_FLT_F3,Space Flight
136,GSM6610607,0.9911463856697083,GSE214530,Time- and tissue-specific response of the mouse transcriptome after a short-term exposure to normoxia or intermittent hypoxia (IH),,,"To investigated the effects of early exposure to IH on tissue-specific transcriptome and biological processes, we evaluated differential gene expression of circadian rhythms and 24-hour mean expression in the lung, heart, liver, kidney, muscle, and cerebellum from mice after exposure to normoxic and IH conditions. The cardiopulmonary tissues were most affected by short-term exposure to IH in comparison with other organs.","Eight-week-old C57BL/6J mice were exposed to either normoxia or intermittent hypooxia (21-8% O2) for seven days before it was released into constant normoxic darkness for two days. Multiple tissues (liver, lung, kidney, muscle, heart, and cerebellum) were harvested on the second day of constant darkness for 24 hours with three-hour intervals to assess changes in their transcriptome.",37252926,,,691293,GPL24247,Mus musculus,GSE,Expression profiling by high throughput sequencing,2022/09/30,288,ftp://ftp.ncbi.nlm.nih.gov/geo/series/GSE214nnn/GSE214530/,Obstructive sleep apnea in a mouse model is associated with tissue-specific transcriptomic changes in circadian rhythmicity and mean 24-hour gene expression.,PLoS biology,2023 May,10.1371/journal.pbio.3002139,OSD-525|RR23_Cb_FLT_F3,Space Flight
137,GSM2341166,0.9909802079200745,GSE87808,Impaired Amino Acid Transport at the Blood Brain Barrier Is a Cause of Autism Spectrum Disorder,,,"Autism spectrum disorders (ASD) are a group of genetic disorders often overlapping with other neurological conditions. We previously described abnormalities in the branched chain amino acid (BCAA) catabolic pathway as a cause of ASD. Here we show that the solute carrier transporter 7a5 (SLC7A5), a large neutral amino acid transporter localized at the blood brain barrier (BBB), has an essential role in maintaining normal levels of brain BCAAs. In mice, deletion of Slc7a5 from the endothelial cells of the BBB leads to decreased levels of brain BCAAs, abnormal mRNA translation and severe neurological abnormalities. Furthermore, we identified several patients with autistic traits and motor delay carrying deleterious homozygous mutations in the SLC7A5 gene. Finally, we demonstrate that BCAA intracerebroventricular administration ameliorates abnormal behaviors in adult mutant mice. Our data elucidate a neurological syndrome defined by SLC7A5 mutations and support an essential role for the BCAA in human brain function.",RNA-sequencing of cerebellum from 3 wildtype mice and 3 Slc7a5 KO mice,27912058,,,78243,GPL17021,Mus musculus,GSE,Expression profiling by high throughput sequencing,2016/12/22,6,ftp://ftp.ncbi.nlm.nih.gov/geo/series/GSE87nnn/GSE87808/,Impaired Amino Acid Transport at the Blood Brain Barrier Is a Cause of Autism Spectrum Disorder.,Cell,2016 Dec 1,10.1016/j.cell.2016.11.013,OSD-525|RR23_Cb_FLT_F3,Space Flight
138,GSM6610595,0.9909589886665344,GSE214530,Time- and tissue-specific response of the mouse transcriptome after a short-term exposure to normoxia or intermittent hypoxia (IH),,,"To investigated the effects of early exposure to IH on tissue-specific transcriptome and biological processes, we evaluated differential gene expression of circadian rhythms and 24-hour mean expression in the lung, heart, liver, kidney, muscle, and cerebellum from mice after exposure to normoxic and IH conditions. The cardiopulmonary tissues were most affected by short-term exposure to IH in comparison with other organs.","Eight-week-old C57BL/6J mice were exposed to either normoxia or intermittent hypooxia (21-8% O2) for seven days before it was released into constant normoxic darkness for two days. Multiple tissues (liver, lung, kidney, muscle, heart, and cerebellum) were harvested on the second day of constant darkness for 24 hours with three-hour intervals to assess changes in their transcriptome.",37252926,,,691281,GPL24247,Mus musculus,GSE,Expression profiling by high throughput sequencing,2022/09/30,288,ftp://ftp.ncbi.nlm.nih.gov/geo/series/GSE214nnn/GSE214530/,Obstructive sleep apnea in a mouse model is associated with tissue-specific transcriptomic changes in circadian rhythmicity and mean 24-hour gene expression.,PLoS biology,2023 May,10.1371/journal.pbio.3002139,OSD-525|RR23_Cb_FLT_F3,Space Flight
139,GSM4780427,0.9907297492027283,GSE157902,GTPBP1 resolves paused ribosomes to maintain neuronal homeostasis,,,"Ribosome-associated quality control pathways respond to defects in translational elongation to recycle arrested ribosomes and degrade aberrant polypeptides and mRNAs. Loss of an individual tRNA gene leads to ribosomal pausing that is resolved by the translational GTPase GTPBP2, and in its absence causes neuron death. Here we show that loss of the homologous protein GTPBP1 during tRNA deficiency in the mouse brain also leads to codon-specific ribosome pausing and neurodegeneration, suggesting that these non-redundant translational GTPases function in the same pathway to mitigate ribosome pausing. Ribosome stalling in the mutant brain led to activation of the integrated stress response (ISR) mediated by GCN2 and decreased mTORC1 signaling. However, in contrast to the ISR, which enhanced neuron survival, reduced mTORC1 signaling increased neuronal death. Our data demonstrate that GTPBP1 functions as an important quality control mechanism during translation elongation and suggest that translational signaling pathways intricately interact to regulate neuronal homeostasis during defective translation elongation.","18 samples are in analyzed in this study in the context of 3 week old C57BL/6J (B6J) mouse cerebellum. These include 3 replicates of the following genotypes Gtpbp1 -/-, Gtpbp2 -/- (mediated through a previously characterized nmf205 point mutation), and wildtype mice. RNA-seq and ribosome footprint profiling datasets were generated for each sample.",33186095,,,415765,GPL21103,Mus musculus,GSE,Expression profiling by high throughput sequencing; Other,2020/10/26,18,ftp://ftp.ncbi.nlm.nih.gov/geo/series/GSE157nnn/GSE157902/,GTPBP1 resolves paused ribosomes to maintain neuronal homeostasis.,eLife,2020 Nov 13,10.7554/eLife.62731,OSD-525|RR23_Cb_FLT_F3,Space Flight
140,GSM5900265,0.9935700297355652,GSE196765,Autism-like behaviors and cerebellar dysfunction in the Bmal1 mutant mouse ameliorated by mTORC1 inhibition,,,"Although circadian and sleep disorders are frequently associated with autism spectrum disorders (ASD), it remains elusive whether clock gene disruption can lead to autistic-like phenotypes in animals. The essential clock gene Bmal1 has been associated with human sociability and its missense mutations are identified in ASD. Here we report that global Bmal1 deletion led to significant social impairments, excessive stereotyped and repetitive behaviors, as well as motor learning disabilities in mice, all of which resemble core behavioral deficits in ASD. Furthermore, aberrant cell density and immature morphology of dendritic spines were identified in the cerebellar Purkinje cells (PCs) of Bmal1 knockout (KO) mice. Electrophysiological recordings uncovered enhanced excitatory and inhibitory synaptic transmission and reduced firing rates in the PCs of Bmal1 KO mice. Differential expression of ASD- and ataxia-associated genes (Ntng2, Mfrp, Nr4a2, Thbs1, Atxn1, and Atxn3) and dysregulated pathways of translational control, including hyperactivated mammalian target of rapamycin complex 1 (mTORC1) signaling, were identified in the cerebellum of Bmal1 KO mice. Interestingly, the antidiabetic drug metformin reversed mTORC1 hyperactivation and alleviated major behavioral and PC deficits in Bmal1 KO mice. Importantly, conditional Bmal1 deletion only in cerebellar PCs was sufficient to recapitulate autistic-like behavioral and cellular changes akin to those identified in Bmal1 KO mice. Together, these results unveil a previously unidentified role for Bmal1 disruption in cerebellar dysfunction and autistic-like behaviors. Our findings provide experimental evidence supporting a putative role for dysregulation of circadian clock gene expression in the pathogenesis of ASD.","total RNA-seq and footprint experiments from the cerebellar tissue of Bmal1 knockout and wildtype mice, 3 biological replicates form each condition for RNA-seq; 2 biolgical replicates from each condition for footprint experiments.",35301425,,,598590,GPL13112,Mus musculus,GSE,Expression profiling by high throughput sequencing,2022/03/17,10,ftp://ftp.ncbi.nlm.nih.gov/geo/series/GSE196nnn/GSE196765/,Autistic-like behavior and cerebellar dysfunction in Bmal1 mutant mice ameliorated by mTORC1 inhibition.,Molecular psychiatry,2023 Sep,10.1038/s41380-022-01499-6,OSD-525|RR23_Cb_FLT_F4,Space Flight
141,GSM2718616,0.9909266829490662,GSE101918,Species and Cell-Type Properties of Classically Defined Human and Rodent Neurons and Glia,,,This SuperSeries is composed of the SubSeries listed below.,Refer to individual Series,30320555,,,118502,GPL17021; GPL20084; GPL18573; GPL19057,Mus musculus; Rattus norvegicus; Homo sapiens,GSE,Genome binding/occupancy profiling by high throughput sequencing; Expression profiling by high throughput sequencing,2018/10/12,114,ftp://ftp.ncbi.nlm.nih.gov/geo/series/GSE101nnn/GSE101918/,Species and cell-type properties of classically defined human and rodent neurons and glia.,eLife,2018 Oct 15,10.7554/eLife.37551,OSD-525|RR23_Cb_FLT_F4,Space Flight
142,GSM5900262,0.9898483753204346,GSE196765,Autism-like behaviors and cerebellar dysfunction in the Bmal1 mutant mouse ameliorated by mTORC1 inhibition,,,"Although circadian and sleep disorders are frequently associated with autism spectrum disorders (ASD), it remains elusive whether clock gene disruption can lead to autistic-like phenotypes in animals. The essential clock gene Bmal1 has been associated with human sociability and its missense mutations are identified in ASD. Here we report that global Bmal1 deletion led to significant social impairments, excessive stereotyped and repetitive behaviors, as well as motor learning disabilities in mice, all of which resemble core behavioral deficits in ASD. Furthermore, aberrant cell density and immature morphology of dendritic spines were identified in the cerebellar Purkinje cells (PCs) of Bmal1 knockout (KO) mice. Electrophysiological recordings uncovered enhanced excitatory and inhibitory synaptic transmission and reduced firing rates in the PCs of Bmal1 KO mice. Differential expression of ASD- and ataxia-associated genes (Ntng2, Mfrp, Nr4a2, Thbs1, Atxn1, and Atxn3) and dysregulated pathways of translational control, including hyperactivated mammalian target of rapamycin complex 1 (mTORC1) signaling, were identified in the cerebellum of Bmal1 KO mice. Interestingly, the antidiabetic drug metformin reversed mTORC1 hyperactivation and alleviated major behavioral and PC deficits in Bmal1 KO mice. Importantly, conditional Bmal1 deletion only in cerebellar PCs was sufficient to recapitulate autistic-like behavioral and cellular changes akin to those identified in Bmal1 KO mice. Together, these results unveil a previously unidentified role for Bmal1 disruption in cerebellar dysfunction and autistic-like behaviors. Our findings provide experimental evidence supporting a putative role for dysregulation of circadian clock gene expression in the pathogenesis of ASD.","total RNA-seq and footprint experiments from the cerebellar tissue of Bmal1 knockout and wildtype mice, 3 biological replicates form each condition for RNA-seq; 2 biolgical replicates from each condition for footprint experiments.",35301425,,,598587,GPL13112,Mus musculus,GSE,Expression profiling by high throughput sequencing,2022/03/17,10,ftp://ftp.ncbi.nlm.nih.gov/geo/series/GSE196nnn/GSE196765/,Autistic-like behavior and cerebellar dysfunction in Bmal1 mutant mice ameliorated by mTORC1 inhibition.,Molecular psychiatry,2023 Sep,10.1038/s41380-022-01499-6,OSD-525|RR23_Cb_FLT_F4,Space Flight
143,GSM4199722,0.9894185066223145,GSE141252,Chronologic age and morbidities could converge on gene-specific traits through length-dependent failure of transcript polymerization,,,We provide evidence for the decrease of long transcripts during aging using a unique reference transcriptomic survey of 17 mouse organs sampled at 5 timepoints over the lifespan.,"Transcriptomic profiles of 17 mouse organs, sampled at 4, 9, 12, 18, 24 months of age, were generated by standard illumina RNA-Seq protocols.",,,,315110,GPL19057,Mus musculus,GSE,Expression profiling by high throughput sequencing,2021/12/31,518,ftp://ftp.ncbi.nlm.nih.gov/geo/series/GSE141nnn/GSE141252/,,,,,OSD-525|RR23_Cb_FLT_F4,Space Flight
144,GSM7933235,0.9889689087867737,GSE249297,The transcriptome signature of the mouse brain after bulbectomy suggests a new model of Alzheimer’s disease with elements of major depression.,,,"In general, analysis of the functional significance of genes in the brain of OBX mice indicates that the balance of the GABA/glutamatergic systems is disturbed with hyperactivation of the latter, which leads to the development of excitotoxicity and induction of apoptosis on the background of severe mitochondrial dysfunction and astrogliosis. The synthesis of neurotrophic factors decreases, which leads to disruption of the cytoskeleton of neurons, an increase in the level of intracellular calcium, and activation of tau protein phosphorylation. The acetylcholinergic system is deficient on the background of hyperactivation of acetylcholinesterase. Importantly,  the activity of the dopaminergic, endorphin, and opiate systems decreases, and hormonal dysfunction develops. Genes associated with the regulation of circadian rhythms, cell migration, and impaired innate immunity are activated. All this occurs on the background of down-regulation of genes of ribosomal proteins. It is clear that OBX mice are a model of complex neuropathology with elements of Alzheimer's disease and major depression. This model with a certain degree of probability can be attributed to subtype B2 in humans.",Single-end RNA-seq of dissected brain tissues from Sham-operated and bulbectomic mice,,,,835039,GPL13112,Mus musculus,GSE,Expression profiling by high throughput sequencing,2023/12/05,24,ftp://ftp.ncbi.nlm.nih.gov/geo/series/GSE249nnn/GSE249297/,,,,,OSD-525|RR23_Cb_FLT_F4,Space Flight
145,GSM6610612,0.988768458366394,GSE214530,Time- and tissue-specific response of the mouse transcriptome after a short-term exposure to normoxia or intermittent hypoxia (IH),,,"To investigated the effects of early exposure to IH on tissue-specific transcriptome and biological processes, we evaluated differential gene expression of circadian rhythms and 24-hour mean expression in the lung, heart, liver, kidney, muscle, and cerebellum from mice after exposure to normoxic and IH conditions. The cardiopulmonary tissues were most affected by short-term exposure to IH in comparison with other organs.","Eight-week-old C57BL/6J mice were exposed to either normoxia or intermittent hypooxia (21-8% O2) for seven days before it was released into constant normoxic darkness for two days. Multiple tissues (liver, lung, kidney, muscle, heart, and cerebellum) were harvested on the second day of constant darkness for 24 hours with three-hour intervals to assess changes in their transcriptome.",37252926,,,691298,GPL24247,Mus musculus,GSE,Expression profiling by high throughput sequencing,2022/09/30,288,ftp://ftp.ncbi.nlm.nih.gov/geo/series/GSE214nnn/GSE214530/,Obstructive sleep apnea in a mouse model is associated with tissue-specific transcriptomic changes in circadian rhythmicity and mean 24-hour gene expression.,PLoS biology,2023 May,10.1371/journal.pbio.3002139,OSD-525|RR23_Cb_FLT_F4,Space Flight
146,GSM2779383,0.988527774810791,GSE103698,Intact interleukin-10 receptor signaling protects from hippocampal damage elicited by experimental neurotropic virus infection of SJL mice,,,"Differential interleukin-10 (IL-10) expression is suspected to contribute to strain specific differences in the course of Theiler's murine encephalomyelitis virus infection in mice. To determine the expression kinetics of IL-10 and related genes, RNA-based next generation sequencing (RNA-seq) was performed with brain cells obtained from infected SJL mice. Methods: 5-week old, female SJL mice were infected with the BeAn strain of TMEV and sacrificed 4, 7 or 14 days post infection (dpi). RNA was isolated from transversal sections of brain tissue at the level of the hippocampus. RNA-seq was performed on an Illumina HiSeq2500 system. Genes involved in Interleukin-10 (IL-10) signalling were analyzed and transcript levels were compared during the course of infection. Results: A significant upregulation of Interleukin-10 (Il10), Interleukin-10 receptor subunit α (ll10rα), Janus kinase 1 (Jak1) and signal transducer and activator of transcription 3 (Stat3) was detected 7 days post infection (dpi) compared to 4 dpi. Same genes showed a significant downregulation at 14 dpi compared to 7 dpi. Suppressor of cytokine signaling 3 (Socs3) was significantly downregulated at 14 dpi compared to 7 dpi. No differences were detected between transcript levels of interleukin-10 receptor subunit β (Il10rβ) and tyrosine kinase 2 (Tyk2). Conclusion: IL-10 pathway gene expression is transiently upregulated following TMEV-infection of SJL-mice.",RNA-seq of brain tissue derived from TMEV-infected SJL mice. 3 different timepoints post infection with 5 animals per timepoint.,29666403,,,131605,GPL17021,Mus musculus,GSE,Expression profiling by high throughput sequencing,2018/05/09,15,ftp://ftp.ncbi.nlm.nih.gov/geo/series/GSE103nnn/GSE103698/,Intact interleukin-10 receptor signaling protects from hippocampal damage elicited by experimental neurotropic virus infection of SJL mice.,Scientific reports,2018 Apr 17,10.1038/s41598-018-24378-z,OSD-525|RR23_Cb_FLT_F4,Space Flight
147,GSM6610607,0.9884468913078308,GSE214530,Time- and tissue-specific response of the mouse transcriptome after a short-term exposure to normoxia or intermittent hypoxia (IH),,,"To investigated the effects of early exposure to IH on tissue-specific transcriptome and biological processes, we evaluated differential gene expression of circadian rhythms and 24-hour mean expression in the lung, heart, liver, kidney, muscle, and cerebellum from mice after exposure to normoxic and IH conditions. The cardiopulmonary tissues were most affected by short-term exposure to IH in comparison with other organs.","Eight-week-old C57BL/6J mice were exposed to either normoxia or intermittent hypooxia (21-8% O2) for seven days before it was released into constant normoxic darkness for two days. Multiple tissues (liver, lung, kidney, muscle, heart, and cerebellum) were harvested on the second day of constant darkness for 24 hours with three-hour intervals to assess changes in their transcriptome.",37252926,,,691293,GPL24247,Mus musculus,GSE,Expression profiling by high throughput sequencing,2022/09/30,288,ftp://ftp.ncbi.nlm.nih.gov/geo/series/GSE214nnn/GSE214530/,Obstructive sleep apnea in a mouse model is associated with tissue-specific transcriptomic changes in circadian rhythmicity and mean 24-hour gene expression.,PLoS biology,2023 May,10.1371/journal.pbio.3002139,OSD-525|RR23_Cb_FLT_F4,Space Flight
148,GSM5900268,0.9883355498313904,GSE196765,Autism-like behaviors and cerebellar dysfunction in the Bmal1 mutant mouse ameliorated by mTORC1 inhibition,,,"Although circadian and sleep disorders are frequently associated with autism spectrum disorders (ASD), it remains elusive whether clock gene disruption can lead to autistic-like phenotypes in animals. The essential clock gene Bmal1 has been associated with human sociability and its missense mutations are identified in ASD. Here we report that global Bmal1 deletion led to significant social impairments, excessive stereotyped and repetitive behaviors, as well as motor learning disabilities in mice, all of which resemble core behavioral deficits in ASD. Furthermore, aberrant cell density and immature morphology of dendritic spines were identified in the cerebellar Purkinje cells (PCs) of Bmal1 knockout (KO) mice. Electrophysiological recordings uncovered enhanced excitatory and inhibitory synaptic transmission and reduced firing rates in the PCs of Bmal1 KO mice. Differential expression of ASD- and ataxia-associated genes (Ntng2, Mfrp, Nr4a2, Thbs1, Atxn1, and Atxn3) and dysregulated pathways of translational control, including hyperactivated mammalian target of rapamycin complex 1 (mTORC1) signaling, were identified in the cerebellum of Bmal1 KO mice. Interestingly, the antidiabetic drug metformin reversed mTORC1 hyperactivation and alleviated major behavioral and PC deficits in Bmal1 KO mice. Importantly, conditional Bmal1 deletion only in cerebellar PCs was sufficient to recapitulate autistic-like behavioral and cellular changes akin to those identified in Bmal1 KO mice. Together, these results unveil a previously unidentified role for Bmal1 disruption in cerebellar dysfunction and autistic-like behaviors. Our findings provide experimental evidence supporting a putative role for dysregulation of circadian clock gene expression in the pathogenesis of ASD.","total RNA-seq and footprint experiments from the cerebellar tissue of Bmal1 knockout and wildtype mice, 3 biological replicates form each condition for RNA-seq; 2 biolgical replicates from each condition for footprint experiments.",35301425,,,598593,GPL13112,Mus musculus,GSE,Expression profiling by high throughput sequencing,2022/03/17,10,ftp://ftp.ncbi.nlm.nih.gov/geo/series/GSE196nnn/GSE196765/,Autistic-like behavior and cerebellar dysfunction in Bmal1 mutant mice ameliorated by mTORC1 inhibition.,Molecular psychiatry,2023 Sep,10.1038/s41380-022-01499-6,OSD-525|RR23_Cb_FLT_F4,Space Flight
149,GSM7104350,0.9882744550704956,GSE227631,MYC promotes aggressive growth and metastasis of a WNT-medulloblastoma mouse model,,,"Medulloblastoma (MB), the most common malignant pediatric brain tumor, comprises of four molecularly and clinically distinct subgroups (termed WNT, SHH, Group3, and Group4). Prognosis varies based on genetic and pathological features associated with each molecular subgroup. WNT-MB, considered low-risk, are rarely metastatic and contain activating mutations in CTNNB1; Group3-MB, commonly classified as high-risk, are frequently metastatic and can contain genomic alterations resulting in elevated MYC expression. Here we compare model systems of low-risk WNT-MB to high-risk Group3-MB to identify tumor and microenvironment interactions that could contribute to features associated with poor outcome. Compared to Group3-MB, we find that WNT-MB display enrichment in gene sets related to extracellular matrix (ECM) regulation and cellular adhesion. Exogenous expression of MycT58A in murine WNT-MB models significantly accelerates growth and results in metastatic disease. In addition to down-regulation of ECM regulation and cell adhesion pathways, we also identified immune system interactions among the top down-regulated signaling pathways following MycT58A expression. Taken together, our data provides evidence that increased Myc signaling can promote the growth and metastasis of WNT-MB.","Three biological replicates were analyzed for each of 3 conditions (control cerebellum, mWnt-MB + EV, mWnt-MB + MycT58A)",37544301,,,751214,GPL15103,Mus musculus,GSE,Expression profiling by high throughput sequencing,2024/04/30,9,ftp://ftp.ncbi.nlm.nih.gov/geo/series/GSE227nnn/GSE227631/,MYC Promotes Aggressive Growth and Metastasis of a WNT-Medulloblastoma Mouse Model.,Developmental neuroscience,2024,10.1159/000533270,OSD-525|RR23_Cb_FLT_F4,Space Flight
150,GSM5900265,0.9928538799285889,GSE196765,Autism-like behaviors and cerebellar dysfunction in the Bmal1 mutant mouse ameliorated by mTORC1 inhibition,,,"Although circadian and sleep disorders are frequently associated with autism spectrum disorders (ASD), it remains elusive whether clock gene disruption can lead to autistic-like phenotypes in animals. The essential clock gene Bmal1 has been associated with human sociability and its missense mutations are identified in ASD. Here we report that global Bmal1 deletion led to significant social impairments, excessive stereotyped and repetitive behaviors, as well as motor learning disabilities in mice, all of which resemble core behavioral deficits in ASD. Furthermore, aberrant cell density and immature morphology of dendritic spines were identified in the cerebellar Purkinje cells (PCs) of Bmal1 knockout (KO) mice. Electrophysiological recordings uncovered enhanced excitatory and inhibitory synaptic transmission and reduced firing rates in the PCs of Bmal1 KO mice. Differential expression of ASD- and ataxia-associated genes (Ntng2, Mfrp, Nr4a2, Thbs1, Atxn1, and Atxn3) and dysregulated pathways of translational control, including hyperactivated mammalian target of rapamycin complex 1 (mTORC1) signaling, were identified in the cerebellum of Bmal1 KO mice. Interestingly, the antidiabetic drug metformin reversed mTORC1 hyperactivation and alleviated major behavioral and PC deficits in Bmal1 KO mice. Importantly, conditional Bmal1 deletion only in cerebellar PCs was sufficient to recapitulate autistic-like behavioral and cellular changes akin to those identified in Bmal1 KO mice. Together, these results unveil a previously unidentified role for Bmal1 disruption in cerebellar dysfunction and autistic-like behaviors. Our findings provide experimental evidence supporting a putative role for dysregulation of circadian clock gene expression in the pathogenesis of ASD.","total RNA-seq and footprint experiments from the cerebellar tissue of Bmal1 knockout and wildtype mice, 3 biological replicates form each condition for RNA-seq; 2 biolgical replicates from each condition for footprint experiments.",35301425,,,598590,GPL13112,Mus musculus,GSE,Expression profiling by high throughput sequencing,2022/03/17,10,ftp://ftp.ncbi.nlm.nih.gov/geo/series/GSE196nnn/GSE196765/,Autistic-like behavior and cerebellar dysfunction in Bmal1 mutant mice ameliorated by mTORC1 inhibition.,Molecular psychiatry,2023 Sep,10.1038/s41380-022-01499-6,OSD-525|RR23_Cb_FLT_F5,Space Flight
151,GSM5900262,0.9906616806983948,GSE196765,Autism-like behaviors and cerebellar dysfunction in the Bmal1 mutant mouse ameliorated by mTORC1 inhibition,,,"Although circadian and sleep disorders are frequently associated with autism spectrum disorders (ASD), it remains elusive whether clock gene disruption can lead to autistic-like phenotypes in animals. The essential clock gene Bmal1 has been associated with human sociability and its missense mutations are identified in ASD. Here we report that global Bmal1 deletion led to significant social impairments, excessive stereotyped and repetitive behaviors, as well as motor learning disabilities in mice, all of which resemble core behavioral deficits in ASD. Furthermore, aberrant cell density and immature morphology of dendritic spines were identified in the cerebellar Purkinje cells (PCs) of Bmal1 knockout (KO) mice. Electrophysiological recordings uncovered enhanced excitatory and inhibitory synaptic transmission and reduced firing rates in the PCs of Bmal1 KO mice. Differential expression of ASD- and ataxia-associated genes (Ntng2, Mfrp, Nr4a2, Thbs1, Atxn1, and Atxn3) and dysregulated pathways of translational control, including hyperactivated mammalian target of rapamycin complex 1 (mTORC1) signaling, were identified in the cerebellum of Bmal1 KO mice. Interestingly, the antidiabetic drug metformin reversed mTORC1 hyperactivation and alleviated major behavioral and PC deficits in Bmal1 KO mice. Importantly, conditional Bmal1 deletion only in cerebellar PCs was sufficient to recapitulate autistic-like behavioral and cellular changes akin to those identified in Bmal1 KO mice. Together, these results unveil a previously unidentified role for Bmal1 disruption in cerebellar dysfunction and autistic-like behaviors. Our findings provide experimental evidence supporting a putative role for dysregulation of circadian clock gene expression in the pathogenesis of ASD.","total RNA-seq and footprint experiments from the cerebellar tissue of Bmal1 knockout and wildtype mice, 3 biological replicates form each condition for RNA-seq; 2 biolgical replicates from each condition for footprint experiments.",35301425,,,598587,GPL13112,Mus musculus,GSE,Expression profiling by high throughput sequencing,2022/03/17,10,ftp://ftp.ncbi.nlm.nih.gov/geo/series/GSE196nnn/GSE196765/,Autistic-like behavior and cerebellar dysfunction in Bmal1 mutant mice ameliorated by mTORC1 inhibition.,Molecular psychiatry,2023 Sep,10.1038/s41380-022-01499-6,OSD-525|RR23_Cb_FLT_F5,Space Flight
152,GSM2718616,0.9905728101730347,GSE101918,Species and Cell-Type Properties of Classically Defined Human and Rodent Neurons and Glia,,,This SuperSeries is composed of the SubSeries listed below.,Refer to individual Series,30320555,,,118502,GPL17021; GPL20084; GPL18573; GPL19057,Mus musculus; Rattus norvegicus; Homo sapiens,GSE,Genome binding/occupancy profiling by high throughput sequencing; Expression profiling by high throughput sequencing,2018/10/12,114,ftp://ftp.ncbi.nlm.nih.gov/geo/series/GSE101nnn/GSE101918/,Species and cell-type properties of classically defined human and rodent neurons and glia.,eLife,2018 Oct 15,10.7554/eLife.37551,OSD-525|RR23_Cb_FLT_F5,Space Flight
153,GSM6610612,0.989862322807312,GSE214530,Time- and tissue-specific response of the mouse transcriptome after a short-term exposure to normoxia or intermittent hypoxia (IH),,,"To investigated the effects of early exposure to IH on tissue-specific transcriptome and biological processes, we evaluated differential gene expression of circadian rhythms and 24-hour mean expression in the lung, heart, liver, kidney, muscle, and cerebellum from mice after exposure to normoxic and IH conditions. The cardiopulmonary tissues were most affected by short-term exposure to IH in comparison with other organs.","Eight-week-old C57BL/6J mice were exposed to either normoxia or intermittent hypooxia (21-8% O2) for seven days before it was released into constant normoxic darkness for two days. Multiple tissues (liver, lung, kidney, muscle, heart, and cerebellum) were harvested on the second day of constant darkness for 24 hours with three-hour intervals to assess changes in their transcriptome.",37252926,,,691298,GPL24247,Mus musculus,GSE,Expression profiling by high throughput sequencing,2022/09/30,288,ftp://ftp.ncbi.nlm.nih.gov/geo/series/GSE214nnn/GSE214530/,Obstructive sleep apnea in a mouse model is associated with tissue-specific transcriptomic changes in circadian rhythmicity and mean 24-hour gene expression.,PLoS biology,2023 May,10.1371/journal.pbio.3002139,OSD-525|RR23_Cb_FLT_F5,Space Flight
154,GSM5900268,0.9898557066917419,GSE196765,Autism-like behaviors and cerebellar dysfunction in the Bmal1 mutant mouse ameliorated by mTORC1 inhibition,,,"Although circadian and sleep disorders are frequently associated with autism spectrum disorders (ASD), it remains elusive whether clock gene disruption can lead to autistic-like phenotypes in animals. The essential clock gene Bmal1 has been associated with human sociability and its missense mutations are identified in ASD. Here we report that global Bmal1 deletion led to significant social impairments, excessive stereotyped and repetitive behaviors, as well as motor learning disabilities in mice, all of which resemble core behavioral deficits in ASD. Furthermore, aberrant cell density and immature morphology of dendritic spines were identified in the cerebellar Purkinje cells (PCs) of Bmal1 knockout (KO) mice. Electrophysiological recordings uncovered enhanced excitatory and inhibitory synaptic transmission and reduced firing rates in the PCs of Bmal1 KO mice. Differential expression of ASD- and ataxia-associated genes (Ntng2, Mfrp, Nr4a2, Thbs1, Atxn1, and Atxn3) and dysregulated pathways of translational control, including hyperactivated mammalian target of rapamycin complex 1 (mTORC1) signaling, were identified in the cerebellum of Bmal1 KO mice. Interestingly, the antidiabetic drug metformin reversed mTORC1 hyperactivation and alleviated major behavioral and PC deficits in Bmal1 KO mice. Importantly, conditional Bmal1 deletion only in cerebellar PCs was sufficient to recapitulate autistic-like behavioral and cellular changes akin to those identified in Bmal1 KO mice. Together, these results unveil a previously unidentified role for Bmal1 disruption in cerebellar dysfunction and autistic-like behaviors. Our findings provide experimental evidence supporting a putative role for dysregulation of circadian clock gene expression in the pathogenesis of ASD.","total RNA-seq and footprint experiments from the cerebellar tissue of Bmal1 knockout and wildtype mice, 3 biological replicates form each condition for RNA-seq; 2 biolgical replicates from each condition for footprint experiments.",35301425,,,598593,GPL13112,Mus musculus,GSE,Expression profiling by high throughput sequencing,2022/03/17,10,ftp://ftp.ncbi.nlm.nih.gov/geo/series/GSE196nnn/GSE196765/,Autistic-like behavior and cerebellar dysfunction in Bmal1 mutant mice ameliorated by mTORC1 inhibition.,Molecular psychiatry,2023 Sep,10.1038/s41380-022-01499-6,OSD-525|RR23_Cb_FLT_F5,Space Flight
155,GSM4199722,0.9897441267967224,GSE141252,Chronologic age and morbidities could converge on gene-specific traits through length-dependent failure of transcript polymerization,,,We provide evidence for the decrease of long transcripts during aging using a unique reference transcriptomic survey of 17 mouse organs sampled at 5 timepoints over the lifespan.,"Transcriptomic profiles of 17 mouse organs, sampled at 4, 9, 12, 18, 24 months of age, were generated by standard illumina RNA-Seq protocols.",,,,315110,GPL19057,Mus musculus,GSE,Expression profiling by high throughput sequencing,2021/12/31,518,ftp://ftp.ncbi.nlm.nih.gov/geo/series/GSE141nnn/GSE141252/,,,,,OSD-525|RR23_Cb_FLT_F5,Space Flight
156,GSM6610607,0.9894339442253113,GSE214530,Time- and tissue-specific response of the mouse transcriptome after a short-term exposure to normoxia or intermittent hypoxia (IH),,,"To investigated the effects of early exposure to IH on tissue-specific transcriptome and biological processes, we evaluated differential gene expression of circadian rhythms and 24-hour mean expression in the lung, heart, liver, kidney, muscle, and cerebellum from mice after exposure to normoxic and IH conditions. The cardiopulmonary tissues were most affected by short-term exposure to IH in comparison with other organs.","Eight-week-old C57BL/6J mice were exposed to either normoxia or intermittent hypooxia (21-8% O2) for seven days before it was released into constant normoxic darkness for two days. Multiple tissues (liver, lung, kidney, muscle, heart, and cerebellum) were harvested on the second day of constant darkness for 24 hours with three-hour intervals to assess changes in their transcriptome.",37252926,,,691293,GPL24247,Mus musculus,GSE,Expression profiling by high throughput sequencing,2022/09/30,288,ftp://ftp.ncbi.nlm.nih.gov/geo/series/GSE214nnn/GSE214530/,Obstructive sleep apnea in a mouse model is associated with tissue-specific transcriptomic changes in circadian rhythmicity and mean 24-hour gene expression.,PLoS biology,2023 May,10.1371/journal.pbio.3002139,OSD-525|RR23_Cb_FLT_F5,Space Flight
157,GSM4199490,0.9893428087234497,GSE141252,Chronologic age and morbidities could converge on gene-specific traits through length-dependent failure of transcript polymerization,,,We provide evidence for the decrease of long transcripts during aging using a unique reference transcriptomic survey of 17 mouse organs sampled at 5 timepoints over the lifespan.,"Transcriptomic profiles of 17 mouse organs, sampled at 4, 9, 12, 18, 24 months of age, were generated by standard illumina RNA-Seq protocols.",,,,314885,GPL19057,Mus musculus,GSE,Expression profiling by high throughput sequencing,2021/12/31,518,ftp://ftp.ncbi.nlm.nih.gov/geo/series/GSE141nnn/GSE141252/,,,,,OSD-525|RR23_Cb_FLT_F5,Space Flight
158,GSM4199640,0.9893265962600708,GSE141252,Chronologic age and morbidities could converge on gene-specific traits through length-dependent failure of transcript polymerization,,,We provide evidence for the decrease of long transcripts during aging using a unique reference transcriptomic survey of 17 mouse organs sampled at 5 timepoints over the lifespan.,"Transcriptomic profiles of 17 mouse organs, sampled at 4, 9, 12, 18, 24 months of age, were generated by standard illumina RNA-Seq protocols.",,,,315028,GPL19057,Mus musculus,GSE,Expression profiling by high throughput sequencing,2021/12/31,518,ftp://ftp.ncbi.nlm.nih.gov/geo/series/GSE141nnn/GSE141252/,,,,,OSD-525|RR23_Cb_FLT_F5,Space Flight
159,GSM4780432,0.9892011880874634,GSE157902,GTPBP1 resolves paused ribosomes to maintain neuronal homeostasis,,,"Ribosome-associated quality control pathways respond to defects in translational elongation to recycle arrested ribosomes and degrade aberrant polypeptides and mRNAs. Loss of an individual tRNA gene leads to ribosomal pausing that is resolved by the translational GTPase GTPBP2, and in its absence causes neuron death. Here we show that loss of the homologous protein GTPBP1 during tRNA deficiency in the mouse brain also leads to codon-specific ribosome pausing and neurodegeneration, suggesting that these non-redundant translational GTPases function in the same pathway to mitigate ribosome pausing. Ribosome stalling in the mutant brain led to activation of the integrated stress response (ISR) mediated by GCN2 and decreased mTORC1 signaling. However, in contrast to the ISR, which enhanced neuron survival, reduced mTORC1 signaling increased neuronal death. Our data demonstrate that GTPBP1 functions as an important quality control mechanism during translation elongation and suggest that translational signaling pathways intricately interact to regulate neuronal homeostasis during defective translation elongation.","18 samples are in analyzed in this study in the context of 3 week old C57BL/6J (B6J) mouse cerebellum. These include 3 replicates of the following genotypes Gtpbp1 -/-, Gtpbp2 -/- (mediated through a previously characterized nmf205 point mutation), and wildtype mice. RNA-seq and ribosome footprint profiling datasets were generated for each sample.",33186095,,,415770,GPL21103,Mus musculus,GSE,Expression profiling by high throughput sequencing; Other,2020/10/26,18,ftp://ftp.ncbi.nlm.nih.gov/geo/series/GSE157nnn/GSE157902/,GTPBP1 resolves paused ribosomes to maintain neuronal homeostasis.,eLife,2020 Nov 13,10.7554/eLife.62731,OSD-525|RR23_Cb_FLT_F5,Space Flight
160,GSM4780427,0.9937626719474792,GSE157902,GTPBP1 resolves paused ribosomes to maintain neuronal homeostasis,,,"Ribosome-associated quality control pathways respond to defects in translational elongation to recycle arrested ribosomes and degrade aberrant polypeptides and mRNAs. Loss of an individual tRNA gene leads to ribosomal pausing that is resolved by the translational GTPase GTPBP2, and in its absence causes neuron death. Here we show that loss of the homologous protein GTPBP1 during tRNA deficiency in the mouse brain also leads to codon-specific ribosome pausing and neurodegeneration, suggesting that these non-redundant translational GTPases function in the same pathway to mitigate ribosome pausing. Ribosome stalling in the mutant brain led to activation of the integrated stress response (ISR) mediated by GCN2 and decreased mTORC1 signaling. However, in contrast to the ISR, which enhanced neuron survival, reduced mTORC1 signaling increased neuronal death. Our data demonstrate that GTPBP1 functions as an important quality control mechanism during translation elongation and suggest that translational signaling pathways intricately interact to regulate neuronal homeostasis during defective translation elongation.","18 samples are in analyzed in this study in the context of 3 week old C57BL/6J (B6J) mouse cerebellum. These include 3 replicates of the following genotypes Gtpbp1 -/-, Gtpbp2 -/- (mediated through a previously characterized nmf205 point mutation), and wildtype mice. RNA-seq and ribosome footprint profiling datasets were generated for each sample.",33186095,,,415765,GPL21103,Mus musculus,GSE,Expression profiling by high throughput sequencing; Other,2020/10/26,18,ftp://ftp.ncbi.nlm.nih.gov/geo/series/GSE157nnn/GSE157902/,GTPBP1 resolves paused ribosomes to maintain neuronal homeostasis.,eLife,2020 Nov 13,10.7554/eLife.62731,OSD-525|RR23_Cb_FLT_F6,Space Flight
161,GSM4780429,0.9935277700424194,GSE157902,GTPBP1 resolves paused ribosomes to maintain neuronal homeostasis,,,"Ribosome-associated quality control pathways respond to defects in translational elongation to recycle arrested ribosomes and degrade aberrant polypeptides and mRNAs. Loss of an individual tRNA gene leads to ribosomal pausing that is resolved by the translational GTPase GTPBP2, and in its absence causes neuron death. Here we show that loss of the homologous protein GTPBP1 during tRNA deficiency in the mouse brain also leads to codon-specific ribosome pausing and neurodegeneration, suggesting that these non-redundant translational GTPases function in the same pathway to mitigate ribosome pausing. Ribosome stalling in the mutant brain led to activation of the integrated stress response (ISR) mediated by GCN2 and decreased mTORC1 signaling. However, in contrast to the ISR, which enhanced neuron survival, reduced mTORC1 signaling increased neuronal death. Our data demonstrate that GTPBP1 functions as an important quality control mechanism during translation elongation and suggest that translational signaling pathways intricately interact to regulate neuronal homeostasis during defective translation elongation.","18 samples are in analyzed in this study in the context of 3 week old C57BL/6J (B6J) mouse cerebellum. These include 3 replicates of the following genotypes Gtpbp1 -/-, Gtpbp2 -/- (mediated through a previously characterized nmf205 point mutation), and wildtype mice. RNA-seq and ribosome footprint profiling datasets were generated for each sample.",33186095,,,415767,GPL21103,Mus musculus,GSE,Expression profiling by high throughput sequencing; Other,2020/10/26,18,ftp://ftp.ncbi.nlm.nih.gov/geo/series/GSE157nnn/GSE157902/,GTPBP1 resolves paused ribosomes to maintain neuronal homeostasis.,eLife,2020 Nov 13,10.7554/eLife.62731,OSD-525|RR23_Cb_FLT_F6,Space Flight
162,GSM4780424,0.9934524297714233,GSE157902,GTPBP1 resolves paused ribosomes to maintain neuronal homeostasis,,,"Ribosome-associated quality control pathways respond to defects in translational elongation to recycle arrested ribosomes and degrade aberrant polypeptides and mRNAs. Loss of an individual tRNA gene leads to ribosomal pausing that is resolved by the translational GTPase GTPBP2, and in its absence causes neuron death. Here we show that loss of the homologous protein GTPBP1 during tRNA deficiency in the mouse brain also leads to codon-specific ribosome pausing and neurodegeneration, suggesting that these non-redundant translational GTPases function in the same pathway to mitigate ribosome pausing. Ribosome stalling in the mutant brain led to activation of the integrated stress response (ISR) mediated by GCN2 and decreased mTORC1 signaling. However, in contrast to the ISR, which enhanced neuron survival, reduced mTORC1 signaling increased neuronal death. Our data demonstrate that GTPBP1 functions as an important quality control mechanism during translation elongation and suggest that translational signaling pathways intricately interact to regulate neuronal homeostasis during defective translation elongation.","18 samples are in analyzed in this study in the context of 3 week old C57BL/6J (B6J) mouse cerebellum. These include 3 replicates of the following genotypes Gtpbp1 -/-, Gtpbp2 -/- (mediated through a previously characterized nmf205 point mutation), and wildtype mice. RNA-seq and ribosome footprint profiling datasets were generated for each sample.",33186095,,,415762,GPL21103,Mus musculus,GSE,Expression profiling by high throughput sequencing; Other,2020/10/26,18,ftp://ftp.ncbi.nlm.nih.gov/geo/series/GSE157nnn/GSE157902/,GTPBP1 resolves paused ribosomes to maintain neuronal homeostasis.,eLife,2020 Nov 13,10.7554/eLife.62731,OSD-525|RR23_Cb_FLT_F6,Space Flight
163,GSM5900268,0.993392825126648,GSE196765,Autism-like behaviors and cerebellar dysfunction in the Bmal1 mutant mouse ameliorated by mTORC1 inhibition,,,"Although circadian and sleep disorders are frequently associated with autism spectrum disorders (ASD), it remains elusive whether clock gene disruption can lead to autistic-like phenotypes in animals. The essential clock gene Bmal1 has been associated with human sociability and its missense mutations are identified in ASD. Here we report that global Bmal1 deletion led to significant social impairments, excessive stereotyped and repetitive behaviors, as well as motor learning disabilities in mice, all of which resemble core behavioral deficits in ASD. Furthermore, aberrant cell density and immature morphology of dendritic spines were identified in the cerebellar Purkinje cells (PCs) of Bmal1 knockout (KO) mice. Electrophysiological recordings uncovered enhanced excitatory and inhibitory synaptic transmission and reduced firing rates in the PCs of Bmal1 KO mice. Differential expression of ASD- and ataxia-associated genes (Ntng2, Mfrp, Nr4a2, Thbs1, Atxn1, and Atxn3) and dysregulated pathways of translational control, including hyperactivated mammalian target of rapamycin complex 1 (mTORC1) signaling, were identified in the cerebellum of Bmal1 KO mice. Interestingly, the antidiabetic drug metformin reversed mTORC1 hyperactivation and alleviated major behavioral and PC deficits in Bmal1 KO mice. Importantly, conditional Bmal1 deletion only in cerebellar PCs was sufficient to recapitulate autistic-like behavioral and cellular changes akin to those identified in Bmal1 KO mice. Together, these results unveil a previously unidentified role for Bmal1 disruption in cerebellar dysfunction and autistic-like behaviors. Our findings provide experimental evidence supporting a putative role for dysregulation of circadian clock gene expression in the pathogenesis of ASD.","total RNA-seq and footprint experiments from the cerebellar tissue of Bmal1 knockout and wildtype mice, 3 biological replicates form each condition for RNA-seq; 2 biolgical replicates from each condition for footprint experiments.",35301425,,,598593,GPL13112,Mus musculus,GSE,Expression profiling by high throughput sequencing,2022/03/17,10,ftp://ftp.ncbi.nlm.nih.gov/geo/series/GSE196nnn/GSE196765/,Autistic-like behavior and cerebellar dysfunction in Bmal1 mutant mice ameliorated by mTORC1 inhibition.,Molecular psychiatry,2023 Sep,10.1038/s41380-022-01499-6,OSD-525|RR23_Cb_FLT_F6,Space Flight
164,GSM4199365,0.992522120475769,GSE141252,Chronologic age and morbidities could converge on gene-specific traits through length-dependent failure of transcript polymerization,,,We provide evidence for the decrease of long transcripts during aging using a unique reference transcriptomic survey of 17 mouse organs sampled at 5 timepoints over the lifespan.,"Transcriptomic profiles of 17 mouse organs, sampled at 4, 9, 12, 18, 24 months of age, were generated by standard illumina RNA-Seq protocols.",,,,314769,GPL19057,Mus musculus,GSE,Expression profiling by high throughput sequencing,2021/12/31,518,ftp://ftp.ncbi.nlm.nih.gov/geo/series/GSE141nnn/GSE141252/,,,,,OSD-525|RR23_Cb_FLT_F6,Space Flight
165,GSM4199640,0.9924211502075195,GSE141252,Chronologic age and morbidities could converge on gene-specific traits through length-dependent failure of transcript polymerization,,,We provide evidence for the decrease of long transcripts during aging using a unique reference transcriptomic survey of 17 mouse organs sampled at 5 timepoints over the lifespan.,"Transcriptomic profiles of 17 mouse organs, sampled at 4, 9, 12, 18, 24 months of age, were generated by standard illumina RNA-Seq protocols.",,,,315028,GPL19057,Mus musculus,GSE,Expression profiling by high throughput sequencing,2021/12/31,518,ftp://ftp.ncbi.nlm.nih.gov/geo/series/GSE141nnn/GSE141252/,,,,,OSD-525|RR23_Cb_FLT_F6,Space Flight
166,GSM2341166,0.992372989654541,GSE87808,Impaired Amino Acid Transport at the Blood Brain Barrier Is a Cause of Autism Spectrum Disorder,,,"Autism spectrum disorders (ASD) are a group of genetic disorders often overlapping with other neurological conditions. We previously described abnormalities in the branched chain amino acid (BCAA) catabolic pathway as a cause of ASD. Here we show that the solute carrier transporter 7a5 (SLC7A5), a large neutral amino acid transporter localized at the blood brain barrier (BBB), has an essential role in maintaining normal levels of brain BCAAs. In mice, deletion of Slc7a5 from the endothelial cells of the BBB leads to decreased levels of brain BCAAs, abnormal mRNA translation and severe neurological abnormalities. Furthermore, we identified several patients with autistic traits and motor delay carrying deleterious homozygous mutations in the SLC7A5 gene. Finally, we demonstrate that BCAA intracerebroventricular administration ameliorates abnormal behaviors in adult mutant mice. Our data elucidate a neurological syndrome defined by SLC7A5 mutations and support an essential role for the BCAA in human brain function.",RNA-sequencing of cerebellum from 3 wildtype mice and 3 Slc7a5 KO mice,27912058,,,78243,GPL17021,Mus musculus,GSE,Expression profiling by high throughput sequencing,2016/12/22,6,ftp://ftp.ncbi.nlm.nih.gov/geo/series/GSE87nnn/GSE87808/,Impaired Amino Acid Transport at the Blood Brain Barrier Is a Cause of Autism Spectrum Disorder.,Cell,2016 Dec 1,10.1016/j.cell.2016.11.013,OSD-525|RR23_Cb_FLT_F6,Space Flight
167,GSM4780432,0.9923187494277954,GSE157902,GTPBP1 resolves paused ribosomes to maintain neuronal homeostasis,,,"Ribosome-associated quality control pathways respond to defects in translational elongation to recycle arrested ribosomes and degrade aberrant polypeptides and mRNAs. Loss of an individual tRNA gene leads to ribosomal pausing that is resolved by the translational GTPase GTPBP2, and in its absence causes neuron death. Here we show that loss of the homologous protein GTPBP1 during tRNA deficiency in the mouse brain also leads to codon-specific ribosome pausing and neurodegeneration, suggesting that these non-redundant translational GTPases function in the same pathway to mitigate ribosome pausing. Ribosome stalling in the mutant brain led to activation of the integrated stress response (ISR) mediated by GCN2 and decreased mTORC1 signaling. However, in contrast to the ISR, which enhanced neuron survival, reduced mTORC1 signaling increased neuronal death. Our data demonstrate that GTPBP1 functions as an important quality control mechanism during translation elongation and suggest that translational signaling pathways intricately interact to regulate neuronal homeostasis during defective translation elongation.","18 samples are in analyzed in this study in the context of 3 week old C57BL/6J (B6J) mouse cerebellum. These include 3 replicates of the following genotypes Gtpbp1 -/-, Gtpbp2 -/- (mediated through a previously characterized nmf205 point mutation), and wildtype mice. RNA-seq and ribosome footprint profiling datasets were generated for each sample.",33186095,,,415770,GPL21103,Mus musculus,GSE,Expression profiling by high throughput sequencing; Other,2020/10/26,18,ftp://ftp.ncbi.nlm.nih.gov/geo/series/GSE157nnn/GSE157902/,GTPBP1 resolves paused ribosomes to maintain neuronal homeostasis.,eLife,2020 Nov 13,10.7554/eLife.62731,OSD-525|RR23_Cb_FLT_F6,Space Flight
168,GSM4199428,0.9921238422393799,GSE141252,Chronologic age and morbidities could converge on gene-specific traits through length-dependent failure of transcript polymerization,,,We provide evidence for the decrease of long transcripts during aging using a unique reference transcriptomic survey of 17 mouse organs sampled at 5 timepoints over the lifespan.,"Transcriptomic profiles of 17 mouse organs, sampled at 4, 9, 12, 18, 24 months of age, were generated by standard illumina RNA-Seq protocols.",,,,314826,GPL19057,Mus musculus,GSE,Expression profiling by high throughput sequencing,2021/12/31,518,ftp://ftp.ncbi.nlm.nih.gov/geo/series/GSE141nnn/GSE141252/,,,,,OSD-525|RR23_Cb_FLT_F6,Space Flight
169,GSM4780425,0.9920896291732788,GSE157902,GTPBP1 resolves paused ribosomes to maintain neuronal homeostasis,,,"Ribosome-associated quality control pathways respond to defects in translational elongation to recycle arrested ribosomes and degrade aberrant polypeptides and mRNAs. Loss of an individual tRNA gene leads to ribosomal pausing that is resolved by the translational GTPase GTPBP2, and in its absence causes neuron death. Here we show that loss of the homologous protein GTPBP1 during tRNA deficiency in the mouse brain also leads to codon-specific ribosome pausing and neurodegeneration, suggesting that these non-redundant translational GTPases function in the same pathway to mitigate ribosome pausing. Ribosome stalling in the mutant brain led to activation of the integrated stress response (ISR) mediated by GCN2 and decreased mTORC1 signaling. However, in contrast to the ISR, which enhanced neuron survival, reduced mTORC1 signaling increased neuronal death. Our data demonstrate that GTPBP1 functions as an important quality control mechanism during translation elongation and suggest that translational signaling pathways intricately interact to regulate neuronal homeostasis during defective translation elongation.","18 samples are in analyzed in this study in the context of 3 week old C57BL/6J (B6J) mouse cerebellum. These include 3 replicates of the following genotypes Gtpbp1 -/-, Gtpbp2 -/- (mediated through a previously characterized nmf205 point mutation), and wildtype mice. RNA-seq and ribosome footprint profiling datasets were generated for each sample.",33186095,,,415763,GPL21103,Mus musculus,GSE,Expression profiling by high throughput sequencing; Other,2020/10/26,18,ftp://ftp.ncbi.nlm.nih.gov/geo/series/GSE157nnn/GSE157902/,GTPBP1 resolves paused ribosomes to maintain neuronal homeostasis.,eLife,2020 Nov 13,10.7554/eLife.62731,OSD-525|RR23_Cb_FLT_F6,Space Flight
170,GSM4780427,0.9939147233963013,GSE157902,GTPBP1 resolves paused ribosomes to maintain neuronal homeostasis,,,"Ribosome-associated quality control pathways respond to defects in translational elongation to recycle arrested ribosomes and degrade aberrant polypeptides and mRNAs. Loss of an individual tRNA gene leads to ribosomal pausing that is resolved by the translational GTPase GTPBP2, and in its absence causes neuron death. Here we show that loss of the homologous protein GTPBP1 during tRNA deficiency in the mouse brain also leads to codon-specific ribosome pausing and neurodegeneration, suggesting that these non-redundant translational GTPases function in the same pathway to mitigate ribosome pausing. Ribosome stalling in the mutant brain led to activation of the integrated stress response (ISR) mediated by GCN2 and decreased mTORC1 signaling. However, in contrast to the ISR, which enhanced neuron survival, reduced mTORC1 signaling increased neuronal death. Our data demonstrate that GTPBP1 functions as an important quality control mechanism during translation elongation and suggest that translational signaling pathways intricately interact to regulate neuronal homeostasis during defective translation elongation.","18 samples are in analyzed in this study in the context of 3 week old C57BL/6J (B6J) mouse cerebellum. These include 3 replicates of the following genotypes Gtpbp1 -/-, Gtpbp2 -/- (mediated through a previously characterized nmf205 point mutation), and wildtype mice. RNA-seq and ribosome footprint profiling datasets were generated for each sample.",33186095,,,415765,GPL21103,Mus musculus,GSE,Expression profiling by high throughput sequencing; Other,2020/10/26,18,ftp://ftp.ncbi.nlm.nih.gov/geo/series/GSE157nnn/GSE157902/,GTPBP1 resolves paused ribosomes to maintain neuronal homeostasis.,eLife,2020 Nov 13,10.7554/eLife.62731,OSD-525|RR23_Cb_FLT_F7,Space Flight
171,GSM5900268,0.9938837289810181,GSE196765,Autism-like behaviors and cerebellar dysfunction in the Bmal1 mutant mouse ameliorated by mTORC1 inhibition,,,"Although circadian and sleep disorders are frequently associated with autism spectrum disorders (ASD), it remains elusive whether clock gene disruption can lead to autistic-like phenotypes in animals. The essential clock gene Bmal1 has been associated with human sociability and its missense mutations are identified in ASD. Here we report that global Bmal1 deletion led to significant social impairments, excessive stereotyped and repetitive behaviors, as well as motor learning disabilities in mice, all of which resemble core behavioral deficits in ASD. Furthermore, aberrant cell density and immature morphology of dendritic spines were identified in the cerebellar Purkinje cells (PCs) of Bmal1 knockout (KO) mice. Electrophysiological recordings uncovered enhanced excitatory and inhibitory synaptic transmission and reduced firing rates in the PCs of Bmal1 KO mice. Differential expression of ASD- and ataxia-associated genes (Ntng2, Mfrp, Nr4a2, Thbs1, Atxn1, and Atxn3) and dysregulated pathways of translational control, including hyperactivated mammalian target of rapamycin complex 1 (mTORC1) signaling, were identified in the cerebellum of Bmal1 KO mice. Interestingly, the antidiabetic drug metformin reversed mTORC1 hyperactivation and alleviated major behavioral and PC deficits in Bmal1 KO mice. Importantly, conditional Bmal1 deletion only in cerebellar PCs was sufficient to recapitulate autistic-like behavioral and cellular changes akin to those identified in Bmal1 KO mice. Together, these results unveil a previously unidentified role for Bmal1 disruption in cerebellar dysfunction and autistic-like behaviors. Our findings provide experimental evidence supporting a putative role for dysregulation of circadian clock gene expression in the pathogenesis of ASD.","total RNA-seq and footprint experiments from the cerebellar tissue of Bmal1 knockout and wildtype mice, 3 biological replicates form each condition for RNA-seq; 2 biolgical replicates from each condition for footprint experiments.",35301425,,,598593,GPL13112,Mus musculus,GSE,Expression profiling by high throughput sequencing,2022/03/17,10,ftp://ftp.ncbi.nlm.nih.gov/geo/series/GSE196nnn/GSE196765/,Autistic-like behavior and cerebellar dysfunction in Bmal1 mutant mice ameliorated by mTORC1 inhibition.,Molecular psychiatry,2023 Sep,10.1038/s41380-022-01499-6,OSD-525|RR23_Cb_FLT_F7,Space Flight
172,GSM4199640,0.9935945272445679,GSE141252,Chronologic age and morbidities could converge on gene-specific traits through length-dependent failure of transcript polymerization,,,We provide evidence for the decrease of long transcripts during aging using a unique reference transcriptomic survey of 17 mouse organs sampled at 5 timepoints over the lifespan.,"Transcriptomic profiles of 17 mouse organs, sampled at 4, 9, 12, 18, 24 months of age, were generated by standard illumina RNA-Seq protocols.",,,,315028,GPL19057,Mus musculus,GSE,Expression profiling by high throughput sequencing,2021/12/31,518,ftp://ftp.ncbi.nlm.nih.gov/geo/series/GSE141nnn/GSE141252/,,,,,OSD-525|RR23_Cb_FLT_F7,Space Flight
173,GSM4780424,0.9935587644577026,GSE157902,GTPBP1 resolves paused ribosomes to maintain neuronal homeostasis,,,"Ribosome-associated quality control pathways respond to defects in translational elongation to recycle arrested ribosomes and degrade aberrant polypeptides and mRNAs. Loss of an individual tRNA gene leads to ribosomal pausing that is resolved by the translational GTPase GTPBP2, and in its absence causes neuron death. Here we show that loss of the homologous protein GTPBP1 during tRNA deficiency in the mouse brain also leads to codon-specific ribosome pausing and neurodegeneration, suggesting that these non-redundant translational GTPases function in the same pathway to mitigate ribosome pausing. Ribosome stalling in the mutant brain led to activation of the integrated stress response (ISR) mediated by GCN2 and decreased mTORC1 signaling. However, in contrast to the ISR, which enhanced neuron survival, reduced mTORC1 signaling increased neuronal death. Our data demonstrate that GTPBP1 functions as an important quality control mechanism during translation elongation and suggest that translational signaling pathways intricately interact to regulate neuronal homeostasis during defective translation elongation.","18 samples are in analyzed in this study in the context of 3 week old C57BL/6J (B6J) mouse cerebellum. These include 3 replicates of the following genotypes Gtpbp1 -/-, Gtpbp2 -/- (mediated through a previously characterized nmf205 point mutation), and wildtype mice. RNA-seq and ribosome footprint profiling datasets were generated for each sample.",33186095,,,415762,GPL21103,Mus musculus,GSE,Expression profiling by high throughput sequencing; Other,2020/10/26,18,ftp://ftp.ncbi.nlm.nih.gov/geo/series/GSE157nnn/GSE157902/,GTPBP1 resolves paused ribosomes to maintain neuronal homeostasis.,eLife,2020 Nov 13,10.7554/eLife.62731,OSD-525|RR23_Cb_FLT_F7,Space Flight
174,GSM5900262,0.9934559464454651,GSE196765,Autism-like behaviors and cerebellar dysfunction in the Bmal1 mutant mouse ameliorated by mTORC1 inhibition,,,"Although circadian and sleep disorders are frequently associated with autism spectrum disorders (ASD), it remains elusive whether clock gene disruption can lead to autistic-like phenotypes in animals. The essential clock gene Bmal1 has been associated with human sociability and its missense mutations are identified in ASD. Here we report that global Bmal1 deletion led to significant social impairments, excessive stereotyped and repetitive behaviors, as well as motor learning disabilities in mice, all of which resemble core behavioral deficits in ASD. Furthermore, aberrant cell density and immature morphology of dendritic spines were identified in the cerebellar Purkinje cells (PCs) of Bmal1 knockout (KO) mice. Electrophysiological recordings uncovered enhanced excitatory and inhibitory synaptic transmission and reduced firing rates in the PCs of Bmal1 KO mice. Differential expression of ASD- and ataxia-associated genes (Ntng2, Mfrp, Nr4a2, Thbs1, Atxn1, and Atxn3) and dysregulated pathways of translational control, including hyperactivated mammalian target of rapamycin complex 1 (mTORC1) signaling, were identified in the cerebellum of Bmal1 KO mice. Interestingly, the antidiabetic drug metformin reversed mTORC1 hyperactivation and alleviated major behavioral and PC deficits in Bmal1 KO mice. Importantly, conditional Bmal1 deletion only in cerebellar PCs was sufficient to recapitulate autistic-like behavioral and cellular changes akin to those identified in Bmal1 KO mice. Together, these results unveil a previously unidentified role for Bmal1 disruption in cerebellar dysfunction and autistic-like behaviors. Our findings provide experimental evidence supporting a putative role for dysregulation of circadian clock gene expression in the pathogenesis of ASD.","total RNA-seq and footprint experiments from the cerebellar tissue of Bmal1 knockout and wildtype mice, 3 biological replicates form each condition for RNA-seq; 2 biolgical replicates from each condition for footprint experiments.",35301425,,,598587,GPL13112,Mus musculus,GSE,Expression profiling by high throughput sequencing,2022/03/17,10,ftp://ftp.ncbi.nlm.nih.gov/geo/series/GSE196nnn/GSE196765/,Autistic-like behavior and cerebellar dysfunction in Bmal1 mutant mice ameliorated by mTORC1 inhibition.,Molecular psychiatry,2023 Sep,10.1038/s41380-022-01499-6,OSD-525|RR23_Cb_FLT_F7,Space Flight
175,GSM4780432,0.9933954477310181,GSE157902,GTPBP1 resolves paused ribosomes to maintain neuronal homeostasis,,,"Ribosome-associated quality control pathways respond to defects in translational elongation to recycle arrested ribosomes and degrade aberrant polypeptides and mRNAs. Loss of an individual tRNA gene leads to ribosomal pausing that is resolved by the translational GTPase GTPBP2, and in its absence causes neuron death. Here we show that loss of the homologous protein GTPBP1 during tRNA deficiency in the mouse brain also leads to codon-specific ribosome pausing and neurodegeneration, suggesting that these non-redundant translational GTPases function in the same pathway to mitigate ribosome pausing. Ribosome stalling in the mutant brain led to activation of the integrated stress response (ISR) mediated by GCN2 and decreased mTORC1 signaling. However, in contrast to the ISR, which enhanced neuron survival, reduced mTORC1 signaling increased neuronal death. Our data demonstrate that GTPBP1 functions as an important quality control mechanism during translation elongation and suggest that translational signaling pathways intricately interact to regulate neuronal homeostasis during defective translation elongation.","18 samples are in analyzed in this study in the context of 3 week old C57BL/6J (B6J) mouse cerebellum. These include 3 replicates of the following genotypes Gtpbp1 -/-, Gtpbp2 -/- (mediated through a previously characterized nmf205 point mutation), and wildtype mice. RNA-seq and ribosome footprint profiling datasets were generated for each sample.",33186095,,,415770,GPL21103,Mus musculus,GSE,Expression profiling by high throughput sequencing; Other,2020/10/26,18,ftp://ftp.ncbi.nlm.nih.gov/geo/series/GSE157nnn/GSE157902/,GTPBP1 resolves paused ribosomes to maintain neuronal homeostasis.,eLife,2020 Nov 13,10.7554/eLife.62731,OSD-525|RR23_Cb_FLT_F7,Space Flight
176,GSM6610612,0.9933293461799622,GSE214530,Time- and tissue-specific response of the mouse transcriptome after a short-term exposure to normoxia or intermittent hypoxia (IH),,,"To investigated the effects of early exposure to IH on tissue-specific transcriptome and biological processes, we evaluated differential gene expression of circadian rhythms and 24-hour mean expression in the lung, heart, liver, kidney, muscle, and cerebellum from mice after exposure to normoxic and IH conditions. The cardiopulmonary tissues were most affected by short-term exposure to IH in comparison with other organs.","Eight-week-old C57BL/6J mice were exposed to either normoxia or intermittent hypooxia (21-8% O2) for seven days before it was released into constant normoxic darkness for two days. Multiple tissues (liver, lung, kidney, muscle, heart, and cerebellum) were harvested on the second day of constant darkness for 24 hours with three-hour intervals to assess changes in their transcriptome.",37252926,,,691298,GPL24247,Mus musculus,GSE,Expression profiling by high throughput sequencing,2022/09/30,288,ftp://ftp.ncbi.nlm.nih.gov/geo/series/GSE214nnn/GSE214530/,Obstructive sleep apnea in a mouse model is associated with tissue-specific transcriptomic changes in circadian rhythmicity and mean 24-hour gene expression.,PLoS biology,2023 May,10.1371/journal.pbio.3002139,OSD-525|RR23_Cb_FLT_F7,Space Flight
177,GSM4199428,0.9932111501693726,GSE141252,Chronologic age and morbidities could converge on gene-specific traits through length-dependent failure of transcript polymerization,,,We provide evidence for the decrease of long transcripts during aging using a unique reference transcriptomic survey of 17 mouse organs sampled at 5 timepoints over the lifespan.,"Transcriptomic profiles of 17 mouse organs, sampled at 4, 9, 12, 18, 24 months of age, were generated by standard illumina RNA-Seq protocols.",,,,314826,GPL19057,Mus musculus,GSE,Expression profiling by high throughput sequencing,2021/12/31,518,ftp://ftp.ncbi.nlm.nih.gov/geo/series/GSE141nnn/GSE141252/,,,,,OSD-525|RR23_Cb_FLT_F7,Space Flight
178,GSM6610593,0.993096113204956,GSE214530,Time- and tissue-specific response of the mouse transcriptome after a short-term exposure to normoxia or intermittent hypoxia (IH),,,"To investigated the effects of early exposure to IH on tissue-specific transcriptome and biological processes, we evaluated differential gene expression of circadian rhythms and 24-hour mean expression in the lung, heart, liver, kidney, muscle, and cerebellum from mice after exposure to normoxic and IH conditions. The cardiopulmonary tissues were most affected by short-term exposure to IH in comparison with other organs.","Eight-week-old C57BL/6J mice were exposed to either normoxia or intermittent hypooxia (21-8% O2) for seven days before it was released into constant normoxic darkness for two days. Multiple tissues (liver, lung, kidney, muscle, heart, and cerebellum) were harvested on the second day of constant darkness for 24 hours with three-hour intervals to assess changes in their transcriptome.",37252926,,,691279,GPL24247,Mus musculus,GSE,Expression profiling by high throughput sequencing,2022/09/30,288,ftp://ftp.ncbi.nlm.nih.gov/geo/series/GSE214nnn/GSE214530/,Obstructive sleep apnea in a mouse model is associated with tissue-specific transcriptomic changes in circadian rhythmicity and mean 24-hour gene expression.,PLoS biology,2023 May,10.1371/journal.pbio.3002139,OSD-525|RR23_Cb_FLT_F7,Space Flight
179,GSM4199365,0.9929981231689453,GSE141252,Chronologic age and morbidities could converge on gene-specific traits through length-dependent failure of transcript polymerization,,,We provide evidence for the decrease of long transcripts during aging using a unique reference transcriptomic survey of 17 mouse organs sampled at 5 timepoints over the lifespan.,"Transcriptomic profiles of 17 mouse organs, sampled at 4, 9, 12, 18, 24 months of age, were generated by standard illumina RNA-Seq protocols.",,,,314769,GPL19057,Mus musculus,GSE,Expression profiling by high throughput sequencing,2021/12/31,518,ftp://ftp.ncbi.nlm.nih.gov/geo/series/GSE141nnn/GSE141252/,,,,,OSD-525|RR23_Cb_FLT_F7,Space Flight
180,GSM5900265,0.9921746253967285,GSE196765,Autism-like behaviors and cerebellar dysfunction in the Bmal1 mutant mouse ameliorated by mTORC1 inhibition,,,"Although circadian and sleep disorders are frequently associated with autism spectrum disorders (ASD), it remains elusive whether clock gene disruption can lead to autistic-like phenotypes in animals. The essential clock gene Bmal1 has been associated with human sociability and its missense mutations are identified in ASD. Here we report that global Bmal1 deletion led to significant social impairments, excessive stereotyped and repetitive behaviors, as well as motor learning disabilities in mice, all of which resemble core behavioral deficits in ASD. Furthermore, aberrant cell density and immature morphology of dendritic spines were identified in the cerebellar Purkinje cells (PCs) of Bmal1 knockout (KO) mice. Electrophysiological recordings uncovered enhanced excitatory and inhibitory synaptic transmission and reduced firing rates in the PCs of Bmal1 KO mice. Differential expression of ASD- and ataxia-associated genes (Ntng2, Mfrp, Nr4a2, Thbs1, Atxn1, and Atxn3) and dysregulated pathways of translational control, including hyperactivated mammalian target of rapamycin complex 1 (mTORC1) signaling, were identified in the cerebellum of Bmal1 KO mice. Interestingly, the antidiabetic drug metformin reversed mTORC1 hyperactivation and alleviated major behavioral and PC deficits in Bmal1 KO mice. Importantly, conditional Bmal1 deletion only in cerebellar PCs was sufficient to recapitulate autistic-like behavioral and cellular changes akin to those identified in Bmal1 KO mice. Together, these results unveil a previously unidentified role for Bmal1 disruption in cerebellar dysfunction and autistic-like behaviors. Our findings provide experimental evidence supporting a putative role for dysregulation of circadian clock gene expression in the pathogenesis of ASD.","total RNA-seq and footprint experiments from the cerebellar tissue of Bmal1 knockout and wildtype mice, 3 biological replicates form each condition for RNA-seq; 2 biolgical replicates from each condition for footprint experiments.",35301425,,,598590,GPL13112,Mus musculus,GSE,Expression profiling by high throughput sequencing,2022/03/17,10,ftp://ftp.ncbi.nlm.nih.gov/geo/series/GSE196nnn/GSE196765/,Autistic-like behavior and cerebellar dysfunction in Bmal1 mutant mice ameliorated by mTORC1 inhibition.,Molecular psychiatry,2023 Sep,10.1038/s41380-022-01499-6,OSD-525|RR23_Cb_FLT_F8,Space Flight
181,GSM5900262,0.9917436838150024,GSE196765,Autism-like behaviors and cerebellar dysfunction in the Bmal1 mutant mouse ameliorated by mTORC1 inhibition,,,"Although circadian and sleep disorders are frequently associated with autism spectrum disorders (ASD), it remains elusive whether clock gene disruption can lead to autistic-like phenotypes in animals. The essential clock gene Bmal1 has been associated with human sociability and its missense mutations are identified in ASD. Here we report that global Bmal1 deletion led to significant social impairments, excessive stereotyped and repetitive behaviors, as well as motor learning disabilities in mice, all of which resemble core behavioral deficits in ASD. Furthermore, aberrant cell density and immature morphology of dendritic spines were identified in the cerebellar Purkinje cells (PCs) of Bmal1 knockout (KO) mice. Electrophysiological recordings uncovered enhanced excitatory and inhibitory synaptic transmission and reduced firing rates in the PCs of Bmal1 KO mice. Differential expression of ASD- and ataxia-associated genes (Ntng2, Mfrp, Nr4a2, Thbs1, Atxn1, and Atxn3) and dysregulated pathways of translational control, including hyperactivated mammalian target of rapamycin complex 1 (mTORC1) signaling, were identified in the cerebellum of Bmal1 KO mice. Interestingly, the antidiabetic drug metformin reversed mTORC1 hyperactivation and alleviated major behavioral and PC deficits in Bmal1 KO mice. Importantly, conditional Bmal1 deletion only in cerebellar PCs was sufficient to recapitulate autistic-like behavioral and cellular changes akin to those identified in Bmal1 KO mice. Together, these results unveil a previously unidentified role for Bmal1 disruption in cerebellar dysfunction and autistic-like behaviors. Our findings provide experimental evidence supporting a putative role for dysregulation of circadian clock gene expression in the pathogenesis of ASD.","total RNA-seq and footprint experiments from the cerebellar tissue of Bmal1 knockout and wildtype mice, 3 biological replicates form each condition for RNA-seq; 2 biolgical replicates from each condition for footprint experiments.",35301425,,,598587,GPL13112,Mus musculus,GSE,Expression profiling by high throughput sequencing,2022/03/17,10,ftp://ftp.ncbi.nlm.nih.gov/geo/series/GSE196nnn/GSE196765/,Autistic-like behavior and cerebellar dysfunction in Bmal1 mutant mice ameliorated by mTORC1 inhibition.,Molecular psychiatry,2023 Sep,10.1038/s41380-022-01499-6,OSD-525|RR23_Cb_FLT_F8,Space Flight
182,GSM5900268,0.9915027618408203,GSE196765,Autism-like behaviors and cerebellar dysfunction in the Bmal1 mutant mouse ameliorated by mTORC1 inhibition,,,"Although circadian and sleep disorders are frequently associated with autism spectrum disorders (ASD), it remains elusive whether clock gene disruption can lead to autistic-like phenotypes in animals. The essential clock gene Bmal1 has been associated with human sociability and its missense mutations are identified in ASD. Here we report that global Bmal1 deletion led to significant social impairments, excessive stereotyped and repetitive behaviors, as well as motor learning disabilities in mice, all of which resemble core behavioral deficits in ASD. Furthermore, aberrant cell density and immature morphology of dendritic spines were identified in the cerebellar Purkinje cells (PCs) of Bmal1 knockout (KO) mice. Electrophysiological recordings uncovered enhanced excitatory and inhibitory synaptic transmission and reduced firing rates in the PCs of Bmal1 KO mice. Differential expression of ASD- and ataxia-associated genes (Ntng2, Mfrp, Nr4a2, Thbs1, Atxn1, and Atxn3) and dysregulated pathways of translational control, including hyperactivated mammalian target of rapamycin complex 1 (mTORC1) signaling, were identified in the cerebellum of Bmal1 KO mice. Interestingly, the antidiabetic drug metformin reversed mTORC1 hyperactivation and alleviated major behavioral and PC deficits in Bmal1 KO mice. Importantly, conditional Bmal1 deletion only in cerebellar PCs was sufficient to recapitulate autistic-like behavioral and cellular changes akin to those identified in Bmal1 KO mice. Together, these results unveil a previously unidentified role for Bmal1 disruption in cerebellar dysfunction and autistic-like behaviors. Our findings provide experimental evidence supporting a putative role for dysregulation of circadian clock gene expression in the pathogenesis of ASD.","total RNA-seq and footprint experiments from the cerebellar tissue of Bmal1 knockout and wildtype mice, 3 biological replicates form each condition for RNA-seq; 2 biolgical replicates from each condition for footprint experiments.",35301425,,,598593,GPL13112,Mus musculus,GSE,Expression profiling by high throughput sequencing,2022/03/17,10,ftp://ftp.ncbi.nlm.nih.gov/geo/series/GSE196nnn/GSE196765/,Autistic-like behavior and cerebellar dysfunction in Bmal1 mutant mice ameliorated by mTORC1 inhibition.,Molecular psychiatry,2023 Sep,10.1038/s41380-022-01499-6,OSD-525|RR23_Cb_FLT_F8,Space Flight
183,GSM2718616,0.9910016059875488,GSE101918,Species and Cell-Type Properties of Classically Defined Human and Rodent Neurons and Glia,,,This SuperSeries is composed of the SubSeries listed below.,Refer to individual Series,30320555,,,118502,GPL17021; GPL20084; GPL18573; GPL19057,Mus musculus; Rattus norvegicus; Homo sapiens,GSE,Genome binding/occupancy profiling by high throughput sequencing; Expression profiling by high throughput sequencing,2018/10/12,114,ftp://ftp.ncbi.nlm.nih.gov/geo/series/GSE101nnn/GSE101918/,Species and cell-type properties of classically defined human and rodent neurons and glia.,eLife,2018 Oct 15,10.7554/eLife.37551,OSD-525|RR23_Cb_FLT_F8,Space Flight
184,GSM6610612,0.9906803965568542,GSE214530,Time- and tissue-specific response of the mouse transcriptome after a short-term exposure to normoxia or intermittent hypoxia (IH),,,"To investigated the effects of early exposure to IH on tissue-specific transcriptome and biological processes, we evaluated differential gene expression of circadian rhythms and 24-hour mean expression in the lung, heart, liver, kidney, muscle, and cerebellum from mice after exposure to normoxic and IH conditions. The cardiopulmonary tissues were most affected by short-term exposure to IH in comparison with other organs.","Eight-week-old C57BL/6J mice were exposed to either normoxia or intermittent hypooxia (21-8% O2) for seven days before it was released into constant normoxic darkness for two days. Multiple tissues (liver, lung, kidney, muscle, heart, and cerebellum) were harvested on the second day of constant darkness for 24 hours with three-hour intervals to assess changes in their transcriptome.",37252926,,,691298,GPL24247,Mus musculus,GSE,Expression profiling by high throughput sequencing,2022/09/30,288,ftp://ftp.ncbi.nlm.nih.gov/geo/series/GSE214nnn/GSE214530/,Obstructive sleep apnea in a mouse model is associated with tissue-specific transcriptomic changes in circadian rhythmicity and mean 24-hour gene expression.,PLoS biology,2023 May,10.1371/journal.pbio.3002139,OSD-525|RR23_Cb_FLT_F8,Space Flight
185,GSM4780432,0.9904731512069702,GSE157902,GTPBP1 resolves paused ribosomes to maintain neuronal homeostasis,,,"Ribosome-associated quality control pathways respond to defects in translational elongation to recycle arrested ribosomes and degrade aberrant polypeptides and mRNAs. Loss of an individual tRNA gene leads to ribosomal pausing that is resolved by the translational GTPase GTPBP2, and in its absence causes neuron death. Here we show that loss of the homologous protein GTPBP1 during tRNA deficiency in the mouse brain also leads to codon-specific ribosome pausing and neurodegeneration, suggesting that these non-redundant translational GTPases function in the same pathway to mitigate ribosome pausing. Ribosome stalling in the mutant brain led to activation of the integrated stress response (ISR) mediated by GCN2 and decreased mTORC1 signaling. However, in contrast to the ISR, which enhanced neuron survival, reduced mTORC1 signaling increased neuronal death. Our data demonstrate that GTPBP1 functions as an important quality control mechanism during translation elongation and suggest that translational signaling pathways intricately interact to regulate neuronal homeostasis during defective translation elongation.","18 samples are in analyzed in this study in the context of 3 week old C57BL/6J (B6J) mouse cerebellum. These include 3 replicates of the following genotypes Gtpbp1 -/-, Gtpbp2 -/- (mediated through a previously characterized nmf205 point mutation), and wildtype mice. RNA-seq and ribosome footprint profiling datasets were generated for each sample.",33186095,,,415770,GPL21103,Mus musculus,GSE,Expression profiling by high throughput sequencing; Other,2020/10/26,18,ftp://ftp.ncbi.nlm.nih.gov/geo/series/GSE157nnn/GSE157902/,GTPBP1 resolves paused ribosomes to maintain neuronal homeostasis.,eLife,2020 Nov 13,10.7554/eLife.62731,OSD-525|RR23_Cb_FLT_F8,Space Flight
186,GSM2718617,0.9903867244720459,GSE101918,Species and Cell-Type Properties of Classically Defined Human and Rodent Neurons and Glia,,,This SuperSeries is composed of the SubSeries listed below.,Refer to individual Series,30320555,,,118503,GPL17021; GPL20084; GPL18573; GPL19057,Mus musculus; Rattus norvegicus; Homo sapiens,GSE,Genome binding/occupancy profiling by high throughput sequencing; Expression profiling by high throughput sequencing,2018/10/12,114,ftp://ftp.ncbi.nlm.nih.gov/geo/series/GSE101nnn/GSE101918/,Species and cell-type properties of classically defined human and rodent neurons and glia.,eLife,2018 Oct 15,10.7554/eLife.37551,OSD-525|RR23_Cb_FLT_F8,Space Flight
187,GSM4199640,0.9903828501701355,GSE141252,Chronologic age and morbidities could converge on gene-specific traits through length-dependent failure of transcript polymerization,,,We provide evidence for the decrease of long transcripts during aging using a unique reference transcriptomic survey of 17 mouse organs sampled at 5 timepoints over the lifespan.,"Transcriptomic profiles of 17 mouse organs, sampled at 4, 9, 12, 18, 24 months of age, were generated by standard illumina RNA-Seq protocols.",,,,315028,GPL19057,Mus musculus,GSE,Expression profiling by high throughput sequencing,2021/12/31,518,ftp://ftp.ncbi.nlm.nih.gov/geo/series/GSE141nnn/GSE141252/,,,,,OSD-525|RR23_Cb_FLT_F8,Space Flight
188,GSM4199490,0.9901868104934692,GSE141252,Chronologic age and morbidities could converge on gene-specific traits through length-dependent failure of transcript polymerization,,,We provide evidence for the decrease of long transcripts during aging using a unique reference transcriptomic survey of 17 mouse organs sampled at 5 timepoints over the lifespan.,"Transcriptomic profiles of 17 mouse organs, sampled at 4, 9, 12, 18, 24 months of age, were generated by standard illumina RNA-Seq protocols.",,,,314885,GPL19057,Mus musculus,GSE,Expression profiling by high throughput sequencing,2021/12/31,518,ftp://ftp.ncbi.nlm.nih.gov/geo/series/GSE141nnn/GSE141252/,,,,,OSD-525|RR23_Cb_FLT_F8,Space Flight
189,GSM4780427,0.9900580644607544,GSE157902,GTPBP1 resolves paused ribosomes to maintain neuronal homeostasis,,,"Ribosome-associated quality control pathways respond to defects in translational elongation to recycle arrested ribosomes and degrade aberrant polypeptides and mRNAs. Loss of an individual tRNA gene leads to ribosomal pausing that is resolved by the translational GTPase GTPBP2, and in its absence causes neuron death. Here we show that loss of the homologous protein GTPBP1 during tRNA deficiency in the mouse brain also leads to codon-specific ribosome pausing and neurodegeneration, suggesting that these non-redundant translational GTPases function in the same pathway to mitigate ribosome pausing. Ribosome stalling in the mutant brain led to activation of the integrated stress response (ISR) mediated by GCN2 and decreased mTORC1 signaling. However, in contrast to the ISR, which enhanced neuron survival, reduced mTORC1 signaling increased neuronal death. Our data demonstrate that GTPBP1 functions as an important quality control mechanism during translation elongation and suggest that translational signaling pathways intricately interact to regulate neuronal homeostasis during defective translation elongation.","18 samples are in analyzed in this study in the context of 3 week old C57BL/6J (B6J) mouse cerebellum. These include 3 replicates of the following genotypes Gtpbp1 -/-, Gtpbp2 -/- (mediated through a previously characterized nmf205 point mutation), and wildtype mice. RNA-seq and ribosome footprint profiling datasets were generated for each sample.",33186095,,,415765,GPL21103,Mus musculus,GSE,Expression profiling by high throughput sequencing; Other,2020/10/26,18,ftp://ftp.ncbi.nlm.nih.gov/geo/series/GSE157nnn/GSE157902/,GTPBP1 resolves paused ribosomes to maintain neuronal homeostasis.,eLife,2020 Nov 13,10.7554/eLife.62731,OSD-525|RR23_Cb_FLT_F8,Space Flight
190,GSM5900265,0.9923728704452515,GSE196765,Autism-like behaviors and cerebellar dysfunction in the Bmal1 mutant mouse ameliorated by mTORC1 inhibition,,,"Although circadian and sleep disorders are frequently associated with autism spectrum disorders (ASD), it remains elusive whether clock gene disruption can lead to autistic-like phenotypes in animals. The essential clock gene Bmal1 has been associated with human sociability and its missense mutations are identified in ASD. Here we report that global Bmal1 deletion led to significant social impairments, excessive stereotyped and repetitive behaviors, as well as motor learning disabilities in mice, all of which resemble core behavioral deficits in ASD. Furthermore, aberrant cell density and immature morphology of dendritic spines were identified in the cerebellar Purkinje cells (PCs) of Bmal1 knockout (KO) mice. Electrophysiological recordings uncovered enhanced excitatory and inhibitory synaptic transmission and reduced firing rates in the PCs of Bmal1 KO mice. Differential expression of ASD- and ataxia-associated genes (Ntng2, Mfrp, Nr4a2, Thbs1, Atxn1, and Atxn3) and dysregulated pathways of translational control, including hyperactivated mammalian target of rapamycin complex 1 (mTORC1) signaling, were identified in the cerebellum of Bmal1 KO mice. Interestingly, the antidiabetic drug metformin reversed mTORC1 hyperactivation and alleviated major behavioral and PC deficits in Bmal1 KO mice. Importantly, conditional Bmal1 deletion only in cerebellar PCs was sufficient to recapitulate autistic-like behavioral and cellular changes akin to those identified in Bmal1 KO mice. Together, these results unveil a previously unidentified role for Bmal1 disruption in cerebellar dysfunction and autistic-like behaviors. Our findings provide experimental evidence supporting a putative role for dysregulation of circadian clock gene expression in the pathogenesis of ASD.","total RNA-seq and footprint experiments from the cerebellar tissue of Bmal1 knockout and wildtype mice, 3 biological replicates form each condition for RNA-seq; 2 biolgical replicates from each condition for footprint experiments.",35301425,,,598590,GPL13112,Mus musculus,GSE,Expression profiling by high throughput sequencing,2022/03/17,10,ftp://ftp.ncbi.nlm.nih.gov/geo/series/GSE196nnn/GSE196765/,Autistic-like behavior and cerebellar dysfunction in Bmal1 mutant mice ameliorated by mTORC1 inhibition.,Molecular psychiatry,2023 Sep,10.1038/s41380-022-01499-6,OSD-525|RR23_Cb_FLT_F9,Space Flight
191,GSM5900262,0.9919000864028931,GSE196765,Autism-like behaviors and cerebellar dysfunction in the Bmal1 mutant mouse ameliorated by mTORC1 inhibition,,,"Although circadian and sleep disorders are frequently associated with autism spectrum disorders (ASD), it remains elusive whether clock gene disruption can lead to autistic-like phenotypes in animals. The essential clock gene Bmal1 has been associated with human sociability and its missense mutations are identified in ASD. Here we report that global Bmal1 deletion led to significant social impairments, excessive stereotyped and repetitive behaviors, as well as motor learning disabilities in mice, all of which resemble core behavioral deficits in ASD. Furthermore, aberrant cell density and immature morphology of dendritic spines were identified in the cerebellar Purkinje cells (PCs) of Bmal1 knockout (KO) mice. Electrophysiological recordings uncovered enhanced excitatory and inhibitory synaptic transmission and reduced firing rates in the PCs of Bmal1 KO mice. Differential expression of ASD- and ataxia-associated genes (Ntng2, Mfrp, Nr4a2, Thbs1, Atxn1, and Atxn3) and dysregulated pathways of translational control, including hyperactivated mammalian target of rapamycin complex 1 (mTORC1) signaling, were identified in the cerebellum of Bmal1 KO mice. Interestingly, the antidiabetic drug metformin reversed mTORC1 hyperactivation and alleviated major behavioral and PC deficits in Bmal1 KO mice. Importantly, conditional Bmal1 deletion only in cerebellar PCs was sufficient to recapitulate autistic-like behavioral and cellular changes akin to those identified in Bmal1 KO mice. Together, these results unveil a previously unidentified role for Bmal1 disruption in cerebellar dysfunction and autistic-like behaviors. Our findings provide experimental evidence supporting a putative role for dysregulation of circadian clock gene expression in the pathogenesis of ASD.","total RNA-seq and footprint experiments from the cerebellar tissue of Bmal1 knockout and wildtype mice, 3 biological replicates form each condition for RNA-seq; 2 biolgical replicates from each condition for footprint experiments.",35301425,,,598587,GPL13112,Mus musculus,GSE,Expression profiling by high throughput sequencing,2022/03/17,10,ftp://ftp.ncbi.nlm.nih.gov/geo/series/GSE196nnn/GSE196765/,Autistic-like behavior and cerebellar dysfunction in Bmal1 mutant mice ameliorated by mTORC1 inhibition.,Molecular psychiatry,2023 Sep,10.1038/s41380-022-01499-6,OSD-525|RR23_Cb_FLT_F9,Space Flight
192,GSM2718616,0.9916237592697144,GSE101918,Species and Cell-Type Properties of Classically Defined Human and Rodent Neurons and Glia,,,This SuperSeries is composed of the SubSeries listed below.,Refer to individual Series,30320555,,,118502,GPL17021; GPL20084; GPL18573; GPL19057,Mus musculus; Rattus norvegicus; Homo sapiens,GSE,Genome binding/occupancy profiling by high throughput sequencing; Expression profiling by high throughput sequencing,2018/10/12,114,ftp://ftp.ncbi.nlm.nih.gov/geo/series/GSE101nnn/GSE101918/,Species and cell-type properties of classically defined human and rodent neurons and glia.,eLife,2018 Oct 15,10.7554/eLife.37551,OSD-525|RR23_Cb_FLT_F9,Space Flight
193,GSM5900268,0.9914876222610474,GSE196765,Autism-like behaviors and cerebellar dysfunction in the Bmal1 mutant mouse ameliorated by mTORC1 inhibition,,,"Although circadian and sleep disorders are frequently associated with autism spectrum disorders (ASD), it remains elusive whether clock gene disruption can lead to autistic-like phenotypes in animals. The essential clock gene Bmal1 has been associated with human sociability and its missense mutations are identified in ASD. Here we report that global Bmal1 deletion led to significant social impairments, excessive stereotyped and repetitive behaviors, as well as motor learning disabilities in mice, all of which resemble core behavioral deficits in ASD. Furthermore, aberrant cell density and immature morphology of dendritic spines were identified in the cerebellar Purkinje cells (PCs) of Bmal1 knockout (KO) mice. Electrophysiological recordings uncovered enhanced excitatory and inhibitory synaptic transmission and reduced firing rates in the PCs of Bmal1 KO mice. Differential expression of ASD- and ataxia-associated genes (Ntng2, Mfrp, Nr4a2, Thbs1, Atxn1, and Atxn3) and dysregulated pathways of translational control, including hyperactivated mammalian target of rapamycin complex 1 (mTORC1) signaling, were identified in the cerebellum of Bmal1 KO mice. Interestingly, the antidiabetic drug metformin reversed mTORC1 hyperactivation and alleviated major behavioral and PC deficits in Bmal1 KO mice. Importantly, conditional Bmal1 deletion only in cerebellar PCs was sufficient to recapitulate autistic-like behavioral and cellular changes akin to those identified in Bmal1 KO mice. Together, these results unveil a previously unidentified role for Bmal1 disruption in cerebellar dysfunction and autistic-like behaviors. Our findings provide experimental evidence supporting a putative role for dysregulation of circadian clock gene expression in the pathogenesis of ASD.","total RNA-seq and footprint experiments from the cerebellar tissue of Bmal1 knockout and wildtype mice, 3 biological replicates form each condition for RNA-seq; 2 biolgical replicates from each condition for footprint experiments.",35301425,,,598593,GPL13112,Mus musculus,GSE,Expression profiling by high throughput sequencing,2022/03/17,10,ftp://ftp.ncbi.nlm.nih.gov/geo/series/GSE196nnn/GSE196765/,Autistic-like behavior and cerebellar dysfunction in Bmal1 mutant mice ameliorated by mTORC1 inhibition.,Molecular psychiatry,2023 Sep,10.1038/s41380-022-01499-6,OSD-525|RR23_Cb_FLT_F9,Space Flight
194,GSM2718617,0.990860104560852,GSE101918,Species and Cell-Type Properties of Classically Defined Human and Rodent Neurons and Glia,,,This SuperSeries is composed of the SubSeries listed below.,Refer to individual Series,30320555,,,118503,GPL17021; GPL20084; GPL18573; GPL19057,Mus musculus; Rattus norvegicus; Homo sapiens,GSE,Genome binding/occupancy profiling by high throughput sequencing; Expression profiling by high throughput sequencing,2018/10/12,114,ftp://ftp.ncbi.nlm.nih.gov/geo/series/GSE101nnn/GSE101918/,Species and cell-type properties of classically defined human and rodent neurons and glia.,eLife,2018 Oct 15,10.7554/eLife.37551,OSD-525|RR23_Cb_FLT_F9,Space Flight
195,GSM4780432,0.990257203578949,GSE157902,GTPBP1 resolves paused ribosomes to maintain neuronal homeostasis,,,"Ribosome-associated quality control pathways respond to defects in translational elongation to recycle arrested ribosomes and degrade aberrant polypeptides and mRNAs. Loss of an individual tRNA gene leads to ribosomal pausing that is resolved by the translational GTPase GTPBP2, and in its absence causes neuron death. Here we show that loss of the homologous protein GTPBP1 during tRNA deficiency in the mouse brain also leads to codon-specific ribosome pausing and neurodegeneration, suggesting that these non-redundant translational GTPases function in the same pathway to mitigate ribosome pausing. Ribosome stalling in the mutant brain led to activation of the integrated stress response (ISR) mediated by GCN2 and decreased mTORC1 signaling. However, in contrast to the ISR, which enhanced neuron survival, reduced mTORC1 signaling increased neuronal death. Our data demonstrate that GTPBP1 functions as an important quality control mechanism during translation elongation and suggest that translational signaling pathways intricately interact to regulate neuronal homeostasis during defective translation elongation.","18 samples are in analyzed in this study in the context of 3 week old C57BL/6J (B6J) mouse cerebellum. These include 3 replicates of the following genotypes Gtpbp1 -/-, Gtpbp2 -/- (mediated through a previously characterized nmf205 point mutation), and wildtype mice. RNA-seq and ribosome footprint profiling datasets were generated for each sample.",33186095,,,415770,GPL21103,Mus musculus,GSE,Expression profiling by high throughput sequencing; Other,2020/10/26,18,ftp://ftp.ncbi.nlm.nih.gov/geo/series/GSE157nnn/GSE157902/,GTPBP1 resolves paused ribosomes to maintain neuronal homeostasis.,eLife,2020 Nov 13,10.7554/eLife.62731,OSD-525|RR23_Cb_FLT_F9,Space Flight
196,GSM6610612,0.989875316619873,GSE214530,Time- and tissue-specific response of the mouse transcriptome after a short-term exposure to normoxia or intermittent hypoxia (IH),,,"To investigated the effects of early exposure to IH on tissue-specific transcriptome and biological processes, we evaluated differential gene expression of circadian rhythms and 24-hour mean expression in the lung, heart, liver, kidney, muscle, and cerebellum from mice after exposure to normoxic and IH conditions. The cardiopulmonary tissues were most affected by short-term exposure to IH in comparison with other organs.","Eight-week-old C57BL/6J mice were exposed to either normoxia or intermittent hypooxia (21-8% O2) for seven days before it was released into constant normoxic darkness for two days. Multiple tissues (liver, lung, kidney, muscle, heart, and cerebellum) were harvested on the second day of constant darkness for 24 hours with three-hour intervals to assess changes in their transcriptome.",37252926,,,691298,GPL24247,Mus musculus,GSE,Expression profiling by high throughput sequencing,2022/09/30,288,ftp://ftp.ncbi.nlm.nih.gov/geo/series/GSE214nnn/GSE214530/,Obstructive sleep apnea in a mouse model is associated with tissue-specific transcriptomic changes in circadian rhythmicity and mean 24-hour gene expression.,PLoS biology,2023 May,10.1371/journal.pbio.3002139,OSD-525|RR23_Cb_FLT_F9,Space Flight
197,GSM4780427,0.9895209074020386,GSE157902,GTPBP1 resolves paused ribosomes to maintain neuronal homeostasis,,,"Ribosome-associated quality control pathways respond to defects in translational elongation to recycle arrested ribosomes and degrade aberrant polypeptides and mRNAs. Loss of an individual tRNA gene leads to ribosomal pausing that is resolved by the translational GTPase GTPBP2, and in its absence causes neuron death. Here we show that loss of the homologous protein GTPBP1 during tRNA deficiency in the mouse brain also leads to codon-specific ribosome pausing and neurodegeneration, suggesting that these non-redundant translational GTPases function in the same pathway to mitigate ribosome pausing. Ribosome stalling in the mutant brain led to activation of the integrated stress response (ISR) mediated by GCN2 and decreased mTORC1 signaling. However, in contrast to the ISR, which enhanced neuron survival, reduced mTORC1 signaling increased neuronal death. Our data demonstrate that GTPBP1 functions as an important quality control mechanism during translation elongation and suggest that translational signaling pathways intricately interact to regulate neuronal homeostasis during defective translation elongation.","18 samples are in analyzed in this study in the context of 3 week old C57BL/6J (B6J) mouse cerebellum. These include 3 replicates of the following genotypes Gtpbp1 -/-, Gtpbp2 -/- (mediated through a previously characterized nmf205 point mutation), and wildtype mice. RNA-seq and ribosome footprint profiling datasets were generated for each sample.",33186095,,,415765,GPL21103,Mus musculus,GSE,Expression profiling by high throughput sequencing; Other,2020/10/26,18,ftp://ftp.ncbi.nlm.nih.gov/geo/series/GSE157nnn/GSE157902/,GTPBP1 resolves paused ribosomes to maintain neuronal homeostasis.,eLife,2020 Nov 13,10.7554/eLife.62731,OSD-525|RR23_Cb_FLT_F9,Space Flight
198,GSM4199640,0.9893803596496582,GSE141252,Chronologic age and morbidities could converge on gene-specific traits through length-dependent failure of transcript polymerization,,,We provide evidence for the decrease of long transcripts during aging using a unique reference transcriptomic survey of 17 mouse organs sampled at 5 timepoints over the lifespan.,"Transcriptomic profiles of 17 mouse organs, sampled at 4, 9, 12, 18, 24 months of age, were generated by standard illumina RNA-Seq protocols.",,,,315028,GPL19057,Mus musculus,GSE,Expression profiling by high throughput sequencing,2021/12/31,518,ftp://ftp.ncbi.nlm.nih.gov/geo/series/GSE141nnn/GSE141252/,,,,,OSD-525|RR23_Cb_FLT_F9,Space Flight
199,GSM4780424,0.9891970157623291,GSE157902,GTPBP1 resolves paused ribosomes to maintain neuronal homeostasis,,,"Ribosome-associated quality control pathways respond to defects in translational elongation to recycle arrested ribosomes and degrade aberrant polypeptides and mRNAs. Loss of an individual tRNA gene leads to ribosomal pausing that is resolved by the translational GTPase GTPBP2, and in its absence causes neuron death. Here we show that loss of the homologous protein GTPBP1 during tRNA deficiency in the mouse brain also leads to codon-specific ribosome pausing and neurodegeneration, suggesting that these non-redundant translational GTPases function in the same pathway to mitigate ribosome pausing. Ribosome stalling in the mutant brain led to activation of the integrated stress response (ISR) mediated by GCN2 and decreased mTORC1 signaling. However, in contrast to the ISR, which enhanced neuron survival, reduced mTORC1 signaling increased neuronal death. Our data demonstrate that GTPBP1 functions as an important quality control mechanism during translation elongation and suggest that translational signaling pathways intricately interact to regulate neuronal homeostasis during defective translation elongation.","18 samples are in analyzed in this study in the context of 3 week old C57BL/6J (B6J) mouse cerebellum. These include 3 replicates of the following genotypes Gtpbp1 -/-, Gtpbp2 -/- (mediated through a previously characterized nmf205 point mutation), and wildtype mice. RNA-seq and ribosome footprint profiling datasets were generated for each sample.",33186095,,,415762,GPL21103,Mus musculus,GSE,Expression profiling by high throughput sequencing; Other,2020/10/26,18,ftp://ftp.ncbi.nlm.nih.gov/geo/series/GSE157nnn/GSE157902/,GTPBP1 resolves paused ribosomes to maintain neuronal homeostasis.,eLife,2020 Nov 13,10.7554/eLife.62731,OSD-525|RR23_Cb_FLT_F9,Space Flight
200,GSM4199475,0.9914911389350891,GSE141252,Chronologic age and morbidities could converge on gene-specific traits through length-dependent failure of transcript polymerization,,,We provide evidence for the decrease of long transcripts during aging using a unique reference transcriptomic survey of 17 mouse organs sampled at 5 timepoints over the lifespan.,"Transcriptomic profiles of 17 mouse organs, sampled at 4, 9, 12, 18, 24 months of age, were generated by standard illumina RNA-Seq protocols.",,,,314870,GPL19057,Mus musculus,GSE,Expression profiling by high throughput sequencing,2021/12/31,518,ftp://ftp.ncbi.nlm.nih.gov/geo/series/GSE141nnn/GSE141252/,,,,,OSD-525|RR23_Cb_VIV_V1,Vivarium Control
201,GSM2341166,0.9914878606796265,GSE87808,Impaired Amino Acid Transport at the Blood Brain Barrier Is a Cause of Autism Spectrum Disorder,,,"Autism spectrum disorders (ASD) are a group of genetic disorders often overlapping with other neurological conditions. We previously described abnormalities in the branched chain amino acid (BCAA) catabolic pathway as a cause of ASD. Here we show that the solute carrier transporter 7a5 (SLC7A5), a large neutral amino acid transporter localized at the blood brain barrier (BBB), has an essential role in maintaining normal levels of brain BCAAs. In mice, deletion of Slc7a5 from the endothelial cells of the BBB leads to decreased levels of brain BCAAs, abnormal mRNA translation and severe neurological abnormalities. Furthermore, we identified several patients with autistic traits and motor delay carrying deleterious homozygous mutations in the SLC7A5 gene. Finally, we demonstrate that BCAA intracerebroventricular administration ameliorates abnormal behaviors in adult mutant mice. Our data elucidate a neurological syndrome defined by SLC7A5 mutations and support an essential role for the BCAA in human brain function.",RNA-sequencing of cerebellum from 3 wildtype mice and 3 Slc7a5 KO mice,27912058,,,78243,GPL17021,Mus musculus,GSE,Expression profiling by high throughput sequencing,2016/12/22,6,ftp://ftp.ncbi.nlm.nih.gov/geo/series/GSE87nnn/GSE87808/,Impaired Amino Acid Transport at the Blood Brain Barrier Is a Cause of Autism Spectrum Disorder.,Cell,2016 Dec 1,10.1016/j.cell.2016.11.013,OSD-525|RR23_Cb_VIV_V1,Vivarium Control
202,GSM4780424,0.9913330078125,GSE157902,GTPBP1 resolves paused ribosomes to maintain neuronal homeostasis,,,"Ribosome-associated quality control pathways respond to defects in translational elongation to recycle arrested ribosomes and degrade aberrant polypeptides and mRNAs. Loss of an individual tRNA gene leads to ribosomal pausing that is resolved by the translational GTPase GTPBP2, and in its absence causes neuron death. Here we show that loss of the homologous protein GTPBP1 during tRNA deficiency in the mouse brain also leads to codon-specific ribosome pausing and neurodegeneration, suggesting that these non-redundant translational GTPases function in the same pathway to mitigate ribosome pausing. Ribosome stalling in the mutant brain led to activation of the integrated stress response (ISR) mediated by GCN2 and decreased mTORC1 signaling. However, in contrast to the ISR, which enhanced neuron survival, reduced mTORC1 signaling increased neuronal death. Our data demonstrate that GTPBP1 functions as an important quality control mechanism during translation elongation and suggest that translational signaling pathways intricately interact to regulate neuronal homeostasis during defective translation elongation.","18 samples are in analyzed in this study in the context of 3 week old C57BL/6J (B6J) mouse cerebellum. These include 3 replicates of the following genotypes Gtpbp1 -/-, Gtpbp2 -/- (mediated through a previously characterized nmf205 point mutation), and wildtype mice. RNA-seq and ribosome footprint profiling datasets were generated for each sample.",33186095,,,415762,GPL21103,Mus musculus,GSE,Expression profiling by high throughput sequencing; Other,2020/10/26,18,ftp://ftp.ncbi.nlm.nih.gov/geo/series/GSE157nnn/GSE157902/,GTPBP1 resolves paused ribosomes to maintain neuronal homeostasis.,eLife,2020 Nov 13,10.7554/eLife.62731,OSD-525|RR23_Cb_VIV_V1,Vivarium Control
203,GSM4199640,0.9912574291229248,GSE141252,Chronologic age and morbidities could converge on gene-specific traits through length-dependent failure of transcript polymerization,,,We provide evidence for the decrease of long transcripts during aging using a unique reference transcriptomic survey of 17 mouse organs sampled at 5 timepoints over the lifespan.,"Transcriptomic profiles of 17 mouse organs, sampled at 4, 9, 12, 18, 24 months of age, were generated by standard illumina RNA-Seq protocols.",,,,315028,GPL19057,Mus musculus,GSE,Expression profiling by high throughput sequencing,2021/12/31,518,ftp://ftp.ncbi.nlm.nih.gov/geo/series/GSE141nnn/GSE141252/,,,,,OSD-525|RR23_Cb_VIV_V1,Vivarium Control
204,GSM4199365,0.9909208416938782,GSE141252,Chronologic age and morbidities could converge on gene-specific traits through length-dependent failure of transcript polymerization,,,We provide evidence for the decrease of long transcripts during aging using a unique reference transcriptomic survey of 17 mouse organs sampled at 5 timepoints over the lifespan.,"Transcriptomic profiles of 17 mouse organs, sampled at 4, 9, 12, 18, 24 months of age, were generated by standard illumina RNA-Seq protocols.",,,,314769,GPL19057,Mus musculus,GSE,Expression profiling by high throughput sequencing,2021/12/31,518,ftp://ftp.ncbi.nlm.nih.gov/geo/series/GSE141nnn/GSE141252/,,,,,OSD-525|RR23_Cb_VIV_V1,Vivarium Control
205,GSM4199490,0.9909169673919678,GSE141252,Chronologic age and morbidities could converge on gene-specific traits through length-dependent failure of transcript polymerization,,,We provide evidence for the decrease of long transcripts during aging using a unique reference transcriptomic survey of 17 mouse organs sampled at 5 timepoints over the lifespan.,"Transcriptomic profiles of 17 mouse organs, sampled at 4, 9, 12, 18, 24 months of age, were generated by standard illumina RNA-Seq protocols.",,,,314885,GPL19057,Mus musculus,GSE,Expression profiling by high throughput sequencing,2021/12/31,518,ftp://ftp.ncbi.nlm.nih.gov/geo/series/GSE141nnn/GSE141252/,,,,,OSD-525|RR23_Cb_VIV_V1,Vivarium Control
206,GSM6610612,0.9908271431922913,GSE214530,Time- and tissue-specific response of the mouse transcriptome after a short-term exposure to normoxia or intermittent hypoxia (IH),,,"To investigated the effects of early exposure to IH on tissue-specific transcriptome and biological processes, we evaluated differential gene expression of circadian rhythms and 24-hour mean expression in the lung, heart, liver, kidney, muscle, and cerebellum from mice after exposure to normoxic and IH conditions. The cardiopulmonary tissues were most affected by short-term exposure to IH in comparison with other organs.","Eight-week-old C57BL/6J mice were exposed to either normoxia or intermittent hypooxia (21-8% O2) for seven days before it was released into constant normoxic darkness for two days. Multiple tissues (liver, lung, kidney, muscle, heart, and cerebellum) were harvested on the second day of constant darkness for 24 hours with three-hour intervals to assess changes in their transcriptome.",37252926,,,691298,GPL24247,Mus musculus,GSE,Expression profiling by high throughput sequencing,2022/09/30,288,ftp://ftp.ncbi.nlm.nih.gov/geo/series/GSE214nnn/GSE214530/,Obstructive sleep apnea in a mouse model is associated with tissue-specific transcriptomic changes in circadian rhythmicity and mean 24-hour gene expression.,PLoS biology,2023 May,10.1371/journal.pbio.3002139,OSD-525|RR23_Cb_VIV_V1,Vivarium Control
207,GSM4780427,0.9907584190368652,GSE157902,GTPBP1 resolves paused ribosomes to maintain neuronal homeostasis,,,"Ribosome-associated quality control pathways respond to defects in translational elongation to recycle arrested ribosomes and degrade aberrant polypeptides and mRNAs. Loss of an individual tRNA gene leads to ribosomal pausing that is resolved by the translational GTPase GTPBP2, and in its absence causes neuron death. Here we show that loss of the homologous protein GTPBP1 during tRNA deficiency in the mouse brain also leads to codon-specific ribosome pausing and neurodegeneration, suggesting that these non-redundant translational GTPases function in the same pathway to mitigate ribosome pausing. Ribosome stalling in the mutant brain led to activation of the integrated stress response (ISR) mediated by GCN2 and decreased mTORC1 signaling. However, in contrast to the ISR, which enhanced neuron survival, reduced mTORC1 signaling increased neuronal death. Our data demonstrate that GTPBP1 functions as an important quality control mechanism during translation elongation and suggest that translational signaling pathways intricately interact to regulate neuronal homeostasis during defective translation elongation.","18 samples are in analyzed in this study in the context of 3 week old C57BL/6J (B6J) mouse cerebellum. These include 3 replicates of the following genotypes Gtpbp1 -/-, Gtpbp2 -/- (mediated through a previously characterized nmf205 point mutation), and wildtype mice. RNA-seq and ribosome footprint profiling datasets were generated for each sample.",33186095,,,415765,GPL21103,Mus musculus,GSE,Expression profiling by high throughput sequencing; Other,2020/10/26,18,ftp://ftp.ncbi.nlm.nih.gov/geo/series/GSE157nnn/GSE157902/,GTPBP1 resolves paused ribosomes to maintain neuronal homeostasis.,eLife,2020 Nov 13,10.7554/eLife.62731,OSD-525|RR23_Cb_VIV_V1,Vivarium Control
208,GSM2779383,0.9906964302062988,GSE103698,Intact interleukin-10 receptor signaling protects from hippocampal damage elicited by experimental neurotropic virus infection of SJL mice,,,"Differential interleukin-10 (IL-10) expression is suspected to contribute to strain specific differences in the course of Theiler's murine encephalomyelitis virus infection in mice. To determine the expression kinetics of IL-10 and related genes, RNA-based next generation sequencing (RNA-seq) was performed with brain cells obtained from infected SJL mice. Methods: 5-week old, female SJL mice were infected with the BeAn strain of TMEV and sacrificed 4, 7 or 14 days post infection (dpi). RNA was isolated from transversal sections of brain tissue at the level of the hippocampus. RNA-seq was performed on an Illumina HiSeq2500 system. Genes involved in Interleukin-10 (IL-10) signalling were analyzed and transcript levels were compared during the course of infection. Results: A significant upregulation of Interleukin-10 (Il10), Interleukin-10 receptor subunit α (ll10rα), Janus kinase 1 (Jak1) and signal transducer and activator of transcription 3 (Stat3) was detected 7 days post infection (dpi) compared to 4 dpi. Same genes showed a significant downregulation at 14 dpi compared to 7 dpi. Suppressor of cytokine signaling 3 (Socs3) was significantly downregulated at 14 dpi compared to 7 dpi. No differences were detected between transcript levels of interleukin-10 receptor subunit β (Il10rβ) and tyrosine kinase 2 (Tyk2). Conclusion: IL-10 pathway gene expression is transiently upregulated following TMEV-infection of SJL-mice.",RNA-seq of brain tissue derived from TMEV-infected SJL mice. 3 different timepoints post infection with 5 animals per timepoint.,29666403,,,131605,GPL17021,Mus musculus,GSE,Expression profiling by high throughput sequencing,2018/05/09,15,ftp://ftp.ncbi.nlm.nih.gov/geo/series/GSE103nnn/GSE103698/,Intact interleukin-10 receptor signaling protects from hippocampal damage elicited by experimental neurotropic virus infection of SJL mice.,Scientific reports,2018 Apr 17,10.1038/s41598-018-24378-z,OSD-525|RR23_Cb_VIV_V1,Vivarium Control
209,GSM4199592,0.9906012415885925,GSE141252,Chronologic age and morbidities could converge on gene-specific traits through length-dependent failure of transcript polymerization,,,We provide evidence for the decrease of long transcripts during aging using a unique reference transcriptomic survey of 17 mouse organs sampled at 5 timepoints over the lifespan.,"Transcriptomic profiles of 17 mouse organs, sampled at 4, 9, 12, 18, 24 months of age, were generated by standard illumina RNA-Seq protocols.",,,,314982,GPL19057,Mus musculus,GSE,Expression profiling by high throughput sequencing,2021/12/31,518,ftp://ftp.ncbi.nlm.nih.gov/geo/series/GSE141nnn/GSE141252/,,,,,OSD-525|RR23_Cb_VIV_V1,Vivarium Control
210,GSM5900262,0.991656482219696,GSE196765,Autism-like behaviors and cerebellar dysfunction in the Bmal1 mutant mouse ameliorated by mTORC1 inhibition,,,"Although circadian and sleep disorders are frequently associated with autism spectrum disorders (ASD), it remains elusive whether clock gene disruption can lead to autistic-like phenotypes in animals. The essential clock gene Bmal1 has been associated with human sociability and its missense mutations are identified in ASD. Here we report that global Bmal1 deletion led to significant social impairments, excessive stereotyped and repetitive behaviors, as well as motor learning disabilities in mice, all of which resemble core behavioral deficits in ASD. Furthermore, aberrant cell density and immature morphology of dendritic spines were identified in the cerebellar Purkinje cells (PCs) of Bmal1 knockout (KO) mice. Electrophysiological recordings uncovered enhanced excitatory and inhibitory synaptic transmission and reduced firing rates in the PCs of Bmal1 KO mice. Differential expression of ASD- and ataxia-associated genes (Ntng2, Mfrp, Nr4a2, Thbs1, Atxn1, and Atxn3) and dysregulated pathways of translational control, including hyperactivated mammalian target of rapamycin complex 1 (mTORC1) signaling, were identified in the cerebellum of Bmal1 KO mice. Interestingly, the antidiabetic drug metformin reversed mTORC1 hyperactivation and alleviated major behavioral and PC deficits in Bmal1 KO mice. Importantly, conditional Bmal1 deletion only in cerebellar PCs was sufficient to recapitulate autistic-like behavioral and cellular changes akin to those identified in Bmal1 KO mice. Together, these results unveil a previously unidentified role for Bmal1 disruption in cerebellar dysfunction and autistic-like behaviors. Our findings provide experimental evidence supporting a putative role for dysregulation of circadian clock gene expression in the pathogenesis of ASD.","total RNA-seq and footprint experiments from the cerebellar tissue of Bmal1 knockout and wildtype mice, 3 biological replicates form each condition for RNA-seq; 2 biolgical replicates from each condition for footprint experiments.",35301425,,,598587,GPL13112,Mus musculus,GSE,Expression profiling by high throughput sequencing,2022/03/17,10,ftp://ftp.ncbi.nlm.nih.gov/geo/series/GSE196nnn/GSE196765/,Autistic-like behavior and cerebellar dysfunction in Bmal1 mutant mice ameliorated by mTORC1 inhibition.,Molecular psychiatry,2023 Sep,10.1038/s41380-022-01499-6,OSD-525|RR23_Cb_VIV_V2,Vivarium Control
211,GSM5900265,0.9915893077850342,GSE196765,Autism-like behaviors and cerebellar dysfunction in the Bmal1 mutant mouse ameliorated by mTORC1 inhibition,,,"Although circadian and sleep disorders are frequently associated with autism spectrum disorders (ASD), it remains elusive whether clock gene disruption can lead to autistic-like phenotypes in animals. The essential clock gene Bmal1 has been associated with human sociability and its missense mutations are identified in ASD. Here we report that global Bmal1 deletion led to significant social impairments, excessive stereotyped and repetitive behaviors, as well as motor learning disabilities in mice, all of which resemble core behavioral deficits in ASD. Furthermore, aberrant cell density and immature morphology of dendritic spines were identified in the cerebellar Purkinje cells (PCs) of Bmal1 knockout (KO) mice. Electrophysiological recordings uncovered enhanced excitatory and inhibitory synaptic transmission and reduced firing rates in the PCs of Bmal1 KO mice. Differential expression of ASD- and ataxia-associated genes (Ntng2, Mfrp, Nr4a2, Thbs1, Atxn1, and Atxn3) and dysregulated pathways of translational control, including hyperactivated mammalian target of rapamycin complex 1 (mTORC1) signaling, were identified in the cerebellum of Bmal1 KO mice. Interestingly, the antidiabetic drug metformin reversed mTORC1 hyperactivation and alleviated major behavioral and PC deficits in Bmal1 KO mice. Importantly, conditional Bmal1 deletion only in cerebellar PCs was sufficient to recapitulate autistic-like behavioral and cellular changes akin to those identified in Bmal1 KO mice. Together, these results unveil a previously unidentified role for Bmal1 disruption in cerebellar dysfunction and autistic-like behaviors. Our findings provide experimental evidence supporting a putative role for dysregulation of circadian clock gene expression in the pathogenesis of ASD.","total RNA-seq and footprint experiments from the cerebellar tissue of Bmal1 knockout and wildtype mice, 3 biological replicates form each condition for RNA-seq; 2 biolgical replicates from each condition for footprint experiments.",35301425,,,598590,GPL13112,Mus musculus,GSE,Expression profiling by high throughput sequencing,2022/03/17,10,ftp://ftp.ncbi.nlm.nih.gov/geo/series/GSE196nnn/GSE196765/,Autistic-like behavior and cerebellar dysfunction in Bmal1 mutant mice ameliorated by mTORC1 inhibition.,Molecular psychiatry,2023 Sep,10.1038/s41380-022-01499-6,OSD-525|RR23_Cb_VIV_V2,Vivarium Control
212,GSM5900268,0.9914552569389343,GSE196765,Autism-like behaviors and cerebellar dysfunction in the Bmal1 mutant mouse ameliorated by mTORC1 inhibition,,,"Although circadian and sleep disorders are frequently associated with autism spectrum disorders (ASD), it remains elusive whether clock gene disruption can lead to autistic-like phenotypes in animals. The essential clock gene Bmal1 has been associated with human sociability and its missense mutations are identified in ASD. Here we report that global Bmal1 deletion led to significant social impairments, excessive stereotyped and repetitive behaviors, as well as motor learning disabilities in mice, all of which resemble core behavioral deficits in ASD. Furthermore, aberrant cell density and immature morphology of dendritic spines were identified in the cerebellar Purkinje cells (PCs) of Bmal1 knockout (KO) mice. Electrophysiological recordings uncovered enhanced excitatory and inhibitory synaptic transmission and reduced firing rates in the PCs of Bmal1 KO mice. Differential expression of ASD- and ataxia-associated genes (Ntng2, Mfrp, Nr4a2, Thbs1, Atxn1, and Atxn3) and dysregulated pathways of translational control, including hyperactivated mammalian target of rapamycin complex 1 (mTORC1) signaling, were identified in the cerebellum of Bmal1 KO mice. Interestingly, the antidiabetic drug metformin reversed mTORC1 hyperactivation and alleviated major behavioral and PC deficits in Bmal1 KO mice. Importantly, conditional Bmal1 deletion only in cerebellar PCs was sufficient to recapitulate autistic-like behavioral and cellular changes akin to those identified in Bmal1 KO mice. Together, these results unveil a previously unidentified role for Bmal1 disruption in cerebellar dysfunction and autistic-like behaviors. Our findings provide experimental evidence supporting a putative role for dysregulation of circadian clock gene expression in the pathogenesis of ASD.","total RNA-seq and footprint experiments from the cerebellar tissue of Bmal1 knockout and wildtype mice, 3 biological replicates form each condition for RNA-seq; 2 biolgical replicates from each condition for footprint experiments.",35301425,,,598593,GPL13112,Mus musculus,GSE,Expression profiling by high throughput sequencing,2022/03/17,10,ftp://ftp.ncbi.nlm.nih.gov/geo/series/GSE196nnn/GSE196765/,Autistic-like behavior and cerebellar dysfunction in Bmal1 mutant mice ameliorated by mTORC1 inhibition.,Molecular psychiatry,2023 Sep,10.1038/s41380-022-01499-6,OSD-525|RR23_Cb_VIV_V2,Vivarium Control
213,GSM2718616,0.9903352856636047,GSE101918,Species and Cell-Type Properties of Classically Defined Human and Rodent Neurons and Glia,,,This SuperSeries is composed of the SubSeries listed below.,Refer to individual Series,30320555,,,118502,GPL17021; GPL20084; GPL18573; GPL19057,Mus musculus; Rattus norvegicus; Homo sapiens,GSE,Genome binding/occupancy profiling by high throughput sequencing; Expression profiling by high throughput sequencing,2018/10/12,114,ftp://ftp.ncbi.nlm.nih.gov/geo/series/GSE101nnn/GSE101918/,Species and cell-type properties of classically defined human and rodent neurons and glia.,eLife,2018 Oct 15,10.7554/eLife.37551,OSD-525|RR23_Cb_VIV_V2,Vivarium Control
214,GSM4780432,0.9899346232414246,GSE157902,GTPBP1 resolves paused ribosomes to maintain neuronal homeostasis,,,"Ribosome-associated quality control pathways respond to defects in translational elongation to recycle arrested ribosomes and degrade aberrant polypeptides and mRNAs. Loss of an individual tRNA gene leads to ribosomal pausing that is resolved by the translational GTPase GTPBP2, and in its absence causes neuron death. Here we show that loss of the homologous protein GTPBP1 during tRNA deficiency in the mouse brain also leads to codon-specific ribosome pausing and neurodegeneration, suggesting that these non-redundant translational GTPases function in the same pathway to mitigate ribosome pausing. Ribosome stalling in the mutant brain led to activation of the integrated stress response (ISR) mediated by GCN2 and decreased mTORC1 signaling. However, in contrast to the ISR, which enhanced neuron survival, reduced mTORC1 signaling increased neuronal death. Our data demonstrate that GTPBP1 functions as an important quality control mechanism during translation elongation and suggest that translational signaling pathways intricately interact to regulate neuronal homeostasis during defective translation elongation.","18 samples are in analyzed in this study in the context of 3 week old C57BL/6J (B6J) mouse cerebellum. These include 3 replicates of the following genotypes Gtpbp1 -/-, Gtpbp2 -/- (mediated through a previously characterized nmf205 point mutation), and wildtype mice. RNA-seq and ribosome footprint profiling datasets were generated for each sample.",33186095,,,415770,GPL21103,Mus musculus,GSE,Expression profiling by high throughput sequencing; Other,2020/10/26,18,ftp://ftp.ncbi.nlm.nih.gov/geo/series/GSE157nnn/GSE157902/,GTPBP1 resolves paused ribosomes to maintain neuronal homeostasis.,eLife,2020 Nov 13,10.7554/eLife.62731,OSD-525|RR23_Cb_VIV_V2,Vivarium Control
215,GSM2718617,0.9897712469100952,GSE101918,Species and Cell-Type Properties of Classically Defined Human and Rodent Neurons and Glia,,,This SuperSeries is composed of the SubSeries listed below.,Refer to individual Series,30320555,,,118503,GPL17021; GPL20084; GPL18573; GPL19057,Mus musculus; Rattus norvegicus; Homo sapiens,GSE,Genome binding/occupancy profiling by high throughput sequencing; Expression profiling by high throughput sequencing,2018/10/12,114,ftp://ftp.ncbi.nlm.nih.gov/geo/series/GSE101nnn/GSE101918/,Species and cell-type properties of classically defined human and rodent neurons and glia.,eLife,2018 Oct 15,10.7554/eLife.37551,OSD-525|RR23_Cb_VIV_V2,Vivarium Control
216,GSM4780424,0.9894109964370728,GSE157902,GTPBP1 resolves paused ribosomes to maintain neuronal homeostasis,,,"Ribosome-associated quality control pathways respond to defects in translational elongation to recycle arrested ribosomes and degrade aberrant polypeptides and mRNAs. Loss of an individual tRNA gene leads to ribosomal pausing that is resolved by the translational GTPase GTPBP2, and in its absence causes neuron death. Here we show that loss of the homologous protein GTPBP1 during tRNA deficiency in the mouse brain also leads to codon-specific ribosome pausing and neurodegeneration, suggesting that these non-redundant translational GTPases function in the same pathway to mitigate ribosome pausing. Ribosome stalling in the mutant brain led to activation of the integrated stress response (ISR) mediated by GCN2 and decreased mTORC1 signaling. However, in contrast to the ISR, which enhanced neuron survival, reduced mTORC1 signaling increased neuronal death. Our data demonstrate that GTPBP1 functions as an important quality control mechanism during translation elongation and suggest that translational signaling pathways intricately interact to regulate neuronal homeostasis during defective translation elongation.","18 samples are in analyzed in this study in the context of 3 week old C57BL/6J (B6J) mouse cerebellum. These include 3 replicates of the following genotypes Gtpbp1 -/-, Gtpbp2 -/- (mediated through a previously characterized nmf205 point mutation), and wildtype mice. RNA-seq and ribosome footprint profiling datasets were generated for each sample.",33186095,,,415762,GPL21103,Mus musculus,GSE,Expression profiling by high throughput sequencing; Other,2020/10/26,18,ftp://ftp.ncbi.nlm.nih.gov/geo/series/GSE157nnn/GSE157902/,GTPBP1 resolves paused ribosomes to maintain neuronal homeostasis.,eLife,2020 Nov 13,10.7554/eLife.62731,OSD-525|RR23_Cb_VIV_V2,Vivarium Control
217,GSM4780427,0.9893174171447754,GSE157902,GTPBP1 resolves paused ribosomes to maintain neuronal homeostasis,,,"Ribosome-associated quality control pathways respond to defects in translational elongation to recycle arrested ribosomes and degrade aberrant polypeptides and mRNAs. Loss of an individual tRNA gene leads to ribosomal pausing that is resolved by the translational GTPase GTPBP2, and in its absence causes neuron death. Here we show that loss of the homologous protein GTPBP1 during tRNA deficiency in the mouse brain also leads to codon-specific ribosome pausing and neurodegeneration, suggesting that these non-redundant translational GTPases function in the same pathway to mitigate ribosome pausing. Ribosome stalling in the mutant brain led to activation of the integrated stress response (ISR) mediated by GCN2 and decreased mTORC1 signaling. However, in contrast to the ISR, which enhanced neuron survival, reduced mTORC1 signaling increased neuronal death. Our data demonstrate that GTPBP1 functions as an important quality control mechanism during translation elongation and suggest that translational signaling pathways intricately interact to regulate neuronal homeostasis during defective translation elongation.","18 samples are in analyzed in this study in the context of 3 week old C57BL/6J (B6J) mouse cerebellum. These include 3 replicates of the following genotypes Gtpbp1 -/-, Gtpbp2 -/- (mediated through a previously characterized nmf205 point mutation), and wildtype mice. RNA-seq and ribosome footprint profiling datasets were generated for each sample.",33186095,,,415765,GPL21103,Mus musculus,GSE,Expression profiling by high throughput sequencing; Other,2020/10/26,18,ftp://ftp.ncbi.nlm.nih.gov/geo/series/GSE157nnn/GSE157902/,GTPBP1 resolves paused ribosomes to maintain neuronal homeostasis.,eLife,2020 Nov 13,10.7554/eLife.62731,OSD-525|RR23_Cb_VIV_V2,Vivarium Control
218,GSM6610612,0.9889182448387146,GSE214530,Time- and tissue-specific response of the mouse transcriptome after a short-term exposure to normoxia or intermittent hypoxia (IH),,,"To investigated the effects of early exposure to IH on tissue-specific transcriptome and biological processes, we evaluated differential gene expression of circadian rhythms and 24-hour mean expression in the lung, heart, liver, kidney, muscle, and cerebellum from mice after exposure to normoxic and IH conditions. The cardiopulmonary tissues were most affected by short-term exposure to IH in comparison with other organs.","Eight-week-old C57BL/6J mice were exposed to either normoxia or intermittent hypooxia (21-8% O2) for seven days before it was released into constant normoxic darkness for two days. Multiple tissues (liver, lung, kidney, muscle, heart, and cerebellum) were harvested on the second day of constant darkness for 24 hours with three-hour intervals to assess changes in their transcriptome.",37252926,,,691298,GPL24247,Mus musculus,GSE,Expression profiling by high throughput sequencing,2022/09/30,288,ftp://ftp.ncbi.nlm.nih.gov/geo/series/GSE214nnn/GSE214530/,Obstructive sleep apnea in a mouse model is associated with tissue-specific transcriptomic changes in circadian rhythmicity and mean 24-hour gene expression.,PLoS biology,2023 May,10.1371/journal.pbio.3002139,OSD-525|RR23_Cb_VIV_V2,Vivarium Control
219,GSM4199640,0.9886183738708496,GSE141252,Chronologic age and morbidities could converge on gene-specific traits through length-dependent failure of transcript polymerization,,,We provide evidence for the decrease of long transcripts during aging using a unique reference transcriptomic survey of 17 mouse organs sampled at 5 timepoints over the lifespan.,"Transcriptomic profiles of 17 mouse organs, sampled at 4, 9, 12, 18, 24 months of age, were generated by standard illumina RNA-Seq protocols.",,,,315028,GPL19057,Mus musculus,GSE,Expression profiling by high throughput sequencing,2021/12/31,518,ftp://ftp.ncbi.nlm.nih.gov/geo/series/GSE141nnn/GSE141252/,,,,,OSD-525|RR23_Cb_VIV_V2,Vivarium Control
220,GSM5900268,0.994755744934082,GSE196765,Autism-like behaviors and cerebellar dysfunction in the Bmal1 mutant mouse ameliorated by mTORC1 inhibition,,,"Although circadian and sleep disorders are frequently associated with autism spectrum disorders (ASD), it remains elusive whether clock gene disruption can lead to autistic-like phenotypes in animals. The essential clock gene Bmal1 has been associated with human sociability and its missense mutations are identified in ASD. Here we report that global Bmal1 deletion led to significant social impairments, excessive stereotyped and repetitive behaviors, as well as motor learning disabilities in mice, all of which resemble core behavioral deficits in ASD. Furthermore, aberrant cell density and immature morphology of dendritic spines were identified in the cerebellar Purkinje cells (PCs) of Bmal1 knockout (KO) mice. Electrophysiological recordings uncovered enhanced excitatory and inhibitory synaptic transmission and reduced firing rates in the PCs of Bmal1 KO mice. Differential expression of ASD- and ataxia-associated genes (Ntng2, Mfrp, Nr4a2, Thbs1, Atxn1, and Atxn3) and dysregulated pathways of translational control, including hyperactivated mammalian target of rapamycin complex 1 (mTORC1) signaling, were identified in the cerebellum of Bmal1 KO mice. Interestingly, the antidiabetic drug metformin reversed mTORC1 hyperactivation and alleviated major behavioral and PC deficits in Bmal1 KO mice. Importantly, conditional Bmal1 deletion only in cerebellar PCs was sufficient to recapitulate autistic-like behavioral and cellular changes akin to those identified in Bmal1 KO mice. Together, these results unveil a previously unidentified role for Bmal1 disruption in cerebellar dysfunction and autistic-like behaviors. Our findings provide experimental evidence supporting a putative role for dysregulation of circadian clock gene expression in the pathogenesis of ASD.","total RNA-seq and footprint experiments from the cerebellar tissue of Bmal1 knockout and wildtype mice, 3 biological replicates form each condition for RNA-seq; 2 biolgical replicates from each condition for footprint experiments.",35301425,,,598593,GPL13112,Mus musculus,GSE,Expression profiling by high throughput sequencing,2022/03/17,10,ftp://ftp.ncbi.nlm.nih.gov/geo/series/GSE196nnn/GSE196765/,Autistic-like behavior and cerebellar dysfunction in Bmal1 mutant mice ameliorated by mTORC1 inhibition.,Molecular psychiatry,2023 Sep,10.1038/s41380-022-01499-6,OSD-525|RR23_Cb_VIV_V3,Vivarium Control
221,GSM5900262,0.9936665892601013,GSE196765,Autism-like behaviors and cerebellar dysfunction in the Bmal1 mutant mouse ameliorated by mTORC1 inhibition,,,"Although circadian and sleep disorders are frequently associated with autism spectrum disorders (ASD), it remains elusive whether clock gene disruption can lead to autistic-like phenotypes in animals. The essential clock gene Bmal1 has been associated with human sociability and its missense mutations are identified in ASD. Here we report that global Bmal1 deletion led to significant social impairments, excessive stereotyped and repetitive behaviors, as well as motor learning disabilities in mice, all of which resemble core behavioral deficits in ASD. Furthermore, aberrant cell density and immature morphology of dendritic spines were identified in the cerebellar Purkinje cells (PCs) of Bmal1 knockout (KO) mice. Electrophysiological recordings uncovered enhanced excitatory and inhibitory synaptic transmission and reduced firing rates in the PCs of Bmal1 KO mice. Differential expression of ASD- and ataxia-associated genes (Ntng2, Mfrp, Nr4a2, Thbs1, Atxn1, and Atxn3) and dysregulated pathways of translational control, including hyperactivated mammalian target of rapamycin complex 1 (mTORC1) signaling, were identified in the cerebellum of Bmal1 KO mice. Interestingly, the antidiabetic drug metformin reversed mTORC1 hyperactivation and alleviated major behavioral and PC deficits in Bmal1 KO mice. Importantly, conditional Bmal1 deletion only in cerebellar PCs was sufficient to recapitulate autistic-like behavioral and cellular changes akin to those identified in Bmal1 KO mice. Together, these results unveil a previously unidentified role for Bmal1 disruption in cerebellar dysfunction and autistic-like behaviors. Our findings provide experimental evidence supporting a putative role for dysregulation of circadian clock gene expression in the pathogenesis of ASD.","total RNA-seq and footprint experiments from the cerebellar tissue of Bmal1 knockout and wildtype mice, 3 biological replicates form each condition for RNA-seq; 2 biolgical replicates from each condition for footprint experiments.",35301425,,,598587,GPL13112,Mus musculus,GSE,Expression profiling by high throughput sequencing,2022/03/17,10,ftp://ftp.ncbi.nlm.nih.gov/geo/series/GSE196nnn/GSE196765/,Autistic-like behavior and cerebellar dysfunction in Bmal1 mutant mice ameliorated by mTORC1 inhibition.,Molecular psychiatry,2023 Sep,10.1038/s41380-022-01499-6,OSD-525|RR23_Cb_VIV_V3,Vivarium Control
222,GSM5900270,0.9929474592208862,GSE196765,Autism-like behaviors and cerebellar dysfunction in the Bmal1 mutant mouse ameliorated by mTORC1 inhibition,,,"Although circadian and sleep disorders are frequently associated with autism spectrum disorders (ASD), it remains elusive whether clock gene disruption can lead to autistic-like phenotypes in animals. The essential clock gene Bmal1 has been associated with human sociability and its missense mutations are identified in ASD. Here we report that global Bmal1 deletion led to significant social impairments, excessive stereotyped and repetitive behaviors, as well as motor learning disabilities in mice, all of which resemble core behavioral deficits in ASD. Furthermore, aberrant cell density and immature morphology of dendritic spines were identified in the cerebellar Purkinje cells (PCs) of Bmal1 knockout (KO) mice. Electrophysiological recordings uncovered enhanced excitatory and inhibitory synaptic transmission and reduced firing rates in the PCs of Bmal1 KO mice. Differential expression of ASD- and ataxia-associated genes (Ntng2, Mfrp, Nr4a2, Thbs1, Atxn1, and Atxn3) and dysregulated pathways of translational control, including hyperactivated mammalian target of rapamycin complex 1 (mTORC1) signaling, were identified in the cerebellum of Bmal1 KO mice. Interestingly, the antidiabetic drug metformin reversed mTORC1 hyperactivation and alleviated major behavioral and PC deficits in Bmal1 KO mice. Importantly, conditional Bmal1 deletion only in cerebellar PCs was sufficient to recapitulate autistic-like behavioral and cellular changes akin to those identified in Bmal1 KO mice. Together, these results unveil a previously unidentified role for Bmal1 disruption in cerebellar dysfunction and autistic-like behaviors. Our findings provide experimental evidence supporting a putative role for dysregulation of circadian clock gene expression in the pathogenesis of ASD.","total RNA-seq and footprint experiments from the cerebellar tissue of Bmal1 knockout and wildtype mice, 3 biological replicates form each condition for RNA-seq; 2 biolgical replicates from each condition for footprint experiments.",35301425,,,598595,GPL13112,Mus musculus,GSE,Expression profiling by high throughput sequencing,2022/03/17,10,ftp://ftp.ncbi.nlm.nih.gov/geo/series/GSE196nnn/GSE196765/,Autistic-like behavior and cerebellar dysfunction in Bmal1 mutant mice ameliorated by mTORC1 inhibition.,Molecular psychiatry,2023 Sep,10.1038/s41380-022-01499-6,OSD-525|RR23_Cb_VIV_V3,Vivarium Control
223,GSM4780432,0.9928239583969116,GSE157902,GTPBP1 resolves paused ribosomes to maintain neuronal homeostasis,,,"Ribosome-associated quality control pathways respond to defects in translational elongation to recycle arrested ribosomes and degrade aberrant polypeptides and mRNAs. Loss of an individual tRNA gene leads to ribosomal pausing that is resolved by the translational GTPase GTPBP2, and in its absence causes neuron death. Here we show that loss of the homologous protein GTPBP1 during tRNA deficiency in the mouse brain also leads to codon-specific ribosome pausing and neurodegeneration, suggesting that these non-redundant translational GTPases function in the same pathway to mitigate ribosome pausing. Ribosome stalling in the mutant brain led to activation of the integrated stress response (ISR) mediated by GCN2 and decreased mTORC1 signaling. However, in contrast to the ISR, which enhanced neuron survival, reduced mTORC1 signaling increased neuronal death. Our data demonstrate that GTPBP1 functions as an important quality control mechanism during translation elongation and suggest that translational signaling pathways intricately interact to regulate neuronal homeostasis during defective translation elongation.","18 samples are in analyzed in this study in the context of 3 week old C57BL/6J (B6J) mouse cerebellum. These include 3 replicates of the following genotypes Gtpbp1 -/-, Gtpbp2 -/- (mediated through a previously characterized nmf205 point mutation), and wildtype mice. RNA-seq and ribosome footprint profiling datasets were generated for each sample.",33186095,,,415770,GPL21103,Mus musculus,GSE,Expression profiling by high throughput sequencing; Other,2020/10/26,18,ftp://ftp.ncbi.nlm.nih.gov/geo/series/GSE157nnn/GSE157902/,GTPBP1 resolves paused ribosomes to maintain neuronal homeostasis.,eLife,2020 Nov 13,10.7554/eLife.62731,OSD-525|RR23_Cb_VIV_V3,Vivarium Control
224,GSM4780427,0.9924904108047485,GSE157902,GTPBP1 resolves paused ribosomes to maintain neuronal homeostasis,,,"Ribosome-associated quality control pathways respond to defects in translational elongation to recycle arrested ribosomes and degrade aberrant polypeptides and mRNAs. Loss of an individual tRNA gene leads to ribosomal pausing that is resolved by the translational GTPase GTPBP2, and in its absence causes neuron death. Here we show that loss of the homologous protein GTPBP1 during tRNA deficiency in the mouse brain also leads to codon-specific ribosome pausing and neurodegeneration, suggesting that these non-redundant translational GTPases function in the same pathway to mitigate ribosome pausing. Ribosome stalling in the mutant brain led to activation of the integrated stress response (ISR) mediated by GCN2 and decreased mTORC1 signaling. However, in contrast to the ISR, which enhanced neuron survival, reduced mTORC1 signaling increased neuronal death. Our data demonstrate that GTPBP1 functions as an important quality control mechanism during translation elongation and suggest that translational signaling pathways intricately interact to regulate neuronal homeostasis during defective translation elongation.","18 samples are in analyzed in this study in the context of 3 week old C57BL/6J (B6J) mouse cerebellum. These include 3 replicates of the following genotypes Gtpbp1 -/-, Gtpbp2 -/- (mediated through a previously characterized nmf205 point mutation), and wildtype mice. RNA-seq and ribosome footprint profiling datasets were generated for each sample.",33186095,,,415765,GPL21103,Mus musculus,GSE,Expression profiling by high throughput sequencing; Other,2020/10/26,18,ftp://ftp.ncbi.nlm.nih.gov/geo/series/GSE157nnn/GSE157902/,GTPBP1 resolves paused ribosomes to maintain neuronal homeostasis.,eLife,2020 Nov 13,10.7554/eLife.62731,OSD-525|RR23_Cb_VIV_V3,Vivarium Control
225,GSM4780431,0.9924204349517822,GSE157902,GTPBP1 resolves paused ribosomes to maintain neuronal homeostasis,,,"Ribosome-associated quality control pathways respond to defects in translational elongation to recycle arrested ribosomes and degrade aberrant polypeptides and mRNAs. Loss of an individual tRNA gene leads to ribosomal pausing that is resolved by the translational GTPase GTPBP2, and in its absence causes neuron death. Here we show that loss of the homologous protein GTPBP1 during tRNA deficiency in the mouse brain also leads to codon-specific ribosome pausing and neurodegeneration, suggesting that these non-redundant translational GTPases function in the same pathway to mitigate ribosome pausing. Ribosome stalling in the mutant brain led to activation of the integrated stress response (ISR) mediated by GCN2 and decreased mTORC1 signaling. However, in contrast to the ISR, which enhanced neuron survival, reduced mTORC1 signaling increased neuronal death. Our data demonstrate that GTPBP1 functions as an important quality control mechanism during translation elongation and suggest that translational signaling pathways intricately interact to regulate neuronal homeostasis during defective translation elongation.","18 samples are in analyzed in this study in the context of 3 week old C57BL/6J (B6J) mouse cerebellum. These include 3 replicates of the following genotypes Gtpbp1 -/-, Gtpbp2 -/- (mediated through a previously characterized nmf205 point mutation), and wildtype mice. RNA-seq and ribosome footprint profiling datasets were generated for each sample.",33186095,,,415769,GPL21103,Mus musculus,GSE,Expression profiling by high throughput sequencing; Other,2020/10/26,18,ftp://ftp.ncbi.nlm.nih.gov/geo/series/GSE157nnn/GSE157902/,GTPBP1 resolves paused ribosomes to maintain neuronal homeostasis.,eLife,2020 Nov 13,10.7554/eLife.62731,OSD-525|RR23_Cb_VIV_V3,Vivarium Control
226,GSM4780429,0.9921667575836182,GSE157902,GTPBP1 resolves paused ribosomes to maintain neuronal homeostasis,,,"Ribosome-associated quality control pathways respond to defects in translational elongation to recycle arrested ribosomes and degrade aberrant polypeptides and mRNAs. Loss of an individual tRNA gene leads to ribosomal pausing that is resolved by the translational GTPase GTPBP2, and in its absence causes neuron death. Here we show that loss of the homologous protein GTPBP1 during tRNA deficiency in the mouse brain also leads to codon-specific ribosome pausing and neurodegeneration, suggesting that these non-redundant translational GTPases function in the same pathway to mitigate ribosome pausing. Ribosome stalling in the mutant brain led to activation of the integrated stress response (ISR) mediated by GCN2 and decreased mTORC1 signaling. However, in contrast to the ISR, which enhanced neuron survival, reduced mTORC1 signaling increased neuronal death. Our data demonstrate that GTPBP1 functions as an important quality control mechanism during translation elongation and suggest that translational signaling pathways intricately interact to regulate neuronal homeostasis during defective translation elongation.","18 samples are in analyzed in this study in the context of 3 week old C57BL/6J (B6J) mouse cerebellum. These include 3 replicates of the following genotypes Gtpbp1 -/-, Gtpbp2 -/- (mediated through a previously characterized nmf205 point mutation), and wildtype mice. RNA-seq and ribosome footprint profiling datasets were generated for each sample.",33186095,,,415767,GPL21103,Mus musculus,GSE,Expression profiling by high throughput sequencing; Other,2020/10/26,18,ftp://ftp.ncbi.nlm.nih.gov/geo/series/GSE157nnn/GSE157902/,GTPBP1 resolves paused ribosomes to maintain neuronal homeostasis.,eLife,2020 Nov 13,10.7554/eLife.62731,OSD-525|RR23_Cb_VIV_V3,Vivarium Control
227,GSM4780424,0.9920649528503418,GSE157902,GTPBP1 resolves paused ribosomes to maintain neuronal homeostasis,,,"Ribosome-associated quality control pathways respond to defects in translational elongation to recycle arrested ribosomes and degrade aberrant polypeptides and mRNAs. Loss of an individual tRNA gene leads to ribosomal pausing that is resolved by the translational GTPase GTPBP2, and in its absence causes neuron death. Here we show that loss of the homologous protein GTPBP1 during tRNA deficiency in the mouse brain also leads to codon-specific ribosome pausing and neurodegeneration, suggesting that these non-redundant translational GTPases function in the same pathway to mitigate ribosome pausing. Ribosome stalling in the mutant brain led to activation of the integrated stress response (ISR) mediated by GCN2 and decreased mTORC1 signaling. However, in contrast to the ISR, which enhanced neuron survival, reduced mTORC1 signaling increased neuronal death. Our data demonstrate that GTPBP1 functions as an important quality control mechanism during translation elongation and suggest that translational signaling pathways intricately interact to regulate neuronal homeostasis during defective translation elongation.","18 samples are in analyzed in this study in the context of 3 week old C57BL/6J (B6J) mouse cerebellum. These include 3 replicates of the following genotypes Gtpbp1 -/-, Gtpbp2 -/- (mediated through a previously characterized nmf205 point mutation), and wildtype mice. RNA-seq and ribosome footprint profiling datasets were generated for each sample.",33186095,,,415762,GPL21103,Mus musculus,GSE,Expression profiling by high throughput sequencing; Other,2020/10/26,18,ftp://ftp.ncbi.nlm.nih.gov/geo/series/GSE157nnn/GSE157902/,GTPBP1 resolves paused ribosomes to maintain neuronal homeostasis.,eLife,2020 Nov 13,10.7554/eLife.62731,OSD-525|RR23_Cb_VIV_V3,Vivarium Control
228,GSM1356266,0.9919577836990356,GSE56127,Ribosome stalling induced by mutation of a CNS-specific tRNA causes neurodegeneration,,,"In higher eukaryotes, the large numbers of nuclear-encoded tRNA genes partially ensure the robustness of cytoplasmic protein translation. Here we discover that a loss-of-function in n-Tr20, a member of the nuclear-encoded tRNA Arg UCU family that is expressed specifically in the central nervous systems leads to low but detectable levels of ribosome stalling. In the absence of GTPBP2, a novel binding partner of the ribosome recycling protein Pelota, ribosome stalling increases, leading to widespread neurodegeneration. Our results not only define GTPBP2 as a ribosome rescue factor, but also unmask the disease potential of mutations in nuclear-encoded tRNA genes. In this submission we provide ribosome footprinting data from the cerebella of four strains derived from the C57BL/6J strain with combinations of  n-Tr20 and GTPBP2 mutations.",Examination of ribosome stalling in cerebella from 4 mouse strains derived from the: C57BL/6J (B6J) strain. The nmf205-/- strain has a homozygous mutation in the gene GTPBP2 while the B6J strain has normal GTPBP2. The n-Tr20 J/J strain has a defect in the n-Tr20 tRNA while the n-Tr20 N/N strain has a functional n-Tr20 tRNA. The 4 strains are the 2x2 combinations of these defects and correctly functioning sequences. 2 replicates for each strain. Please note that only BAM files are included in the records since they form the basis of the study's conclusions.  The raw data ribosomal RNA have been filtered and then unique reads mapping to mm10 were computed using tophat and igenome annotations.,25061210,,,15210,GPL13112,Mus musculus,GSE,Expression profiling by high throughput sequencing,2014/07/28,8,ftp://ftp.ncbi.nlm.nih.gov/geo/series/GSE56nnn/GSE56127/,RNA function. Ribosome stalling induced by mutation of a CNS-specific tRNA causes neurodegeneration.,"Science (New York, N.Y.)",2014 Jul 25,10.1126/science.1249749,OSD-525|RR23_Cb_VIV_V3,Vivarium Control
229,GSM2341162,0.9912547469139099,GSE87808,Impaired Amino Acid Transport at the Blood Brain Barrier Is a Cause of Autism Spectrum Disorder,,,"Autism spectrum disorders (ASD) are a group of genetic disorders often overlapping with other neurological conditions. We previously described abnormalities in the branched chain amino acid (BCAA) catabolic pathway as a cause of ASD. Here we show that the solute carrier transporter 7a5 (SLC7A5), a large neutral amino acid transporter localized at the blood brain barrier (BBB), has an essential role in maintaining normal levels of brain BCAAs. In mice, deletion of Slc7a5 from the endothelial cells of the BBB leads to decreased levels of brain BCAAs, abnormal mRNA translation and severe neurological abnormalities. Furthermore, we identified several patients with autistic traits and motor delay carrying deleterious homozygous mutations in the SLC7A5 gene. Finally, we demonstrate that BCAA intracerebroventricular administration ameliorates abnormal behaviors in adult mutant mice. Our data elucidate a neurological syndrome defined by SLC7A5 mutations and support an essential role for the BCAA in human brain function.",RNA-sequencing of cerebellum from 3 wildtype mice and 3 Slc7a5 KO mice,27912058,,,78239,GPL17021,Mus musculus,GSE,Expression profiling by high throughput sequencing,2016/12/22,6,ftp://ftp.ncbi.nlm.nih.gov/geo/series/GSE87nnn/GSE87808/,Impaired Amino Acid Transport at the Blood Brain Barrier Is a Cause of Autism Spectrum Disorder.,Cell,2016 Dec 1,10.1016/j.cell.2016.11.013,OSD-525|RR23_Cb_VIV_V3,Vivarium Control
230,GSM5900265,0.9937421083450317,GSE196765,Autism-like behaviors and cerebellar dysfunction in the Bmal1 mutant mouse ameliorated by mTORC1 inhibition,,,"Although circadian and sleep disorders are frequently associated with autism spectrum disorders (ASD), it remains elusive whether clock gene disruption can lead to autistic-like phenotypes in animals. The essential clock gene Bmal1 has been associated with human sociability and its missense mutations are identified in ASD. Here we report that global Bmal1 deletion led to significant social impairments, excessive stereotyped and repetitive behaviors, as well as motor learning disabilities in mice, all of which resemble core behavioral deficits in ASD. Furthermore, aberrant cell density and immature morphology of dendritic spines were identified in the cerebellar Purkinje cells (PCs) of Bmal1 knockout (KO) mice. Electrophysiological recordings uncovered enhanced excitatory and inhibitory synaptic transmission and reduced firing rates in the PCs of Bmal1 KO mice. Differential expression of ASD- and ataxia-associated genes (Ntng2, Mfrp, Nr4a2, Thbs1, Atxn1, and Atxn3) and dysregulated pathways of translational control, including hyperactivated mammalian target of rapamycin complex 1 (mTORC1) signaling, were identified in the cerebellum of Bmal1 KO mice. Interestingly, the antidiabetic drug metformin reversed mTORC1 hyperactivation and alleviated major behavioral and PC deficits in Bmal1 KO mice. Importantly, conditional Bmal1 deletion only in cerebellar PCs was sufficient to recapitulate autistic-like behavioral and cellular changes akin to those identified in Bmal1 KO mice. Together, these results unveil a previously unidentified role for Bmal1 disruption in cerebellar dysfunction and autistic-like behaviors. Our findings provide experimental evidence supporting a putative role for dysregulation of circadian clock gene expression in the pathogenesis of ASD.","total RNA-seq and footprint experiments from the cerebellar tissue of Bmal1 knockout and wildtype mice, 3 biological replicates form each condition for RNA-seq; 2 biolgical replicates from each condition for footprint experiments.",35301425,,,598590,GPL13112,Mus musculus,GSE,Expression profiling by high throughput sequencing,2022/03/17,10,ftp://ftp.ncbi.nlm.nih.gov/geo/series/GSE196nnn/GSE196765/,Autistic-like behavior and cerebellar dysfunction in Bmal1 mutant mice ameliorated by mTORC1 inhibition.,Molecular psychiatry,2023 Sep,10.1038/s41380-022-01499-6,OSD-525|RR23_Cb_VIV_V5_techrep1,Vivarium Control
231,GSM7933235,0.9911652207374573,GSE249297,The transcriptome signature of the mouse brain after bulbectomy suggests a new model of Alzheimer’s disease with elements of major depression.,,,"In general, analysis of the functional significance of genes in the brain of OBX mice indicates that the balance of the GABA/glutamatergic systems is disturbed with hyperactivation of the latter, which leads to the development of excitotoxicity and induction of apoptosis on the background of severe mitochondrial dysfunction and astrogliosis. The synthesis of neurotrophic factors decreases, which leads to disruption of the cytoskeleton of neurons, an increase in the level of intracellular calcium, and activation of tau protein phosphorylation. The acetylcholinergic system is deficient on the background of hyperactivation of acetylcholinesterase. Importantly,  the activity of the dopaminergic, endorphin, and opiate systems decreases, and hormonal dysfunction develops. Genes associated with the regulation of circadian rhythms, cell migration, and impaired innate immunity are activated. All this occurs on the background of down-regulation of genes of ribosomal proteins. It is clear that OBX mice are a model of complex neuropathology with elements of Alzheimer's disease and major depression. This model with a certain degree of probability can be attributed to subtype B2 in humans.",Single-end RNA-seq of dissected brain tissues from Sham-operated and bulbectomic mice,,,,835039,GPL13112,Mus musculus,GSE,Expression profiling by high throughput sequencing,2023/12/05,24,ftp://ftp.ncbi.nlm.nih.gov/geo/series/GSE249nnn/GSE249297/,,,,,OSD-525|RR23_Cb_VIV_V5_techrep1,Vivarium Control
232,GSM4199722,0.9903144836425781,GSE141252,Chronologic age and morbidities could converge on gene-specific traits through length-dependent failure of transcript polymerization,,,We provide evidence for the decrease of long transcripts during aging using a unique reference transcriptomic survey of 17 mouse organs sampled at 5 timepoints over the lifespan.,"Transcriptomic profiles of 17 mouse organs, sampled at 4, 9, 12, 18, 24 months of age, were generated by standard illumina RNA-Seq protocols.",,,,315110,GPL19057,Mus musculus,GSE,Expression profiling by high throughput sequencing,2021/12/31,518,ftp://ftp.ncbi.nlm.nih.gov/geo/series/GSE141nnn/GSE141252/,,,,,OSD-525|RR23_Cb_VIV_V5_techrep1,Vivarium Control
233,GSM7933234,0.9900636076927185,GSE249297,The transcriptome signature of the mouse brain after bulbectomy suggests a new model of Alzheimer’s disease with elements of major depression.,,,"In general, analysis of the functional significance of genes in the brain of OBX mice indicates that the balance of the GABA/glutamatergic systems is disturbed with hyperactivation of the latter, which leads to the development of excitotoxicity and induction of apoptosis on the background of severe mitochondrial dysfunction and astrogliosis. The synthesis of neurotrophic factors decreases, which leads to disruption of the cytoskeleton of neurons, an increase in the level of intracellular calcium, and activation of tau protein phosphorylation. The acetylcholinergic system is deficient on the background of hyperactivation of acetylcholinesterase. Importantly,  the activity of the dopaminergic, endorphin, and opiate systems decreases, and hormonal dysfunction develops. Genes associated with the regulation of circadian rhythms, cell migration, and impaired innate immunity are activated. All this occurs on the background of down-regulation of genes of ribosomal proteins. It is clear that OBX mice are a model of complex neuropathology with elements of Alzheimer's disease and major depression. This model with a certain degree of probability can be attributed to subtype B2 in humans.",Single-end RNA-seq of dissected brain tissues from Sham-operated and bulbectomic mice,,,,835038,GPL13112,Mus musculus,GSE,Expression profiling by high throughput sequencing,2023/12/05,24,ftp://ftp.ncbi.nlm.nih.gov/geo/series/GSE249nnn/GSE249297/,,,,,OSD-525|RR23_Cb_VIV_V5_techrep1,Vivarium Control
234,GSM1895302,0.9900403618812561,GSE73508,Transcriptome profiling in knock-in mouse models of Huntington's disease [cerebellum; hippocampus],,,This SuperSeries is composed of the SubSeries listed below.,Refer to individual Series,,,,39594,GPL13112,Mus musculus,GSE,Expression profiling by high throughput sequencing; Non-coding RNA profiling by high throughput sequencing,2015/11/03,668,ftp://ftp.ncbi.nlm.nih.gov/geo/series/GSE73nnn/GSE73508/,,,,,OSD-525|RR23_Cb_VIV_V5_techrep1,Vivarium Control
235,GSM4953971,0.9894744157791138,GSE162535,RNA-seq analysis of the mouse brain reveals inflammatory genes associated with early artesunate treatment of experimental cerebral malaria,,,"Purpose:This study aimed to investigate the transcriptome-wide response of experimental cerebral malaria (ECM) and artesunate treated mice brain on 6 days post-infection. Methods: C57BL/6 mice were infected with Plasmodium berghei ANKA to construct a murine ECM in MB and AB group. AB group treated with artesunate (30mg/kg), while CB group treated with PBS for 4 days. Mice brain was tested by RNA-seq. Results: Gene ontology and KEGG pathway analyses of differentially expressed genes (DEGs) were performed. quantitative reverse transcription polymerase chain reaction (qPCR) verify DEGs such as Il6, Il1b, Il10, Tnf, Ifng, Il21, Icam1, which were up-regulated in MB vs. CB, while down-regulated in AB vs. MB. Conclusions:Our study revealed a transcriptome-wide profile in ECM and artesunate treated mice brain, and help to explore the underlying mechanism, as well as the further development of therapeutic strategies for clinical cerebral malaria.",Cerebral mRNA profiles of 6 weeks old mice with ECM and ECM mice treated with artesunate,,,,437920,GPL24247,Mus musculus,GSE,Expression profiling by high throughput sequencing,2022/12/02,12,ftp://ftp.ncbi.nlm.nih.gov/geo/series/GSE162nnn/GSE162535/,,,,,OSD-525|RR23_Cb_VIV_V5_techrep1,Vivarium Control
236,GSM7933233,0.9893110990524292,GSE249297,The transcriptome signature of the mouse brain after bulbectomy suggests a new model of Alzheimer’s disease with elements of major depression.,,,"In general, analysis of the functional significance of genes in the brain of OBX mice indicates that the balance of the GABA/glutamatergic systems is disturbed with hyperactivation of the latter, which leads to the development of excitotoxicity and induction of apoptosis on the background of severe mitochondrial dysfunction and astrogliosis. The synthesis of neurotrophic factors decreases, which leads to disruption of the cytoskeleton of neurons, an increase in the level of intracellular calcium, and activation of tau protein phosphorylation. The acetylcholinergic system is deficient on the background of hyperactivation of acetylcholinesterase. Importantly,  the activity of the dopaminergic, endorphin, and opiate systems decreases, and hormonal dysfunction develops. Genes associated with the regulation of circadian rhythms, cell migration, and impaired innate immunity are activated. All this occurs on the background of down-regulation of genes of ribosomal proteins. It is clear that OBX mice are a model of complex neuropathology with elements of Alzheimer's disease and major depression. This model with a certain degree of probability can be attributed to subtype B2 in humans.",Single-end RNA-seq of dissected brain tissues from Sham-operated and bulbectomic mice,,,,835037,GPL13112,Mus musculus,GSE,Expression profiling by high throughput sequencing,2023/12/05,24,ftp://ftp.ncbi.nlm.nih.gov/geo/series/GSE249nnn/GSE249297/,,,,,OSD-525|RR23_Cb_VIV_V5_techrep1,Vivarium Control
237,GSM2718616,0.9891390204429626,GSE101918,Species and Cell-Type Properties of Classically Defined Human and Rodent Neurons and Glia,,,This SuperSeries is composed of the SubSeries listed below.,Refer to individual Series,30320555,,,118502,GPL17021; GPL20084; GPL18573; GPL19057,Mus musculus; Rattus norvegicus; Homo sapiens,GSE,Genome binding/occupancy profiling by high throughput sequencing; Expression profiling by high throughput sequencing,2018/10/12,114,ftp://ftp.ncbi.nlm.nih.gov/geo/series/GSE101nnn/GSE101918/,Species and cell-type properties of classically defined human and rodent neurons and glia.,eLife,2018 Oct 15,10.7554/eLife.37551,OSD-525|RR23_Cb_VIV_V5_techrep1,Vivarium Control
238,GSM7933236,0.9885241985321045,GSE249297,The transcriptome signature of the mouse brain after bulbectomy suggests a new model of Alzheimer’s disease with elements of major depression.,,,"In general, analysis of the functional significance of genes in the brain of OBX mice indicates that the balance of the GABA/glutamatergic systems is disturbed with hyperactivation of the latter, which leads to the development of excitotoxicity and induction of apoptosis on the background of severe mitochondrial dysfunction and astrogliosis. The synthesis of neurotrophic factors decreases, which leads to disruption of the cytoskeleton of neurons, an increase in the level of intracellular calcium, and activation of tau protein phosphorylation. The acetylcholinergic system is deficient on the background of hyperactivation of acetylcholinesterase. Importantly,  the activity of the dopaminergic, endorphin, and opiate systems decreases, and hormonal dysfunction develops. Genes associated with the regulation of circadian rhythms, cell migration, and impaired innate immunity are activated. All this occurs on the background of down-regulation of genes of ribosomal proteins. It is clear that OBX mice are a model of complex neuropathology with elements of Alzheimer's disease and major depression. This model with a certain degree of probability can be attributed to subtype B2 in humans.",Single-end RNA-seq of dissected brain tissues from Sham-operated and bulbectomic mice,,,,835040,GPL13112,Mus musculus,GSE,Expression profiling by high throughput sequencing,2023/12/05,24,ftp://ftp.ncbi.nlm.nih.gov/geo/series/GSE249nnn/GSE249297/,,,,,OSD-525|RR23_Cb_VIV_V5_techrep1,Vivarium Control
239,GSM5937077,0.9883542060852051,GSE198063,Translational profiling of neuronal subtypes reveals early vulnerability of somatostatin-expressing neurons in pre-symptomatic fatal familial insomnia,,,"Selective neuronal vulnerability is a common, yet poorly understood characteristic of neurodegenerative diseases and is particularly prominent in familial prion diseases, such as Creutzfeldt-Jakob disease (CJD) and fatal familial insomnia (FFI), where different mutations in the prion protein manifest as neuropathologically distinct diseases. To determine how presence of mutant prion protein influences gene expression at pre-symptomatic stages, we used RiboTag to isolate cell type-specific, translating RNA from GABAergic, glutamatergic, somatostatin- (SST) and parvalbumin-expressing neurons of 9-month-old knock-in mice of CJD and FFI.","We analyzed four cell types (Gad2+, PV+, SST+, vGluT2+) in three genotypes (FFI, CJD and WT control). Cell type-specific RNA was obtained from in two brain regions (cerebrum sans olfactory bulb, and cerebellum). For cerebellum, only Gad2+ and vGluT2+ were analyzed. For each analyzed RiboTag sample set (genotype_celltype_region) 3-7 biological replicates were prepared and sequenced. Cell type-specific RNA was obtained using the RiboTag Immunoprecipitation method from brain tissue homogenates (details below). For a subset of samples, total RNA was isolated from brian homogenates as input control. Differential expression anaysis was performed for each sample set, comparing FFI vs. Control or CJD vs. Control.",36192034,,,612607,GPL24247,Mus musculus,GSE,Expression profiling by high throughput sequencing,2022/09/21,159,ftp://ftp.ncbi.nlm.nih.gov/geo/series/GSE198nnn/GSE198063/,Translatome profiling in fatal familial insomnia implicates TOR signaling in somatostatin neurons.,Life science alliance,2022 Nov,10.26508/lsa.202201530,OSD-525|RR23_Cb_VIV_V5_techrep1,Vivarium Control
240,GSM5900265,0.9928926229476929,GSE196765,Autism-like behaviors and cerebellar dysfunction in the Bmal1 mutant mouse ameliorated by mTORC1 inhibition,,,"Although circadian and sleep disorders are frequently associated with autism spectrum disorders (ASD), it remains elusive whether clock gene disruption can lead to autistic-like phenotypes in animals. The essential clock gene Bmal1 has been associated with human sociability and its missense mutations are identified in ASD. Here we report that global Bmal1 deletion led to significant social impairments, excessive stereotyped and repetitive behaviors, as well as motor learning disabilities in mice, all of which resemble core behavioral deficits in ASD. Furthermore, aberrant cell density and immature morphology of dendritic spines were identified in the cerebellar Purkinje cells (PCs) of Bmal1 knockout (KO) mice. Electrophysiological recordings uncovered enhanced excitatory and inhibitory synaptic transmission and reduced firing rates in the PCs of Bmal1 KO mice. Differential expression of ASD- and ataxia-associated genes (Ntng2, Mfrp, Nr4a2, Thbs1, Atxn1, and Atxn3) and dysregulated pathways of translational control, including hyperactivated mammalian target of rapamycin complex 1 (mTORC1) signaling, were identified in the cerebellum of Bmal1 KO mice. Interestingly, the antidiabetic drug metformin reversed mTORC1 hyperactivation and alleviated major behavioral and PC deficits in Bmal1 KO mice. Importantly, conditional Bmal1 deletion only in cerebellar PCs was sufficient to recapitulate autistic-like behavioral and cellular changes akin to those identified in Bmal1 KO mice. Together, these results unveil a previously unidentified role for Bmal1 disruption in cerebellar dysfunction and autistic-like behaviors. Our findings provide experimental evidence supporting a putative role for dysregulation of circadian clock gene expression in the pathogenesis of ASD.","total RNA-seq and footprint experiments from the cerebellar tissue of Bmal1 knockout and wildtype mice, 3 biological replicates form each condition for RNA-seq; 2 biolgical replicates from each condition for footprint experiments.",35301425,,,598590,GPL13112,Mus musculus,GSE,Expression profiling by high throughput sequencing,2022/03/17,10,ftp://ftp.ncbi.nlm.nih.gov/geo/series/GSE196nnn/GSE196765/,Autistic-like behavior and cerebellar dysfunction in Bmal1 mutant mice ameliorated by mTORC1 inhibition.,Molecular psychiatry,2023 Sep,10.1038/s41380-022-01499-6,OSD-525|RR23_Cb_VIV_V5_techrep2,Vivarium Control
241,GSM7933235,0.9912261366844177,GSE249297,The transcriptome signature of the mouse brain after bulbectomy suggests a new model of Alzheimer’s disease with elements of major depression.,,,"In general, analysis of the functional significance of genes in the brain of OBX mice indicates that the balance of the GABA/glutamatergic systems is disturbed with hyperactivation of the latter, which leads to the development of excitotoxicity and induction of apoptosis on the background of severe mitochondrial dysfunction and astrogliosis. The synthesis of neurotrophic factors decreases, which leads to disruption of the cytoskeleton of neurons, an increase in the level of intracellular calcium, and activation of tau protein phosphorylation. The acetylcholinergic system is deficient on the background of hyperactivation of acetylcholinesterase. Importantly,  the activity of the dopaminergic, endorphin, and opiate systems decreases, and hormonal dysfunction develops. Genes associated with the regulation of circadian rhythms, cell migration, and impaired innate immunity are activated. All this occurs on the background of down-regulation of genes of ribosomal proteins. It is clear that OBX mice are a model of complex neuropathology with elements of Alzheimer's disease and major depression. This model with a certain degree of probability can be attributed to subtype B2 in humans.",Single-end RNA-seq of dissected brain tissues from Sham-operated and bulbectomic mice,,,,835039,GPL13112,Mus musculus,GSE,Expression profiling by high throughput sequencing,2023/12/05,24,ftp://ftp.ncbi.nlm.nih.gov/geo/series/GSE249nnn/GSE249297/,,,,,OSD-525|RR23_Cb_VIV_V5_techrep2,Vivarium Control
242,GSM7933234,0.9905639886856079,GSE249297,The transcriptome signature of the mouse brain after bulbectomy suggests a new model of Alzheimer’s disease with elements of major depression.,,,"In general, analysis of the functional significance of genes in the brain of OBX mice indicates that the balance of the GABA/glutamatergic systems is disturbed with hyperactivation of the latter, which leads to the development of excitotoxicity and induction of apoptosis on the background of severe mitochondrial dysfunction and astrogliosis. The synthesis of neurotrophic factors decreases, which leads to disruption of the cytoskeleton of neurons, an increase in the level of intracellular calcium, and activation of tau protein phosphorylation. The acetylcholinergic system is deficient on the background of hyperactivation of acetylcholinesterase. Importantly,  the activity of the dopaminergic, endorphin, and opiate systems decreases, and hormonal dysfunction develops. Genes associated with the regulation of circadian rhythms, cell migration, and impaired innate immunity are activated. All this occurs on the background of down-regulation of genes of ribosomal proteins. It is clear that OBX mice are a model of complex neuropathology with elements of Alzheimer's disease and major depression. This model with a certain degree of probability can be attributed to subtype B2 in humans.",Single-end RNA-seq of dissected brain tissues from Sham-operated and bulbectomic mice,,,,835038,GPL13112,Mus musculus,GSE,Expression profiling by high throughput sequencing,2023/12/05,24,ftp://ftp.ncbi.nlm.nih.gov/geo/series/GSE249nnn/GSE249297/,,,,,OSD-525|RR23_Cb_VIV_V5_techrep2,Vivarium Control
243,GSM7933233,0.9903649091720581,GSE249297,The transcriptome signature of the mouse brain after bulbectomy suggests a new model of Alzheimer’s disease with elements of major depression.,,,"In general, analysis of the functional significance of genes in the brain of OBX mice indicates that the balance of the GABA/glutamatergic systems is disturbed with hyperactivation of the latter, which leads to the development of excitotoxicity and induction of apoptosis on the background of severe mitochondrial dysfunction and astrogliosis. The synthesis of neurotrophic factors decreases, which leads to disruption of the cytoskeleton of neurons, an increase in the level of intracellular calcium, and activation of tau protein phosphorylation. The acetylcholinergic system is deficient on the background of hyperactivation of acetylcholinesterase. Importantly,  the activity of the dopaminergic, endorphin, and opiate systems decreases, and hormonal dysfunction develops. Genes associated with the regulation of circadian rhythms, cell migration, and impaired innate immunity are activated. All this occurs on the background of down-regulation of genes of ribosomal proteins. It is clear that OBX mice are a model of complex neuropathology with elements of Alzheimer's disease and major depression. This model with a certain degree of probability can be attributed to subtype B2 in humans.",Single-end RNA-seq of dissected brain tissues from Sham-operated and bulbectomic mice,,,,835037,GPL13112,Mus musculus,GSE,Expression profiling by high throughput sequencing,2023/12/05,24,ftp://ftp.ncbi.nlm.nih.gov/geo/series/GSE249nnn/GSE249297/,,,,,OSD-525|RR23_Cb_VIV_V5_techrep2,Vivarium Control
244,GSM4953971,0.9898192286491394,GSE162535,RNA-seq analysis of the mouse brain reveals inflammatory genes associated with early artesunate treatment of experimental cerebral malaria,,,"Purpose:This study aimed to investigate the transcriptome-wide response of experimental cerebral malaria (ECM) and artesunate treated mice brain on 6 days post-infection. Methods: C57BL/6 mice were infected with Plasmodium berghei ANKA to construct a murine ECM in MB and AB group. AB group treated with artesunate (30mg/kg), while CB group treated with PBS for 4 days. Mice brain was tested by RNA-seq. Results: Gene ontology and KEGG pathway analyses of differentially expressed genes (DEGs) were performed. quantitative reverse transcription polymerase chain reaction (qPCR) verify DEGs such as Il6, Il1b, Il10, Tnf, Ifng, Il21, Icam1, which were up-regulated in MB vs. CB, while down-regulated in AB vs. MB. Conclusions:Our study revealed a transcriptome-wide profile in ECM and artesunate treated mice brain, and help to explore the underlying mechanism, as well as the further development of therapeutic strategies for clinical cerebral malaria.",Cerebral mRNA profiles of 6 weeks old mice with ECM and ECM mice treated with artesunate,,,,437920,GPL24247,Mus musculus,GSE,Expression profiling by high throughput sequencing,2022/12/02,12,ftp://ftp.ncbi.nlm.nih.gov/geo/series/GSE162nnn/GSE162535/,,,,,OSD-525|RR23_Cb_VIV_V5_techrep2,Vivarium Control
245,GSM4199722,0.9896925687789917,GSE141252,Chronologic age and morbidities could converge on gene-specific traits through length-dependent failure of transcript polymerization,,,We provide evidence for the decrease of long transcripts during aging using a unique reference transcriptomic survey of 17 mouse organs sampled at 5 timepoints over the lifespan.,"Transcriptomic profiles of 17 mouse organs, sampled at 4, 9, 12, 18, 24 months of age, were generated by standard illumina RNA-Seq protocols.",,,,315110,GPL19057,Mus musculus,GSE,Expression profiling by high throughput sequencing,2021/12/31,518,ftp://ftp.ncbi.nlm.nih.gov/geo/series/GSE141nnn/GSE141252/,,,,,OSD-525|RR23_Cb_VIV_V5_techrep2,Vivarium Control
246,GSM1895302,0.9896461963653564,GSE73508,Transcriptome profiling in knock-in mouse models of Huntington's disease [cerebellum; hippocampus],,,This SuperSeries is composed of the SubSeries listed below.,Refer to individual Series,,,,39594,GPL13112,Mus musculus,GSE,Expression profiling by high throughput sequencing; Non-coding RNA profiling by high throughput sequencing,2015/11/03,668,ftp://ftp.ncbi.nlm.nih.gov/geo/series/GSE73nnn/GSE73508/,,,,,OSD-525|RR23_Cb_VIV_V5_techrep2,Vivarium Control
247,GSM7933236,0.9892539978027344,GSE249297,The transcriptome signature of the mouse brain after bulbectomy suggests a new model of Alzheimer’s disease with elements of major depression.,,,"In general, analysis of the functional significance of genes in the brain of OBX mice indicates that the balance of the GABA/glutamatergic systems is disturbed with hyperactivation of the latter, which leads to the development of excitotoxicity and induction of apoptosis on the background of severe mitochondrial dysfunction and astrogliosis. The synthesis of neurotrophic factors decreases, which leads to disruption of the cytoskeleton of neurons, an increase in the level of intracellular calcium, and activation of tau protein phosphorylation. The acetylcholinergic system is deficient on the background of hyperactivation of acetylcholinesterase. Importantly,  the activity of the dopaminergic, endorphin, and opiate systems decreases, and hormonal dysfunction develops. Genes associated with the regulation of circadian rhythms, cell migration, and impaired innate immunity are activated. All this occurs on the background of down-regulation of genes of ribosomal proteins. It is clear that OBX mice are a model of complex neuropathology with elements of Alzheimer's disease and major depression. This model with a certain degree of probability can be attributed to subtype B2 in humans.",Single-end RNA-seq of dissected brain tissues from Sham-operated and bulbectomic mice,,,,835040,GPL13112,Mus musculus,GSE,Expression profiling by high throughput sequencing,2023/12/05,24,ftp://ftp.ncbi.nlm.nih.gov/geo/series/GSE249nnn/GSE249297/,,,,,OSD-525|RR23_Cb_VIV_V5_techrep2,Vivarium Control
248,GSM5937077,0.9884132146835327,GSE198063,Translational profiling of neuronal subtypes reveals early vulnerability of somatostatin-expressing neurons in pre-symptomatic fatal familial insomnia,,,"Selective neuronal vulnerability is a common, yet poorly understood characteristic of neurodegenerative diseases and is particularly prominent in familial prion diseases, such as Creutzfeldt-Jakob disease (CJD) and fatal familial insomnia (FFI), where different mutations in the prion protein manifest as neuropathologically distinct diseases. To determine how presence of mutant prion protein influences gene expression at pre-symptomatic stages, we used RiboTag to isolate cell type-specific, translating RNA from GABAergic, glutamatergic, somatostatin- (SST) and parvalbumin-expressing neurons of 9-month-old knock-in mice of CJD and FFI.","We analyzed four cell types (Gad2+, PV+, SST+, vGluT2+) in three genotypes (FFI, CJD and WT control). Cell type-specific RNA was obtained from in two brain regions (cerebrum sans olfactory bulb, and cerebellum). For cerebellum, only Gad2+ and vGluT2+ were analyzed. For each analyzed RiboTag sample set (genotype_celltype_region) 3-7 biological replicates were prepared and sequenced. Cell type-specific RNA was obtained using the RiboTag Immunoprecipitation method from brain tissue homogenates (details below). For a subset of samples, total RNA was isolated from brian homogenates as input control. Differential expression anaysis was performed for each sample set, comparing FFI vs. Control or CJD vs. Control.",36192034,,,612607,GPL24247,Mus musculus,GSE,Expression profiling by high throughput sequencing,2022/09/21,159,ftp://ftp.ncbi.nlm.nih.gov/geo/series/GSE198nnn/GSE198063/,Translatome profiling in fatal familial insomnia implicates TOR signaling in somatostatin neurons.,Life science alliance,2022 Nov,10.26508/lsa.202201530,OSD-525|RR23_Cb_VIV_V5_techrep2,Vivarium Control
249,GSM2718616,0.988250732421875,GSE101918,Species and Cell-Type Properties of Classically Defined Human and Rodent Neurons and Glia,,,This SuperSeries is composed of the SubSeries listed below.,Refer to individual Series,30320555,,,118502,GPL17021; GPL20084; GPL18573; GPL19057,Mus musculus; Rattus norvegicus; Homo sapiens,GSE,Genome binding/occupancy profiling by high throughput sequencing; Expression profiling by high throughput sequencing,2018/10/12,114,ftp://ftp.ncbi.nlm.nih.gov/geo/series/GSE101nnn/GSE101918/,Species and cell-type properties of classically defined human and rodent neurons and glia.,eLife,2018 Oct 15,10.7554/eLife.37551,OSD-525|RR23_Cb_VIV_V5_techrep2,Vivarium Control
250,GSM5900265,0.994108259677887,GSE196765,Autism-like behaviors and cerebellar dysfunction in the Bmal1 mutant mouse ameliorated by mTORC1 inhibition,,,"Although circadian and sleep disorders are frequently associated with autism spectrum disorders (ASD), it remains elusive whether clock gene disruption can lead to autistic-like phenotypes in animals. The essential clock gene Bmal1 has been associated with human sociability and its missense mutations are identified in ASD. Here we report that global Bmal1 deletion led to significant social impairments, excessive stereotyped and repetitive behaviors, as well as motor learning disabilities in mice, all of which resemble core behavioral deficits in ASD. Furthermore, aberrant cell density and immature morphology of dendritic spines were identified in the cerebellar Purkinje cells (PCs) of Bmal1 knockout (KO) mice. Electrophysiological recordings uncovered enhanced excitatory and inhibitory synaptic transmission and reduced firing rates in the PCs of Bmal1 KO mice. Differential expression of ASD- and ataxia-associated genes (Ntng2, Mfrp, Nr4a2, Thbs1, Atxn1, and Atxn3) and dysregulated pathways of translational control, including hyperactivated mammalian target of rapamycin complex 1 (mTORC1) signaling, were identified in the cerebellum of Bmal1 KO mice. Interestingly, the antidiabetic drug metformin reversed mTORC1 hyperactivation and alleviated major behavioral and PC deficits in Bmal1 KO mice. Importantly, conditional Bmal1 deletion only in cerebellar PCs was sufficient to recapitulate autistic-like behavioral and cellular changes akin to those identified in Bmal1 KO mice. Together, these results unveil a previously unidentified role for Bmal1 disruption in cerebellar dysfunction and autistic-like behaviors. Our findings provide experimental evidence supporting a putative role for dysregulation of circadian clock gene expression in the pathogenesis of ASD.","total RNA-seq and footprint experiments from the cerebellar tissue of Bmal1 knockout and wildtype mice, 3 biological replicates form each condition for RNA-seq; 2 biolgical replicates from each condition for footprint experiments.",35301425,,,598590,GPL13112,Mus musculus,GSE,Expression profiling by high throughput sequencing,2022/03/17,10,ftp://ftp.ncbi.nlm.nih.gov/geo/series/GSE196nnn/GSE196765/,Autistic-like behavior and cerebellar dysfunction in Bmal1 mutant mice ameliorated by mTORC1 inhibition.,Molecular psychiatry,2023 Sep,10.1038/s41380-022-01499-6,OSD-525|RR23_Cb_VIV_V6,Vivarium Control
251,GSM6610612,0.9919967651367188,GSE214530,Time- and tissue-specific response of the mouse transcriptome after a short-term exposure to normoxia or intermittent hypoxia (IH),,,"To investigated the effects of early exposure to IH on tissue-specific transcriptome and biological processes, we evaluated differential gene expression of circadian rhythms and 24-hour mean expression in the lung, heart, liver, kidney, muscle, and cerebellum from mice after exposure to normoxic and IH conditions. The cardiopulmonary tissues were most affected by short-term exposure to IH in comparison with other organs.","Eight-week-old C57BL/6J mice were exposed to either normoxia or intermittent hypooxia (21-8% O2) for seven days before it was released into constant normoxic darkness for two days. Multiple tissues (liver, lung, kidney, muscle, heart, and cerebellum) were harvested on the second day of constant darkness for 24 hours with three-hour intervals to assess changes in their transcriptome.",37252926,,,691298,GPL24247,Mus musculus,GSE,Expression profiling by high throughput sequencing,2022/09/30,288,ftp://ftp.ncbi.nlm.nih.gov/geo/series/GSE214nnn/GSE214530/,Obstructive sleep apnea in a mouse model is associated with tissue-specific transcriptomic changes in circadian rhythmicity and mean 24-hour gene expression.,PLoS biology,2023 May,10.1371/journal.pbio.3002139,OSD-525|RR23_Cb_VIV_V6,Vivarium Control
252,GSM5900262,0.9918642640113831,GSE196765,Autism-like behaviors and cerebellar dysfunction in the Bmal1 mutant mouse ameliorated by mTORC1 inhibition,,,"Although circadian and sleep disorders are frequently associated with autism spectrum disorders (ASD), it remains elusive whether clock gene disruption can lead to autistic-like phenotypes in animals. The essential clock gene Bmal1 has been associated with human sociability and its missense mutations are identified in ASD. Here we report that global Bmal1 deletion led to significant social impairments, excessive stereotyped and repetitive behaviors, as well as motor learning disabilities in mice, all of which resemble core behavioral deficits in ASD. Furthermore, aberrant cell density and immature morphology of dendritic spines were identified in the cerebellar Purkinje cells (PCs) of Bmal1 knockout (KO) mice. Electrophysiological recordings uncovered enhanced excitatory and inhibitory synaptic transmission and reduced firing rates in the PCs of Bmal1 KO mice. Differential expression of ASD- and ataxia-associated genes (Ntng2, Mfrp, Nr4a2, Thbs1, Atxn1, and Atxn3) and dysregulated pathways of translational control, including hyperactivated mammalian target of rapamycin complex 1 (mTORC1) signaling, were identified in the cerebellum of Bmal1 KO mice. Interestingly, the antidiabetic drug metformin reversed mTORC1 hyperactivation and alleviated major behavioral and PC deficits in Bmal1 KO mice. Importantly, conditional Bmal1 deletion only in cerebellar PCs was sufficient to recapitulate autistic-like behavioral and cellular changes akin to those identified in Bmal1 KO mice. Together, these results unveil a previously unidentified role for Bmal1 disruption in cerebellar dysfunction and autistic-like behaviors. Our findings provide experimental evidence supporting a putative role for dysregulation of circadian clock gene expression in the pathogenesis of ASD.","total RNA-seq and footprint experiments from the cerebellar tissue of Bmal1 knockout and wildtype mice, 3 biological replicates form each condition for RNA-seq; 2 biolgical replicates from each condition for footprint experiments.",35301425,,,598587,GPL13112,Mus musculus,GSE,Expression profiling by high throughput sequencing,2022/03/17,10,ftp://ftp.ncbi.nlm.nih.gov/geo/series/GSE196nnn/GSE196765/,Autistic-like behavior and cerebellar dysfunction in Bmal1 mutant mice ameliorated by mTORC1 inhibition.,Molecular psychiatry,2023 Sep,10.1038/s41380-022-01499-6,OSD-525|RR23_Cb_VIV_V6,Vivarium Control
253,GSM4199722,0.991729736328125,GSE141252,Chronologic age and morbidities could converge on gene-specific traits through length-dependent failure of transcript polymerization,,,We provide evidence for the decrease of long transcripts during aging using a unique reference transcriptomic survey of 17 mouse organs sampled at 5 timepoints over the lifespan.,"Transcriptomic profiles of 17 mouse organs, sampled at 4, 9, 12, 18, 24 months of age, were generated by standard illumina RNA-Seq protocols.",,,,315110,GPL19057,Mus musculus,GSE,Expression profiling by high throughput sequencing,2021/12/31,518,ftp://ftp.ncbi.nlm.nih.gov/geo/series/GSE141nnn/GSE141252/,,,,,OSD-525|RR23_Cb_VIV_V6,Vivarium Control
254,GSM6610606,0.9917123317718506,GSE214530,Time- and tissue-specific response of the mouse transcriptome after a short-term exposure to normoxia or intermittent hypoxia (IH),,,"To investigated the effects of early exposure to IH on tissue-specific transcriptome and biological processes, we evaluated differential gene expression of circadian rhythms and 24-hour mean expression in the lung, heart, liver, kidney, muscle, and cerebellum from mice after exposure to normoxic and IH conditions. The cardiopulmonary tissues were most affected by short-term exposure to IH in comparison with other organs.","Eight-week-old C57BL/6J mice were exposed to either normoxia or intermittent hypooxia (21-8% O2) for seven days before it was released into constant normoxic darkness for two days. Multiple tissues (liver, lung, kidney, muscle, heart, and cerebellum) were harvested on the second day of constant darkness for 24 hours with three-hour intervals to assess changes in their transcriptome.",37252926,,,691292,GPL24247,Mus musculus,GSE,Expression profiling by high throughput sequencing,2022/09/30,288,ftp://ftp.ncbi.nlm.nih.gov/geo/series/GSE214nnn/GSE214530/,Obstructive sleep apnea in a mouse model is associated with tissue-specific transcriptomic changes in circadian rhythmicity and mean 24-hour gene expression.,PLoS biology,2023 May,10.1371/journal.pbio.3002139,OSD-525|RR23_Cb_VIV_V6,Vivarium Control
255,GSM4199490,0.991499662399292,GSE141252,Chronologic age and morbidities could converge on gene-specific traits through length-dependent failure of transcript polymerization,,,We provide evidence for the decrease of long transcripts during aging using a unique reference transcriptomic survey of 17 mouse organs sampled at 5 timepoints over the lifespan.,"Transcriptomic profiles of 17 mouse organs, sampled at 4, 9, 12, 18, 24 months of age, were generated by standard illumina RNA-Seq protocols.",,,,314885,GPL19057,Mus musculus,GSE,Expression profiling by high throughput sequencing,2021/12/31,518,ftp://ftp.ncbi.nlm.nih.gov/geo/series/GSE141nnn/GSE141252/,,,,,OSD-525|RR23_Cb_VIV_V6,Vivarium Control
256,GSM4199640,0.9914728403091431,GSE141252,Chronologic age and morbidities could converge on gene-specific traits through length-dependent failure of transcript polymerization,,,We provide evidence for the decrease of long transcripts during aging using a unique reference transcriptomic survey of 17 mouse organs sampled at 5 timepoints over the lifespan.,"Transcriptomic profiles of 17 mouse organs, sampled at 4, 9, 12, 18, 24 months of age, were generated by standard illumina RNA-Seq protocols.",,,,315028,GPL19057,Mus musculus,GSE,Expression profiling by high throughput sequencing,2021/12/31,518,ftp://ftp.ncbi.nlm.nih.gov/geo/series/GSE141nnn/GSE141252/,,,,,OSD-525|RR23_Cb_VIV_V6,Vivarium Control
257,GSM6610602,0.9912970662117004,GSE214530,Time- and tissue-specific response of the mouse transcriptome after a short-term exposure to normoxia or intermittent hypoxia (IH),,,"To investigated the effects of early exposure to IH on tissue-specific transcriptome and biological processes, we evaluated differential gene expression of circadian rhythms and 24-hour mean expression in the lung, heart, liver, kidney, muscle, and cerebellum from mice after exposure to normoxic and IH conditions. The cardiopulmonary tissues were most affected by short-term exposure to IH in comparison with other organs.","Eight-week-old C57BL/6J mice were exposed to either normoxia or intermittent hypooxia (21-8% O2) for seven days before it was released into constant normoxic darkness for two days. Multiple tissues (liver, lung, kidney, muscle, heart, and cerebellum) were harvested on the second day of constant darkness for 24 hours with three-hour intervals to assess changes in their transcriptome.",37252926,,,691288,GPL24247,Mus musculus,GSE,Expression profiling by high throughput sequencing,2022/09/30,288,ftp://ftp.ncbi.nlm.nih.gov/geo/series/GSE214nnn/GSE214530/,Obstructive sleep apnea in a mouse model is associated with tissue-specific transcriptomic changes in circadian rhythmicity and mean 24-hour gene expression.,PLoS biology,2023 May,10.1371/journal.pbio.3002139,OSD-525|RR23_Cb_VIV_V6,Vivarium Control
258,GSM6610607,0.9912192821502686,GSE214530,Time- and tissue-specific response of the mouse transcriptome after a short-term exposure to normoxia or intermittent hypoxia (IH),,,"To investigated the effects of early exposure to IH on tissue-specific transcriptome and biological processes, we evaluated differential gene expression of circadian rhythms and 24-hour mean expression in the lung, heart, liver, kidney, muscle, and cerebellum from mice after exposure to normoxic and IH conditions. The cardiopulmonary tissues were most affected by short-term exposure to IH in comparison with other organs.","Eight-week-old C57BL/6J mice were exposed to either normoxia or intermittent hypooxia (21-8% O2) for seven days before it was released into constant normoxic darkness for two days. Multiple tissues (liver, lung, kidney, muscle, heart, and cerebellum) were harvested on the second day of constant darkness for 24 hours with three-hour intervals to assess changes in their transcriptome.",37252926,,,691293,GPL24247,Mus musculus,GSE,Expression profiling by high throughput sequencing,2022/09/30,288,ftp://ftp.ncbi.nlm.nih.gov/geo/series/GSE214nnn/GSE214530/,Obstructive sleep apnea in a mouse model is associated with tissue-specific transcriptomic changes in circadian rhythmicity and mean 24-hour gene expression.,PLoS biology,2023 May,10.1371/journal.pbio.3002139,OSD-525|RR23_Cb_VIV_V6,Vivarium Control
259,GSM6610599,0.9911997318267822,GSE214530,Time- and tissue-specific response of the mouse transcriptome after a short-term exposure to normoxia or intermittent hypoxia (IH),,,"To investigated the effects of early exposure to IH on tissue-specific transcriptome and biological processes, we evaluated differential gene expression of circadian rhythms and 24-hour mean expression in the lung, heart, liver, kidney, muscle, and cerebellum from mice after exposure to normoxic and IH conditions. The cardiopulmonary tissues were most affected by short-term exposure to IH in comparison with other organs.","Eight-week-old C57BL/6J mice were exposed to either normoxia or intermittent hypooxia (21-8% O2) for seven days before it was released into constant normoxic darkness for two days. Multiple tissues (liver, lung, kidney, muscle, heart, and cerebellum) were harvested on the second day of constant darkness for 24 hours with three-hour intervals to assess changes in their transcriptome.",37252926,,,691285,GPL24247,Mus musculus,GSE,Expression profiling by high throughput sequencing,2022/09/30,288,ftp://ftp.ncbi.nlm.nih.gov/geo/series/GSE214nnn/GSE214530/,Obstructive sleep apnea in a mouse model is associated with tissue-specific transcriptomic changes in circadian rhythmicity and mean 24-hour gene expression.,PLoS biology,2023 May,10.1371/journal.pbio.3002139,OSD-525|RR23_Cb_VIV_V6,Vivarium Control
260,GSM4780429,0.9938410520553589,GSE157902,GTPBP1 resolves paused ribosomes to maintain neuronal homeostasis,,,"Ribosome-associated quality control pathways respond to defects in translational elongation to recycle arrested ribosomes and degrade aberrant polypeptides and mRNAs. Loss of an individual tRNA gene leads to ribosomal pausing that is resolved by the translational GTPase GTPBP2, and in its absence causes neuron death. Here we show that loss of the homologous protein GTPBP1 during tRNA deficiency in the mouse brain also leads to codon-specific ribosome pausing and neurodegeneration, suggesting that these non-redundant translational GTPases function in the same pathway to mitigate ribosome pausing. Ribosome stalling in the mutant brain led to activation of the integrated stress response (ISR) mediated by GCN2 and decreased mTORC1 signaling. However, in contrast to the ISR, which enhanced neuron survival, reduced mTORC1 signaling increased neuronal death. Our data demonstrate that GTPBP1 functions as an important quality control mechanism during translation elongation and suggest that translational signaling pathways intricately interact to regulate neuronal homeostasis during defective translation elongation.","18 samples are in analyzed in this study in the context of 3 week old C57BL/6J (B6J) mouse cerebellum. These include 3 replicates of the following genotypes Gtpbp1 -/-, Gtpbp2 -/- (mediated through a previously characterized nmf205 point mutation), and wildtype mice. RNA-seq and ribosome footprint profiling datasets were generated for each sample.",33186095,,,415767,GPL21103,Mus musculus,GSE,Expression profiling by high throughput sequencing; Other,2020/10/26,18,ftp://ftp.ncbi.nlm.nih.gov/geo/series/GSE157nnn/GSE157902/,GTPBP1 resolves paused ribosomes to maintain neuronal homeostasis.,eLife,2020 Nov 13,10.7554/eLife.62731,OSD-525|RR23_Cb_VIV_V7,Vivarium Control
261,GSM4780427,0.9938379526138306,GSE157902,GTPBP1 resolves paused ribosomes to maintain neuronal homeostasis,,,"Ribosome-associated quality control pathways respond to defects in translational elongation to recycle arrested ribosomes and degrade aberrant polypeptides and mRNAs. Loss of an individual tRNA gene leads to ribosomal pausing that is resolved by the translational GTPase GTPBP2, and in its absence causes neuron death. Here we show that loss of the homologous protein GTPBP1 during tRNA deficiency in the mouse brain also leads to codon-specific ribosome pausing and neurodegeneration, suggesting that these non-redundant translational GTPases function in the same pathway to mitigate ribosome pausing. Ribosome stalling in the mutant brain led to activation of the integrated stress response (ISR) mediated by GCN2 and decreased mTORC1 signaling. However, in contrast to the ISR, which enhanced neuron survival, reduced mTORC1 signaling increased neuronal death. Our data demonstrate that GTPBP1 functions as an important quality control mechanism during translation elongation and suggest that translational signaling pathways intricately interact to regulate neuronal homeostasis during defective translation elongation.","18 samples are in analyzed in this study in the context of 3 week old C57BL/6J (B6J) mouse cerebellum. These include 3 replicates of the following genotypes Gtpbp1 -/-, Gtpbp2 -/- (mediated through a previously characterized nmf205 point mutation), and wildtype mice. RNA-seq and ribosome footprint profiling datasets were generated for each sample.",33186095,,,415765,GPL21103,Mus musculus,GSE,Expression profiling by high throughput sequencing; Other,2020/10/26,18,ftp://ftp.ncbi.nlm.nih.gov/geo/series/GSE157nnn/GSE157902/,GTPBP1 resolves paused ribosomes to maintain neuronal homeostasis.,eLife,2020 Nov 13,10.7554/eLife.62731,OSD-525|RR23_Cb_VIV_V7,Vivarium Control
262,GSM4780424,0.9937294125556946,GSE157902,GTPBP1 resolves paused ribosomes to maintain neuronal homeostasis,,,"Ribosome-associated quality control pathways respond to defects in translational elongation to recycle arrested ribosomes and degrade aberrant polypeptides and mRNAs. Loss of an individual tRNA gene leads to ribosomal pausing that is resolved by the translational GTPase GTPBP2, and in its absence causes neuron death. Here we show that loss of the homologous protein GTPBP1 during tRNA deficiency in the mouse brain also leads to codon-specific ribosome pausing and neurodegeneration, suggesting that these non-redundant translational GTPases function in the same pathway to mitigate ribosome pausing. Ribosome stalling in the mutant brain led to activation of the integrated stress response (ISR) mediated by GCN2 and decreased mTORC1 signaling. However, in contrast to the ISR, which enhanced neuron survival, reduced mTORC1 signaling increased neuronal death. Our data demonstrate that GTPBP1 functions as an important quality control mechanism during translation elongation and suggest that translational signaling pathways intricately interact to regulate neuronal homeostasis during defective translation elongation.","18 samples are in analyzed in this study in the context of 3 week old C57BL/6J (B6J) mouse cerebellum. These include 3 replicates of the following genotypes Gtpbp1 -/-, Gtpbp2 -/- (mediated through a previously characterized nmf205 point mutation), and wildtype mice. RNA-seq and ribosome footprint profiling datasets were generated for each sample.",33186095,,,415762,GPL21103,Mus musculus,GSE,Expression profiling by high throughput sequencing; Other,2020/10/26,18,ftp://ftp.ncbi.nlm.nih.gov/geo/series/GSE157nnn/GSE157902/,GTPBP1 resolves paused ribosomes to maintain neuronal homeostasis.,eLife,2020 Nov 13,10.7554/eLife.62731,OSD-525|RR23_Cb_VIV_V7,Vivarium Control
263,GSM4199365,0.9929275512695312,GSE141252,Chronologic age and morbidities could converge on gene-specific traits through length-dependent failure of transcript polymerization,,,We provide evidence for the decrease of long transcripts during aging using a unique reference transcriptomic survey of 17 mouse organs sampled at 5 timepoints over the lifespan.,"Transcriptomic profiles of 17 mouse organs, sampled at 4, 9, 12, 18, 24 months of age, were generated by standard illumina RNA-Seq protocols.",,,,314769,GPL19057,Mus musculus,GSE,Expression profiling by high throughput sequencing,2021/12/31,518,ftp://ftp.ncbi.nlm.nih.gov/geo/series/GSE141nnn/GSE141252/,,,,,OSD-525|RR23_Cb_VIV_V7,Vivarium Control
264,GSM5900268,0.9928470849990845,GSE196765,Autism-like behaviors and cerebellar dysfunction in the Bmal1 mutant mouse ameliorated by mTORC1 inhibition,,,"Although circadian and sleep disorders are frequently associated with autism spectrum disorders (ASD), it remains elusive whether clock gene disruption can lead to autistic-like phenotypes in animals. The essential clock gene Bmal1 has been associated with human sociability and its missense mutations are identified in ASD. Here we report that global Bmal1 deletion led to significant social impairments, excessive stereotyped and repetitive behaviors, as well as motor learning disabilities in mice, all of which resemble core behavioral deficits in ASD. Furthermore, aberrant cell density and immature morphology of dendritic spines were identified in the cerebellar Purkinje cells (PCs) of Bmal1 knockout (KO) mice. Electrophysiological recordings uncovered enhanced excitatory and inhibitory synaptic transmission and reduced firing rates in the PCs of Bmal1 KO mice. Differential expression of ASD- and ataxia-associated genes (Ntng2, Mfrp, Nr4a2, Thbs1, Atxn1, and Atxn3) and dysregulated pathways of translational control, including hyperactivated mammalian target of rapamycin complex 1 (mTORC1) signaling, were identified in the cerebellum of Bmal1 KO mice. Interestingly, the antidiabetic drug metformin reversed mTORC1 hyperactivation and alleviated major behavioral and PC deficits in Bmal1 KO mice. Importantly, conditional Bmal1 deletion only in cerebellar PCs was sufficient to recapitulate autistic-like behavioral and cellular changes akin to those identified in Bmal1 KO mice. Together, these results unveil a previously unidentified role for Bmal1 disruption in cerebellar dysfunction and autistic-like behaviors. Our findings provide experimental evidence supporting a putative role for dysregulation of circadian clock gene expression in the pathogenesis of ASD.","total RNA-seq and footprint experiments from the cerebellar tissue of Bmal1 knockout and wildtype mice, 3 biological replicates form each condition for RNA-seq; 2 biolgical replicates from each condition for footprint experiments.",35301425,,,598593,GPL13112,Mus musculus,GSE,Expression profiling by high throughput sequencing,2022/03/17,10,ftp://ftp.ncbi.nlm.nih.gov/geo/series/GSE196nnn/GSE196765/,Autistic-like behavior and cerebellar dysfunction in Bmal1 mutant mice ameliorated by mTORC1 inhibition.,Molecular psychiatry,2023 Sep,10.1038/s41380-022-01499-6,OSD-525|RR23_Cb_VIV_V7,Vivarium Control
265,GSM4199640,0.992777407169342,GSE141252,Chronologic age and morbidities could converge on gene-specific traits through length-dependent failure of transcript polymerization,,,We provide evidence for the decrease of long transcripts during aging using a unique reference transcriptomic survey of 17 mouse organs sampled at 5 timepoints over the lifespan.,"Transcriptomic profiles of 17 mouse organs, sampled at 4, 9, 12, 18, 24 months of age, were generated by standard illumina RNA-Seq protocols.",,,,315028,GPL19057,Mus musculus,GSE,Expression profiling by high throughput sequencing,2021/12/31,518,ftp://ftp.ncbi.nlm.nih.gov/geo/series/GSE141nnn/GSE141252/,,,,,OSD-525|RR23_Cb_VIV_V7,Vivarium Control
266,GSM4780425,0.9925448298454285,GSE157902,GTPBP1 resolves paused ribosomes to maintain neuronal homeostasis,,,"Ribosome-associated quality control pathways respond to defects in translational elongation to recycle arrested ribosomes and degrade aberrant polypeptides and mRNAs. Loss of an individual tRNA gene leads to ribosomal pausing that is resolved by the translational GTPase GTPBP2, and in its absence causes neuron death. Here we show that loss of the homologous protein GTPBP1 during tRNA deficiency in the mouse brain also leads to codon-specific ribosome pausing and neurodegeneration, suggesting that these non-redundant translational GTPases function in the same pathway to mitigate ribosome pausing. Ribosome stalling in the mutant brain led to activation of the integrated stress response (ISR) mediated by GCN2 and decreased mTORC1 signaling. However, in contrast to the ISR, which enhanced neuron survival, reduced mTORC1 signaling increased neuronal death. Our data demonstrate that GTPBP1 functions as an important quality control mechanism during translation elongation and suggest that translational signaling pathways intricately interact to regulate neuronal homeostasis during defective translation elongation.","18 samples are in analyzed in this study in the context of 3 week old C57BL/6J (B6J) mouse cerebellum. These include 3 replicates of the following genotypes Gtpbp1 -/-, Gtpbp2 -/- (mediated through a previously characterized nmf205 point mutation), and wildtype mice. RNA-seq and ribosome footprint profiling datasets were generated for each sample.",33186095,,,415763,GPL21103,Mus musculus,GSE,Expression profiling by high throughput sequencing; Other,2020/10/26,18,ftp://ftp.ncbi.nlm.nih.gov/geo/series/GSE157nnn/GSE157902/,GTPBP1 resolves paused ribosomes to maintain neuronal homeostasis.,eLife,2020 Nov 13,10.7554/eLife.62731,OSD-525|RR23_Cb_VIV_V7,Vivarium Control
267,GSM4199428,0.9924718737602234,GSE141252,Chronologic age and morbidities could converge on gene-specific traits through length-dependent failure of transcript polymerization,,,We provide evidence for the decrease of long transcripts during aging using a unique reference transcriptomic survey of 17 mouse organs sampled at 5 timepoints over the lifespan.,"Transcriptomic profiles of 17 mouse organs, sampled at 4, 9, 12, 18, 24 months of age, were generated by standard illumina RNA-Seq protocols.",,,,314826,GPL19057,Mus musculus,GSE,Expression profiling by high throughput sequencing,2021/12/31,518,ftp://ftp.ncbi.nlm.nih.gov/geo/series/GSE141nnn/GSE141252/,,,,,OSD-525|RR23_Cb_VIV_V7,Vivarium Control
268,GSM4199705,0.9924417734146118,GSE141252,Chronologic age and morbidities could converge on gene-specific traits through length-dependent failure of transcript polymerization,,,We provide evidence for the decrease of long transcripts during aging using a unique reference transcriptomic survey of 17 mouse organs sampled at 5 timepoints over the lifespan.,"Transcriptomic profiles of 17 mouse organs, sampled at 4, 9, 12, 18, 24 months of age, were generated by standard illumina RNA-Seq protocols.",,,,315093,GPL19057,Mus musculus,GSE,Expression profiling by high throughput sequencing,2021/12/31,518,ftp://ftp.ncbi.nlm.nih.gov/geo/series/GSE141nnn/GSE141252/,,,,,OSD-525|RR23_Cb_VIV_V7,Vivarium Control
269,GSM6610609,0.9924391508102417,GSE214530,Time- and tissue-specific response of the mouse transcriptome after a short-term exposure to normoxia or intermittent hypoxia (IH),,,"To investigated the effects of early exposure to IH on tissue-specific transcriptome and biological processes, we evaluated differential gene expression of circadian rhythms and 24-hour mean expression in the lung, heart, liver, kidney, muscle, and cerebellum from mice after exposure to normoxic and IH conditions. The cardiopulmonary tissues were most affected by short-term exposure to IH in comparison with other organs.","Eight-week-old C57BL/6J mice were exposed to either normoxia or intermittent hypooxia (21-8% O2) for seven days before it was released into constant normoxic darkness for two days. Multiple tissues (liver, lung, kidney, muscle, heart, and cerebellum) were harvested on the second day of constant darkness for 24 hours with three-hour intervals to assess changes in their transcriptome.",37252926,,,691295,GPL24247,Mus musculus,GSE,Expression profiling by high throughput sequencing,2022/09/30,288,ftp://ftp.ncbi.nlm.nih.gov/geo/series/GSE214nnn/GSE214530/,Obstructive sleep apnea in a mouse model is associated with tissue-specific transcriptomic changes in circadian rhythmicity and mean 24-hour gene expression.,PLoS biology,2023 May,10.1371/journal.pbio.3002139,OSD-525|RR23_Cb_VIV_V7,Vivarium Control
270,GSM7329509,0.995140016078949,GSE232368,Transcriptomic approach reveals splicing dysregulation in spinocerebellar ataxia type 1,,,"Spinocerebellar ataxia type 1 (SCA1) is caused by a polyglutamine expansion in the ATXN1 gene leading to an expanded polyglutamine tract in the ATAXIN-1 protein. Ataxin-1 is broadly expressed throughout the brain and is known to be involved in regulating gene expression; however, it is not yet determined if mutant ataxin-1 regulates alternative splicing events. Utilizing SCA1 mouse models, we performed bulk RNA sequencing and looked for misregulated alternative splicing (mAS) events in SCA1 mouse cerebella. We found that mutant ataxin-1 causes mAS events to occur in the SCA1 mouse cerebella. Furthermore, we showed that abnormal splicing events predominantly occur in cell types that express mutant ataxin-1. Less than 25% of the mAS events were also differentially expressed genes (DEGs) and therefore their transcriptional dysregulation was previously unknown in the context of SCA1. We show through gene ontology analysis that mAS events reveal new biological pathways: mAS events showed changes in structural morphogenesis whereas DEGs showed changes in ion channel and transmembrane transport. We also report that mutant ataxin-1 causes dysregulation of expression of other ataxia-causing genes, providing evidence for molecular basis of clinical similarity among otherwise heterogeneous inherited cerebellar ataxias. We also identified the potential mechanism by which mutant ATXN1 causes mAS through its interaction with RBFOX1.","Comparative transcriptomic analysis of RNA-seq data for mouse cerebella extracted from WT FVB/NJ and Atxn1-82Q transgenic FVB/NJ mice. Samples were collected from 5-, 12-, 20-, and 52-week old mice with four biological replicates collected from 5-week old and three biological replicates collected from 12-, 20-, and 52-week old mice.",37802886,,,779181,GPL24247,Mus musculus,GSE,Expression profiling by high throughput sequencing,2023/10/20,26,ftp://ftp.ncbi.nlm.nih.gov/geo/series/GSE232nnn/GSE232368/,Dysregulation of alternative splicing in spinocerebellar ataxia type 1.,Human molecular genetics,2024 Jan 7,10.1093/hmg/ddad170,OSD-525|RR23_Cb_VIV_V8,Vivarium Control
271,GSM7329497,0.9949958324432373,GSE232368,Transcriptomic approach reveals splicing dysregulation in spinocerebellar ataxia type 1,,,"Spinocerebellar ataxia type 1 (SCA1) is caused by a polyglutamine expansion in the ATXN1 gene leading to an expanded polyglutamine tract in the ATAXIN-1 protein. Ataxin-1 is broadly expressed throughout the brain and is known to be involved in regulating gene expression; however, it is not yet determined if mutant ataxin-1 regulates alternative splicing events. Utilizing SCA1 mouse models, we performed bulk RNA sequencing and looked for misregulated alternative splicing (mAS) events in SCA1 mouse cerebella. We found that mutant ataxin-1 causes mAS events to occur in the SCA1 mouse cerebella. Furthermore, we showed that abnormal splicing events predominantly occur in cell types that express mutant ataxin-1. Less than 25% of the mAS events were also differentially expressed genes (DEGs) and therefore their transcriptional dysregulation was previously unknown in the context of SCA1. We show through gene ontology analysis that mAS events reveal new biological pathways: mAS events showed changes in structural morphogenesis whereas DEGs showed changes in ion channel and transmembrane transport. We also report that mutant ataxin-1 causes dysregulation of expression of other ataxia-causing genes, providing evidence for molecular basis of clinical similarity among otherwise heterogeneous inherited cerebellar ataxias. We also identified the potential mechanism by which mutant ATXN1 causes mAS through its interaction with RBFOX1.","Comparative transcriptomic analysis of RNA-seq data for mouse cerebella extracted from WT FVB/NJ and Atxn1-82Q transgenic FVB/NJ mice. Samples were collected from 5-, 12-, 20-, and 52-week old mice with four biological replicates collected from 5-week old and three biological replicates collected from 12-, 20-, and 52-week old mice.",37802886,,,779169,GPL24247,Mus musculus,GSE,Expression profiling by high throughput sequencing,2023/10/20,26,ftp://ftp.ncbi.nlm.nih.gov/geo/series/GSE232nnn/GSE232368/,Dysregulation of alternative splicing in spinocerebellar ataxia type 1.,Human molecular genetics,2024 Jan 7,10.1093/hmg/ddad170,OSD-525|RR23_Cb_VIV_V8,Vivarium Control
272,GSM4780430,0.994956910610199,GSE157902,GTPBP1 resolves paused ribosomes to maintain neuronal homeostasis,,,"Ribosome-associated quality control pathways respond to defects in translational elongation to recycle arrested ribosomes and degrade aberrant polypeptides and mRNAs. Loss of an individual tRNA gene leads to ribosomal pausing that is resolved by the translational GTPase GTPBP2, and in its absence causes neuron death. Here we show that loss of the homologous protein GTPBP1 during tRNA deficiency in the mouse brain also leads to codon-specific ribosome pausing and neurodegeneration, suggesting that these non-redundant translational GTPases function in the same pathway to mitigate ribosome pausing. Ribosome stalling in the mutant brain led to activation of the integrated stress response (ISR) mediated by GCN2 and decreased mTORC1 signaling. However, in contrast to the ISR, which enhanced neuron survival, reduced mTORC1 signaling increased neuronal death. Our data demonstrate that GTPBP1 functions as an important quality control mechanism during translation elongation and suggest that translational signaling pathways intricately interact to regulate neuronal homeostasis during defective translation elongation.","18 samples are in analyzed in this study in the context of 3 week old C57BL/6J (B6J) mouse cerebellum. These include 3 replicates of the following genotypes Gtpbp1 -/-, Gtpbp2 -/- (mediated through a previously characterized nmf205 point mutation), and wildtype mice. RNA-seq and ribosome footprint profiling datasets were generated for each sample.",33186095,,,415768,GPL21103,Mus musculus,GSE,Expression profiling by high throughput sequencing; Other,2020/10/26,18,ftp://ftp.ncbi.nlm.nih.gov/geo/series/GSE157nnn/GSE157902/,GTPBP1 resolves paused ribosomes to maintain neuronal homeostasis.,eLife,2020 Nov 13,10.7554/eLife.62731,OSD-525|RR23_Cb_VIV_V8,Vivarium Control
273,GSM7329510,0.994824230670929,GSE232368,Transcriptomic approach reveals splicing dysregulation in spinocerebellar ataxia type 1,,,"Spinocerebellar ataxia type 1 (SCA1) is caused by a polyglutamine expansion in the ATXN1 gene leading to an expanded polyglutamine tract in the ATAXIN-1 protein. Ataxin-1 is broadly expressed throughout the brain and is known to be involved in regulating gene expression; however, it is not yet determined if mutant ataxin-1 regulates alternative splicing events. Utilizing SCA1 mouse models, we performed bulk RNA sequencing and looked for misregulated alternative splicing (mAS) events in SCA1 mouse cerebella. We found that mutant ataxin-1 causes mAS events to occur in the SCA1 mouse cerebella. Furthermore, we showed that abnormal splicing events predominantly occur in cell types that express mutant ataxin-1. Less than 25% of the mAS events were also differentially expressed genes (DEGs) and therefore their transcriptional dysregulation was previously unknown in the context of SCA1. We show through gene ontology analysis that mAS events reveal new biological pathways: mAS events showed changes in structural morphogenesis whereas DEGs showed changes in ion channel and transmembrane transport. We also report that mutant ataxin-1 causes dysregulation of expression of other ataxia-causing genes, providing evidence for molecular basis of clinical similarity among otherwise heterogeneous inherited cerebellar ataxias. We also identified the potential mechanism by which mutant ATXN1 causes mAS through its interaction with RBFOX1.","Comparative transcriptomic analysis of RNA-seq data for mouse cerebella extracted from WT FVB/NJ and Atxn1-82Q transgenic FVB/NJ mice. Samples were collected from 5-, 12-, 20-, and 52-week old mice with four biological replicates collected from 5-week old and three biological replicates collected from 12-, 20-, and 52-week old mice.",37802886,,,779182,GPL24247,Mus musculus,GSE,Expression profiling by high throughput sequencing,2023/10/20,26,ftp://ftp.ncbi.nlm.nih.gov/geo/series/GSE232nnn/GSE232368/,Dysregulation of alternative splicing in spinocerebellar ataxia type 1.,Human molecular genetics,2024 Jan 7,10.1093/hmg/ddad170,OSD-525|RR23_Cb_VIV_V8,Vivarium Control
274,GSM7329511,0.9945920705795288,GSE232368,Transcriptomic approach reveals splicing dysregulation in spinocerebellar ataxia type 1,,,"Spinocerebellar ataxia type 1 (SCA1) is caused by a polyglutamine expansion in the ATXN1 gene leading to an expanded polyglutamine tract in the ATAXIN-1 protein. Ataxin-1 is broadly expressed throughout the brain and is known to be involved in regulating gene expression; however, it is not yet determined if mutant ataxin-1 regulates alternative splicing events. Utilizing SCA1 mouse models, we performed bulk RNA sequencing and looked for misregulated alternative splicing (mAS) events in SCA1 mouse cerebella. We found that mutant ataxin-1 causes mAS events to occur in the SCA1 mouse cerebella. Furthermore, we showed that abnormal splicing events predominantly occur in cell types that express mutant ataxin-1. Less than 25% of the mAS events were also differentially expressed genes (DEGs) and therefore their transcriptional dysregulation was previously unknown in the context of SCA1. We show through gene ontology analysis that mAS events reveal new biological pathways: mAS events showed changes in structural morphogenesis whereas DEGs showed changes in ion channel and transmembrane transport. We also report that mutant ataxin-1 causes dysregulation of expression of other ataxia-causing genes, providing evidence for molecular basis of clinical similarity among otherwise heterogeneous inherited cerebellar ataxias. We also identified the potential mechanism by which mutant ATXN1 causes mAS through its interaction with RBFOX1.","Comparative transcriptomic analysis of RNA-seq data for mouse cerebella extracted from WT FVB/NJ and Atxn1-82Q transgenic FVB/NJ mice. Samples were collected from 5-, 12-, 20-, and 52-week old mice with four biological replicates collected from 5-week old and three biological replicates collected from 12-, 20-, and 52-week old mice.",37802886,,,779183,GPL24247,Mus musculus,GSE,Expression profiling by high throughput sequencing,2023/10/20,26,ftp://ftp.ncbi.nlm.nih.gov/geo/series/GSE232nnn/GSE232368/,Dysregulation of alternative splicing in spinocerebellar ataxia type 1.,Human molecular genetics,2024 Jan 7,10.1093/hmg/ddad170,OSD-525|RR23_Cb_VIV_V8,Vivarium Control
275,GSM2804408,0.9945755004882812,GSE104633,RNA-sequencing of the Math1-Cre SmoM2 mouse genetic model of medulloblastoma,,,"We investigated how misactivation of the Hedgehog (Hh) pathway causes medulloblastoma, and found that Hh signaling induces its transcriptional effector GLI2 to bind the Cdk6 promoter, activate gene expression, and drive uncontrolled cell proliferation. Genetic or pharmacological inhibition of CDK6 repressed the growth of Hh-associated medulloblastoma and prolonged survival in vivo through inhibition of cell proliferation. These findings suggest that CDK6 antagonists may be effective therapies for Hh-associated cancers in humans.",RNA-sequencing of Math1-Cre Smo2 tumors and SmoM2 controls with transcriptomic analysis of age- and sex-matched littermate controls,,,,133665,GPL17021,Mus musculus,GSE,Expression profiling by high throughput sequencing,2018/01/01,6,ftp://ftp.ncbi.nlm.nih.gov/geo/series/GSE104nnn/GSE104633/,,,,,OSD-525|RR23_Cb_VIV_V8,Vivarium Control
276,GSM2804406,0.9942952394485474,GSE104633,RNA-sequencing of the Math1-Cre SmoM2 mouse genetic model of medulloblastoma,,,"We investigated how misactivation of the Hedgehog (Hh) pathway causes medulloblastoma, and found that Hh signaling induces its transcriptional effector GLI2 to bind the Cdk6 promoter, activate gene expression, and drive uncontrolled cell proliferation. Genetic or pharmacological inhibition of CDK6 repressed the growth of Hh-associated medulloblastoma and prolonged survival in vivo through inhibition of cell proliferation. These findings suggest that CDK6 antagonists may be effective therapies for Hh-associated cancers in humans.",RNA-sequencing of Math1-Cre Smo2 tumors and SmoM2 controls with transcriptomic analysis of age- and sex-matched littermate controls,,,,133663,GPL17021,Mus musculus,GSE,Expression profiling by high throughput sequencing,2018/01/01,6,ftp://ftp.ncbi.nlm.nih.gov/geo/series/GSE104nnn/GSE104633/,,,,,OSD-525|RR23_Cb_VIV_V8,Vivarium Control
277,GSM4780431,0.9940814971923828,GSE157902,GTPBP1 resolves paused ribosomes to maintain neuronal homeostasis,,,"Ribosome-associated quality control pathways respond to defects in translational elongation to recycle arrested ribosomes and degrade aberrant polypeptides and mRNAs. Loss of an individual tRNA gene leads to ribosomal pausing that is resolved by the translational GTPase GTPBP2, and in its absence causes neuron death. Here we show that loss of the homologous protein GTPBP1 during tRNA deficiency in the mouse brain also leads to codon-specific ribosome pausing and neurodegeneration, suggesting that these non-redundant translational GTPases function in the same pathway to mitigate ribosome pausing. Ribosome stalling in the mutant brain led to activation of the integrated stress response (ISR) mediated by GCN2 and decreased mTORC1 signaling. However, in contrast to the ISR, which enhanced neuron survival, reduced mTORC1 signaling increased neuronal death. Our data demonstrate that GTPBP1 functions as an important quality control mechanism during translation elongation and suggest that translational signaling pathways intricately interact to regulate neuronal homeostasis during defective translation elongation.","18 samples are in analyzed in this study in the context of 3 week old C57BL/6J (B6J) mouse cerebellum. These include 3 replicates of the following genotypes Gtpbp1 -/-, Gtpbp2 -/- (mediated through a previously characterized nmf205 point mutation), and wildtype mice. RNA-seq and ribosome footprint profiling datasets were generated for each sample.",33186095,,,415769,GPL21103,Mus musculus,GSE,Expression profiling by high throughput sequencing; Other,2020/10/26,18,ftp://ftp.ncbi.nlm.nih.gov/geo/series/GSE157nnn/GSE157902/,GTPBP1 resolves paused ribosomes to maintain neuronal homeostasis.,eLife,2020 Nov 13,10.7554/eLife.62731,OSD-525|RR23_Cb_VIV_V8,Vivarium Control
278,GSM4096995,0.994056761264801,GSE138028,Chromatin environment and cellular context specify compensatory activity of paralogous MEF2 transcription factors,,,"Compensation among paralogous transcription factors (TFs) confers genetic robustness of cellular processes. Despite the prevalence of this phenomenon, an in vivo genome-scale understanding of how TFs dynamically respond to paralog depletion is still needed. We explore this question in the mammalian brain by studying the highly conserved MEF2 family of TFs, which confer phenotypic robustness in multiple brain regions. Employing single and double conditional knockout of MEF2A and MEF2D in granule neurons of the mouse cerebellum, we find MEF2A and MEF2D play functionally redundant roles in cerebellar-dependent motor learning. To explore the molecular basis underlying this phenomenon, we systematically characterize in vivo genome-wide occupancy of MEF2A and MEF2D in the presence or absence of one another. Although highly co-expressed in granule neurons, MEF2D is the predominant genomic regulator of gene expression. Strikingly, upon depletion of MEF2D, the occupancy of MEF2A robustly increases at a subset of sites normally bound to MEF2D. Epigenome and transcriptome analyses reveal that sites experiencing compensatory MEF2A occupancy undergo functional compensation for genomic activation and gene expression. In contrast, a distinct population of sites without compensatory MEF2A activity undergo significant dysregulation upon loss of MEF2D. The two populations of MEF2 target sites are further stratified by relative chromatin accessibility, with compensatory MEF2A activity concentrated within more open chromatin. Finally, we reveal that motor activity-induced changes in neuronal state induce a dynamic switch from non-compensatory to compensatory MEF2-dependent gene regulation, demonstrating the context-dependent nature of paralogous TF interdependency. Collectively, these studies define the first in vivo genome-wide characterization of functional interdependency between paralogous TFs.",Examination of interdependency of MEF2A and MEF2D via transcriptomic and epigenomic characterization in control and conditional knockout mammalian cells.,31722213,,,296095,GPL19057; GPL17021,Mus musculus,GSE,Genome binding/occupancy profiling by high throughput sequencing; Expression profiling by high throughput sequencing,2019/09/26,65,ftp://ftp.ncbi.nlm.nih.gov/geo/series/GSE138nnn/GSE138028/,Chromatin Environment and Cellular Context Specify Compensatory Activity of Paralogous MEF2 Transcription Factors.,Cell reports,2019 Nov 12,10.1016/j.celrep.2019.10.033,OSD-525|RR23_Cb_VIV_V8,Vivarium Control
279,GSM1645638,0.9938873052597046,GSE67375,Neuropathic Gaucher mouse brain,,,This SuperSeries is composed of the SubSeries listed below.,Refer to individual Series,26420838,,,33419,GPL14613; GPL6246; GPL9250; GPL13112,synthetic construct; Mus musculus,GSE,Expression profiling by array; Expression profiling by high throughput sequencing; Non-coding RNA profiling by array; Non-coding RNA profiling by high throughput sequencing,2015/10/01,83,ftp://ftp.ncbi.nlm.nih.gov/geo/series/GSE67nnn/GSE67375/,Neuronopathic Gaucher disease: dysregulated mRNAs and miRNAs in brain pathogenesis and effects of pharmacologic chaperone treatment in a mouse model.,Human molecular genetics,2015 Dec 15,10.1093/hmg/ddv404,OSD-525|RR23_Cb_VIV_V8,Vivarium Control
280,GSM2779383,0.9905661344528198,GSE103698,Intact interleukin-10 receptor signaling protects from hippocampal damage elicited by experimental neurotropic virus infection of SJL mice,,,"Differential interleukin-10 (IL-10) expression is suspected to contribute to strain specific differences in the course of Theiler's murine encephalomyelitis virus infection in mice. To determine the expression kinetics of IL-10 and related genes, RNA-based next generation sequencing (RNA-seq) was performed with brain cells obtained from infected SJL mice. Methods: 5-week old, female SJL mice were infected with the BeAn strain of TMEV and sacrificed 4, 7 or 14 days post infection (dpi). RNA was isolated from transversal sections of brain tissue at the level of the hippocampus. RNA-seq was performed on an Illumina HiSeq2500 system. Genes involved in Interleukin-10 (IL-10) signalling were analyzed and transcript levels were compared during the course of infection. Results: A significant upregulation of Interleukin-10 (Il10), Interleukin-10 receptor subunit α (ll10rα), Janus kinase 1 (Jak1) and signal transducer and activator of transcription 3 (Stat3) was detected 7 days post infection (dpi) compared to 4 dpi. Same genes showed a significant downregulation at 14 dpi compared to 7 dpi. Suppressor of cytokine signaling 3 (Socs3) was significantly downregulated at 14 dpi compared to 7 dpi. No differences were detected between transcript levels of interleukin-10 receptor subunit β (Il10rβ) and tyrosine kinase 2 (Tyk2). Conclusion: IL-10 pathway gene expression is transiently upregulated following TMEV-infection of SJL-mice.",RNA-seq of brain tissue derived from TMEV-infected SJL mice. 3 different timepoints post infection with 5 animals per timepoint.,29666403,,,131605,GPL17021,Mus musculus,GSE,Expression profiling by high throughput sequencing,2018/05/09,15,ftp://ftp.ncbi.nlm.nih.gov/geo/series/GSE103nnn/GSE103698/,Intact interleukin-10 receptor signaling protects from hippocampal damage elicited by experimental neurotropic virus infection of SJL mice.,Scientific reports,2018 Apr 17,10.1038/s41598-018-24378-z,OSD-525|RR23_Cb_VIV_V9,Vivarium Control
281,GSM5704802,0.9889332056045532,GSE189527,Distinct translatome changes in specific neural populations precede electroencephalographic changes in prion-infected mice,,,"Selective vulnerability is an enigmatic feature of neurodegenerative diseases (NDs), whereby a widely expressed protein causes lesions in specific cell types and brain regions. Using the RiboTag method in mice, translational responses of five neural subtypes to acquired prion disease (PrD) were measured. Pre-onset and disease onset timepoints were chosen based on longitudinal electroencephalography (EEG) that revealed a gradual increase in theta power between 10- and 18-weeks after prion injection, resembling a clinical feature of human PrD. At disease onset, marked by significantly increased theta power and histopathological lesions, mice had pronounced translatome changes in all five cell types despite appearing normal. Remarkably, at a pre-onset stage, prior to EEG and neuropathological changes, we found that 1) translatomes of astrocytes indicated reduced synthesis of ribosomal and mitochondrial components, 2) glutamatergic neurons showed increased expression of cytoskeletal genes, and 3) GABAergic neurons revealed reduced expression of circadian rhythm genes. These data demonstrate that early translatome responses to neurodegeneration emerge prior to conventional markers of disease and are cell type-specific. Therapeutic strategies may need to target multiple pathways in specific populations of cells, early in disease.",RiboTag translatome profiling data demonstrating that early translatome responses to neurodegeneration emerge prior to other signs of disease and are unique to different cell types.,35960762,,,573543,GPL17021,Mus musculus,GSE,Expression profiling by high throughput sequencing,2022/06/13,98,ftp://ftp.ncbi.nlm.nih.gov/geo/series/GSE189nnn/GSE189527/,Distinct translatome changes in specific neural populations precede electroencephalographic changes in prion-infected mice.,PLoS pathogens,2022 Aug,10.1371/journal.ppat.1010747,OSD-525|RR23_Cb_VIV_V9,Vivarium Control
282,GSM4199475,0.9882904291152954,GSE141252,Chronologic age and morbidities could converge on gene-specific traits through length-dependent failure of transcript polymerization,,,We provide evidence for the decrease of long transcripts during aging using a unique reference transcriptomic survey of 17 mouse organs sampled at 5 timepoints over the lifespan.,"Transcriptomic profiles of 17 mouse organs, sampled at 4, 9, 12, 18, 24 months of age, were generated by standard illumina RNA-Seq protocols.",,,,314870,GPL19057,Mus musculus,GSE,Expression profiling by high throughput sequencing,2021/12/31,518,ftp://ftp.ncbi.nlm.nih.gov/geo/series/GSE141nnn/GSE141252/,,,,,OSD-525|RR23_Cb_VIV_V9,Vivarium Control
283,GSM2341166,0.9881939888000488,GSE87808,Impaired Amino Acid Transport at the Blood Brain Barrier Is a Cause of Autism Spectrum Disorder,,,"Autism spectrum disorders (ASD) are a group of genetic disorders often overlapping with other neurological conditions. We previously described abnormalities in the branched chain amino acid (BCAA) catabolic pathway as a cause of ASD. Here we show that the solute carrier transporter 7a5 (SLC7A5), a large neutral amino acid transporter localized at the blood brain barrier (BBB), has an essential role in maintaining normal levels of brain BCAAs. In mice, deletion of Slc7a5 from the endothelial cells of the BBB leads to decreased levels of brain BCAAs, abnormal mRNA translation and severe neurological abnormalities. Furthermore, we identified several patients with autistic traits and motor delay carrying deleterious homozygous mutations in the SLC7A5 gene. Finally, we demonstrate that BCAA intracerebroventricular administration ameliorates abnormal behaviors in adult mutant mice. Our data elucidate a neurological syndrome defined by SLC7A5 mutations and support an essential role for the BCAA in human brain function.",RNA-sequencing of cerebellum from 3 wildtype mice and 3 Slc7a5 KO mice,27912058,,,78243,GPL17021,Mus musculus,GSE,Expression profiling by high throughput sequencing,2016/12/22,6,ftp://ftp.ncbi.nlm.nih.gov/geo/series/GSE87nnn/GSE87808/,Impaired Amino Acid Transport at the Blood Brain Barrier Is a Cause of Autism Spectrum Disorder.,Cell,2016 Dec 1,10.1016/j.cell.2016.11.013,OSD-525|RR23_Cb_VIV_V9,Vivarium Control
284,GSM4199722,0.9880985617637634,GSE141252,Chronologic age and morbidities could converge on gene-specific traits through length-dependent failure of transcript polymerization,,,We provide evidence for the decrease of long transcripts during aging using a unique reference transcriptomic survey of 17 mouse organs sampled at 5 timepoints over the lifespan.,"Transcriptomic profiles of 17 mouse organs, sampled at 4, 9, 12, 18, 24 months of age, were generated by standard illumina RNA-Seq protocols.",,,,315110,GPL19057,Mus musculus,GSE,Expression profiling by high throughput sequencing,2021/12/31,518,ftp://ftp.ncbi.nlm.nih.gov/geo/series/GSE141nnn/GSE141252/,,,,,OSD-525|RR23_Cb_VIV_V9,Vivarium Control
285,GSM6610607,0.9879931211471558,GSE214530,Time- and tissue-specific response of the mouse transcriptome after a short-term exposure to normoxia or intermittent hypoxia (IH),,,"To investigated the effects of early exposure to IH on tissue-specific transcriptome and biological processes, we evaluated differential gene expression of circadian rhythms and 24-hour mean expression in the lung, heart, liver, kidney, muscle, and cerebellum from mice after exposure to normoxic and IH conditions. The cardiopulmonary tissues were most affected by short-term exposure to IH in comparison with other organs.","Eight-week-old C57BL/6J mice were exposed to either normoxia or intermittent hypooxia (21-8% O2) for seven days before it was released into constant normoxic darkness for two days. Multiple tissues (liver, lung, kidney, muscle, heart, and cerebellum) were harvested on the second day of constant darkness for 24 hours with three-hour intervals to assess changes in their transcriptome.",37252926,,,691293,GPL24247,Mus musculus,GSE,Expression profiling by high throughput sequencing,2022/09/30,288,ftp://ftp.ncbi.nlm.nih.gov/geo/series/GSE214nnn/GSE214530/,Obstructive sleep apnea in a mouse model is associated with tissue-specific transcriptomic changes in circadian rhythmicity and mean 24-hour gene expression.,PLoS biology,2023 May,10.1371/journal.pbio.3002139,OSD-525|RR23_Cb_VIV_V9,Vivarium Control
286,GSM4199490,0.9878110289573669,GSE141252,Chronologic age and morbidities could converge on gene-specific traits through length-dependent failure of transcript polymerization,,,We provide evidence for the decrease of long transcripts during aging using a unique reference transcriptomic survey of 17 mouse organs sampled at 5 timepoints over the lifespan.,"Transcriptomic profiles of 17 mouse organs, sampled at 4, 9, 12, 18, 24 months of age, were generated by standard illumina RNA-Seq protocols.",,,,314885,GPL19057,Mus musculus,GSE,Expression profiling by high throughput sequencing,2021/12/31,518,ftp://ftp.ncbi.nlm.nih.gov/geo/series/GSE141nnn/GSE141252/,,,,,OSD-525|RR23_Cb_VIV_V9,Vivarium Control
287,GSM4199640,0.9877254962921143,GSE141252,Chronologic age and morbidities could converge on gene-specific traits through length-dependent failure of transcript polymerization,,,We provide evidence for the decrease of long transcripts during aging using a unique reference transcriptomic survey of 17 mouse organs sampled at 5 timepoints over the lifespan.,"Transcriptomic profiles of 17 mouse organs, sampled at 4, 9, 12, 18, 24 months of age, were generated by standard illumina RNA-Seq protocols.",,,,315028,GPL19057,Mus musculus,GSE,Expression profiling by high throughput sequencing,2021/12/31,518,ftp://ftp.ncbi.nlm.nih.gov/geo/series/GSE141nnn/GSE141252/,,,,,OSD-525|RR23_Cb_VIV_V9,Vivarium Control
288,GSM6610595,0.9875689744949341,GSE214530,Time- and tissue-specific response of the mouse transcriptome after a short-term exposure to normoxia or intermittent hypoxia (IH),,,"To investigated the effects of early exposure to IH on tissue-specific transcriptome and biological processes, we evaluated differential gene expression of circadian rhythms and 24-hour mean expression in the lung, heart, liver, kidney, muscle, and cerebellum from mice after exposure to normoxic and IH conditions. The cardiopulmonary tissues were most affected by short-term exposure to IH in comparison with other organs.","Eight-week-old C57BL/6J mice were exposed to either normoxia or intermittent hypooxia (21-8% O2) for seven days before it was released into constant normoxic darkness for two days. Multiple tissues (liver, lung, kidney, muscle, heart, and cerebellum) were harvested on the second day of constant darkness for 24 hours with three-hour intervals to assess changes in their transcriptome.",37252926,,,691281,GPL24247,Mus musculus,GSE,Expression profiling by high throughput sequencing,2022/09/30,288,ftp://ftp.ncbi.nlm.nih.gov/geo/series/GSE214nnn/GSE214530/,Obstructive sleep apnea in a mouse model is associated with tissue-specific transcriptomic changes in circadian rhythmicity and mean 24-hour gene expression.,PLoS biology,2023 May,10.1371/journal.pbio.3002139,OSD-525|RR23_Cb_VIV_V9,Vivarium Control
289,GSM6610612,0.987461268901825,GSE214530,Time- and tissue-specific response of the mouse transcriptome after a short-term exposure to normoxia or intermittent hypoxia (IH),,,"To investigated the effects of early exposure to IH on tissue-specific transcriptome and biological processes, we evaluated differential gene expression of circadian rhythms and 24-hour mean expression in the lung, heart, liver, kidney, muscle, and cerebellum from mice after exposure to normoxic and IH conditions. The cardiopulmonary tissues were most affected by short-term exposure to IH in comparison with other organs.","Eight-week-old C57BL/6J mice were exposed to either normoxia or intermittent hypooxia (21-8% O2) for seven days before it was released into constant normoxic darkness for two days. Multiple tissues (liver, lung, kidney, muscle, heart, and cerebellum) were harvested on the second day of constant darkness for 24 hours with three-hour intervals to assess changes in their transcriptome.",37252926,,,691298,GPL24247,Mus musculus,GSE,Expression profiling by high throughput sequencing,2022/09/30,288,ftp://ftp.ncbi.nlm.nih.gov/geo/series/GSE214nnn/GSE214530/,Obstructive sleep apnea in a mouse model is associated with tissue-specific transcriptomic changes in circadian rhythmicity and mean 24-hour gene expression.,PLoS biology,2023 May,10.1371/journal.pbio.3002139,OSD-525|RR23_Cb_VIV_V9,Vivarium Control
