,gsm,score,gse,title,source_name,characteristics,geo_summary,geo_design,pubmed_ids,tissue,species,archs4_index,geo_platform_biopython,geo_taxon_biopython,geo_entry_type_biopython,geo_gds_type_biopython,geo_pdat_biopython,geo_n_samples_biopython,geo_ftp_link_biopython,pubmed_title_biopython,pubmed_journal_biopython,pubmed_pub_date_biopython,pubmed_doi_biopython,sample_name,spaceflight
0,GSM5982258,0.9997744560241699,GSE199702,"Transcriptomics analysis of heart, kidney, and liver tissues from 58 Collaborative Cross strains",,,"We report transcriptomic profiling from bulk heart, kidney, and liver tissues for 58 strains of the inbred mouse Collaborative Cross (CC). Each strain is represented by a male/female pair. Reads were first aligned to the pooled transcriptomes of the eight founder strains of the CC and then total gene counts were quantified using the EMASE and GBRS software tools. Total read counts can be further normalized for use in differential gene expression analysis, expression quantitative trait locus (eQTL) analysis, and integrative analyses with other -omic data sets measured on the same samples, including proteomics and phosphoproteomics.","RNA profiling of heart, kidney, and liver bulk tissues of male/female pairs from 58 Collaborative Cross (CC) mouse strains",,,,617873,GPL24247,Mus musculus,GSE,Expression profiling by high throughput sequencing,2023/02/05,348,ftp://ftp.ncbi.nlm.nih.gov/geo/series/GSE199nnn/GSE199702/,,,,,OSD-164|Mmus_C57-6T_LVR_GC_Rep1_G1,Ground Control
1,GSM1119822,0.9997689723968506,GSE45684,RNA-seq alignment to individualized genomes,,,"The source of most errors in RNA sequencing (RNA-seq) read alignment is in the repetitive structure of the genome and not with the alignment algorithm. Genetic variation away from the reference sequence exacerbates this problem causing reads to be assigned to the wrong location. We developed a method, implemented as the software package Seqnature, to construct the imputed genomes of individuals (individualized genomes) of experimental model organisms including inbred mouse strains and genetically unique outbred animals. Alignment to individualized genomes increases read mapping accuracy and improves transcript abundance estimates. In an application to expression QTL mapping, this approach corrected erroneous linkages and unmasked thousands of hidden associations. Individualized genomes accounting for genetic variation will be useful for human short-read sequencing and other sequencing applications including ChIP-seq.","Illumina 100bp single-end liver RNA-seq from 277 male and female Diversity Outbred 26-week old mice raised on standard chow or high fat diet. In addition, Illumina 100bp single-end liver RNA-seq from 128 male 26-week old male mice (20 weeks for NZO strain) from each of the DO founder strains raised on standard chow or high fat diet (8 males per strain by diet group). Each sample was sequenced in 2-4x technical replicates across multiple flowcells. Samples were randomly assigned lanes and multiplexed at 12-24x.",25236449;26614740;28592500,,,11615,GPL13112,Mus musculus,GSE,Expression profiling by high throughput sequencing,2014/06/10,1086,ftp://ftp.ncbi.nlm.nih.gov/geo/series/GSE45nnn/GSE45684/,RNA-Seq alignment to individualized genomes improves transcript abundance estimates in multiparent populations.,Genetics,2014 Sep,10.1534/genetics.114.165886,OSD-164|Mmus_C57-6T_LVR_GC_Rep1_G1,Ground Control
2,GSM1119399,0.9997648000717163,GSE45684,RNA-seq alignment to individualized genomes,,,"The source of most errors in RNA sequencing (RNA-seq) read alignment is in the repetitive structure of the genome and not with the alignment algorithm. Genetic variation away from the reference sequence exacerbates this problem causing reads to be assigned to the wrong location. We developed a method, implemented as the software package Seqnature, to construct the imputed genomes of individuals (individualized genomes) of experimental model organisms including inbred mouse strains and genetically unique outbred animals. Alignment to individualized genomes increases read mapping accuracy and improves transcript abundance estimates. In an application to expression QTL mapping, this approach corrected erroneous linkages and unmasked thousands of hidden associations. Individualized genomes accounting for genetic variation will be useful for human short-read sequencing and other sequencing applications including ChIP-seq.","Illumina 100bp single-end liver RNA-seq from 277 male and female Diversity Outbred 26-week old mice raised on standard chow or high fat diet. In addition, Illumina 100bp single-end liver RNA-seq from 128 male 26-week old male mice (20 weeks for NZO strain) from each of the DO founder strains raised on standard chow or high fat diet (8 males per strain by diet group). Each sample was sequenced in 2-4x technical replicates across multiple flowcells. Samples were randomly assigned lanes and multiplexed at 12-24x.",25236449;26614740;28592500,,,11413,GPL13112,Mus musculus,GSE,Expression profiling by high throughput sequencing,2014/06/10,1086,ftp://ftp.ncbi.nlm.nih.gov/geo/series/GSE45nnn/GSE45684/,RNA-Seq alignment to individualized genomes improves transcript abundance estimates in multiparent populations.,Genetics,2014 Sep,10.1534/genetics.114.165886,OSD-164|Mmus_C57-6T_LVR_GC_Rep1_G1,Ground Control
3,GSM1118061,0.9997603893280029,GSE45684,RNA-seq alignment to individualized genomes,,,"The source of most errors in RNA sequencing (RNA-seq) read alignment is in the repetitive structure of the genome and not with the alignment algorithm. Genetic variation away from the reference sequence exacerbates this problem causing reads to be assigned to the wrong location. We developed a method, implemented as the software package Seqnature, to construct the imputed genomes of individuals (individualized genomes) of experimental model organisms including inbred mouse strains and genetically unique outbred animals. Alignment to individualized genomes increases read mapping accuracy and improves transcript abundance estimates. In an application to expression QTL mapping, this approach corrected erroneous linkages and unmasked thousands of hidden associations. Individualized genomes accounting for genetic variation will be useful for human short-read sequencing and other sequencing applications including ChIP-seq.","Illumina 100bp single-end liver RNA-seq from 277 male and female Diversity Outbred 26-week old mice raised on standard chow or high fat diet. In addition, Illumina 100bp single-end liver RNA-seq from 128 male 26-week old male mice (20 weeks for NZO strain) from each of the DO founder strains raised on standard chow or high fat diet (8 males per strain by diet group). Each sample was sequenced in 2-4x technical replicates across multiple flowcells. Samples were randomly assigned lanes and multiplexed at 12-24x.",25236449;26614740;28592500,,,11219,GPL13112,Mus musculus,GSE,Expression profiling by high throughput sequencing,2014/06/10,1086,ftp://ftp.ncbi.nlm.nih.gov/geo/series/GSE45nnn/GSE45684/,RNA-Seq alignment to individualized genomes improves transcript abundance estimates in multiparent populations.,Genetics,2014 Sep,10.1534/genetics.114.165886,OSD-164|Mmus_C57-6T_LVR_GC_Rep1_G1,Ground Control
4,GSM2773913,0.9997576475143433,GSE103553,The E3 Ubiquitin Ligase UBE3A Antagonizes Steatosis by Targeting the Pro-Steatotic Epigenetic Regulator MLL4 for Degradation,,,"Regulation of the stability of epigenetic regulators offers unique opportunities for epigenetic therapies. However, this strategy has been poorly explored. Here we report that the E3 ubiquitin ligase UBE3A binds and ubiquitylates the histone H3-lysine 4-methyltransferase MLL4 (aka KMT2D) as a new substrate for degradation. Using Ube3a knockout and UBE3A-overexpressing transgenic mouse models, we show that, in the liver, UBE3A levels are inversely correlated with levels of MLL4, its functional surrogate marker H3-lysine 4-monomethylation, and expression of the recently identified steatosis target genes of MLL4. Consistently, Ube3a knockout mice are highly susceptible to high-fat diet-induced steatosis relative to their littermate control mice, and this phenotype is rescued by deletion of a copy of Mll4. Therefore, UBE3A indirectly exerts an epigenetic gene regulation activity through targeting MLL4 for degradation. Also this UBE3A-MLL4 axis presents a novel therapeutic venue for treating various MLL4-directed pathogeneses.","RNA samples from wild-type and Ube3a het or Ube3a TG homo livers treated with high-fat diet were prepared for sequencing according to the Illumina protocol, and sequenced on the Illumina HiSeq 2500. We then compared the transcriptome changes between WT and Ube3a het or TG livers after high-fat diet. And then we identified gene whose expression is altered by high-fat diet in Ube3a mutant liver compared to wild-type. The Ube3a TG homo samples overexpress Ube3a. The Ube3a het samples have one knockout and one wt allele, so they express half amount of Ube3a.",30230575,,,131481,GPL17021,Mus musculus,GSE,Expression profiling by high throughput sequencing,2019/03/18,8,ftp://ftp.ncbi.nlm.nih.gov/geo/series/GSE103nnn/GSE103553/,UBE3A Suppresses Overnutrition-Induced Expression of the Steatosis Target Genes of MLL4 by Degrading MLL4.,"Hepatology (Baltimore, Md.)",2019 Mar,10.1002/hep.30284,OSD-164|Mmus_C57-6T_LVR_GC_Rep1_G1,Ground Control
5,GSM5930725,0.9997507333755493,GSE197806,Liver RNA sequencing data from wildtype and DKO mice during dietary leucine deprivation or control feeding,,,The goal of this project is to perform a systemic analysis of transcriptional responses in the liver of WT and Sestrin DKO mice during dietary leucine deprivation.,Liver transcriptional profiles of WT and Sestrin DKO mice after 24 hours and 8 days of feeding with control or leucine-free food,35771919,,,611938,GPL24247,Mus musculus,GSE,Expression profiling by high throughput sequencing,2022/07/01,67,ftp://ftp.ncbi.nlm.nih.gov/geo/series/GSE197nnn/GSE197806/,Zonated leucine sensing by Sestrin-mTORC1 in the liver controls the response to dietary leucine.,"Science (New York, N.Y.)",2022 Jul,10.1126/science.abi9547,OSD-164|Mmus_C57-6T_LVR_GC_Rep1_G1,Ground Control
6,GSM1120548,0.9997502565383911,GSE45684,RNA-seq alignment to individualized genomes,,,"The source of most errors in RNA sequencing (RNA-seq) read alignment is in the repetitive structure of the genome and not with the alignment algorithm. Genetic variation away from the reference sequence exacerbates this problem causing reads to be assigned to the wrong location. We developed a method, implemented as the software package Seqnature, to construct the imputed genomes of individuals (individualized genomes) of experimental model organisms including inbred mouse strains and genetically unique outbred animals. Alignment to individualized genomes increases read mapping accuracy and improves transcript abundance estimates. In an application to expression QTL mapping, this approach corrected erroneous linkages and unmasked thousands of hidden associations. Individualized genomes accounting for genetic variation will be useful for human short-read sequencing and other sequencing applications including ChIP-seq.","Illumina 100bp single-end liver RNA-seq from 277 male and female Diversity Outbred 26-week old mice raised on standard chow or high fat diet. In addition, Illumina 100bp single-end liver RNA-seq from 128 male 26-week old male mice (20 weeks for NZO strain) from each of the DO founder strains raised on standard chow or high fat diet (8 males per strain by diet group). Each sample was sequenced in 2-4x technical replicates across multiple flowcells. Samples were randomly assigned lanes and multiplexed at 12-24x.",25236449;26614740;28592500,,,11807,GPL13112,Mus musculus,GSE,Expression profiling by high throughput sequencing,2014/06/10,1086,ftp://ftp.ncbi.nlm.nih.gov/geo/series/GSE45nnn/GSE45684/,RNA-Seq alignment to individualized genomes improves transcript abundance estimates in multiparent populations.,Genetics,2014 Sep,10.1534/genetics.114.165886,OSD-164|Mmus_C57-6T_LVR_GC_Rep1_G1,Ground Control
7,GSM1118120,0.9997501969337463,GSE45684,RNA-seq alignment to individualized genomes,,,"The source of most errors in RNA sequencing (RNA-seq) read alignment is in the repetitive structure of the genome and not with the alignment algorithm. Genetic variation away from the reference sequence exacerbates this problem causing reads to be assigned to the wrong location. We developed a method, implemented as the software package Seqnature, to construct the imputed genomes of individuals (individualized genomes) of experimental model organisms including inbred mouse strains and genetically unique outbred animals. Alignment to individualized genomes increases read mapping accuracy and improves transcript abundance estimates. In an application to expression QTL mapping, this approach corrected erroneous linkages and unmasked thousands of hidden associations. Individualized genomes accounting for genetic variation will be useful for human short-read sequencing and other sequencing applications including ChIP-seq.","Illumina 100bp single-end liver RNA-seq from 277 male and female Diversity Outbred 26-week old mice raised on standard chow or high fat diet. In addition, Illumina 100bp single-end liver RNA-seq from 128 male 26-week old male mice (20 weeks for NZO strain) from each of the DO founder strains raised on standard chow or high fat diet (8 males per strain by diet group). Each sample was sequenced in 2-4x technical replicates across multiple flowcells. Samples were randomly assigned lanes and multiplexed at 12-24x.",25236449;26614740;28592500,,,11278,GPL13112,Mus musculus,GSE,Expression profiling by high throughput sequencing,2014/06/10,1086,ftp://ftp.ncbi.nlm.nih.gov/geo/series/GSE45nnn/GSE45684/,RNA-Seq alignment to individualized genomes improves transcript abundance estimates in multiparent populations.,Genetics,2014 Sep,10.1534/genetics.114.165886,OSD-164|Mmus_C57-6T_LVR_GC_Rep1_G1,Ground Control
8,GSM1120607,0.9997450113296509,GSE45684,RNA-seq alignment to individualized genomes,,,"The source of most errors in RNA sequencing (RNA-seq) read alignment is in the repetitive structure of the genome and not with the alignment algorithm. Genetic variation away from the reference sequence exacerbates this problem causing reads to be assigned to the wrong location. We developed a method, implemented as the software package Seqnature, to construct the imputed genomes of individuals (individualized genomes) of experimental model organisms including inbred mouse strains and genetically unique outbred animals. Alignment to individualized genomes increases read mapping accuracy and improves transcript abundance estimates. In an application to expression QTL mapping, this approach corrected erroneous linkages and unmasked thousands of hidden associations. Individualized genomes accounting for genetic variation will be useful for human short-read sequencing and other sequencing applications including ChIP-seq.","Illumina 100bp single-end liver RNA-seq from 277 male and female Diversity Outbred 26-week old mice raised on standard chow or high fat diet. In addition, Illumina 100bp single-end liver RNA-seq from 128 male 26-week old male mice (20 weeks for NZO strain) from each of the DO founder strains raised on standard chow or high fat diet (8 males per strain by diet group). Each sample was sequenced in 2-4x technical replicates across multiple flowcells. Samples were randomly assigned lanes and multiplexed at 12-24x.",25236449;26614740;28592500,,,11866,GPL13112,Mus musculus,GSE,Expression profiling by high throughput sequencing,2014/06/10,1086,ftp://ftp.ncbi.nlm.nih.gov/geo/series/GSE45nnn/GSE45684/,RNA-Seq alignment to individualized genomes improves transcript abundance estimates in multiparent populations.,Genetics,2014 Sep,10.1534/genetics.114.165886,OSD-164|Mmus_C57-6T_LVR_GC_Rep1_G1,Ground Control
9,GSM7187191,0.9997423887252808,GSE230102,Conserved multitissue transcriptomic adaptations to exercise training in humans and mice,,,"Physical activity is associated with beneficial adaptations in human and rodent metabolism. We studied over 50 complex traits before and after exercise intervention in middle-aged men and a panel of 100 diverse strains of female mice. Candidate gene analyses in three brain regions, muscle, liver, heart, and adipose tissue of mice revealed genetic drivers of clinically relevant traits including volitional exercise volume, muscle metabolism, adiposity, and hepatic lipids. Although ~33% of genes differentially expressed in skeletal muscle following the exercise intervention were similar in mice and men independent of BMI, responsiveness of adipose tissue to exercise-stimulated weight loss appears impacted by species and underlying genotype. We leveraged genetic diversity to generate prediction models of metabolic trait responsiveness to volitional activity offering a framework for advancing personalized exercise prescription. Finally, we make the human and mouse data publicly available via user-friendly web-based application to enhance data mining and hypothesis development.","Expression profiling by RNA-Seq for five tissues (gonadal white adipose, heart, liver, quadriceps, brown adipose) in 50 inbred mouse strains under sedentary and exercised conditions",37178122,,,775345,GPL21493; GPL24247,Mus musculus,GSE,Expression profiling by high throughput sequencing,2023/04/20,499,ftp://ftp.ncbi.nlm.nih.gov/geo/series/GSE230nnn/GSE230102/,Conserved multi-tissue transcriptomic adaptations to exercise training in humans and mice.,Cell reports,2023 May 30,10.1016/j.celrep.2023.112499,OSD-164|Mmus_C57-6T_LVR_GC_Rep1_G1,Ground Control
10,GSM7585197,0.9997637867927551,GSE224447,DNA methylation and gene expression changes in mice induced by parabiosis and recovery,,,This SuperSeries is composed of the SubSeries listed below.,Refer to individual Series,37086720;37500973,,,797259,GPL32543; GPL28271; GPL24247; GPL17021,Mus musculus; Rattus; Rattus norvegicus; Macaca mulatta; Homo sapiens,GSE,Expression profiling by high throughput sequencing; Methylation profiling by high throughput sequencing; Methylation profiling by array,2023/04/21,233,ftp://ftp.ncbi.nlm.nih.gov/geo/series/GSE224nnn/GSE224447/,Biological age is increased by stress and restored upon recovery.,Cell metabolism,2023 May 2,10.1016/j.cmet.2023.03.015,OSD-164|Mmus_C57-6T_LVR_GC_Rep2_G2,Ground Control
11,GSM5930725,0.9997456669807434,GSE197806,Liver RNA sequencing data from wildtype and DKO mice during dietary leucine deprivation or control feeding,,,The goal of this project is to perform a systemic analysis of transcriptional responses in the liver of WT and Sestrin DKO mice during dietary leucine deprivation.,Liver transcriptional profiles of WT and Sestrin DKO mice after 24 hours and 8 days of feeding with control or leucine-free food,35771919,,,611938,GPL24247,Mus musculus,GSE,Expression profiling by high throughput sequencing,2022/07/01,67,ftp://ftp.ncbi.nlm.nih.gov/geo/series/GSE197nnn/GSE197806/,Zonated leucine sensing by Sestrin-mTORC1 in the liver controls the response to dietary leucine.,"Science (New York, N.Y.)",2022 Jul,10.1126/science.abi9547,OSD-164|Mmus_C57-6T_LVR_GC_Rep2_G2,Ground Control
12,GSM1119891,0.9997403621673584,GSE45684,RNA-seq alignment to individualized genomes,,,"The source of most errors in RNA sequencing (RNA-seq) read alignment is in the repetitive structure of the genome and not with the alignment algorithm. Genetic variation away from the reference sequence exacerbates this problem causing reads to be assigned to the wrong location. We developed a method, implemented as the software package Seqnature, to construct the imputed genomes of individuals (individualized genomes) of experimental model organisms including inbred mouse strains and genetically unique outbred animals. Alignment to individualized genomes increases read mapping accuracy and improves transcript abundance estimates. In an application to expression QTL mapping, this approach corrected erroneous linkages and unmasked thousands of hidden associations. Individualized genomes accounting for genetic variation will be useful for human short-read sequencing and other sequencing applications including ChIP-seq.","Illumina 100bp single-end liver RNA-seq from 277 male and female Diversity Outbred 26-week old mice raised on standard chow or high fat diet. In addition, Illumina 100bp single-end liver RNA-seq from 128 male 26-week old male mice (20 weeks for NZO strain) from each of the DO founder strains raised on standard chow or high fat diet (8 males per strain by diet group). Each sample was sequenced in 2-4x technical replicates across multiple flowcells. Samples were randomly assigned lanes and multiplexed at 12-24x.",25236449;26614740;28592500,,,11684,GPL13112,Mus musculus,GSE,Expression profiling by high throughput sequencing,2014/06/10,1086,ftp://ftp.ncbi.nlm.nih.gov/geo/series/GSE45nnn/GSE45684/,RNA-Seq alignment to individualized genomes improves transcript abundance estimates in multiparent populations.,Genetics,2014 Sep,10.1534/genetics.114.165886,OSD-164|Mmus_C57-6T_LVR_GC_Rep2_G2,Ground Control
13,GSM5930702,0.9997363090515137,GSE197806,Liver RNA sequencing data from wildtype and DKO mice during dietary leucine deprivation or control feeding,,,The goal of this project is to perform a systemic analysis of transcriptional responses in the liver of WT and Sestrin DKO mice during dietary leucine deprivation.,Liver transcriptional profiles of WT and Sestrin DKO mice after 24 hours and 8 days of feeding with control or leucine-free food,35771919,,,611915,GPL24247,Mus musculus,GSE,Expression profiling by high throughput sequencing,2022/07/01,67,ftp://ftp.ncbi.nlm.nih.gov/geo/series/GSE197nnn/GSE197806/,Zonated leucine sensing by Sestrin-mTORC1 in the liver controls the response to dietary leucine.,"Science (New York, N.Y.)",2022 Jul,10.1126/science.abi9547,OSD-164|Mmus_C57-6T_LVR_GC_Rep2_G2,Ground Control
14,GSM5930712,0.9997357726097107,GSE197806,Liver RNA sequencing data from wildtype and DKO mice during dietary leucine deprivation or control feeding,,,The goal of this project is to perform a systemic analysis of transcriptional responses in the liver of WT and Sestrin DKO mice during dietary leucine deprivation.,Liver transcriptional profiles of WT and Sestrin DKO mice after 24 hours and 8 days of feeding with control or leucine-free food,35771919,,,611925,GPL24247,Mus musculus,GSE,Expression profiling by high throughput sequencing,2022/07/01,67,ftp://ftp.ncbi.nlm.nih.gov/geo/series/GSE197nnn/GSE197806/,Zonated leucine sensing by Sestrin-mTORC1 in the liver controls the response to dietary leucine.,"Science (New York, N.Y.)",2022 Jul,10.1126/science.abi9547,OSD-164|Mmus_C57-6T_LVR_GC_Rep2_G2,Ground Control
15,GSM1118120,0.9997350573539734,GSE45684,RNA-seq alignment to individualized genomes,,,"The source of most errors in RNA sequencing (RNA-seq) read alignment is in the repetitive structure of the genome and not with the alignment algorithm. Genetic variation away from the reference sequence exacerbates this problem causing reads to be assigned to the wrong location. We developed a method, implemented as the software package Seqnature, to construct the imputed genomes of individuals (individualized genomes) of experimental model organisms including inbred mouse strains and genetically unique outbred animals. Alignment to individualized genomes increases read mapping accuracy and improves transcript abundance estimates. In an application to expression QTL mapping, this approach corrected erroneous linkages and unmasked thousands of hidden associations. Individualized genomes accounting for genetic variation will be useful for human short-read sequencing and other sequencing applications including ChIP-seq.","Illumina 100bp single-end liver RNA-seq from 277 male and female Diversity Outbred 26-week old mice raised on standard chow or high fat diet. In addition, Illumina 100bp single-end liver RNA-seq from 128 male 26-week old male mice (20 weeks for NZO strain) from each of the DO founder strains raised on standard chow or high fat diet (8 males per strain by diet group). Each sample was sequenced in 2-4x technical replicates across multiple flowcells. Samples were randomly assigned lanes and multiplexed at 12-24x.",25236449;26614740;28592500,,,11278,GPL13112,Mus musculus,GSE,Expression profiling by high throughput sequencing,2014/06/10,1086,ftp://ftp.ncbi.nlm.nih.gov/geo/series/GSE45nnn/GSE45684/,RNA-Seq alignment to individualized genomes improves transcript abundance estimates in multiparent populations.,Genetics,2014 Sep,10.1534/genetics.114.165886,OSD-164|Mmus_C57-6T_LVR_GC_Rep2_G2,Ground Control
16,GSM1119399,0.9997342824935913,GSE45684,RNA-seq alignment to individualized genomes,,,"The source of most errors in RNA sequencing (RNA-seq) read alignment is in the repetitive structure of the genome and not with the alignment algorithm. Genetic variation away from the reference sequence exacerbates this problem causing reads to be assigned to the wrong location. We developed a method, implemented as the software package Seqnature, to construct the imputed genomes of individuals (individualized genomes) of experimental model organisms including inbred mouse strains and genetically unique outbred animals. Alignment to individualized genomes increases read mapping accuracy and improves transcript abundance estimates. In an application to expression QTL mapping, this approach corrected erroneous linkages and unmasked thousands of hidden associations. Individualized genomes accounting for genetic variation will be useful for human short-read sequencing and other sequencing applications including ChIP-seq.","Illumina 100bp single-end liver RNA-seq from 277 male and female Diversity Outbred 26-week old mice raised on standard chow or high fat diet. In addition, Illumina 100bp single-end liver RNA-seq from 128 male 26-week old male mice (20 weeks for NZO strain) from each of the DO founder strains raised on standard chow or high fat diet (8 males per strain by diet group). Each sample was sequenced in 2-4x technical replicates across multiple flowcells. Samples were randomly assigned lanes and multiplexed at 12-24x.",25236449;26614740;28592500,,,11413,GPL13112,Mus musculus,GSE,Expression profiling by high throughput sequencing,2014/06/10,1086,ftp://ftp.ncbi.nlm.nih.gov/geo/series/GSE45nnn/GSE45684/,RNA-Seq alignment to individualized genomes improves transcript abundance estimates in multiparent populations.,Genetics,2014 Sep,10.1534/genetics.114.165886,OSD-164|Mmus_C57-6T_LVR_GC_Rep2_G2,Ground Control
17,GSM5833497,0.9997338652610779,GSE194321,Sex- and age-dependent genetics of longevity in a heterogeneous mouse population,,,"DNA variants that modulate lifespan provide insight into determinants of health, disease, and aging. Through analyses in the UM-HET3 mice of the Interventions Testing Program (ITP), we detected a sex-independent quantitative trait locus (QTL) on chromosome 12 and identified sex-specific QTLs, some of which detected only in older mice. Similar relations between life history and longevity were uncovered in mice and humans, underscoring the importance of early access to nutrients and early growth. We identified common, age- and sex-specific genetic effects on gene expression that we integrated with model organism and human data to create a hypothesis-building interactive resource of prioritized longevity and body weight genes. Finally, we validated Hipk1, Ddost, Hspg2, Fgd6, and Pdk1 as conserved longevity genes using C. elegans lifespan experiments.","RNA sequencing of livers of male and female UM-HET3 mice at two ages, 6 months and 22 months.",36173858,,,594511,GPL23479,Mus musculus,GSE,Expression profiling by high throughput sequencing,2022/09/30,34,ftp://ftp.ncbi.nlm.nih.gov/geo/series/GSE194nnn/GSE194321/,Sex- and age-dependent genetics of longevity in a heterogeneous mouse population.,"Science (New York, N.Y.)",2022 Sep 30,10.1126/science.abo3191,OSD-164|Mmus_C57-6T_LVR_GC_Rep2_G2,Ground Control
18,GSM1119822,0.999733030796051,GSE45684,RNA-seq alignment to individualized genomes,,,"The source of most errors in RNA sequencing (RNA-seq) read alignment is in the repetitive structure of the genome and not with the alignment algorithm. Genetic variation away from the reference sequence exacerbates this problem causing reads to be assigned to the wrong location. We developed a method, implemented as the software package Seqnature, to construct the imputed genomes of individuals (individualized genomes) of experimental model organisms including inbred mouse strains and genetically unique outbred animals. Alignment to individualized genomes increases read mapping accuracy and improves transcript abundance estimates. In an application to expression QTL mapping, this approach corrected erroneous linkages and unmasked thousands of hidden associations. Individualized genomes accounting for genetic variation will be useful for human short-read sequencing and other sequencing applications including ChIP-seq.","Illumina 100bp single-end liver RNA-seq from 277 male and female Diversity Outbred 26-week old mice raised on standard chow or high fat diet. In addition, Illumina 100bp single-end liver RNA-seq from 128 male 26-week old male mice (20 weeks for NZO strain) from each of the DO founder strains raised on standard chow or high fat diet (8 males per strain by diet group). Each sample was sequenced in 2-4x technical replicates across multiple flowcells. Samples were randomly assigned lanes and multiplexed at 12-24x.",25236449;26614740;28592500,,,11615,GPL13112,Mus musculus,GSE,Expression profiling by high throughput sequencing,2014/06/10,1086,ftp://ftp.ncbi.nlm.nih.gov/geo/series/GSE45nnn/GSE45684/,RNA-Seq alignment to individualized genomes improves transcript abundance estimates in multiparent populations.,Genetics,2014 Sep,10.1534/genetics.114.165886,OSD-164|Mmus_C57-6T_LVR_GC_Rep2_G2,Ground Control
19,GSM1120607,0.9997270107269287,GSE45684,RNA-seq alignment to individualized genomes,,,"The source of most errors in RNA sequencing (RNA-seq) read alignment is in the repetitive structure of the genome and not with the alignment algorithm. Genetic variation away from the reference sequence exacerbates this problem causing reads to be assigned to the wrong location. We developed a method, implemented as the software package Seqnature, to construct the imputed genomes of individuals (individualized genomes) of experimental model organisms including inbred mouse strains and genetically unique outbred animals. Alignment to individualized genomes increases read mapping accuracy and improves transcript abundance estimates. In an application to expression QTL mapping, this approach corrected erroneous linkages and unmasked thousands of hidden associations. Individualized genomes accounting for genetic variation will be useful for human short-read sequencing and other sequencing applications including ChIP-seq.","Illumina 100bp single-end liver RNA-seq from 277 male and female Diversity Outbred 26-week old mice raised on standard chow or high fat diet. In addition, Illumina 100bp single-end liver RNA-seq from 128 male 26-week old male mice (20 weeks for NZO strain) from each of the DO founder strains raised on standard chow or high fat diet (8 males per strain by diet group). Each sample was sequenced in 2-4x technical replicates across multiple flowcells. Samples were randomly assigned lanes and multiplexed at 12-24x.",25236449;26614740;28592500,,,11866,GPL13112,Mus musculus,GSE,Expression profiling by high throughput sequencing,2014/06/10,1086,ftp://ftp.ncbi.nlm.nih.gov/geo/series/GSE45nnn/GSE45684/,RNA-Seq alignment to individualized genomes improves transcript abundance estimates in multiparent populations.,Genetics,2014 Sep,10.1534/genetics.114.165886,OSD-164|Mmus_C57-6T_LVR_GC_Rep2_G2,Ground Control
20,GSM1120767,0.9997457265853882,GSE45684,RNA-seq alignment to individualized genomes,,,"The source of most errors in RNA sequencing (RNA-seq) read alignment is in the repetitive structure of the genome and not with the alignment algorithm. Genetic variation away from the reference sequence exacerbates this problem causing reads to be assigned to the wrong location. We developed a method, implemented as the software package Seqnature, to construct the imputed genomes of individuals (individualized genomes) of experimental model organisms including inbred mouse strains and genetically unique outbred animals. Alignment to individualized genomes increases read mapping accuracy and improves transcript abundance estimates. In an application to expression QTL mapping, this approach corrected erroneous linkages and unmasked thousands of hidden associations. Individualized genomes accounting for genetic variation will be useful for human short-read sequencing and other sequencing applications including ChIP-seq.","Illumina 100bp single-end liver RNA-seq from 277 male and female Diversity Outbred 26-week old mice raised on standard chow or high fat diet. In addition, Illumina 100bp single-end liver RNA-seq from 128 male 26-week old male mice (20 weeks for NZO strain) from each of the DO founder strains raised on standard chow or high fat diet (8 males per strain by diet group). Each sample was sequenced in 2-4x technical replicates across multiple flowcells. Samples were randomly assigned lanes and multiplexed at 12-24x.",25236449;26614740;28592500,,,12008,GPL13112,Mus musculus,GSE,Expression profiling by high throughput sequencing,2014/06/10,1086,ftp://ftp.ncbi.nlm.nih.gov/geo/series/GSE45nnn/GSE45684/,RNA-Seq alignment to individualized genomes improves transcript abundance estimates in multiparent populations.,Genetics,2014 Sep,10.1534/genetics.114.165886,OSD-164|Mmus_C57-6T_LVR_GC_Rep3_G3,Ground Control
21,GSM1869711,0.9997455477714539,GSE72759,Defining the consequences of genetic variation on a proteome-wide scale,,,"Genetic variation governs protein expression through both transcriptional and post-transcriptional processes.  To investigate this relationship, we combined a multiplexed, mass spectrometry-based method for protein quantification with an emerging mouse model harboring extensive genetic variation from 8 founder strains. We collected genome-wide mRNA and protein profiling measurements to link genetic variation to protein expression differences in livers from 192 Diversity Outcross mice.",Illumina 100bp single-end liver RNA-seq from 192 male and female Diversity Outbred 26-week old mice raised on standard chow or high fat diet. Each sample was sequenced in 2x technical replicates across multiple flowcells. Samples were randomly assigned lanes and multiplexed at 12-24x.,27309819;28592500,,,38640,GPL13112,Mus musculus,GSE,Expression profiling by high throughput sequencing,2015/10/06,384,ftp://ftp.ncbi.nlm.nih.gov/geo/series/GSE72nnn/GSE72759/,Defining the consequences of genetic variation on a proteome-wide scale.,Nature,2016 Jun 23,10.1038/nature18270,OSD-164|Mmus_C57-6T_LVR_GC_Rep3_G3,Ground Control
22,GSM1120957,0.9997308254241943,GSE45684,RNA-seq alignment to individualized genomes,,,"The source of most errors in RNA sequencing (RNA-seq) read alignment is in the repetitive structure of the genome and not with the alignment algorithm. Genetic variation away from the reference sequence exacerbates this problem causing reads to be assigned to the wrong location. We developed a method, implemented as the software package Seqnature, to construct the imputed genomes of individuals (individualized genomes) of experimental model organisms including inbred mouse strains and genetically unique outbred animals. Alignment to individualized genomes increases read mapping accuracy and improves transcript abundance estimates. In an application to expression QTL mapping, this approach corrected erroneous linkages and unmasked thousands of hidden associations. Individualized genomes accounting for genetic variation will be useful for human short-read sequencing and other sequencing applications including ChIP-seq.","Illumina 100bp single-end liver RNA-seq from 277 male and female Diversity Outbred 26-week old mice raised on standard chow or high fat diet. In addition, Illumina 100bp single-end liver RNA-seq from 128 male 26-week old male mice (20 weeks for NZO strain) from each of the DO founder strains raised on standard chow or high fat diet (8 males per strain by diet group). Each sample was sequenced in 2-4x technical replicates across multiple flowcells. Samples were randomly assigned lanes and multiplexed at 12-24x.",25236449;26614740;28592500,,,12104,GPL13112,Mus musculus,GSE,Expression profiling by high throughput sequencing,2014/06/10,1086,ftp://ftp.ncbi.nlm.nih.gov/geo/series/GSE45nnn/GSE45684/,RNA-Seq alignment to individualized genomes improves transcript abundance estimates in multiparent populations.,Genetics,2014 Sep,10.1534/genetics.114.165886,OSD-164|Mmus_C57-6T_LVR_GC_Rep3_G3,Ground Control
23,GSM1120756,0.9997146725654602,GSE45684,RNA-seq alignment to individualized genomes,,,"The source of most errors in RNA sequencing (RNA-seq) read alignment is in the repetitive structure of the genome and not with the alignment algorithm. Genetic variation away from the reference sequence exacerbates this problem causing reads to be assigned to the wrong location. We developed a method, implemented as the software package Seqnature, to construct the imputed genomes of individuals (individualized genomes) of experimental model organisms including inbred mouse strains and genetically unique outbred animals. Alignment to individualized genomes increases read mapping accuracy and improves transcript abundance estimates. In an application to expression QTL mapping, this approach corrected erroneous linkages and unmasked thousands of hidden associations. Individualized genomes accounting for genetic variation will be useful for human short-read sequencing and other sequencing applications including ChIP-seq.","Illumina 100bp single-end liver RNA-seq from 277 male and female Diversity Outbred 26-week old mice raised on standard chow or high fat diet. In addition, Illumina 100bp single-end liver RNA-seq from 128 male 26-week old male mice (20 weeks for NZO strain) from each of the DO founder strains raised on standard chow or high fat diet (8 males per strain by diet group). Each sample was sequenced in 2-4x technical replicates across multiple flowcells. Samples were randomly assigned lanes and multiplexed at 12-24x.",25236449;26614740;28592500,,,11997,GPL13112,Mus musculus,GSE,Expression profiling by high throughput sequencing,2014/06/10,1086,ftp://ftp.ncbi.nlm.nih.gov/geo/series/GSE45nnn/GSE45684/,RNA-Seq alignment to individualized genomes improves transcript abundance estimates in multiparent populations.,Genetics,2014 Sep,10.1534/genetics.114.165886,OSD-164|Mmus_C57-6T_LVR_GC_Rep3_G3,Ground Control
24,GSM1118061,0.9997061491012573,GSE45684,RNA-seq alignment to individualized genomes,,,"The source of most errors in RNA sequencing (RNA-seq) read alignment is in the repetitive structure of the genome and not with the alignment algorithm. Genetic variation away from the reference sequence exacerbates this problem causing reads to be assigned to the wrong location. We developed a method, implemented as the software package Seqnature, to construct the imputed genomes of individuals (individualized genomes) of experimental model organisms including inbred mouse strains and genetically unique outbred animals. Alignment to individualized genomes increases read mapping accuracy and improves transcript abundance estimates. In an application to expression QTL mapping, this approach corrected erroneous linkages and unmasked thousands of hidden associations. Individualized genomes accounting for genetic variation will be useful for human short-read sequencing and other sequencing applications including ChIP-seq.","Illumina 100bp single-end liver RNA-seq from 277 male and female Diversity Outbred 26-week old mice raised on standard chow or high fat diet. In addition, Illumina 100bp single-end liver RNA-seq from 128 male 26-week old male mice (20 weeks for NZO strain) from each of the DO founder strains raised on standard chow or high fat diet (8 males per strain by diet group). Each sample was sequenced in 2-4x technical replicates across multiple flowcells. Samples were randomly assigned lanes and multiplexed at 12-24x.",25236449;26614740;28592500,,,11219,GPL13112,Mus musculus,GSE,Expression profiling by high throughput sequencing,2014/06/10,1086,ftp://ftp.ncbi.nlm.nih.gov/geo/series/GSE45nnn/GSE45684/,RNA-Seq alignment to individualized genomes improves transcript abundance estimates in multiparent populations.,Genetics,2014 Sep,10.1534/genetics.114.165886,OSD-164|Mmus_C57-6T_LVR_GC_Rep3_G3,Ground Control
25,GSM1869712,0.99970543384552,GSE72759,Defining the consequences of genetic variation on a proteome-wide scale,,,"Genetic variation governs protein expression through both transcriptional and post-transcriptional processes.  To investigate this relationship, we combined a multiplexed, mass spectrometry-based method for protein quantification with an emerging mouse model harboring extensive genetic variation from 8 founder strains. We collected genome-wide mRNA and protein profiling measurements to link genetic variation to protein expression differences in livers from 192 Diversity Outcross mice.",Illumina 100bp single-end liver RNA-seq from 192 male and female Diversity Outbred 26-week old mice raised on standard chow or high fat diet. Each sample was sequenced in 2x technical replicates across multiple flowcells. Samples were randomly assigned lanes and multiplexed at 12-24x.,27309819;28592500,,,38641,GPL13112,Mus musculus,GSE,Expression profiling by high throughput sequencing,2015/10/06,384,ftp://ftp.ncbi.nlm.nih.gov/geo/series/GSE72nnn/GSE72759/,Defining the consequences of genetic variation on a proteome-wide scale.,Nature,2016 Jun 23,10.1038/nature18270,OSD-164|Mmus_C57-6T_LVR_GC_Rep3_G3,Ground Control
26,GSM1120946,0.9997037649154663,GSE45684,RNA-seq alignment to individualized genomes,,,"The source of most errors in RNA sequencing (RNA-seq) read alignment is in the repetitive structure of the genome and not with the alignment algorithm. Genetic variation away from the reference sequence exacerbates this problem causing reads to be assigned to the wrong location. We developed a method, implemented as the software package Seqnature, to construct the imputed genomes of individuals (individualized genomes) of experimental model organisms including inbred mouse strains and genetically unique outbred animals. Alignment to individualized genomes increases read mapping accuracy and improves transcript abundance estimates. In an application to expression QTL mapping, this approach corrected erroneous linkages and unmasked thousands of hidden associations. Individualized genomes accounting for genetic variation will be useful for human short-read sequencing and other sequencing applications including ChIP-seq.","Illumina 100bp single-end liver RNA-seq from 277 male and female Diversity Outbred 26-week old mice raised on standard chow or high fat diet. In addition, Illumina 100bp single-end liver RNA-seq from 128 male 26-week old male mice (20 weeks for NZO strain) from each of the DO founder strains raised on standard chow or high fat diet (8 males per strain by diet group). Each sample was sequenced in 2-4x technical replicates across multiple flowcells. Samples were randomly assigned lanes and multiplexed at 12-24x.",25236449;26614740;28592500,,,12093,GPL13112,Mus musculus,GSE,Expression profiling by high throughput sequencing,2014/06/10,1086,ftp://ftp.ncbi.nlm.nih.gov/geo/series/GSE45nnn/GSE45684/,RNA-Seq alignment to individualized genomes improves transcript abundance estimates in multiparent populations.,Genetics,2014 Sep,10.1534/genetics.114.165886,OSD-164|Mmus_C57-6T_LVR_GC_Rep3_G3,Ground Control
27,GSM1119399,0.9997034072875977,GSE45684,RNA-seq alignment to individualized genomes,,,"The source of most errors in RNA sequencing (RNA-seq) read alignment is in the repetitive structure of the genome and not with the alignment algorithm. Genetic variation away from the reference sequence exacerbates this problem causing reads to be assigned to the wrong location. We developed a method, implemented as the software package Seqnature, to construct the imputed genomes of individuals (individualized genomes) of experimental model organisms including inbred mouse strains and genetically unique outbred animals. Alignment to individualized genomes increases read mapping accuracy and improves transcript abundance estimates. In an application to expression QTL mapping, this approach corrected erroneous linkages and unmasked thousands of hidden associations. Individualized genomes accounting for genetic variation will be useful for human short-read sequencing and other sequencing applications including ChIP-seq.","Illumina 100bp single-end liver RNA-seq from 277 male and female Diversity Outbred 26-week old mice raised on standard chow or high fat diet. In addition, Illumina 100bp single-end liver RNA-seq from 128 male 26-week old male mice (20 weeks for NZO strain) from each of the DO founder strains raised on standard chow or high fat diet (8 males per strain by diet group). Each sample was sequenced in 2-4x technical replicates across multiple flowcells. Samples were randomly assigned lanes and multiplexed at 12-24x.",25236449;26614740;28592500,,,11413,GPL13112,Mus musculus,GSE,Expression profiling by high throughput sequencing,2014/06/10,1086,ftp://ftp.ncbi.nlm.nih.gov/geo/series/GSE45nnn/GSE45684/,RNA-Seq alignment to individualized genomes improves transcript abundance estimates in multiparent populations.,Genetics,2014 Sep,10.1534/genetics.114.165886,OSD-164|Mmus_C57-6T_LVR_GC_Rep3_G3,Ground Control
28,GSM1119822,0.9996936321258545,GSE45684,RNA-seq alignment to individualized genomes,,,"The source of most errors in RNA sequencing (RNA-seq) read alignment is in the repetitive structure of the genome and not with the alignment algorithm. Genetic variation away from the reference sequence exacerbates this problem causing reads to be assigned to the wrong location. We developed a method, implemented as the software package Seqnature, to construct the imputed genomes of individuals (individualized genomes) of experimental model organisms including inbred mouse strains and genetically unique outbred animals. Alignment to individualized genomes increases read mapping accuracy and improves transcript abundance estimates. In an application to expression QTL mapping, this approach corrected erroneous linkages and unmasked thousands of hidden associations. Individualized genomes accounting for genetic variation will be useful for human short-read sequencing and other sequencing applications including ChIP-seq.","Illumina 100bp single-end liver RNA-seq from 277 male and female Diversity Outbred 26-week old mice raised on standard chow or high fat diet. In addition, Illumina 100bp single-end liver RNA-seq from 128 male 26-week old male mice (20 weeks for NZO strain) from each of the DO founder strains raised on standard chow or high fat diet (8 males per strain by diet group). Each sample was sequenced in 2-4x technical replicates across multiple flowcells. Samples were randomly assigned lanes and multiplexed at 12-24x.",25236449;26614740;28592500,,,11615,GPL13112,Mus musculus,GSE,Expression profiling by high throughput sequencing,2014/06/10,1086,ftp://ftp.ncbi.nlm.nih.gov/geo/series/GSE45nnn/GSE45684/,RNA-Seq alignment to individualized genomes improves transcript abundance estimates in multiparent populations.,Genetics,2014 Sep,10.1534/genetics.114.165886,OSD-164|Mmus_C57-6T_LVR_GC_Rep3_G3,Ground Control
29,GSM1869628,0.9996886253356934,GSE72759,Defining the consequences of genetic variation on a proteome-wide scale,,,"Genetic variation governs protein expression through both transcriptional and post-transcriptional processes.  To investigate this relationship, we combined a multiplexed, mass spectrometry-based method for protein quantification with an emerging mouse model harboring extensive genetic variation from 8 founder strains. We collected genome-wide mRNA and protein profiling measurements to link genetic variation to protein expression differences in livers from 192 Diversity Outcross mice.",Illumina 100bp single-end liver RNA-seq from 192 male and female Diversity Outbred 26-week old mice raised on standard chow or high fat diet. Each sample was sequenced in 2x technical replicates across multiple flowcells. Samples were randomly assigned lanes and multiplexed at 12-24x.,27309819;28592500,,,38557,GPL13112,Mus musculus,GSE,Expression profiling by high throughput sequencing,2015/10/06,384,ftp://ftp.ncbi.nlm.nih.gov/geo/series/GSE72nnn/GSE72759/,Defining the consequences of genetic variation on a proteome-wide scale.,Nature,2016 Jun 23,10.1038/nature18270,OSD-164|Mmus_C57-6T_LVR_GC_Rep3_G3,Ground Control
30,GSM5721579,0.9994617700576782,GSE190389,Diurnal transcriptome landscape of a multi-tissue response to time restricted feeding in mammals,,,"Time-restricted feeding (TRF) is an emerging behavioral nutrition intervention that sustains a daily cycle of feeding and fasting. TRF in animals and humans has shown pleiotropic health benefits arising from multiple organ systems, yet the molecular basis of TRF is not well understood. We subjected mice to isocaloric ad libitum feeding (ALF) or TRF of Western diet, and examined gene expression changes in 22 different brain regions and peripheral organs collected every 2 hour over 24 hour. We discovered TRF profoundly impacts gene expression. Nearly 80% of genes show significant differential expression or rhythmicity under TRF in at least one tissue. Functional annotation of these changes highlight tissue and pathway specific impacts of TRF. These findings and resources will offer a framework for future mechanistic studies, and guide human TRE interventions for various disease conditions with or without pharmacotherapies.",Diurnal mRNA expression profiles from 22 tissues from mice subjected to ad-libitum feeding (ALF) or 9 hr time-restricted feeding (TRF) of Western diet. 1035 libraries were sequenced. Each library was sequenced 1 to 4 times (1677 total samples). The 'description' column includes the library names of the samples.,36599299,,,575774,GPL17021; GPL24247,Mus musculus,GSE,Expression profiling by high throughput sequencing,2022/12/20,1677,ftp://ftp.ncbi.nlm.nih.gov/geo/series/GSE190nnn/GSE190389/,Diurnal transcriptome landscape of a multi-tissue response to time-restricted feeding in mammals.,Cell metabolism,2023 Jan 3,10.1016/j.cmet.2022.12.006,OSD-164|Mmus_C57-6T_SPL_GC_Rep1_G1,Ground Control
31,GSM5721616,0.9993376731872559,GSE190389,Diurnal transcriptome landscape of a multi-tissue response to time restricted feeding in mammals,,,"Time-restricted feeding (TRF) is an emerging behavioral nutrition intervention that sustains a daily cycle of feeding and fasting. TRF in animals and humans has shown pleiotropic health benefits arising from multiple organ systems, yet the molecular basis of TRF is not well understood. We subjected mice to isocaloric ad libitum feeding (ALF) or TRF of Western diet, and examined gene expression changes in 22 different brain regions and peripheral organs collected every 2 hour over 24 hour. We discovered TRF profoundly impacts gene expression. Nearly 80% of genes show significant differential expression or rhythmicity under TRF in at least one tissue. Functional annotation of these changes highlight tissue and pathway specific impacts of TRF. These findings and resources will offer a framework for future mechanistic studies, and guide human TRE interventions for various disease conditions with or without pharmacotherapies.",Diurnal mRNA expression profiles from 22 tissues from mice subjected to ad-libitum feeding (ALF) or 9 hr time-restricted feeding (TRF) of Western diet. 1035 libraries were sequenced. Each library was sequenced 1 to 4 times (1677 total samples). The 'description' column includes the library names of the samples.,36599299,,,575811,GPL17021; GPL24247,Mus musculus,GSE,Expression profiling by high throughput sequencing,2022/12/20,1677,ftp://ftp.ncbi.nlm.nih.gov/geo/series/GSE190nnn/GSE190389/,Diurnal transcriptome landscape of a multi-tissue response to time-restricted feeding in mammals.,Cell metabolism,2023 Jan 3,10.1016/j.cmet.2022.12.006,OSD-164|Mmus_C57-6T_SPL_GC_Rep1_G1,Ground Control
32,GSM5721617,0.9993037581443787,GSE190389,Diurnal transcriptome landscape of a multi-tissue response to time restricted feeding in mammals,,,"Time-restricted feeding (TRF) is an emerging behavioral nutrition intervention that sustains a daily cycle of feeding and fasting. TRF in animals and humans has shown pleiotropic health benefits arising from multiple organ systems, yet the molecular basis of TRF is not well understood. We subjected mice to isocaloric ad libitum feeding (ALF) or TRF of Western diet, and examined gene expression changes in 22 different brain regions and peripheral organs collected every 2 hour over 24 hour. We discovered TRF profoundly impacts gene expression. Nearly 80% of genes show significant differential expression or rhythmicity under TRF in at least one tissue. Functional annotation of these changes highlight tissue and pathway specific impacts of TRF. These findings and resources will offer a framework for future mechanistic studies, and guide human TRE interventions for various disease conditions with or without pharmacotherapies.",Diurnal mRNA expression profiles from 22 tissues from mice subjected to ad-libitum feeding (ALF) or 9 hr time-restricted feeding (TRF) of Western diet. 1035 libraries were sequenced. Each library was sequenced 1 to 4 times (1677 total samples). The 'description' column includes the library names of the samples.,36599299,,,575812,GPL17021; GPL24247,Mus musculus,GSE,Expression profiling by high throughput sequencing,2022/12/20,1677,ftp://ftp.ncbi.nlm.nih.gov/geo/series/GSE190nnn/GSE190389/,Diurnal transcriptome landscape of a multi-tissue response to time-restricted feeding in mammals.,Cell metabolism,2023 Jan 3,10.1016/j.cmet.2022.12.006,OSD-164|Mmus_C57-6T_SPL_GC_Rep1_G1,Ground Control
33,GSM5721587,0.9992828369140625,GSE190389,Diurnal transcriptome landscape of a multi-tissue response to time restricted feeding in mammals,,,"Time-restricted feeding (TRF) is an emerging behavioral nutrition intervention that sustains a daily cycle of feeding and fasting. TRF in animals and humans has shown pleiotropic health benefits arising from multiple organ systems, yet the molecular basis of TRF is not well understood. We subjected mice to isocaloric ad libitum feeding (ALF) or TRF of Western diet, and examined gene expression changes in 22 different brain regions and peripheral organs collected every 2 hour over 24 hour. We discovered TRF profoundly impacts gene expression. Nearly 80% of genes show significant differential expression or rhythmicity under TRF in at least one tissue. Functional annotation of these changes highlight tissue and pathway specific impacts of TRF. These findings and resources will offer a framework for future mechanistic studies, and guide human TRE interventions for various disease conditions with or without pharmacotherapies.",Diurnal mRNA expression profiles from 22 tissues from mice subjected to ad-libitum feeding (ALF) or 9 hr time-restricted feeding (TRF) of Western diet. 1035 libraries were sequenced. Each library was sequenced 1 to 4 times (1677 total samples). The 'description' column includes the library names of the samples.,36599299,,,575782,GPL17021; GPL24247,Mus musculus,GSE,Expression profiling by high throughput sequencing,2022/12/20,1677,ftp://ftp.ncbi.nlm.nih.gov/geo/series/GSE190nnn/GSE190389/,Diurnal transcriptome landscape of a multi-tissue response to time-restricted feeding in mammals.,Cell metabolism,2023 Jan 3,10.1016/j.cmet.2022.12.006,OSD-164|Mmus_C57-6T_SPL_GC_Rep1_G1,Ground Control
34,GSM5721566,0.9992672801017761,GSE190389,Diurnal transcriptome landscape of a multi-tissue response to time restricted feeding in mammals,,,"Time-restricted feeding (TRF) is an emerging behavioral nutrition intervention that sustains a daily cycle of feeding and fasting. TRF in animals and humans has shown pleiotropic health benefits arising from multiple organ systems, yet the molecular basis of TRF is not well understood. We subjected mice to isocaloric ad libitum feeding (ALF) or TRF of Western diet, and examined gene expression changes in 22 different brain regions and peripheral organs collected every 2 hour over 24 hour. We discovered TRF profoundly impacts gene expression. Nearly 80% of genes show significant differential expression or rhythmicity under TRF in at least one tissue. Functional annotation of these changes highlight tissue and pathway specific impacts of TRF. These findings and resources will offer a framework for future mechanistic studies, and guide human TRE interventions for various disease conditions with or without pharmacotherapies.",Diurnal mRNA expression profiles from 22 tissues from mice subjected to ad-libitum feeding (ALF) or 9 hr time-restricted feeding (TRF) of Western diet. 1035 libraries were sequenced. Each library was sequenced 1 to 4 times (1677 total samples). The 'description' column includes the library names of the samples.,36599299,,,575761,GPL17021; GPL24247,Mus musculus,GSE,Expression profiling by high throughput sequencing,2022/12/20,1677,ftp://ftp.ncbi.nlm.nih.gov/geo/series/GSE190nnn/GSE190389/,Diurnal transcriptome landscape of a multi-tissue response to time-restricted feeding in mammals.,Cell metabolism,2023 Jan 3,10.1016/j.cmet.2022.12.006,OSD-164|Mmus_C57-6T_SPL_GC_Rep1_G1,Ground Control
35,GSM1088296,0.9992035627365112,GSE44641,Differential Molecular Effects of Imiglucerase and Velaglucerase Alfa in Gaucher Disease Mice,,,This SuperSeries is composed of the SubSeries listed below.,Refer to individual Series,24124461,,,10689,GPL6246; GPL13112,Mus musculus,GSE,Expression profiling by array; Expression profiling by high throughput sequencing,2013/09/07,48,ftp://ftp.ncbi.nlm.nih.gov/geo/series/GSE44nnn/GSE44641/,Gaucher disease: transcriptome analyses using microarray or mRNA sequencing in a Gba1 mutant mouse model treated with velaglucerase alfa or imiglucerase.,PloS one,2013,10.1371/journal.pone.0074912,OSD-164|Mmus_C57-6T_SPL_GC_Rep1_G1,Ground Control
36,GSM1088711,0.9992035627365112,GSE44675,Gaucher Disease: Transcriptome Analyses Using Microarray or mRNA Sequencing in a Mouse Model Treated with velaglucerase alfa or imiglucerase,,,This SuperSeries is composed of the SubSeries listed below.,Refer to individual Series,24124461,,,10759,GPL13112; GPL6246,Mus musculus,GSE,Expression profiling by array; Expression profiling by high throughput sequencing,2013/09/07,110,ftp://ftp.ncbi.nlm.nih.gov/geo/series/GSE44nnn/GSE44675/,Gaucher disease: transcriptome analyses using microarray or mRNA sequencing in a Gba1 mutant mouse model treated with velaglucerase alfa or imiglucerase.,PloS one,2013,10.1371/journal.pone.0074912,OSD-164|Mmus_C57-6T_SPL_GC_Rep1_G1,Ground Control
37,GSM5721638,0.9991922378540039,GSE190389,Diurnal transcriptome landscape of a multi-tissue response to time restricted feeding in mammals,,,"Time-restricted feeding (TRF) is an emerging behavioral nutrition intervention that sustains a daily cycle of feeding and fasting. TRF in animals and humans has shown pleiotropic health benefits arising from multiple organ systems, yet the molecular basis of TRF is not well understood. We subjected mice to isocaloric ad libitum feeding (ALF) or TRF of Western diet, and examined gene expression changes in 22 different brain regions and peripheral organs collected every 2 hour over 24 hour. We discovered TRF profoundly impacts gene expression. Nearly 80% of genes show significant differential expression or rhythmicity under TRF in at least one tissue. Functional annotation of these changes highlight tissue and pathway specific impacts of TRF. These findings and resources will offer a framework for future mechanistic studies, and guide human TRE interventions for various disease conditions with or without pharmacotherapies.",Diurnal mRNA expression profiles from 22 tissues from mice subjected to ad-libitum feeding (ALF) or 9 hr time-restricted feeding (TRF) of Western diet. 1035 libraries were sequenced. Each library was sequenced 1 to 4 times (1677 total samples). The 'description' column includes the library names of the samples.,36599299,,,575832,GPL17021; GPL24247,Mus musculus,GSE,Expression profiling by high throughput sequencing,2022/12/20,1677,ftp://ftp.ncbi.nlm.nih.gov/geo/series/GSE190nnn/GSE190389/,Diurnal transcriptome landscape of a multi-tissue response to time-restricted feeding in mammals.,Cell metabolism,2023 Jan 3,10.1016/j.cmet.2022.12.006,OSD-164|Mmus_C57-6T_SPL_GC_Rep1_G1,Ground Control
38,GSM5721630,0.9991746544837952,GSE190389,Diurnal transcriptome landscape of a multi-tissue response to time restricted feeding in mammals,,,"Time-restricted feeding (TRF) is an emerging behavioral nutrition intervention that sustains a daily cycle of feeding and fasting. TRF in animals and humans has shown pleiotropic health benefits arising from multiple organ systems, yet the molecular basis of TRF is not well understood. We subjected mice to isocaloric ad libitum feeding (ALF) or TRF of Western diet, and examined gene expression changes in 22 different brain regions and peripheral organs collected every 2 hour over 24 hour. We discovered TRF profoundly impacts gene expression. Nearly 80% of genes show significant differential expression or rhythmicity under TRF in at least one tissue. Functional annotation of these changes highlight tissue and pathway specific impacts of TRF. These findings and resources will offer a framework for future mechanistic studies, and guide human TRE interventions for various disease conditions with or without pharmacotherapies.",Diurnal mRNA expression profiles from 22 tissues from mice subjected to ad-libitum feeding (ALF) or 9 hr time-restricted feeding (TRF) of Western diet. 1035 libraries were sequenced. Each library was sequenced 1 to 4 times (1677 total samples). The 'description' column includes the library names of the samples.,36599299,,,575824,GPL17021; GPL24247,Mus musculus,GSE,Expression profiling by high throughput sequencing,2022/12/20,1677,ftp://ftp.ncbi.nlm.nih.gov/geo/series/GSE190nnn/GSE190389/,Diurnal transcriptome landscape of a multi-tissue response to time-restricted feeding in mammals.,Cell metabolism,2023 Jan 3,10.1016/j.cmet.2022.12.006,OSD-164|Mmus_C57-6T_SPL_GC_Rep1_G1,Ground Control
39,GSM5721629,0.9991282224655151,GSE190389,Diurnal transcriptome landscape of a multi-tissue response to time restricted feeding in mammals,,,"Time-restricted feeding (TRF) is an emerging behavioral nutrition intervention that sustains a daily cycle of feeding and fasting. TRF in animals and humans has shown pleiotropic health benefits arising from multiple organ systems, yet the molecular basis of TRF is not well understood. We subjected mice to isocaloric ad libitum feeding (ALF) or TRF of Western diet, and examined gene expression changes in 22 different brain regions and peripheral organs collected every 2 hour over 24 hour. We discovered TRF profoundly impacts gene expression. Nearly 80% of genes show significant differential expression or rhythmicity under TRF in at least one tissue. Functional annotation of these changes highlight tissue and pathway specific impacts of TRF. These findings and resources will offer a framework for future mechanistic studies, and guide human TRE interventions for various disease conditions with or without pharmacotherapies.",Diurnal mRNA expression profiles from 22 tissues from mice subjected to ad-libitum feeding (ALF) or 9 hr time-restricted feeding (TRF) of Western diet. 1035 libraries were sequenced. Each library was sequenced 1 to 4 times (1677 total samples). The 'description' column includes the library names of the samples.,36599299,,,575823,GPL17021; GPL24247,Mus musculus,GSE,Expression profiling by high throughput sequencing,2022/12/20,1677,ftp://ftp.ncbi.nlm.nih.gov/geo/series/GSE190nnn/GSE190389/,Diurnal transcriptome landscape of a multi-tissue response to time-restricted feeding in mammals.,Cell metabolism,2023 Jan 3,10.1016/j.cmet.2022.12.006,OSD-164|Mmus_C57-6T_SPL_GC_Rep1_G1,Ground Control
40,GSM3576764,0.9990403652191162,GSE125539,"Gene expression profiles in double transgenic (DT, Pum2;rtTA3) and control (CTR, Pum2 and wild-type) spleens [RNA-seq]",,,"Although numerous long noncoding RNAs (lncRNAs) have been identified, our understanding of their roles in mammalian physiology remains limited. Here we investigated the physiologic function of the conserved lncRNA Norad in vivo. Deletion of Norad in mice results in genomic instability and mitochondrial dysfunction, leading to a dramatic multi-system degenerative phenotype resembling premature aging. Loss of tissue homeostasis in Norad-deficient animals is attributable to augmented activity of PUMILIO proteins, which act as post-transcriptional repressors of target mRNAs to which they bind. Norad is the preferred RNA target of PUMILIO2 (PUM2) in mouse tissues and, upon loss of Norad, PUM2 hyperactively represses key genes required for mitosis and mitochondrial function. Accordingly, enforced Pum2 expression fully phenocopies Norad deletion, resulting in rapid-onset aging-associated phenotypes. These findings provide new insights and open new lines of investigation into the roles of noncoding RNAs and RNA binding proteins in normal physiology and aging.",Gene expression profiles were determined by RNA-seq.,30735131,,,232420,GPL19057,Mus musculus,GSE,Expression profiling by high throughput sequencing,2019/02/05,8,ftp://ftp.ncbi.nlm.nih.gov/geo/series/GSE125nnn/GSE125539/,PUMILIO hyperactivity drives premature aging of Norad-deficient mice.,eLife,2019 Feb 8,10.7554/eLife.42650,OSD-164|Mmus_C57-6T_SPL_GC_Rep2_G2,Ground Control
41,GSM3576761,0.998986005783081,GSE125539,"Gene expression profiles in double transgenic (DT, Pum2;rtTA3) and control (CTR, Pum2 and wild-type) spleens [RNA-seq]",,,"Although numerous long noncoding RNAs (lncRNAs) have been identified, our understanding of their roles in mammalian physiology remains limited. Here we investigated the physiologic function of the conserved lncRNA Norad in vivo. Deletion of Norad in mice results in genomic instability and mitochondrial dysfunction, leading to a dramatic multi-system degenerative phenotype resembling premature aging. Loss of tissue homeostasis in Norad-deficient animals is attributable to augmented activity of PUMILIO proteins, which act as post-transcriptional repressors of target mRNAs to which they bind. Norad is the preferred RNA target of PUMILIO2 (PUM2) in mouse tissues and, upon loss of Norad, PUM2 hyperactively represses key genes required for mitosis and mitochondrial function. Accordingly, enforced Pum2 expression fully phenocopies Norad deletion, resulting in rapid-onset aging-associated phenotypes. These findings provide new insights and open new lines of investigation into the roles of noncoding RNAs and RNA binding proteins in normal physiology and aging.",Gene expression profiles were determined by RNA-seq.,30735131,,,232417,GPL19057,Mus musculus,GSE,Expression profiling by high throughput sequencing,2019/02/05,8,ftp://ftp.ncbi.nlm.nih.gov/geo/series/GSE125nnn/GSE125539/,PUMILIO hyperactivity drives premature aging of Norad-deficient mice.,eLife,2019 Feb 8,10.7554/eLife.42650,OSD-164|Mmus_C57-6T_SPL_GC_Rep2_G2,Ground Control
42,GSM3576765,0.9988930821418762,GSE125539,"Gene expression profiles in double transgenic (DT, Pum2;rtTA3) and control (CTR, Pum2 and wild-type) spleens [RNA-seq]",,,"Although numerous long noncoding RNAs (lncRNAs) have been identified, our understanding of their roles in mammalian physiology remains limited. Here we investigated the physiologic function of the conserved lncRNA Norad in vivo. Deletion of Norad in mice results in genomic instability and mitochondrial dysfunction, leading to a dramatic multi-system degenerative phenotype resembling premature aging. Loss of tissue homeostasis in Norad-deficient animals is attributable to augmented activity of PUMILIO proteins, which act as post-transcriptional repressors of target mRNAs to which they bind. Norad is the preferred RNA target of PUMILIO2 (PUM2) in mouse tissues and, upon loss of Norad, PUM2 hyperactively represses key genes required for mitosis and mitochondrial function. Accordingly, enforced Pum2 expression fully phenocopies Norad deletion, resulting in rapid-onset aging-associated phenotypes. These findings provide new insights and open new lines of investigation into the roles of noncoding RNAs and RNA binding proteins in normal physiology and aging.",Gene expression profiles were determined by RNA-seq.,30735131,,,232421,GPL19057,Mus musculus,GSE,Expression profiling by high throughput sequencing,2019/02/05,8,ftp://ftp.ncbi.nlm.nih.gov/geo/series/GSE125nnn/GSE125539/,PUMILIO hyperactivity drives premature aging of Norad-deficient mice.,eLife,2019 Feb 8,10.7554/eLife.42650,OSD-164|Mmus_C57-6T_SPL_GC_Rep2_G2,Ground Control
43,GSM4933415,0.9988158941268921,GSE162113,Metabolic reprogramming and epigenetic changes of vital organs in SARS-CoV-2 induced systemic toxicity,,,"SARS-CoV-2 primarily affects the respiratory system but extra-pulmonary manifestations in individuals with COVID-19 are commonly seen. All major organ systems have been reported to be affected by SARS-CoV-2 and complications arising from ensuing organ dysfunction significantly increase the mortality rate of COVID-19. Yet, despite the clinical importance of systemic involvement of SARS-CoV-2, little is known about the pathogenesis of extra-pulmonary complications of COVID-19. Here, we create a murine model of SARS-CoV-2 induced severe systemic toxicity and multi- organ involvement by expressing the human ACE2 transgene in multiple tissues using an adeno associated virus (serotype 9) followed by administration of the SARS-CoV-2 virus intra-peritoneally. The animals develop a profound phenotype within 7 days of SARS-CoV-2 infection with severe weight loss, morbidity and failure to thrive, that necessitated euthanasia. We demonstrate that following a robust anti-viral immune response, there is metabolic suppression of oxidative phosphorylation and the tri- carboxylic acid (TCA) cycle in multiple organs with neutrophilia, lymphopenia and splenic atrophy mirroring human COVID-19 phenotypes with adverse prognosis. Animals had a significantly lower heart rate and electron microscopy demonstrated myofibrillar disarray and myocardial edema, a common pathogenic cardiac phenotype in human COVID-19. An organ wide metabolic reprogramming consistent with depression of oxidative phosphorylation led to utilization of peripheral fat stores and gross accumulation of fat in the heart and other vital organs. We perform metabolomic profiling of peripheral blood and identify a panel of TCA cycle metabolites that serve as biomarkers of depressed oxidative phosphorylation, several of these markers been noted in human clinical studies to be associated with adverse prognosis. Finally, we observed that SARS-CoV-2 induces epigenetic changes with a significant number of differentially methylated sites in vital organs, across the whole host cell genome, that affects expression of immune response genes and could in part contribute to dysregulated gene expression in affected tissues. Our model suggests that SARS-CoV- 2 induced metabolic reprogramming and epigenetic changes in internal organs could contribute to systemic toxicity and lethality in COVID-19.",Examination of expression changes of mouse organs with nCOV2 infection,33284134,,,437007,GPL21493; GPL21290,Homo sapiens; Mus musculus,GSE,Expression profiling by high throughput sequencing,2020/11/24,71,ftp://ftp.ncbi.nlm.nih.gov/geo/series/GSE162nnn/GSE162113/,Metabolic reprogramming and epigenetic changes of vital organs in SARS-CoV-2-induced systemic toxicity.,JCI insight,2021 Jan 25,10.1172/jci.insight.145027,OSD-164|Mmus_C57-6T_SPL_GC_Rep2_G2,Ground Control
44,GSM3576762,0.9987298846244812,GSE125539,"Gene expression profiles in double transgenic (DT, Pum2;rtTA3) and control (CTR, Pum2 and wild-type) spleens [RNA-seq]",,,"Although numerous long noncoding RNAs (lncRNAs) have been identified, our understanding of their roles in mammalian physiology remains limited. Here we investigated the physiologic function of the conserved lncRNA Norad in vivo. Deletion of Norad in mice results in genomic instability and mitochondrial dysfunction, leading to a dramatic multi-system degenerative phenotype resembling premature aging. Loss of tissue homeostasis in Norad-deficient animals is attributable to augmented activity of PUMILIO proteins, which act as post-transcriptional repressors of target mRNAs to which they bind. Norad is the preferred RNA target of PUMILIO2 (PUM2) in mouse tissues and, upon loss of Norad, PUM2 hyperactively represses key genes required for mitosis and mitochondrial function. Accordingly, enforced Pum2 expression fully phenocopies Norad deletion, resulting in rapid-onset aging-associated phenotypes. These findings provide new insights and open new lines of investigation into the roles of noncoding RNAs and RNA binding proteins in normal physiology and aging.",Gene expression profiles were determined by RNA-seq.,30735131,,,232418,GPL19057,Mus musculus,GSE,Expression profiling by high throughput sequencing,2019/02/05,8,ftp://ftp.ncbi.nlm.nih.gov/geo/series/GSE125nnn/GSE125539/,PUMILIO hyperactivity drives premature aging of Norad-deficient mice.,eLife,2019 Feb 8,10.7554/eLife.42650,OSD-164|Mmus_C57-6T_SPL_GC_Rep2_G2,Ground Control
45,GSM3591821,0.9987039566040039,GSE126115,Transcriptome profiling of spleen and duodenum upon lymphotoxin beta receptor (LTbR) induction,,,"To study the effect of LTbR induction on spleen and duodenum transcriptome, we performed RNA sequencing of the spleen and intestine after Intravenous LTbR agonist AC H6 or isotype treatment. We analyzed differential gene expression.","RNA sequencing on spleen and duodenum mRNA of wild type C57BL/6J mice treated with either AC H6 or isotype control for 24 hours (dose: 100ul of 1mg/ml solution per mouse, n=3 per genotype).",,,,233761,GPL13112,Mus musculus,GSE,Expression profiling by high throughput sequencing,2019/12/31,12,ftp://ftp.ncbi.nlm.nih.gov/geo/series/GSE126nnn/GSE126115/,,,,,OSD-164|Mmus_C57-6T_SPL_GC_Rep2_G2,Ground Control
46,GSM5737066,0.9985438585281372,GSE190986,In vivo partial reprogramming alters manifestation of age-associated molecular changes in aging mice,,,This SuperSeries is composed of the SubSeries listed below.,Refer to individual Series,,,,578708,GPL21103,Mus musculus,GSE,Expression profiling by high throughput sequencing,2022/01/11,180,ftp://ftp.ncbi.nlm.nih.gov/geo/series/GSE190nnn/GSE190986/,,,,,OSD-164|Mmus_C57-6T_SPL_GC_Rep2_G2,Ground Control
47,GSM2422417,0.9985417127609253,GSE91390,Distinct Brca1 mutations differentially reduce hematopoietic stem cell function,,,"Mgbemena et al report that hematopoietic stem cells have an absolute requirement for Brca1 to survive. They also show that humanization of the mouse Brca1 e with a knocked-in BRCA1 cDNA, but not a mutant BRCA1/5382insC cDNA, fully substitutes for the mouse Brca1 during both embryonic development and hematopoiesis.",Enlarged spleens from 2-3 mo. old Brca1∆/∆ mice and Brca1+/+ mice were taken for RNA extraction and processed for paired-end RNA seq.,28122244,,,92536,GPL17021,Mus musculus,GSE,Expression profiling by high throughput sequencing,2017/02/01,7,ftp://ftp.ncbi.nlm.nih.gov/geo/series/GSE91nnn/GSE91390/,Distinct Brca1 Mutations Differentially Reduce Hematopoietic Stem Cell Function.,Cell reports,2017 Jan 24,10.1016/j.celrep.2016.12.075,OSD-164|Mmus_C57-6T_SPL_GC_Rep2_G2,Ground Control
48,GSM6342316,0.9985132217407227,GSE218085,Epigenetically-controlled tumor antigens derived from splice junctions between exons and transposable elements,,,This SuperSeries is composed of the SubSeries listed below.,Refer to individual Series,36735776,,,658199,GPL17021; GPL24247,Mus musculus,GSE,Expression profiling by high throughput sequencing; Genome binding/occupancy profiling by high throughput sequencing,2022/11/22,133,ftp://ftp.ncbi.nlm.nih.gov/geo/series/GSE218nnn/GSE218085/,Epigenetically controlled tumor antigens derived from splice junctions between exons and transposable elements.,Science immunology,2023 Feb 3,10.1126/sciimmunol.abm6360,OSD-164|Mmus_C57-6T_SPL_GC_Rep2_G2,Ground Control
49,GSM3069802,0.9985095858573914,GSE112635,A network of noncoding regulatory RNAs acts in the mammalian brain,,,This SuperSeries is composed of the SubSeries listed below.,Refer to individual Series,29887379,,,159504,GPL16791; GPL17021,Homo sapiens; Mus musculus,GSE,Expression profiling by high throughput sequencing; Non-coding RNA profiling by high throughput sequencing,2018/06/07,153,ftp://ftp.ncbi.nlm.nih.gov/geo/series/GSE112nnn/GSE112635/,A Network of Noncoding Regulatory RNAs Acts in the Mammalian Brain.,Cell,2018 Jul 12,10.1016/j.cell.2018.05.022,OSD-164|Mmus_C57-6T_SPL_GC_Rep2_G2,Ground Control
50,GSM3069802,0.9987442493438721,GSE112635,A network of noncoding regulatory RNAs acts in the mammalian brain,,,This SuperSeries is composed of the SubSeries listed below.,Refer to individual Series,29887379,,,159504,GPL16791; GPL17021,Homo sapiens; Mus musculus,GSE,Expression profiling by high throughput sequencing; Non-coding RNA profiling by high throughput sequencing,2018/06/07,153,ftp://ftp.ncbi.nlm.nih.gov/geo/series/GSE112nnn/GSE112635/,A Network of Noncoding Regulatory RNAs Acts in the Mammalian Brain.,Cell,2018 Jul 12,10.1016/j.cell.2018.05.022,OSD-164|Mmus_C57-6T_SPL_GC_Rep3_G3,Ground Control
51,GSM3069803,0.9985771775245667,GSE112635,A network of noncoding regulatory RNAs acts in the mammalian brain,,,This SuperSeries is composed of the SubSeries listed below.,Refer to individual Series,29887379,,,159505,GPL16791; GPL17021,Homo sapiens; Mus musculus,GSE,Expression profiling by high throughput sequencing; Non-coding RNA profiling by high throughput sequencing,2018/06/07,153,ftp://ftp.ncbi.nlm.nih.gov/geo/series/GSE112nnn/GSE112635/,A Network of Noncoding Regulatory RNAs Acts in the Mammalian Brain.,Cell,2018 Jul 12,10.1016/j.cell.2018.05.022,OSD-164|Mmus_C57-6T_SPL_GC_Rep3_G3,Ground Control
52,GSM7813713,0.9985511302947998,GSE244335,"Gene expression in lung tissue, blood and spleen of mice with severe acute pancreatitis",,,"Severe acute pancreatitis (SAP) is a critical disease, often complicated with multiple organ dysfunction, which seriously endangeres the life safety of patients. Previous studies have shown that cGAS-STING signaling pathway is significantly activated in mice with severe acute pancreatitis. In this study, we studied the gene expression in different tissues of normal mice and SAP mice to understand the differentially expressed genes and find the downstream genes of cGAS-STING signaling pathway.","The specific process involved dividing the C57BL/6 mice into two groups: control (CON) and severe pancreatitis (SAP). The SAP group was given intraperitoneal injections of caerulein 100 µg/kg every hour after fasting for 12 h, a total of seven times. 10 mg/kg LPS was given immediately after the seventh intraperitoneal CAE injection. The CON group was assigned intraperitoneal injections of the same amount with normal saline Lung, blood and spleen were collected after 24 h of modeling.",,,,818555,GPL21273,Mus musculus,GSE,Expression profiling by high throughput sequencing,2023/11/01,18,ftp://ftp.ncbi.nlm.nih.gov/geo/series/GSE244nnn/GSE244335/,,,,,OSD-164|Mmus_C57-6T_SPL_GC_Rep3_G3,Ground Control
53,GSM3591821,0.9985283017158508,GSE126115,Transcriptome profiling of spleen and duodenum upon lymphotoxin beta receptor (LTbR) induction,,,"To study the effect of LTbR induction on spleen and duodenum transcriptome, we performed RNA sequencing of the spleen and intestine after Intravenous LTbR agonist AC H6 or isotype treatment. We analyzed differential gene expression.","RNA sequencing on spleen and duodenum mRNA of wild type C57BL/6J mice treated with either AC H6 or isotype control for 24 hours (dose: 100ul of 1mg/ml solution per mouse, n=3 per genotype).",,,,233761,GPL13112,Mus musculus,GSE,Expression profiling by high throughput sequencing,2019/12/31,12,ftp://ftp.ncbi.nlm.nih.gov/geo/series/GSE126nnn/GSE126115/,,,,,OSD-164|Mmus_C57-6T_SPL_GC_Rep3_G3,Ground Control
54,GSM7813714,0.998504102230072,GSE244335,"Gene expression in lung tissue, blood and spleen of mice with severe acute pancreatitis",,,"Severe acute pancreatitis (SAP) is a critical disease, often complicated with multiple organ dysfunction, which seriously endangeres the life safety of patients. Previous studies have shown that cGAS-STING signaling pathway is significantly activated in mice with severe acute pancreatitis. In this study, we studied the gene expression in different tissues of normal mice and SAP mice to understand the differentially expressed genes and find the downstream genes of cGAS-STING signaling pathway.","The specific process involved dividing the C57BL/6 mice into two groups: control (CON) and severe pancreatitis (SAP). The SAP group was given intraperitoneal injections of caerulein 100 µg/kg every hour after fasting for 12 h, a total of seven times. 10 mg/kg LPS was given immediately after the seventh intraperitoneal CAE injection. The CON group was assigned intraperitoneal injections of the same amount with normal saline Lung, blood and spleen were collected after 24 h of modeling.",,,,818556,GPL21273,Mus musculus,GSE,Expression profiling by high throughput sequencing,2023/11/01,18,ftp://ftp.ncbi.nlm.nih.gov/geo/series/GSE244nnn/GSE244335/,,,,,OSD-164|Mmus_C57-6T_SPL_GC_Rep3_G3,Ground Control
55,GSM3576765,0.9984709620475769,GSE125539,"Gene expression profiles in double transgenic (DT, Pum2;rtTA3) and control (CTR, Pum2 and wild-type) spleens [RNA-seq]",,,"Although numerous long noncoding RNAs (lncRNAs) have been identified, our understanding of their roles in mammalian physiology remains limited. Here we investigated the physiologic function of the conserved lncRNA Norad in vivo. Deletion of Norad in mice results in genomic instability and mitochondrial dysfunction, leading to a dramatic multi-system degenerative phenotype resembling premature aging. Loss of tissue homeostasis in Norad-deficient animals is attributable to augmented activity of PUMILIO proteins, which act as post-transcriptional repressors of target mRNAs to which they bind. Norad is the preferred RNA target of PUMILIO2 (PUM2) in mouse tissues and, upon loss of Norad, PUM2 hyperactively represses key genes required for mitosis and mitochondrial function. Accordingly, enforced Pum2 expression fully phenocopies Norad deletion, resulting in rapid-onset aging-associated phenotypes. These findings provide new insights and open new lines of investigation into the roles of noncoding RNAs and RNA binding proteins in normal physiology and aging.",Gene expression profiles were determined by RNA-seq.,30735131,,,232421,GPL19057,Mus musculus,GSE,Expression profiling by high throughput sequencing,2019/02/05,8,ftp://ftp.ncbi.nlm.nih.gov/geo/series/GSE125nnn/GSE125539/,PUMILIO hyperactivity drives premature aging of Norad-deficient mice.,eLife,2019 Feb 8,10.7554/eLife.42650,OSD-164|Mmus_C57-6T_SPL_GC_Rep3_G3,Ground Control
56,GSM3591819,0.9984093904495239,GSE126115,Transcriptome profiling of spleen and duodenum upon lymphotoxin beta receptor (LTbR) induction,,,"To study the effect of LTbR induction on spleen and duodenum transcriptome, we performed RNA sequencing of the spleen and intestine after Intravenous LTbR agonist AC H6 or isotype treatment. We analyzed differential gene expression.","RNA sequencing on spleen and duodenum mRNA of wild type C57BL/6J mice treated with either AC H6 or isotype control for 24 hours (dose: 100ul of 1mg/ml solution per mouse, n=3 per genotype).",,,,233759,GPL13112,Mus musculus,GSE,Expression profiling by high throughput sequencing,2019/12/31,12,ftp://ftp.ncbi.nlm.nih.gov/geo/series/GSE126nnn/GSE126115/,,,,,OSD-164|Mmus_C57-6T_SPL_GC_Rep3_G3,Ground Control
57,GSM3745309,0.9983925223350525,GSE130629,Transcriptional Correlates of Tolerance and Lethality from Mouse Models Predict Ebola Virus Disease Outcome,,,We report comparative outcome-dependent transcriptional profiles from spleen and liver from Collaborative Cross mice infected with mouse-adapted Ebola virus (MA-EBOV).,Longitudinal transcriptional profiling (mRNA and miRNA) of 10 Collaborative Cross lines infected with mouse-adapted Ebola virus.,32049004,,,254904,GPL21103,Mus musculus,GSE,Expression profiling by high throughput sequencing,2019/12/01,729,ftp://ftp.ncbi.nlm.nih.gov/geo/series/GSE130nnn/GSE130629/,Transcriptional Correlates of Tolerance and Lethality in Mice Predict Ebola Virus Disease Patient Outcomes.,Cell reports,2020 Feb 11,10.1016/j.celrep.2020.01.026,OSD-164|Mmus_C57-6T_SPL_GC_Rep3_G3,Ground Control
58,GSM4933414,0.9983679056167603,GSE162113,Metabolic reprogramming and epigenetic changes of vital organs in SARS-CoV-2 induced systemic toxicity,,,"SARS-CoV-2 primarily affects the respiratory system but extra-pulmonary manifestations in individuals with COVID-19 are commonly seen. All major organ systems have been reported to be affected by SARS-CoV-2 and complications arising from ensuing organ dysfunction significantly increase the mortality rate of COVID-19. Yet, despite the clinical importance of systemic involvement of SARS-CoV-2, little is known about the pathogenesis of extra-pulmonary complications of COVID-19. Here, we create a murine model of SARS-CoV-2 induced severe systemic toxicity and multi- organ involvement by expressing the human ACE2 transgene in multiple tissues using an adeno associated virus (serotype 9) followed by administration of the SARS-CoV-2 virus intra-peritoneally. The animals develop a profound phenotype within 7 days of SARS-CoV-2 infection with severe weight loss, morbidity and failure to thrive, that necessitated euthanasia. We demonstrate that following a robust anti-viral immune response, there is metabolic suppression of oxidative phosphorylation and the tri- carboxylic acid (TCA) cycle in multiple organs with neutrophilia, lymphopenia and splenic atrophy mirroring human COVID-19 phenotypes with adverse prognosis. Animals had a significantly lower heart rate and electron microscopy demonstrated myofibrillar disarray and myocardial edema, a common pathogenic cardiac phenotype in human COVID-19. An organ wide metabolic reprogramming consistent with depression of oxidative phosphorylation led to utilization of peripheral fat stores and gross accumulation of fat in the heart and other vital organs. We perform metabolomic profiling of peripheral blood and identify a panel of TCA cycle metabolites that serve as biomarkers of depressed oxidative phosphorylation, several of these markers been noted in human clinical studies to be associated with adverse prognosis. Finally, we observed that SARS-CoV-2 induces epigenetic changes with a significant number of differentially methylated sites in vital organs, across the whole host cell genome, that affects expression of immune response genes and could in part contribute to dysregulated gene expression in affected tissues. Our model suggests that SARS-CoV- 2 induced metabolic reprogramming and epigenetic changes in internal organs could contribute to systemic toxicity and lethality in COVID-19.",Examination of expression changes of mouse organs with nCOV2 infection,33284134,,,437006,GPL21493; GPL21290,Homo sapiens; Mus musculus,GSE,Expression profiling by high throughput sequencing,2020/11/24,71,ftp://ftp.ncbi.nlm.nih.gov/geo/series/GSE162nnn/GSE162113/,Metabolic reprogramming and epigenetic changes of vital organs in SARS-CoV-2-induced systemic toxicity.,JCI insight,2021 Jan 25,10.1172/jci.insight.145027,OSD-164|Mmus_C57-6T_SPL_GC_Rep3_G3,Ground Control
59,GSM5704662,0.9983588457107544,GSE189618,Mouse kidney-specific genes,,,Analysis of RNAs from multiple mouse tissues to find kidney-specific genes,"Total RNA obtained from isolated C57BL/6J mice, various tissues.",,,,573462,GPL21103,Mus musculus,GSE,Expression profiling by high throughput sequencing,2021/11/29,19,ftp://ftp.ncbi.nlm.nih.gov/geo/series/GSE189nnn/GSE189618/,,,,,OSD-164|Mmus_C57-6T_SPL_GC_Rep3_G3,Ground Control
60,GSM1119414,0.9997714757919312,GSE45684,RNA-seq alignment to individualized genomes,,,"The source of most errors in RNA sequencing (RNA-seq) read alignment is in the repetitive structure of the genome and not with the alignment algorithm. Genetic variation away from the reference sequence exacerbates this problem causing reads to be assigned to the wrong location. We developed a method, implemented as the software package Seqnature, to construct the imputed genomes of individuals (individualized genomes) of experimental model organisms including inbred mouse strains and genetically unique outbred animals. Alignment to individualized genomes increases read mapping accuracy and improves transcript abundance estimates. In an application to expression QTL mapping, this approach corrected erroneous linkages and unmasked thousands of hidden associations. Individualized genomes accounting for genetic variation will be useful for human short-read sequencing and other sequencing applications including ChIP-seq.","Illumina 100bp single-end liver RNA-seq from 277 male and female Diversity Outbred 26-week old mice raised on standard chow or high fat diet. In addition, Illumina 100bp single-end liver RNA-seq from 128 male 26-week old male mice (20 weeks for NZO strain) from each of the DO founder strains raised on standard chow or high fat diet (8 males per strain by diet group). Each sample was sequenced in 2-4x technical replicates across multiple flowcells. Samples were randomly assigned lanes and multiplexed at 12-24x.",25236449;26614740;28592500,,,11428,GPL13112,Mus musculus,GSE,Expression profiling by high throughput sequencing,2014/06/10,1086,ftp://ftp.ncbi.nlm.nih.gov/geo/series/GSE45nnn/GSE45684/,RNA-Seq alignment to individualized genomes improves transcript abundance estimates in multiparent populations.,Genetics,2014 Sep,10.1534/genetics.114.165886,OSD-164|Mmus_C57-6T_LVR_FLT_Rep1_F1,Space Flight
61,GSM1120563,0.9997687935829163,GSE45684,RNA-seq alignment to individualized genomes,,,"The source of most errors in RNA sequencing (RNA-seq) read alignment is in the repetitive structure of the genome and not with the alignment algorithm. Genetic variation away from the reference sequence exacerbates this problem causing reads to be assigned to the wrong location. We developed a method, implemented as the software package Seqnature, to construct the imputed genomes of individuals (individualized genomes) of experimental model organisms including inbred mouse strains and genetically unique outbred animals. Alignment to individualized genomes increases read mapping accuracy and improves transcript abundance estimates. In an application to expression QTL mapping, this approach corrected erroneous linkages and unmasked thousands of hidden associations. Individualized genomes accounting for genetic variation will be useful for human short-read sequencing and other sequencing applications including ChIP-seq.","Illumina 100bp single-end liver RNA-seq from 277 male and female Diversity Outbred 26-week old mice raised on standard chow or high fat diet. In addition, Illumina 100bp single-end liver RNA-seq from 128 male 26-week old male mice (20 weeks for NZO strain) from each of the DO founder strains raised on standard chow or high fat diet (8 males per strain by diet group). Each sample was sequenced in 2-4x technical replicates across multiple flowcells. Samples were randomly assigned lanes and multiplexed at 12-24x.",25236449;26614740;28592500,,,11822,GPL13112,Mus musculus,GSE,Expression profiling by high throughput sequencing,2014/06/10,1086,ftp://ftp.ncbi.nlm.nih.gov/geo/series/GSE45nnn/GSE45684/,RNA-Seq alignment to individualized genomes improves transcript abundance estimates in multiparent populations.,Genetics,2014 Sep,10.1534/genetics.114.165886,OSD-164|Mmus_C57-6T_LVR_FLT_Rep1_F1,Space Flight
62,GSM1119837,0.9997482895851135,GSE45684,RNA-seq alignment to individualized genomes,,,"The source of most errors in RNA sequencing (RNA-seq) read alignment is in the repetitive structure of the genome and not with the alignment algorithm. Genetic variation away from the reference sequence exacerbates this problem causing reads to be assigned to the wrong location. We developed a method, implemented as the software package Seqnature, to construct the imputed genomes of individuals (individualized genomes) of experimental model organisms including inbred mouse strains and genetically unique outbred animals. Alignment to individualized genomes increases read mapping accuracy and improves transcript abundance estimates. In an application to expression QTL mapping, this approach corrected erroneous linkages and unmasked thousands of hidden associations. Individualized genomes accounting for genetic variation will be useful for human short-read sequencing and other sequencing applications including ChIP-seq.","Illumina 100bp single-end liver RNA-seq from 277 male and female Diversity Outbred 26-week old mice raised on standard chow or high fat diet. In addition, Illumina 100bp single-end liver RNA-seq from 128 male 26-week old male mice (20 weeks for NZO strain) from each of the DO founder strains raised on standard chow or high fat diet (8 males per strain by diet group). Each sample was sequenced in 2-4x technical replicates across multiple flowcells. Samples were randomly assigned lanes and multiplexed at 12-24x.",25236449;26614740;28592500,,,11630,GPL13112,Mus musculus,GSE,Expression profiling by high throughput sequencing,2014/06/10,1086,ftp://ftp.ncbi.nlm.nih.gov/geo/series/GSE45nnn/GSE45684/,RNA-Seq alignment to individualized genomes improves transcript abundance estimates in multiparent populations.,Genetics,2014 Sep,10.1534/genetics.114.165886,OSD-164|Mmus_C57-6T_LVR_FLT_Rep1_F1,Space Flight
63,GSM1118076,0.9997402429580688,GSE45684,RNA-seq alignment to individualized genomes,,,"The source of most errors in RNA sequencing (RNA-seq) read alignment is in the repetitive structure of the genome and not with the alignment algorithm. Genetic variation away from the reference sequence exacerbates this problem causing reads to be assigned to the wrong location. We developed a method, implemented as the software package Seqnature, to construct the imputed genomes of individuals (individualized genomes) of experimental model organisms including inbred mouse strains and genetically unique outbred animals. Alignment to individualized genomes increases read mapping accuracy and improves transcript abundance estimates. In an application to expression QTL mapping, this approach corrected erroneous linkages and unmasked thousands of hidden associations. Individualized genomes accounting for genetic variation will be useful for human short-read sequencing and other sequencing applications including ChIP-seq.","Illumina 100bp single-end liver RNA-seq from 277 male and female Diversity Outbred 26-week old mice raised on standard chow or high fat diet. In addition, Illumina 100bp single-end liver RNA-seq from 128 male 26-week old male mice (20 weeks for NZO strain) from each of the DO founder strains raised on standard chow or high fat diet (8 males per strain by diet group). Each sample was sequenced in 2-4x technical replicates across multiple flowcells. Samples were randomly assigned lanes and multiplexed at 12-24x.",25236449;26614740;28592500,,,11234,GPL13112,Mus musculus,GSE,Expression profiling by high throughput sequencing,2014/06/10,1086,ftp://ftp.ncbi.nlm.nih.gov/geo/series/GSE45nnn/GSE45684/,RNA-Seq alignment to individualized genomes improves transcript abundance estimates in multiparent populations.,Genetics,2014 Sep,10.1534/genetics.114.165886,OSD-164|Mmus_C57-6T_LVR_FLT_Rep1_F1,Space Flight
64,GSM7187183,0.999709963798523,GSE230102,Conserved multitissue transcriptomic adaptations to exercise training in humans and mice,,,"Physical activity is associated with beneficial adaptations in human and rodent metabolism. We studied over 50 complex traits before and after exercise intervention in middle-aged men and a panel of 100 diverse strains of female mice. Candidate gene analyses in three brain regions, muscle, liver, heart, and adipose tissue of mice revealed genetic drivers of clinically relevant traits including volitional exercise volume, muscle metabolism, adiposity, and hepatic lipids. Although ~33% of genes differentially expressed in skeletal muscle following the exercise intervention were similar in mice and men independent of BMI, responsiveness of adipose tissue to exercise-stimulated weight loss appears impacted by species and underlying genotype. We leveraged genetic diversity to generate prediction models of metabolic trait responsiveness to volitional activity offering a framework for advancing personalized exercise prescription. Finally, we make the human and mouse data publicly available via user-friendly web-based application to enhance data mining and hypothesis development.","Expression profiling by RNA-Seq for five tissues (gonadal white adipose, heart, liver, quadriceps, brown adipose) in 50 inbred mouse strains under sedentary and exercised conditions",37178122,,,775337,GPL21493; GPL24247,Mus musculus,GSE,Expression profiling by high throughput sequencing,2023/04/20,499,ftp://ftp.ncbi.nlm.nih.gov/geo/series/GSE230nnn/GSE230102/,Conserved multi-tissue transcriptomic adaptations to exercise training in humans and mice.,Cell reports,2023 May 30,10.1016/j.celrep.2023.112499,OSD-164|Mmus_C57-6T_LVR_FLT_Rep1_F1,Space Flight
65,GSM8059686,0.9997020959854126,GSE254879,Kupffer cells dictate hepatic responses to the atherogenic dyslipidemic insult,,,"Apolipoprotein-B (APOB)-containing lipoproteins cause atherosclerosis. Whether the vasculature is initially responding site, or if atherogenic-dyslipidemia affects other organs simultaneously, is unknown. Here we show that the liver responds to a dyslipidemic insult based on inducible models of familial hypercholesterolemia and APOB tracing. An acute transition to atherogenic APOB-lipoprotein levels resulted in uptake by Kupffer cells and rapid accumulation of triglycerides and cholesterol in the liver. Bulk and single-cell RNA-seq revealed an Kupffer cell-specific transcriptional program that was not activated by a high-fat diet alone, or detected in standard liver function or pathological assays, even in the presence of fulminant atherosclerosis. Depletion of Kupffer cells altered the dynamic of plasma and liver lipid concentrations, indicating that these liver macrophages help restrain and buffer atherogenic lipoproteins, whilst simultaneously secreting atherosclerosis-modulating factors into plasma. Our results place Kupffer cells as key sentinels in organizing systemic responses to lipoproteins at the initiation of atherosclerosis.","Liver samples from APOE cKO and D374Y mice and respective littermate controls. Biological replicates are indicated by the number at the end of each sample number. Mice were maintained on a choe diet for 10 days, or on a high fat diet for 4,8,12 or 20 weeks as indicated.",,,,839830,GPL24247; GPL21103,Mus musculus,GSE,Expression profiling by high throughput sequencing,2024/02/05,94,ftp://ftp.ncbi.nlm.nih.gov/geo/series/GSE254nnn/GSE254879/,,,,,OSD-164|Mmus_C57-6T_LVR_FLT_Rep1_F1,Space Flight
66,GSM7187221,0.9996938109397888,GSE230102,Conserved multitissue transcriptomic adaptations to exercise training in humans and mice,,,"Physical activity is associated with beneficial adaptations in human and rodent metabolism. We studied over 50 complex traits before and after exercise intervention in middle-aged men and a panel of 100 diverse strains of female mice. Candidate gene analyses in three brain regions, muscle, liver, heart, and adipose tissue of mice revealed genetic drivers of clinically relevant traits including volitional exercise volume, muscle metabolism, adiposity, and hepatic lipids. Although ~33% of genes differentially expressed in skeletal muscle following the exercise intervention were similar in mice and men independent of BMI, responsiveness of adipose tissue to exercise-stimulated weight loss appears impacted by species and underlying genotype. We leveraged genetic diversity to generate prediction models of metabolic trait responsiveness to volitional activity offering a framework for advancing personalized exercise prescription. Finally, we make the human and mouse data publicly available via user-friendly web-based application to enhance data mining and hypothesis development.","Expression profiling by RNA-Seq for five tissues (gonadal white adipose, heart, liver, quadriceps, brown adipose) in 50 inbred mouse strains under sedentary and exercised conditions",37178122,,,775375,GPL21493; GPL24247,Mus musculus,GSE,Expression profiling by high throughput sequencing,2023/04/20,499,ftp://ftp.ncbi.nlm.nih.gov/geo/series/GSE230nnn/GSE230102/,Conserved multi-tissue transcriptomic adaptations to exercise training in humans and mice.,Cell reports,2023 May 30,10.1016/j.celrep.2023.112499,OSD-164|Mmus_C57-6T_LVR_FLT_Rep1_F1,Space Flight
67,GSM1869637,0.9996909499168396,GSE72759,Defining the consequences of genetic variation on a proteome-wide scale,,,"Genetic variation governs protein expression through both transcriptional and post-transcriptional processes.  To investigate this relationship, we combined a multiplexed, mass spectrometry-based method for protein quantification with an emerging mouse model harboring extensive genetic variation from 8 founder strains. We collected genome-wide mRNA and protein profiling measurements to link genetic variation to protein expression differences in livers from 192 Diversity Outcross mice.",Illumina 100bp single-end liver RNA-seq from 192 male and female Diversity Outbred 26-week old mice raised on standard chow or high fat diet. Each sample was sequenced in 2x technical replicates across multiple flowcells. Samples were randomly assigned lanes and multiplexed at 12-24x.,27309819;28592500,,,38566,GPL13112,Mus musculus,GSE,Expression profiling by high throughput sequencing,2015/10/06,384,ftp://ftp.ncbi.nlm.nih.gov/geo/series/GSE72nnn/GSE72759/,Defining the consequences of genetic variation on a proteome-wide scale.,Nature,2016 Jun 23,10.1038/nature18270,OSD-164|Mmus_C57-6T_LVR_FLT_Rep1_F1,Space Flight
68,GSM1869638,0.9996899962425232,GSE72759,Defining the consequences of genetic variation on a proteome-wide scale,,,"Genetic variation governs protein expression through both transcriptional and post-transcriptional processes.  To investigate this relationship, we combined a multiplexed, mass spectrometry-based method for protein quantification with an emerging mouse model harboring extensive genetic variation from 8 founder strains. We collected genome-wide mRNA and protein profiling measurements to link genetic variation to protein expression differences in livers from 192 Diversity Outcross mice.",Illumina 100bp single-end liver RNA-seq from 192 male and female Diversity Outbred 26-week old mice raised on standard chow or high fat diet. Each sample was sequenced in 2x technical replicates across multiple flowcells. Samples were randomly assigned lanes and multiplexed at 12-24x.,27309819;28592500,,,38567,GPL13112,Mus musculus,GSE,Expression profiling by high throughput sequencing,2015/10/06,384,ftp://ftp.ncbi.nlm.nih.gov/geo/series/GSE72nnn/GSE72759/,Defining the consequences of genetic variation on a proteome-wide scale.,Nature,2016 Jun 23,10.1038/nature18270,OSD-164|Mmus_C57-6T_LVR_FLT_Rep1_F1,Space Flight
69,GSM5982322,0.9996857047080994,GSE199702,"Transcriptomics analysis of heart, kidney, and liver tissues from 58 Collaborative Cross strains",,,"We report transcriptomic profiling from bulk heart, kidney, and liver tissues for 58 strains of the inbred mouse Collaborative Cross (CC). Each strain is represented by a male/female pair. Reads were first aligned to the pooled transcriptomes of the eight founder strains of the CC and then total gene counts were quantified using the EMASE and GBRS software tools. Total read counts can be further normalized for use in differential gene expression analysis, expression quantitative trait locus (eQTL) analysis, and integrative analyses with other -omic data sets measured on the same samples, including proteomics and phosphoproteomics.","RNA profiling of heart, kidney, and liver bulk tissues of male/female pairs from 58 Collaborative Cross (CC) mouse strains",,,,617937,GPL24247,Mus musculus,GSE,Expression profiling by high throughput sequencing,2023/02/05,348,ftp://ftp.ncbi.nlm.nih.gov/geo/series/GSE199nnn/GSE199702/,,,,,OSD-164|Mmus_C57-6T_LVR_FLT_Rep1_F1,Space Flight
70,GSM1120581,0.9997958540916443,GSE45684,RNA-seq alignment to individualized genomes,,,"The source of most errors in RNA sequencing (RNA-seq) read alignment is in the repetitive structure of the genome and not with the alignment algorithm. Genetic variation away from the reference sequence exacerbates this problem causing reads to be assigned to the wrong location. We developed a method, implemented as the software package Seqnature, to construct the imputed genomes of individuals (individualized genomes) of experimental model organisms including inbred mouse strains and genetically unique outbred animals. Alignment to individualized genomes increases read mapping accuracy and improves transcript abundance estimates. In an application to expression QTL mapping, this approach corrected erroneous linkages and unmasked thousands of hidden associations. Individualized genomes accounting for genetic variation will be useful for human short-read sequencing and other sequencing applications including ChIP-seq.","Illumina 100bp single-end liver RNA-seq from 277 male and female Diversity Outbred 26-week old mice raised on standard chow or high fat diet. In addition, Illumina 100bp single-end liver RNA-seq from 128 male 26-week old male mice (20 weeks for NZO strain) from each of the DO founder strains raised on standard chow or high fat diet (8 males per strain by diet group). Each sample was sequenced in 2-4x technical replicates across multiple flowcells. Samples were randomly assigned lanes and multiplexed at 12-24x.",25236449;26614740;28592500,,,11840,GPL13112,Mus musculus,GSE,Expression profiling by high throughput sequencing,2014/06/10,1086,ftp://ftp.ncbi.nlm.nih.gov/geo/series/GSE45nnn/GSE45684/,RNA-Seq alignment to individualized genomes improves transcript abundance estimates in multiparent populations.,Genetics,2014 Sep,10.1534/genetics.114.165886,OSD-164|Mmus_C57-6T_LVR_FLT_Rep2_F2,Space Flight
71,GSM1119855,0.9997889995574951,GSE45684,RNA-seq alignment to individualized genomes,,,"The source of most errors in RNA sequencing (RNA-seq) read alignment is in the repetitive structure of the genome and not with the alignment algorithm. Genetic variation away from the reference sequence exacerbates this problem causing reads to be assigned to the wrong location. We developed a method, implemented as the software package Seqnature, to construct the imputed genomes of individuals (individualized genomes) of experimental model organisms including inbred mouse strains and genetically unique outbred animals. Alignment to individualized genomes increases read mapping accuracy and improves transcript abundance estimates. In an application to expression QTL mapping, this approach corrected erroneous linkages and unmasked thousands of hidden associations. Individualized genomes accounting for genetic variation will be useful for human short-read sequencing and other sequencing applications including ChIP-seq.","Illumina 100bp single-end liver RNA-seq from 277 male and female Diversity Outbred 26-week old mice raised on standard chow or high fat diet. In addition, Illumina 100bp single-end liver RNA-seq from 128 male 26-week old male mice (20 weeks for NZO strain) from each of the DO founder strains raised on standard chow or high fat diet (8 males per strain by diet group). Each sample was sequenced in 2-4x technical replicates across multiple flowcells. Samples were randomly assigned lanes and multiplexed at 12-24x.",25236449;26614740;28592500,,,11648,GPL13112,Mus musculus,GSE,Expression profiling by high throughput sequencing,2014/06/10,1086,ftp://ftp.ncbi.nlm.nih.gov/geo/series/GSE45nnn/GSE45684/,RNA-Seq alignment to individualized genomes improves transcript abundance estimates in multiparent populations.,Genetics,2014 Sep,10.1534/genetics.114.165886,OSD-164|Mmus_C57-6T_LVR_FLT_Rep2_F2,Space Flight
72,GSM1118094,0.9997826218605042,GSE45684,RNA-seq alignment to individualized genomes,,,"The source of most errors in RNA sequencing (RNA-seq) read alignment is in the repetitive structure of the genome and not with the alignment algorithm. Genetic variation away from the reference sequence exacerbates this problem causing reads to be assigned to the wrong location. We developed a method, implemented as the software package Seqnature, to construct the imputed genomes of individuals (individualized genomes) of experimental model organisms including inbred mouse strains and genetically unique outbred animals. Alignment to individualized genomes increases read mapping accuracy and improves transcript abundance estimates. In an application to expression QTL mapping, this approach corrected erroneous linkages and unmasked thousands of hidden associations. Individualized genomes accounting for genetic variation will be useful for human short-read sequencing and other sequencing applications including ChIP-seq.","Illumina 100bp single-end liver RNA-seq from 277 male and female Diversity Outbred 26-week old mice raised on standard chow or high fat diet. In addition, Illumina 100bp single-end liver RNA-seq from 128 male 26-week old male mice (20 weeks for NZO strain) from each of the DO founder strains raised on standard chow or high fat diet (8 males per strain by diet group). Each sample was sequenced in 2-4x technical replicates across multiple flowcells. Samples were randomly assigned lanes and multiplexed at 12-24x.",25236449;26614740;28592500,,,11252,GPL13112,Mus musculus,GSE,Expression profiling by high throughput sequencing,2014/06/10,1086,ftp://ftp.ncbi.nlm.nih.gov/geo/series/GSE45nnn/GSE45684/,RNA-Seq alignment to individualized genomes improves transcript abundance estimates in multiparent populations.,Genetics,2014 Sep,10.1534/genetics.114.165886,OSD-164|Mmus_C57-6T_LVR_FLT_Rep2_F2,Space Flight
73,GSM1118118,0.9997751712799072,GSE45684,RNA-seq alignment to individualized genomes,,,"The source of most errors in RNA sequencing (RNA-seq) read alignment is in the repetitive structure of the genome and not with the alignment algorithm. Genetic variation away from the reference sequence exacerbates this problem causing reads to be assigned to the wrong location. We developed a method, implemented as the software package Seqnature, to construct the imputed genomes of individuals (individualized genomes) of experimental model organisms including inbred mouse strains and genetically unique outbred animals. Alignment to individualized genomes increases read mapping accuracy and improves transcript abundance estimates. In an application to expression QTL mapping, this approach corrected erroneous linkages and unmasked thousands of hidden associations. Individualized genomes accounting for genetic variation will be useful for human short-read sequencing and other sequencing applications including ChIP-seq.","Illumina 100bp single-end liver RNA-seq from 277 male and female Diversity Outbred 26-week old mice raised on standard chow or high fat diet. In addition, Illumina 100bp single-end liver RNA-seq from 128 male 26-week old male mice (20 weeks for NZO strain) from each of the DO founder strains raised on standard chow or high fat diet (8 males per strain by diet group). Each sample was sequenced in 2-4x technical replicates across multiple flowcells. Samples were randomly assigned lanes and multiplexed at 12-24x.",25236449;26614740;28592500,,,11276,GPL13112,Mus musculus,GSE,Expression profiling by high throughput sequencing,2014/06/10,1086,ftp://ftp.ncbi.nlm.nih.gov/geo/series/GSE45nnn/GSE45684/,RNA-Seq alignment to individualized genomes improves transcript abundance estimates in multiparent populations.,Genetics,2014 Sep,10.1534/genetics.114.165886,OSD-164|Mmus_C57-6T_LVR_FLT_Rep2_F2,Space Flight
74,GSM1118123,0.9997737407684326,GSE45684,RNA-seq alignment to individualized genomes,,,"The source of most errors in RNA sequencing (RNA-seq) read alignment is in the repetitive structure of the genome and not with the alignment algorithm. Genetic variation away from the reference sequence exacerbates this problem causing reads to be assigned to the wrong location. We developed a method, implemented as the software package Seqnature, to construct the imputed genomes of individuals (individualized genomes) of experimental model organisms including inbred mouse strains and genetically unique outbred animals. Alignment to individualized genomes increases read mapping accuracy and improves transcript abundance estimates. In an application to expression QTL mapping, this approach corrected erroneous linkages and unmasked thousands of hidden associations. Individualized genomes accounting for genetic variation will be useful for human short-read sequencing and other sequencing applications including ChIP-seq.","Illumina 100bp single-end liver RNA-seq from 277 male and female Diversity Outbred 26-week old mice raised on standard chow or high fat diet. In addition, Illumina 100bp single-end liver RNA-seq from 128 male 26-week old male mice (20 weeks for NZO strain) from each of the DO founder strains raised on standard chow or high fat diet (8 males per strain by diet group). Each sample was sequenced in 2-4x technical replicates across multiple flowcells. Samples were randomly assigned lanes and multiplexed at 12-24x.",25236449;26614740;28592500,,,11281,GPL13112,Mus musculus,GSE,Expression profiling by high throughput sequencing,2014/06/10,1086,ftp://ftp.ncbi.nlm.nih.gov/geo/series/GSE45nnn/GSE45684/,RNA-Seq alignment to individualized genomes improves transcript abundance estimates in multiparent populations.,Genetics,2014 Sep,10.1534/genetics.114.165886,OSD-164|Mmus_C57-6T_LVR_FLT_Rep2_F2,Space Flight
75,GSM1119879,0.9997707009315491,GSE45684,RNA-seq alignment to individualized genomes,,,"The source of most errors in RNA sequencing (RNA-seq) read alignment is in the repetitive structure of the genome and not with the alignment algorithm. Genetic variation away from the reference sequence exacerbates this problem causing reads to be assigned to the wrong location. We developed a method, implemented as the software package Seqnature, to construct the imputed genomes of individuals (individualized genomes) of experimental model organisms including inbred mouse strains and genetically unique outbred animals. Alignment to individualized genomes increases read mapping accuracy and improves transcript abundance estimates. In an application to expression QTL mapping, this approach corrected erroneous linkages and unmasked thousands of hidden associations. Individualized genomes accounting for genetic variation will be useful for human short-read sequencing and other sequencing applications including ChIP-seq.","Illumina 100bp single-end liver RNA-seq from 277 male and female Diversity Outbred 26-week old mice raised on standard chow or high fat diet. In addition, Illumina 100bp single-end liver RNA-seq from 128 male 26-week old male mice (20 weeks for NZO strain) from each of the DO founder strains raised on standard chow or high fat diet (8 males per strain by diet group). Each sample was sequenced in 2-4x technical replicates across multiple flowcells. Samples were randomly assigned lanes and multiplexed at 12-24x.",25236449;26614740;28592500,,,11672,GPL13112,Mus musculus,GSE,Expression profiling by high throughput sequencing,2014/06/10,1086,ftp://ftp.ncbi.nlm.nih.gov/geo/series/GSE45nnn/GSE45684/,RNA-Seq alignment to individualized genomes improves transcript abundance estimates in multiparent populations.,Genetics,2014 Sep,10.1534/genetics.114.165886,OSD-164|Mmus_C57-6T_LVR_FLT_Rep2_F2,Space Flight
76,GSM1119432,0.9997648000717163,GSE45684,RNA-seq alignment to individualized genomes,,,"The source of most errors in RNA sequencing (RNA-seq) read alignment is in the repetitive structure of the genome and not with the alignment algorithm. Genetic variation away from the reference sequence exacerbates this problem causing reads to be assigned to the wrong location. We developed a method, implemented as the software package Seqnature, to construct the imputed genomes of individuals (individualized genomes) of experimental model organisms including inbred mouse strains and genetically unique outbred animals. Alignment to individualized genomes increases read mapping accuracy and improves transcript abundance estimates. In an application to expression QTL mapping, this approach corrected erroneous linkages and unmasked thousands of hidden associations. Individualized genomes accounting for genetic variation will be useful for human short-read sequencing and other sequencing applications including ChIP-seq.","Illumina 100bp single-end liver RNA-seq from 277 male and female Diversity Outbred 26-week old mice raised on standard chow or high fat diet. In addition, Illumina 100bp single-end liver RNA-seq from 128 male 26-week old male mice (20 weeks for NZO strain) from each of the DO founder strains raised on standard chow or high fat diet (8 males per strain by diet group). Each sample was sequenced in 2-4x technical replicates across multiple flowcells. Samples were randomly assigned lanes and multiplexed at 12-24x.",25236449;26614740;28592500,,,11446,GPL13112,Mus musculus,GSE,Expression profiling by high throughput sequencing,2014/06/10,1086,ftp://ftp.ncbi.nlm.nih.gov/geo/series/GSE45nnn/GSE45684/,RNA-Seq alignment to individualized genomes improves transcript abundance estimates in multiparent populations.,Genetics,2014 Sep,10.1534/genetics.114.165886,OSD-164|Mmus_C57-6T_LVR_FLT_Rep2_F2,Space Flight
77,GSM1119456,0.9997642040252686,GSE45684,RNA-seq alignment to individualized genomes,,,"The source of most errors in RNA sequencing (RNA-seq) read alignment is in the repetitive structure of the genome and not with the alignment algorithm. Genetic variation away from the reference sequence exacerbates this problem causing reads to be assigned to the wrong location. We developed a method, implemented as the software package Seqnature, to construct the imputed genomes of individuals (individualized genomes) of experimental model organisms including inbred mouse strains and genetically unique outbred animals. Alignment to individualized genomes increases read mapping accuracy and improves transcript abundance estimates. In an application to expression QTL mapping, this approach corrected erroneous linkages and unmasked thousands of hidden associations. Individualized genomes accounting for genetic variation will be useful for human short-read sequencing and other sequencing applications including ChIP-seq.","Illumina 100bp single-end liver RNA-seq from 277 male and female Diversity Outbred 26-week old mice raised on standard chow or high fat diet. In addition, Illumina 100bp single-end liver RNA-seq from 128 male 26-week old male mice (20 weeks for NZO strain) from each of the DO founder strains raised on standard chow or high fat diet (8 males per strain by diet group). Each sample was sequenced in 2-4x technical replicates across multiple flowcells. Samples were randomly assigned lanes and multiplexed at 12-24x.",25236449;26614740;28592500,,,11470,GPL13112,Mus musculus,GSE,Expression profiling by high throughput sequencing,2014/06/10,1086,ftp://ftp.ncbi.nlm.nih.gov/geo/series/GSE45nnn/GSE45684/,RNA-Seq alignment to individualized genomes improves transcript abundance estimates in multiparent populations.,Genetics,2014 Sep,10.1534/genetics.114.165886,OSD-164|Mmus_C57-6T_LVR_FLT_Rep2_F2,Space Flight
78,GSM1119524,0.9997614622116089,GSE45684,RNA-seq alignment to individualized genomes,,,"The source of most errors in RNA sequencing (RNA-seq) read alignment is in the repetitive structure of the genome and not with the alignment algorithm. Genetic variation away from the reference sequence exacerbates this problem causing reads to be assigned to the wrong location. We developed a method, implemented as the software package Seqnature, to construct the imputed genomes of individuals (individualized genomes) of experimental model organisms including inbred mouse strains and genetically unique outbred animals. Alignment to individualized genomes increases read mapping accuracy and improves transcript abundance estimates. In an application to expression QTL mapping, this approach corrected erroneous linkages and unmasked thousands of hidden associations. Individualized genomes accounting for genetic variation will be useful for human short-read sequencing and other sequencing applications including ChIP-seq.","Illumina 100bp single-end liver RNA-seq from 277 male and female Diversity Outbred 26-week old mice raised on standard chow or high fat diet. In addition, Illumina 100bp single-end liver RNA-seq from 128 male 26-week old male mice (20 weeks for NZO strain) from each of the DO founder strains raised on standard chow or high fat diet (8 males per strain by diet group). Each sample was sequenced in 2-4x technical replicates across multiple flowcells. Samples were randomly assigned lanes and multiplexed at 12-24x.",25236449;26614740;28592500,,,11538,GPL13112,Mus musculus,GSE,Expression profiling by high throughput sequencing,2014/06/10,1086,ftp://ftp.ncbi.nlm.nih.gov/geo/series/GSE45nnn/GSE45684/,RNA-Seq alignment to individualized genomes improves transcript abundance estimates in multiparent populations.,Genetics,2014 Sep,10.1534/genetics.114.165886,OSD-164|Mmus_C57-6T_LVR_FLT_Rep2_F2,Space Flight
79,GSM3464453,0.9997611045837402,GSE122348,Glucagon receptor blocked liver gene signature,,,Liver RNA-seq in lean or diet-induced obese mice administered with glucagon receptor blocking antibody,C57BL/6J male mice that had been on regular chow or high fat diet for 4 months were administered with glucagon receptor blocking antibody REGN1193 or isotype control antibody at 10 mg/kg for 3 weeks.,30582457,,,214608,GPL17021,Mus musculus,GSE,Expression profiling by high throughput sequencing,2018/11/09,23,ftp://ftp.ncbi.nlm.nih.gov/geo/series/GSE122nnn/GSE122348/,Hepatic Glucagon Signaling Regulates PCSK9 and Low-Density Lipoprotein Cholesterol.,Circulation research,2019 Jan 4,10.1161/CIRCRESAHA.118.313648,OSD-164|Mmus_C57-6T_LVR_FLT_Rep2_F2,Space Flight
80,GSM4731672,0.9996275901794434,GSE156450,RNA sequencing of livers from Per2-/- and WT mice following MC38 cancer cells injection reveals transcriptional differences as early as 7 days post injection,,,"The circadian clock regulates diverse physiological processes by maintaining a 24-hour gene expression pattern. Genetic and environmental cues that disrupt normal clock rhythms can lead to cancer, yet the extent to which this effect is controlled by the cancer cells versus non-malignant cells in the tumor microenvironment (TME) is not clear. Here we set out to address this question, by selective manipulation of circadian clock genes in the TME. In two different mouse models of cancer we find that expression of the core clock gene Per2 in the TME is crucial for tumor initiation and metastatic colonization, whereas another core gene, Per1, is dispensable. We further show that loss of Per2 in the TME leads to significant transcriptional changes in response to cancer cell introduction. These changes may contribute to a tumor-suppressive microenvironment. Thus, our work unravels an unexpected protumorigenic role for the core clock gene Per2 in the TME, with potential implications for therapeutic dosing strategies and treatment regimens.","Per2-/- or WT C57Bl/6 male mice were injected with 20,000 MC38 cells (n=4 mice per genotype) or PBS (n=2 control mice per genotype) into the hepatic portal vein. 7 days post-injection, mice were sacrificed and livers  were then dissociated and sequenced.",33123539,,,411282,GPL24247,Mus musculus,GSE,Expression profiling by high throughput sequencing,2020/10/15,12,ftp://ftp.ncbi.nlm.nih.gov/geo/series/GSE156nnn/GSE156450/,Stromal Expression of the Core Clock Gene Period 2 Is Essential for Tumor Initiation and Metastatic Colonization.,Frontiers in cell and developmental biology,2020,10.3389/fcell.2020.587697,OSD-164|Mmus_C57-6T_LVR_FLT_Rep3_F3,Space Flight
81,GSM4731673,0.9996163249015808,GSE156450,RNA sequencing of livers from Per2-/- and WT mice following MC38 cancer cells injection reveals transcriptional differences as early as 7 days post injection,,,"The circadian clock regulates diverse physiological processes by maintaining a 24-hour gene expression pattern. Genetic and environmental cues that disrupt normal clock rhythms can lead to cancer, yet the extent to which this effect is controlled by the cancer cells versus non-malignant cells in the tumor microenvironment (TME) is not clear. Here we set out to address this question, by selective manipulation of circadian clock genes in the TME. In two different mouse models of cancer we find that expression of the core clock gene Per2 in the TME is crucial for tumor initiation and metastatic colonization, whereas another core gene, Per1, is dispensable. We further show that loss of Per2 in the TME leads to significant transcriptional changes in response to cancer cell introduction. These changes may contribute to a tumor-suppressive microenvironment. Thus, our work unravels an unexpected protumorigenic role for the core clock gene Per2 in the TME, with potential implications for therapeutic dosing strategies and treatment regimens.","Per2-/- or WT C57Bl/6 male mice were injected with 20,000 MC38 cells (n=4 mice per genotype) or PBS (n=2 control mice per genotype) into the hepatic portal vein. 7 days post-injection, mice were sacrificed and livers  were then dissociated and sequenced.",33123539,,,411283,GPL24247,Mus musculus,GSE,Expression profiling by high throughput sequencing,2020/10/15,12,ftp://ftp.ncbi.nlm.nih.gov/geo/series/GSE156nnn/GSE156450/,Stromal Expression of the Core Clock Gene Period 2 Is Essential for Tumor Initiation and Metastatic Colonization.,Frontiers in cell and developmental biology,2020,10.3389/fcell.2020.587697,OSD-164|Mmus_C57-6T_LVR_FLT_Rep3_F3,Space Flight
82,GSM4387789,0.9995958805084229,GSE146508,Transcriptome and open chromatin analysis of 5-month mouse liver and blood by the TaRGET II consortium,,,"The TaRGET (Toxicant Exposures and Responses by Genomic and Epigenomic Regulators of Transcription) program is a research consortium funded by the National Institute of Environmental Health Sciences (NIEHS). The goal of the collaboration is to address the role of environmental exposures in disease pathogenesis as a function of epigenome perturbation, including understanding the environmental control of epigenetic mechanisms and assessing the utility of surrogate tissue analysis in mouse models of disease-relevant environmental exposures (https://targetepigenomics.org).",RNA-seq and ATAC-seq of liver and blood samples from 5-month mice that were subjected to disease-relevant environmental exposures. The TaRGET II consortium (https://targetepigenomics.org/about/),29509741;42209488,,,351348,GPL17021; GPL21103; GPL21493; GPL19057; GPL21273; GPL24247,Mus musculus,GSE,Expression profiling by high throughput sequencing; Genome binding/occupancy profiling by high throughput sequencing,2020/05/20,849,ftp://ftp.ncbi.nlm.nih.gov/geo/series/GSE146nnn/GSE146508/,The NIEHS TaRGET II Consortium and environmental epigenomics.,Nature biotechnology,2018 Mar 6,10.1038/nbt.4099,OSD-164|Mmus_C57-6T_LVR_FLT_Rep3_F3,Space Flight
83,GSM2878315,0.9995895624160767,GSE107763,miR-29 controls aging-related phenotypes through regulation of the p53 signaling pathway,,,We examine the effects of over-expressing miR-29 on phenotypes related to aging,"RNA-seq of liver tissue from WT young (P60) mice and old (P2yr) mice, young (P60) miR-29 overexpressing mice, and young (P60) miR-29 overexpressing / P53 heterozygous mice.",39191864,,,138613,GPL17021,Mus musculus,GSE,Expression profiling by high throughput sequencing,2022/12/06,8,ftp://ftp.ncbi.nlm.nih.gov/geo/series/GSE107nnn/GSE107763/,miR-29 is an important driver of aging-related phenotypes.,Communications biology,2024 Aug 27,10.1038/s42003-024-06735-z,OSD-164|Mmus_C57-6T_LVR_FLT_Rep3_F3,Space Flight
84,GSM4730244,0.9995789527893066,GSE156403,Effect of Diaph1 knockout on gene expression of mouse livers on western diet for 16 weeks,,,Diaph1 was knocked out in Ldlr-/- mice on western diet for 16 weeks and the effect of gene expression in liver was measured.,a. WT mice on chow (n=4) b.  Ldlr-/- mice on Western diet (n=4) c.   Ldlr-/-Diaph1-/- mice on Western diet  (n=4),36932214,,,411215,GPL17021,Mus musculus,GSE,Expression profiling by high throughput sequencing,2023/03/14,12,ftp://ftp.ncbi.nlm.nih.gov/geo/series/GSE156nnn/GSE156403/,DIAPH1 mediates progression of atherosclerosis and regulates hepatic lipid metabolism in mice.,Communications biology,2023 Mar 17,10.1038/s42003-023-04643-2,OSD-164|Mmus_C57-6T_LVR_FLT_Rep3_F3,Space Flight
85,GSM4388077,0.9995744228363037,GSE146508,Transcriptome and open chromatin analysis of 5-month mouse liver and blood by the TaRGET II consortium,,,"The TaRGET (Toxicant Exposures and Responses by Genomic and Epigenomic Regulators of Transcription) program is a research consortium funded by the National Institute of Environmental Health Sciences (NIEHS). The goal of the collaboration is to address the role of environmental exposures in disease pathogenesis as a function of epigenome perturbation, including understanding the environmental control of epigenetic mechanisms and assessing the utility of surrogate tissue analysis in mouse models of disease-relevant environmental exposures (https://targetepigenomics.org).",RNA-seq and ATAC-seq of liver and blood samples from 5-month mice that were subjected to disease-relevant environmental exposures. The TaRGET II consortium (https://targetepigenomics.org/about/),29509741;42209488,,,351514,GPL17021; GPL21103; GPL21493; GPL19057; GPL21273; GPL24247,Mus musculus,GSE,Expression profiling by high throughput sequencing; Genome binding/occupancy profiling by high throughput sequencing,2020/05/20,849,ftp://ftp.ncbi.nlm.nih.gov/geo/series/GSE146nnn/GSE146508/,The NIEHS TaRGET II Consortium and environmental epigenomics.,Nature biotechnology,2018 Mar 6,10.1038/nbt.4099,OSD-164|Mmus_C57-6T_LVR_FLT_Rep3_F3,Space Flight
86,GSM4730251,0.9995737075805664,GSE156403,Effect of Diaph1 knockout on gene expression of mouse livers on western diet for 16 weeks,,,Diaph1 was knocked out in Ldlr-/- mice on western diet for 16 weeks and the effect of gene expression in liver was measured.,a. WT mice on chow (n=4) b.  Ldlr-/- mice on Western diet (n=4) c.   Ldlr-/-Diaph1-/- mice on Western diet  (n=4),36932214,,,411222,GPL17021,Mus musculus,GSE,Expression profiling by high throughput sequencing,2023/03/14,12,ftp://ftp.ncbi.nlm.nih.gov/geo/series/GSE156nnn/GSE156403/,DIAPH1 mediates progression of atherosclerosis and regulates hepatic lipid metabolism in mice.,Communications biology,2023 Mar 17,10.1038/s42003-023-04643-2,OSD-164|Mmus_C57-6T_LVR_FLT_Rep3_F3,Space Flight
87,GSM6672167,0.9995736479759216,GSE216416,Sexual Dimorphism of Circadian Liver Transcriptome,,,"Purpose: To conduct a transcriptomic study of gene oscillations in mouse liver by RNA sequencing of total RNA samples from 6 different time points across the day. Specific interest is to see whether sex is a factor in large scale gene oscillations under ad-libitum control conditions and in response to caloric restriction diet, since caloric restriction was previously reported to affect gene oscillation Methods: Total RNA was isolated from 20 mg mouse liver tissue using mini spin column QIAGEN RNeasy Mini Kit (Ref #74104, Lot#163035346, Hilden, Germany) according to the manufacturer’s protocol. Sample purity was checked on Nano Drop 2000 (Thermo Fisher Scientific, Waltham, MA, USA) with 260/280 ratio ≥ 2.0 and 260/230 ratio  ≥ 2.0  for every sample. Each sample used for the analysis had RNA integrity number > 7. The RNA sequencing was performed by Novogene Corporation Inc (Sacramento, CA, USA). After sample quality control, non-directional – polyA enrichment library was prepared using NEBNext Ultra™ II RNA Library Prep Kit for Illumina, and 50M reads (150bp, paired end) per sample were generated on Illumina NovaSeq 6000 platform. RNA-seq reads were mapped to the mouse protein coding genes (Ensembl: Mus_musculus; GRCm38) using Bowtie allowing up to 2-mismatches. The gene expected read counts and Transcripts Per Million (TPM) were estimated by RSEM (v1.2.3). The TPMs were further normalized by EBSeq R package to correct potential batch effect. Results: We have performed RNA sequencing analysis of mouse livers on Ad-libitum and timed Caloric Restriction diet across 6 time points in 24h. The results of subsequent compareRhythms analysis (R package) revealed that circadian rhythms in total RNA liver transcriptome are different between sexes of mice in both the number of oscillating genes and phase under ad-libitum diet. Caloric restriction increased the number of oscillating genes in both sexes and resulted in a larger overlap of rhythmic transcriptome between sexes, but did not eliminate the difference completely. The response of transcriptome to caloric restriction in terms of gain or loss of rhythm in gene expression profiles was also different between sexes. Additionally, we have shown that the lack of data stratification by sex might result in the failure to detect rhythmic changes in expression of some genes. Conclusions: Our study represents the first systematic analysis of the effect of sex on circadian rhythms of liver transcriptome under ad libitum and caloric restriction diets. We have shown that sex based differences exist in rhythmic transcriptome, as well as in the response of rhythmic transcriptome to diet. We are providing the data useful for both circadian and metabolic researchers and point out the gene candidates which may not be identified as rhythmic, if the data is not stratified by sex. With the help of GO analysis we have concluded that sex also influences the preference towards different processes to be regulated in rhythmic manner on transcriptional level - fatty acid metabolism and protein transport in males vs nucleic acid metabolism and RNA processing in females on ad-libitum diet. On calorie-restricted diet nucleic acid metabolism and RNA processing were enriched in males vs protein transport and signal transduction in females on calorie-restricted diet. These findings highlight a complex interaction of sex and diet in their effect on circadian rhythms in liver gene expression. All of the data from sequenced RNA samples from MALE liver were previously uploaded with the GSE211975 dataset. The current dataset only contains RNA-seq samples from FEMALE liver.",Liver mRNA profiles of 5 mo old mice on ad-libitum and 30% caloric-restriction diets across 6 time points in 24 hours,38550984,,,696704,GPL24247,Mus musculus,GSE,Expression profiling by high throughput sequencing,2023/03/01,35,ftp://ftp.ncbi.nlm.nih.gov/geo/series/GSE216nnn/GSE216416/,Sexual dimorphism of circadian liver transcriptome.,iScience,2024 Apr 19,10.1016/j.isci.2024.109483,OSD-164|Mmus_C57-6T_LVR_FLT_Rep3_F3,Space Flight
88,GSM4387813,0.9995635747909546,GSE146508,Transcriptome and open chromatin analysis of 5-month mouse liver and blood by the TaRGET II consortium,,,"The TaRGET (Toxicant Exposures and Responses by Genomic and Epigenomic Regulators of Transcription) program is a research consortium funded by the National Institute of Environmental Health Sciences (NIEHS). The goal of the collaboration is to address the role of environmental exposures in disease pathogenesis as a function of epigenome perturbation, including understanding the environmental control of epigenetic mechanisms and assessing the utility of surrogate tissue analysis in mouse models of disease-relevant environmental exposures (https://targetepigenomics.org).",RNA-seq and ATAC-seq of liver and blood samples from 5-month mice that were subjected to disease-relevant environmental exposures. The TaRGET II consortium (https://targetepigenomics.org/about/),29509741;42209488,,,351372,GPL17021; GPL21103; GPL21493; GPL19057; GPL21273; GPL24247,Mus musculus,GSE,Expression profiling by high throughput sequencing; Genome binding/occupancy profiling by high throughput sequencing,2020/05/20,849,ftp://ftp.ncbi.nlm.nih.gov/geo/series/GSE146nnn/GSE146508/,The NIEHS TaRGET II Consortium and environmental epigenomics.,Nature biotechnology,2018 Mar 6,10.1038/nbt.4099,OSD-164|Mmus_C57-6T_LVR_FLT_Rep3_F3,Space Flight
89,GSM4387791,0.9995596408843994,GSE146508,Transcriptome and open chromatin analysis of 5-month mouse liver and blood by the TaRGET II consortium,,,"The TaRGET (Toxicant Exposures and Responses by Genomic and Epigenomic Regulators of Transcription) program is a research consortium funded by the National Institute of Environmental Health Sciences (NIEHS). The goal of the collaboration is to address the role of environmental exposures in disease pathogenesis as a function of epigenome perturbation, including understanding the environmental control of epigenetic mechanisms and assessing the utility of surrogate tissue analysis in mouse models of disease-relevant environmental exposures (https://targetepigenomics.org).",RNA-seq and ATAC-seq of liver and blood samples from 5-month mice that were subjected to disease-relevant environmental exposures. The TaRGET II consortium (https://targetepigenomics.org/about/),29509741;42209488,,,351350,GPL17021; GPL21103; GPL21493; GPL19057; GPL21273; GPL24247,Mus musculus,GSE,Expression profiling by high throughput sequencing; Genome binding/occupancy profiling by high throughput sequencing,2020/05/20,849,ftp://ftp.ncbi.nlm.nih.gov/geo/series/GSE146nnn/GSE146508/,The NIEHS TaRGET II Consortium and environmental epigenomics.,Nature biotechnology,2018 Mar 6,10.1038/nbt.4099,OSD-164|Mmus_C57-6T_LVR_FLT_Rep3_F3,Space Flight
90,GSM6085252,0.9984849095344543,GSE201969,In vivo self-assembly and targeted delivery of EGFR siRNA-encapsulating small extracellular vesicles to EGFR-positive cancer cells for NSCLC therapy,,,"We designed a synthetic biology circuit encoding both an EGFR-targeting peptide (GE11) and an EGFR siRNA under the control of the cytomegalovirus (CMV) promoter. After uptake by mouse liver cells via intravenous injection, this genetic circuit can reprogram the liver cells to produce and self-assemble EGFR siRNAs into secretory small extracellular vesicles (sEVs) tagged with the GE11 peptide, after which the siRNA-encapsulating sEVs are further transported via the blood circulation and guided by the GE11 peptide to EGFR-positive tumour cells for NSCLC therapy. RNA sequencing-based transcriptomic profiling confirmed the safety and low off-target activity of in vivo self-assembled EGFR siRNAs.","EGFR DEL19 transgenic mice were administered doxycycline for 25 days and analysed by micro-CT to ensure spontaneous tumour formation in the lungs. Mice were then intravenously injected with the CMV-scrR, CMV-siRE or CMV-GE11-siRE circuit (10 mg/kg) every 2 days for a total of 7 injections. After treatment, mice were sacrificed, and normal tissues and tumours were harvested to determine the global transcriptome alterations by RNA sequencing.",,,,635604,GPL24247,Mus musculus,GSE,Expression profiling by high throughput sequencing,2024/04/30,72,ftp://ftp.ncbi.nlm.nih.gov/geo/series/GSE201nnn/GSE201969/,,,,,OSD-164|Mmus_C57-6T_SPL_FLT_Rep1_F1,Space Flight
91,GSM5260110,0.9984757304191589,GSE173118,TAK-981,,,This SuperSeries is composed of the SubSeries listed below.,Refer to individual Series,34524860,,,493763,GPL24247; GPL17021; GPL24676,Homo sapiens; Mus musculus,GSE,Expression profiling by high throughput sequencing,2021/04/23,215,ftp://ftp.ncbi.nlm.nih.gov/geo/series/GSE173nnn/GSE173118/,A small-molecule SUMOylation inhibitor activates antitumor immune responses and potentiates immune therapies in preclinical models.,Science translational medicine,2021 Sep 15,10.1126/scitranslmed.aba7791,OSD-164|Mmus_C57-6T_SPL_FLT_Rep1_F1,Space Flight
92,GSM5260108,0.9982967376708984,GSE173118,TAK-981,,,This SuperSeries is composed of the SubSeries listed below.,Refer to individual Series,34524860,,,493761,GPL24247; GPL17021; GPL24676,Homo sapiens; Mus musculus,GSE,Expression profiling by high throughput sequencing,2021/04/23,215,ftp://ftp.ncbi.nlm.nih.gov/geo/series/GSE173nnn/GSE173118/,A small-molecule SUMOylation inhibitor activates antitumor immune responses and potentiates immune therapies in preclinical models.,Science translational medicine,2021 Sep 15,10.1126/scitranslmed.aba7791,OSD-164|Mmus_C57-6T_SPL_FLT_Rep1_F1,Space Flight
93,GSM6481274,0.9982947111129761,GSE211597,Effects of Assisted Reproductive Technology on Gene Expression in Heart and Spleen tissues of Adult Offspring,,,"Assisted reproductive technology (ART) is an important part of reproductive medicine that comprises superovulation, in vitro fertilization (IVF), in vitro culture of embryos, cryopreservation and embryo transfer. Because it occurs in the sensitive period of gametogenesis and early embryonic development, its possible health effects on the offspring have received widespread attention in recent years. Relevant studies, though, are limited to postnatal follow-up and blood sample analysis. In this study, a mouse model was used to explore the effect of ART on gene expression in the organs of the off-spring using next-generation sequencing. The results showed that it caused abnormal expression in 1060 and 179 genes in the heart and spleen, respectively. Differentially expressed genes (DEGs) in the heart are mainly enriched in RNA synthesis and processing, and cardiovascular system development is also enriched. STRING analysis identified Ccl2, Ptgs2, Rock1, MAPK14, Agt, Wnt5a as core interaction factors. DEGs in the spleen are significantly enriched in anti-infection and im-mune responses and in the hematopoiesis-related pathway ""hematopoietic cell lineage"", which includes the core factors Fos, Jun and Il1r2. Then, we explored the effects of ART on epigenetic modifiers and imprinted genes. The results showed that 42 heart genes and 5 spleen genes were abnormally expressed, most of which were related to histone modification and chromatin remodeling. Imprinted genes are very important for normal fetal and individual growth and development. It was found that the expression of imprinted genes Dhcr7, Igf2, Mest and Smoc1 decreased in the heart of ART offspring, and the DNA methylation levels of Igf2 and Mest imprinting control regions (ICRs) increased abnormally. Therefore, we con-cluded that, in the mouse model, ART can interfere with the gene expression pattern in the heart and spleen of the adult offspring, causing potentially adverse effects on organ function. The results of this study can provide a reference for evaluating the safety of human ART and helping improve the clinical system.",Comparison of gene expression in offspring organs between control and ART,37065763,,,674302,GPL17021,Mus musculus,GSE,Expression profiling by high throughput sequencing,2023/04/19,11,ftp://ftp.ncbi.nlm.nih.gov/geo/series/GSE211nnn/GSE211597/,Effects of assisted reproductive technology on gene expression in heart and spleen tissues of adult offspring mouse.,Frontiers in endocrinology,2023,10.3389/fendo.2023.1035161,OSD-164|Mmus_C57-6T_SPL_FLT_Rep1_F1,Space Flight
94,GSM3745034,0.9981510043144226,GSE130629,Transcriptional Correlates of Tolerance and Lethality from Mouse Models Predict Ebola Virus Disease Outcome,,,We report comparative outcome-dependent transcriptional profiles from spleen and liver from Collaborative Cross mice infected with mouse-adapted Ebola virus (MA-EBOV).,Longitudinal transcriptional profiling (mRNA and miRNA) of 10 Collaborative Cross lines infected with mouse-adapted Ebola virus.,32049004,,,254635,GPL21103,Mus musculus,GSE,Expression profiling by high throughput sequencing,2019/12/01,729,ftp://ftp.ncbi.nlm.nih.gov/geo/series/GSE130nnn/GSE130629/,Transcriptional Correlates of Tolerance and Lethality in Mice Predict Ebola Virus Disease Patient Outcomes.,Cell reports,2020 Feb 11,10.1016/j.celrep.2020.01.026,OSD-164|Mmus_C57-6T_SPL_FLT_Rep1_F1,Space Flight
95,GSM6085254,0.9981293678283691,GSE201969,In vivo self-assembly and targeted delivery of EGFR siRNA-encapsulating small extracellular vesicles to EGFR-positive cancer cells for NSCLC therapy,,,"We designed a synthetic biology circuit encoding both an EGFR-targeting peptide (GE11) and an EGFR siRNA under the control of the cytomegalovirus (CMV) promoter. After uptake by mouse liver cells via intravenous injection, this genetic circuit can reprogram the liver cells to produce and self-assemble EGFR siRNAs into secretory small extracellular vesicles (sEVs) tagged with the GE11 peptide, after which the siRNA-encapsulating sEVs are further transported via the blood circulation and guided by the GE11 peptide to EGFR-positive tumour cells for NSCLC therapy. RNA sequencing-based transcriptomic profiling confirmed the safety and low off-target activity of in vivo self-assembled EGFR siRNAs.","EGFR DEL19 transgenic mice were administered doxycycline for 25 days and analysed by micro-CT to ensure spontaneous tumour formation in the lungs. Mice were then intravenously injected with the CMV-scrR, CMV-siRE or CMV-GE11-siRE circuit (10 mg/kg) every 2 days for a total of 7 injections. After treatment, mice were sacrificed, and normal tissues and tumours were harvested to determine the global transcriptome alterations by RNA sequencing.",,,,635606,GPL24247,Mus musculus,GSE,Expression profiling by high throughput sequencing,2024/04/30,72,ftp://ftp.ncbi.nlm.nih.gov/geo/series/GSE201nnn/GSE201969/,,,,,OSD-164|Mmus_C57-6T_SPL_FLT_Rep1_F1,Space Flight
96,GSM4120116,0.9980237483978271,GSE138825,Tissue-specific transcriptomic changes associated with AmBisome treatment of mice with experimental visceral leishmaniasis,,,"RNAseq of mouse liver and spleen samples infected with M. bovis treated with ambisome Liposomal amphotericin B (AmBisome) is a commonly used treatment  for visceral leishmaniasis (VL), but  is significantly less effective in the treatment of VL in East Africa, where the burden of disease is now greatest.   Despite its widespread use, little is known of the mode of action of AmBisome.  Here, we sought to examine the impact of AmBisome on tissue-specific transcriptomic changes following experimental infection with Leishmania donovani, in the two most clinically important tissues for treatment, the spleen and the liver.  BALB/c mice infected with M. bovis BCG (an organism resistant to AmBisome treatment) were used  to distinguish between direct effects of AmBisome and those that are secondary to parasite death using the RNAseq libraries generated to compare to previously published transcriptomic data of Leishmania donovani infected spleen and liver tissues treated with AmBisome. Our data indicate that the tissue response to AmBisome treatment is varied in different target organs and that full restoration of homeostasis is not achieved at parasitological cure.  The pathways required to restore homeostasis deserve fuller attention in order to understand mechanisms associated with treatment failure and relapse and to promote more rapid restoration of immune competence.","10 6-8 week old BALB/c mice infected with BCG-SSI. At 35 days post infected, 5 were treated with Ambisome. All mice were culled at d42 and whole RNA isolated from tissues collected from this time point",31976381,,,297889,GPL17021,Mus musculus,GSE,Expression profiling by high throughput sequencing,2019/10/15,19,ftp://ftp.ncbi.nlm.nih.gov/geo/series/GSE138nnn/GSE138825/,Tissue-specific transcriptomic changes associated with AmBisome® treatment of BALB/c mice with experimental visceral leishmaniasis.,Wellcome open research,2019,10.12688/wellcomeopenres.15606.1,OSD-164|Mmus_C57-6T_SPL_FLT_Rep1_F1,Space Flight
97,GSM4120111,0.9980173707008362,GSE138825,Tissue-specific transcriptomic changes associated with AmBisome treatment of mice with experimental visceral leishmaniasis,,,"RNAseq of mouse liver and spleen samples infected with M. bovis treated with ambisome Liposomal amphotericin B (AmBisome) is a commonly used treatment  for visceral leishmaniasis (VL), but  is significantly less effective in the treatment of VL in East Africa, where the burden of disease is now greatest.   Despite its widespread use, little is known of the mode of action of AmBisome.  Here, we sought to examine the impact of AmBisome on tissue-specific transcriptomic changes following experimental infection with Leishmania donovani, in the two most clinically important tissues for treatment, the spleen and the liver.  BALB/c mice infected with M. bovis BCG (an organism resistant to AmBisome treatment) were used  to distinguish between direct effects of AmBisome and those that are secondary to parasite death using the RNAseq libraries generated to compare to previously published transcriptomic data of Leishmania donovani infected spleen and liver tissues treated with AmBisome. Our data indicate that the tissue response to AmBisome treatment is varied in different target organs and that full restoration of homeostasis is not achieved at parasitological cure.  The pathways required to restore homeostasis deserve fuller attention in order to understand mechanisms associated with treatment failure and relapse and to promote more rapid restoration of immune competence.","10 6-8 week old BALB/c mice infected with BCG-SSI. At 35 days post infected, 5 were treated with Ambisome. All mice were culled at d42 and whole RNA isolated from tissues collected from this time point",31976381,,,297884,GPL17021,Mus musculus,GSE,Expression profiling by high throughput sequencing,2019/10/15,19,ftp://ftp.ncbi.nlm.nih.gov/geo/series/GSE138nnn/GSE138825/,Tissue-specific transcriptomic changes associated with AmBisome® treatment of BALB/c mice with experimental visceral leishmaniasis.,Wellcome open research,2019,10.12688/wellcomeopenres.15606.1,OSD-164|Mmus_C57-6T_SPL_FLT_Rep1_F1,Space Flight
98,GSM3576759,0.9979762434959412,GSE125539,"Gene expression profiles in double transgenic (DT, Pum2;rtTA3) and control (CTR, Pum2 and wild-type) spleens [RNA-seq]",,,"Although numerous long noncoding RNAs (lncRNAs) have been identified, our understanding of their roles in mammalian physiology remains limited. Here we investigated the physiologic function of the conserved lncRNA Norad in vivo. Deletion of Norad in mice results in genomic instability and mitochondrial dysfunction, leading to a dramatic multi-system degenerative phenotype resembling premature aging. Loss of tissue homeostasis in Norad-deficient animals is attributable to augmented activity of PUMILIO proteins, which act as post-transcriptional repressors of target mRNAs to which they bind. Norad is the preferred RNA target of PUMILIO2 (PUM2) in mouse tissues and, upon loss of Norad, PUM2 hyperactively represses key genes required for mitosis and mitochondrial function. Accordingly, enforced Pum2 expression fully phenocopies Norad deletion, resulting in rapid-onset aging-associated phenotypes. These findings provide new insights and open new lines of investigation into the roles of noncoding RNAs and RNA binding proteins in normal physiology and aging.",Gene expression profiles were determined by RNA-seq.,30735131,,,232415,GPL19057,Mus musculus,GSE,Expression profiling by high throughput sequencing,2019/02/05,8,ftp://ftp.ncbi.nlm.nih.gov/geo/series/GSE125nnn/GSE125539/,PUMILIO hyperactivity drives premature aging of Norad-deficient mice.,eLife,2019 Feb 8,10.7554/eLife.42650,OSD-164|Mmus_C57-6T_SPL_FLT_Rep1_F1,Space Flight
99,GSM3745123,0.9979669451713562,GSE130629,Transcriptional Correlates of Tolerance and Lethality from Mouse Models Predict Ebola Virus Disease Outcome,,,We report comparative outcome-dependent transcriptional profiles from spleen and liver from Collaborative Cross mice infected with mouse-adapted Ebola virus (MA-EBOV).,Longitudinal transcriptional profiling (mRNA and miRNA) of 10 Collaborative Cross lines infected with mouse-adapted Ebola virus.,32049004,,,254723,GPL21103,Mus musculus,GSE,Expression profiling by high throughput sequencing,2019/12/01,729,ftp://ftp.ncbi.nlm.nih.gov/geo/series/GSE130nnn/GSE130629/,Transcriptional Correlates of Tolerance and Lethality in Mice Predict Ebola Virus Disease Patient Outcomes.,Cell reports,2020 Feb 11,10.1016/j.celrep.2020.01.026,OSD-164|Mmus_C57-6T_SPL_FLT_Rep1_F1,Space Flight
100,GSM3069803,0.9988336563110352,GSE112635,A network of noncoding regulatory RNAs acts in the mammalian brain,,,This SuperSeries is composed of the SubSeries listed below.,Refer to individual Series,29887379,,,159505,GPL16791; GPL17021,Homo sapiens; Mus musculus,GSE,Expression profiling by high throughput sequencing; Non-coding RNA profiling by high throughput sequencing,2018/06/07,153,ftp://ftp.ncbi.nlm.nih.gov/geo/series/GSE112nnn/GSE112635/,A Network of Noncoding Regulatory RNAs Acts in the Mammalian Brain.,Cell,2018 Jul 12,10.1016/j.cell.2018.05.022,OSD-164|Mmus_C57-6T_SPL_FLT_Rep2_F2,Space Flight
101,GSM3745307,0.9982767701148987,GSE130629,Transcriptional Correlates of Tolerance and Lethality from Mouse Models Predict Ebola Virus Disease Outcome,,,We report comparative outcome-dependent transcriptional profiles from spleen and liver from Collaborative Cross mice infected with mouse-adapted Ebola virus (MA-EBOV).,Longitudinal transcriptional profiling (mRNA and miRNA) of 10 Collaborative Cross lines infected with mouse-adapted Ebola virus.,32049004,,,254902,GPL21103,Mus musculus,GSE,Expression profiling by high throughput sequencing,2019/12/01,729,ftp://ftp.ncbi.nlm.nih.gov/geo/series/GSE130nnn/GSE130629/,Transcriptional Correlates of Tolerance and Lethality in Mice Predict Ebola Virus Disease Patient Outcomes.,Cell reports,2020 Feb 11,10.1016/j.celrep.2020.01.026,OSD-164|Mmus_C57-6T_SPL_FLT_Rep2_F2,Space Flight
102,GSM3745309,0.9982757568359375,GSE130629,Transcriptional Correlates of Tolerance and Lethality from Mouse Models Predict Ebola Virus Disease Outcome,,,We report comparative outcome-dependent transcriptional profiles from spleen and liver from Collaborative Cross mice infected with mouse-adapted Ebola virus (MA-EBOV).,Longitudinal transcriptional profiling (mRNA and miRNA) of 10 Collaborative Cross lines infected with mouse-adapted Ebola virus.,32049004,,,254904,GPL21103,Mus musculus,GSE,Expression profiling by high throughput sequencing,2019/12/01,729,ftp://ftp.ncbi.nlm.nih.gov/geo/series/GSE130nnn/GSE130629/,Transcriptional Correlates of Tolerance and Lethality in Mice Predict Ebola Virus Disease Patient Outcomes.,Cell reports,2020 Feb 11,10.1016/j.celrep.2020.01.026,OSD-164|Mmus_C57-6T_SPL_FLT_Rep2_F2,Space Flight
103,GSM5416011,0.9982509613037109,GSE179350,RNA sequencing of the spleen of naked mole-rat and  mouse,,,Heathly naked mole-rats kept under normal housing conditions harbor either a small or enlarged spleen. The aim of the study is to compare RNAseq of naked mole-rat (NM-R) small and enlarged spleens between them and to compare them with RNAseq of mouse spleen.,"Dissection of the spleen from NM-R and mice kept under normal housekeeping conditions. We observed that  healthy NM-R have either small or enlarged spleen. We therefore compared 3 groups: NM-R with small spleen, NM-R with enlarged spleen and mouse spleen, n = 3 per group.   After extraction of  total RNA,  RNA sequencing and transcriptome analysis were performed. RNA was sequenced  on the Illumina NovaSeq6000 Platform.",35382566,,,515583,GPL21195; GPL17021,Mus musculus; Heterocephalus glaber,GSE,Expression profiling by high throughput sequencing,2022/04/06,9,ftp://ftp.ncbi.nlm.nih.gov/geo/series/GSE179nnn/GSE179350/,Immune competence and spleen size scale with colony status in the naked mole-rat.,Open biology,2022 Apr,10.1098/rsob.210292,OSD-164|Mmus_C57-6T_SPL_FLT_Rep2_F2,Space Flight
104,GSM3745308,0.9982104897499084,GSE130629,Transcriptional Correlates of Tolerance and Lethality from Mouse Models Predict Ebola Virus Disease Outcome,,,We report comparative outcome-dependent transcriptional profiles from spleen and liver from Collaborative Cross mice infected with mouse-adapted Ebola virus (MA-EBOV).,Longitudinal transcriptional profiling (mRNA and miRNA) of 10 Collaborative Cross lines infected with mouse-adapted Ebola virus.,32049004,,,254903,GPL21103,Mus musculus,GSE,Expression profiling by high throughput sequencing,2019/12/01,729,ftp://ftp.ncbi.nlm.nih.gov/geo/series/GSE130nnn/GSE130629/,Transcriptional Correlates of Tolerance and Lethality in Mice Predict Ebola Virus Disease Patient Outcomes.,Cell reports,2020 Feb 11,10.1016/j.celrep.2020.01.026,OSD-164|Mmus_C57-6T_SPL_FLT_Rep2_F2,Space Flight
105,GSM7813712,0.9982061386108398,GSE244335,"Gene expression in lung tissue, blood and spleen of mice with severe acute pancreatitis",,,"Severe acute pancreatitis (SAP) is a critical disease, often complicated with multiple organ dysfunction, which seriously endangeres the life safety of patients. Previous studies have shown that cGAS-STING signaling pathway is significantly activated in mice with severe acute pancreatitis. In this study, we studied the gene expression in different tissues of normal mice and SAP mice to understand the differentially expressed genes and find the downstream genes of cGAS-STING signaling pathway.","The specific process involved dividing the C57BL/6 mice into two groups: control (CON) and severe pancreatitis (SAP). The SAP group was given intraperitoneal injections of caerulein 100 µg/kg every hour after fasting for 12 h, a total of seven times. 10 mg/kg LPS was given immediately after the seventh intraperitoneal CAE injection. The CON group was assigned intraperitoneal injections of the same amount with normal saline Lung, blood and spleen were collected after 24 h of modeling.",,,,818554,GPL21273,Mus musculus,GSE,Expression profiling by high throughput sequencing,2023/11/01,18,ftp://ftp.ncbi.nlm.nih.gov/geo/series/GSE244nnn/GSE244335/,,,,,OSD-164|Mmus_C57-6T_SPL_FLT_Rep2_F2,Space Flight
106,GSM3745128,0.9981591701507568,GSE130629,Transcriptional Correlates of Tolerance and Lethality from Mouse Models Predict Ebola Virus Disease Outcome,,,We report comparative outcome-dependent transcriptional profiles from spleen and liver from Collaborative Cross mice infected with mouse-adapted Ebola virus (MA-EBOV).,Longitudinal transcriptional profiling (mRNA and miRNA) of 10 Collaborative Cross lines infected with mouse-adapted Ebola virus.,32049004,,,254728,GPL21103,Mus musculus,GSE,Expression profiling by high throughput sequencing,2019/12/01,729,ftp://ftp.ncbi.nlm.nih.gov/geo/series/GSE130nnn/GSE130629/,Transcriptional Correlates of Tolerance and Lethality in Mice Predict Ebola Virus Disease Patient Outcomes.,Cell reports,2020 Feb 11,10.1016/j.celrep.2020.01.026,OSD-164|Mmus_C57-6T_SPL_FLT_Rep2_F2,Space Flight
107,GSM3745123,0.9981365203857422,GSE130629,Transcriptional Correlates of Tolerance and Lethality from Mouse Models Predict Ebola Virus Disease Outcome,,,We report comparative outcome-dependent transcriptional profiles from spleen and liver from Collaborative Cross mice infected with mouse-adapted Ebola virus (MA-EBOV).,Longitudinal transcriptional profiling (mRNA and miRNA) of 10 Collaborative Cross lines infected with mouse-adapted Ebola virus.,32049004,,,254723,GPL21103,Mus musculus,GSE,Expression profiling by high throughput sequencing,2019/12/01,729,ftp://ftp.ncbi.nlm.nih.gov/geo/series/GSE130nnn/GSE130629/,Transcriptional Correlates of Tolerance and Lethality in Mice Predict Ebola Virus Disease Patient Outcomes.,Cell reports,2020 Feb 11,10.1016/j.celrep.2020.01.026,OSD-164|Mmus_C57-6T_SPL_FLT_Rep2_F2,Space Flight
108,GSM3591820,0.9980535507202148,GSE126115,Transcriptome profiling of spleen and duodenum upon lymphotoxin beta receptor (LTbR) induction,,,"To study the effect of LTbR induction on spleen and duodenum transcriptome, we performed RNA sequencing of the spleen and intestine after Intravenous LTbR agonist AC H6 or isotype treatment. We analyzed differential gene expression.","RNA sequencing on spleen and duodenum mRNA of wild type C57BL/6J mice treated with either AC H6 or isotype control for 24 hours (dose: 100ul of 1mg/ml solution per mouse, n=3 per genotype).",,,,233760,GPL13112,Mus musculus,GSE,Expression profiling by high throughput sequencing,2019/12/31,12,ftp://ftp.ncbi.nlm.nih.gov/geo/series/GSE126nnn/GSE126115/,,,,,OSD-164|Mmus_C57-6T_SPL_FLT_Rep2_F2,Space Flight
109,GSM6085255,0.9980176091194153,GSE201969,In vivo self-assembly and targeted delivery of EGFR siRNA-encapsulating small extracellular vesicles to EGFR-positive cancer cells for NSCLC therapy,,,"We designed a synthetic biology circuit encoding both an EGFR-targeting peptide (GE11) and an EGFR siRNA under the control of the cytomegalovirus (CMV) promoter. After uptake by mouse liver cells via intravenous injection, this genetic circuit can reprogram the liver cells to produce and self-assemble EGFR siRNAs into secretory small extracellular vesicles (sEVs) tagged with the GE11 peptide, after which the siRNA-encapsulating sEVs are further transported via the blood circulation and guided by the GE11 peptide to EGFR-positive tumour cells for NSCLC therapy. RNA sequencing-based transcriptomic profiling confirmed the safety and low off-target activity of in vivo self-assembled EGFR siRNAs.","EGFR DEL19 transgenic mice were administered doxycycline for 25 days and analysed by micro-CT to ensure spontaneous tumour formation in the lungs. Mice were then intravenously injected with the CMV-scrR, CMV-siRE or CMV-GE11-siRE circuit (10 mg/kg) every 2 days for a total of 7 injections. After treatment, mice were sacrificed, and normal tissues and tumours were harvested to determine the global transcriptome alterations by RNA sequencing.",,,,635607,GPL24247,Mus musculus,GSE,Expression profiling by high throughput sequencing,2024/04/30,72,ftp://ftp.ncbi.nlm.nih.gov/geo/series/GSE201nnn/GSE201969/,,,,,OSD-164|Mmus_C57-6T_SPL_FLT_Rep2_F2,Space Flight
110,GSM4613949,0.9987541437149048,GSE152382,Expression profiles in multiple tissues of WT and Nrf2-knockout mouse under space filght,,,"To elucidate roles that Nrf2 plays in regulating adaptive responses to the space stress, one month-long space travel and RNA-seq analysis of six Nrf2-KO mice and six wild-type mice were conducted . After 31-days-stay in the ISS, all the flight mice returned safely to Earth. We found that Nrf2 was indeed activated by the space stress in various tissues. The space stress and Nrf2-deficiency brought about changes in gene expression.","mRNA profiling using multiple tissues including temporal bone, mandibularbone, spleen, liver, white and brown adipose tissues, kidney, thymus, and brain cerebullum of wild type (WT) and Nrf2-knockout (Nrf2KO) mice",32901092;34887485,,,379416,GPL17021,Mus musculus,GSE,Expression profiling by high throughput sequencing,2020/10/02,192,ftp://ftp.ncbi.nlm.nih.gov/geo/series/GSE152nnn/GSE152382/,Nrf2 contributes to the weight gain of mice during space travel.,Communications biology,2020 Sep 8,10.1038/s42003-020-01227-2,OSD-164|Mmus_C57-6T_SPL_FLT_Rep3_F3,Space Flight
111,GSM4613953,0.9986834526062012,GSE152382,Expression profiles in multiple tissues of WT and Nrf2-knockout mouse under space filght,,,"To elucidate roles that Nrf2 plays in regulating adaptive responses to the space stress, one month-long space travel and RNA-seq analysis of six Nrf2-KO mice and six wild-type mice were conducted . After 31-days-stay in the ISS, all the flight mice returned safely to Earth. We found that Nrf2 was indeed activated by the space stress in various tissues. The space stress and Nrf2-deficiency brought about changes in gene expression.","mRNA profiling using multiple tissues including temporal bone, mandibularbone, spleen, liver, white and brown adipose tissues, kidney, thymus, and brain cerebullum of wild type (WT) and Nrf2-knockout (Nrf2KO) mice",32901092;34887485,,,379420,GPL17021,Mus musculus,GSE,Expression profiling by high throughput sequencing,2020/10/02,192,ftp://ftp.ncbi.nlm.nih.gov/geo/series/GSE152nnn/GSE152382/,Nrf2 contributes to the weight gain of mice during space travel.,Communications biology,2020 Sep 8,10.1038/s42003-020-01227-2,OSD-164|Mmus_C57-6T_SPL_FLT_Rep3_F3,Space Flight
112,GSM4613939,0.9986180067062378,GSE152382,Expression profiles in multiple tissues of WT and Nrf2-knockout mouse under space filght,,,"To elucidate roles that Nrf2 plays in regulating adaptive responses to the space stress, one month-long space travel and RNA-seq analysis of six Nrf2-KO mice and six wild-type mice were conducted . After 31-days-stay in the ISS, all the flight mice returned safely to Earth. We found that Nrf2 was indeed activated by the space stress in various tissues. The space stress and Nrf2-deficiency brought about changes in gene expression.","mRNA profiling using multiple tissues including temporal bone, mandibularbone, spleen, liver, white and brown adipose tissues, kidney, thymus, and brain cerebullum of wild type (WT) and Nrf2-knockout (Nrf2KO) mice",32901092;34887485,,,379406,GPL17021,Mus musculus,GSE,Expression profiling by high throughput sequencing,2020/10/02,192,ftp://ftp.ncbi.nlm.nih.gov/geo/series/GSE152nnn/GSE152382/,Nrf2 contributes to the weight gain of mice during space travel.,Communications biology,2020 Sep 8,10.1038/s42003-020-01227-2,OSD-164|Mmus_C57-6T_SPL_FLT_Rep3_F3,Space Flight
113,GSM4613945,0.998583197593689,GSE152382,Expression profiles in multiple tissues of WT and Nrf2-knockout mouse under space filght,,,"To elucidate roles that Nrf2 plays in regulating adaptive responses to the space stress, one month-long space travel and RNA-seq analysis of six Nrf2-KO mice and six wild-type mice were conducted . After 31-days-stay in the ISS, all the flight mice returned safely to Earth. We found that Nrf2 was indeed activated by the space stress in various tissues. The space stress and Nrf2-deficiency brought about changes in gene expression.","mRNA profiling using multiple tissues including temporal bone, mandibularbone, spleen, liver, white and brown adipose tissues, kidney, thymus, and brain cerebullum of wild type (WT) and Nrf2-knockout (Nrf2KO) mice",32901092;34887485,,,379412,GPL17021,Mus musculus,GSE,Expression profiling by high throughput sequencing,2020/10/02,192,ftp://ftp.ncbi.nlm.nih.gov/geo/series/GSE152nnn/GSE152382/,Nrf2 contributes to the weight gain of mice during space travel.,Communications biology,2020 Sep 8,10.1038/s42003-020-01227-2,OSD-164|Mmus_C57-6T_SPL_FLT_Rep3_F3,Space Flight
114,GSM4613948,0.9985408186912537,GSE152382,Expression profiles in multiple tissues of WT and Nrf2-knockout mouse under space filght,,,"To elucidate roles that Nrf2 plays in regulating adaptive responses to the space stress, one month-long space travel and RNA-seq analysis of six Nrf2-KO mice and six wild-type mice were conducted . After 31-days-stay in the ISS, all the flight mice returned safely to Earth. We found that Nrf2 was indeed activated by the space stress in various tissues. The space stress and Nrf2-deficiency brought about changes in gene expression.","mRNA profiling using multiple tissues including temporal bone, mandibularbone, spleen, liver, white and brown adipose tissues, kidney, thymus, and brain cerebullum of wild type (WT) and Nrf2-knockout (Nrf2KO) mice",32901092;34887485,,,379415,GPL17021,Mus musculus,GSE,Expression profiling by high throughput sequencing,2020/10/02,192,ftp://ftp.ncbi.nlm.nih.gov/geo/series/GSE152nnn/GSE152382/,Nrf2 contributes to the weight gain of mice during space travel.,Communications biology,2020 Sep 8,10.1038/s42003-020-01227-2,OSD-164|Mmus_C57-6T_SPL_FLT_Rep3_F3,Space Flight
115,GSM4613952,0.9984931349754333,GSE152382,Expression profiles in multiple tissues of WT and Nrf2-knockout mouse under space filght,,,"To elucidate roles that Nrf2 plays in regulating adaptive responses to the space stress, one month-long space travel and RNA-seq analysis of six Nrf2-KO mice and six wild-type mice were conducted . After 31-days-stay in the ISS, all the flight mice returned safely to Earth. We found that Nrf2 was indeed activated by the space stress in various tissues. The space stress and Nrf2-deficiency brought about changes in gene expression.","mRNA profiling using multiple tissues including temporal bone, mandibularbone, spleen, liver, white and brown adipose tissues, kidney, thymus, and brain cerebullum of wild type (WT) and Nrf2-knockout (Nrf2KO) mice",32901092;34887485,,,379419,GPL17021,Mus musculus,GSE,Expression profiling by high throughput sequencing,2020/10/02,192,ftp://ftp.ncbi.nlm.nih.gov/geo/series/GSE152nnn/GSE152382/,Nrf2 contributes to the weight gain of mice during space travel.,Communications biology,2020 Sep 8,10.1038/s42003-020-01227-2,OSD-164|Mmus_C57-6T_SPL_FLT_Rep3_F3,Space Flight
116,GSM4613944,0.9984862804412842,GSE152382,Expression profiles in multiple tissues of WT and Nrf2-knockout mouse under space filght,,,"To elucidate roles that Nrf2 plays in regulating adaptive responses to the space stress, one month-long space travel and RNA-seq analysis of six Nrf2-KO mice and six wild-type mice were conducted . After 31-days-stay in the ISS, all the flight mice returned safely to Earth. We found that Nrf2 was indeed activated by the space stress in various tissues. The space stress and Nrf2-deficiency brought about changes in gene expression.","mRNA profiling using multiple tissues including temporal bone, mandibularbone, spleen, liver, white and brown adipose tissues, kidney, thymus, and brain cerebullum of wild type (WT) and Nrf2-knockout (Nrf2KO) mice",32901092;34887485,,,379411,GPL17021,Mus musculus,GSE,Expression profiling by high throughput sequencing,2020/10/02,192,ftp://ftp.ncbi.nlm.nih.gov/geo/series/GSE152nnn/GSE152382/,Nrf2 contributes to the weight gain of mice during space travel.,Communications biology,2020 Sep 8,10.1038/s42003-020-01227-2,OSD-164|Mmus_C57-6T_SPL_FLT_Rep3_F3,Space Flight
117,GSM4613955,0.9984564185142517,GSE152382,Expression profiles in multiple tissues of WT and Nrf2-knockout mouse under space filght,,,"To elucidate roles that Nrf2 plays in regulating adaptive responses to the space stress, one month-long space travel and RNA-seq analysis of six Nrf2-KO mice and six wild-type mice were conducted . After 31-days-stay in the ISS, all the flight mice returned safely to Earth. We found that Nrf2 was indeed activated by the space stress in various tissues. The space stress and Nrf2-deficiency brought about changes in gene expression.","mRNA profiling using multiple tissues including temporal bone, mandibularbone, spleen, liver, white and brown adipose tissues, kidney, thymus, and brain cerebullum of wild type (WT) and Nrf2-knockout (Nrf2KO) mice",32901092;34887485,,,379422,GPL17021,Mus musculus,GSE,Expression profiling by high throughput sequencing,2020/10/02,192,ftp://ftp.ncbi.nlm.nih.gov/geo/series/GSE152nnn/GSE152382/,Nrf2 contributes to the weight gain of mice during space travel.,Communications biology,2020 Sep 8,10.1038/s42003-020-01227-2,OSD-164|Mmus_C57-6T_SPL_FLT_Rep3_F3,Space Flight
118,GSM4613956,0.998439371585846,GSE152382,Expression profiles in multiple tissues of WT and Nrf2-knockout mouse under space filght,,,"To elucidate roles that Nrf2 plays in regulating adaptive responses to the space stress, one month-long space travel and RNA-seq analysis of six Nrf2-KO mice and six wild-type mice were conducted . After 31-days-stay in the ISS, all the flight mice returned safely to Earth. We found that Nrf2 was indeed activated by the space stress in various tissues. The space stress and Nrf2-deficiency brought about changes in gene expression.","mRNA profiling using multiple tissues including temporal bone, mandibularbone, spleen, liver, white and brown adipose tissues, kidney, thymus, and brain cerebullum of wild type (WT) and Nrf2-knockout (Nrf2KO) mice",32901092;34887485,,,379423,GPL17021,Mus musculus,GSE,Expression profiling by high throughput sequencing,2020/10/02,192,ftp://ftp.ncbi.nlm.nih.gov/geo/series/GSE152nnn/GSE152382/,Nrf2 contributes to the weight gain of mice during space travel.,Communications biology,2020 Sep 8,10.1038/s42003-020-01227-2,OSD-164|Mmus_C57-6T_SPL_FLT_Rep3_F3,Space Flight
119,GSM4613942,0.9984310269355774,GSE152382,Expression profiles in multiple tissues of WT and Nrf2-knockout mouse under space filght,,,"To elucidate roles that Nrf2 plays in regulating adaptive responses to the space stress, one month-long space travel and RNA-seq analysis of six Nrf2-KO mice and six wild-type mice were conducted . After 31-days-stay in the ISS, all the flight mice returned safely to Earth. We found that Nrf2 was indeed activated by the space stress in various tissues. The space stress and Nrf2-deficiency brought about changes in gene expression.","mRNA profiling using multiple tissues including temporal bone, mandibularbone, spleen, liver, white and brown adipose tissues, kidney, thymus, and brain cerebullum of wild type (WT) and Nrf2-knockout (Nrf2KO) mice",32901092;34887485,,,379409,GPL17021,Mus musculus,GSE,Expression profiling by high throughput sequencing,2020/10/02,192,ftp://ftp.ncbi.nlm.nih.gov/geo/series/GSE152nnn/GSE152382/,Nrf2 contributes to the weight gain of mice during space travel.,Communications biology,2020 Sep 8,10.1038/s42003-020-01227-2,OSD-164|Mmus_C57-6T_SPL_FLT_Rep3_F3,Space Flight
