,gsm,score,gse,title,source_name,characteristics,geo_summary,geo_design,pubmed_ids,tissue,species,archs4_index,geo_platform_biopython,geo_taxon_biopython,geo_entry_type_biopython,geo_gds_type_biopython,geo_pdat_biopython,geo_n_samples_biopython,geo_ftp_link_biopython,pubmed_title_biopython,pubmed_journal_biopython,pubmed_pub_date_biopython,pubmed_doi_biopython,sample_name,spaceflight
0,GSM7350290,0.9982831478118896,GSE232556,functional targets of cilia dependent cyst activation (CDCA) and a potential therapeutic targets for treating polycystic kidney disease,,,We applied unbiased cell type specific transcriptional profiling by translating ribosome affinity purification (TRAP) to mouse kidneys with polycystin-1 and cilia inactivation at a stage prior kidney tubule cyst formation. We identified differentially expressed actively translating mRNA that correlated with the cilia dependent cyst activation (CDCA) pattern common to male and female mice. This differential translatome offers opportunities for mechanistic discovery in polycystin and cilia related kidney phenotypes.,"We performed TRAP RNASeq at a stage when cyst formation had not yet occurred following Pkd1 inactivation. To achieve these objectives, we used mice with the following genotypes: Pkd1fl/+; R26Rpl10a; Pax8rtTA; TetOCre (“noncystic”), Pkd1fl/fl; R26Rpl10a; Pax8rtTA; TetOCre (Pkd1KO), Pkd1fl/fl; Kif3afl/fl; R26Rpl10a; Pax8rtTA; TetOCre (Pkd1KO+ciliaKO). All experimental mice were hemizygous for the R26Rpl10a, Pax8rtTA and TetOCre alleles. The R26Rpl10a allele expresses the L10a-EGFP ribosomal protein fusion23 following expression of Cre recombinase in response to doxycycline, allowing selective pulldown of ribosomes only from nephron epithelial cells in which Pax8rtTA is expressed. All mice received oral doxycycline from postnatal day 28 to 42 (P28–P42) to induce TetOCre. Fresh kidney tissue was harvested for ribosomal pulldown at P49 (7 weeks).",38693102,,,779852,GPL24247,Mus musculus,GSE,Expression profiling by high throughput sequencing,2024/02/23,45,ftp://ftp.ncbi.nlm.nih.gov/geo/series/GSE232nnn/GSE232556/,Glis2 is an early effector of polycystin signaling and a target for therapy in polycystic kidney disease.,Nature communications,2024 May 1,10.1038/s41467-024-48025-6,OSD-163|Mmus_BAL-TAL_KDN_BSL_Rep1_B1,Basal Control
1,GSM8082226,0.9982708692550659,GSE255885,Deletion of Klotho enhancer deepens sexual dimorphism of gene expression without impacting female resistance to kidney injury [RNA exp2],,,"Sexual dimorphism in kidney injury markers, such as Klotho, is frequently underestimated or disregarded, as most of the preclinical research is done in male animals. Klotho is well-linked to renal health and its deletion in mice results in a severe accelerated aging-like phenotype and premature death. Here, we identified candidate Klotho enhancers and discovered their function using mice carrying deletions in the enhancer loci. Candidate Klotho enhancers were deleted using CRISPR/Cas9 genome editing. Warm ischemia-reperfusion surgery (IRI) was performed bilaterally to induce acute kidney injury and unilaterally in a fibrosis model. Using ChIP-seq and RNA-seq, we analyzed renal chromatin features and gene expression. ELISA and colorimetric assays were used to measure serum FGF23 and serum component levels. Removal of the enhancer caused more substantial reduction in Klotho mRNA levels in female mice compared to males (90 vs. 50%), supported by gene promoter marks remaining more pronounced in males. Weight, lifespan, and fertility of mice lacking the enhancers were not impacted. Only male mutant mice displayed higher Havcr1 expression after IRI than controls (mean 1048 vs. 231.4, p=0.0016). 28 days after unilateral IRI, only males displayed increased fibrosis markers, but with no difference between genotypes. Our findings reveal sexual dimorphism of Klotho gene expression and its enhancer regulation. Only male mutant mice were more susceptible to acute injury and the enhancer deletion had no impact on fibrosis. Additional investigation into the mechanisms governing Klotho regulation is imperative to reassess its effectiveness as a kidney injury marker.",Chromatin Immunoprecipitation and DNA Sequencing (ChIP-Seq) of histone modifications H3K27ac and H3K4me3 in mouse kidneys was used to assess efficacy of deletion of candidate Klotho gene enhancers and to assess it's effect on renal chromatin landscape. RNA-seq was used to investigate the effects of Klotho enhencer deletion on renal gene expression.,38529500;39277686,,,851140,GPL24247,Mus musculus,GSE,Expression profiling by high throughput sequencing,2024/04/04,16,ftp://ftp.ncbi.nlm.nih.gov/geo/series/GSE255nnn/GSE255885/,Sexually dimorphic renal expression of Klotho is directed by a kidney-specific distal enhancer responsive to HNF1b.,bioRxiv : the preprint server for biology,2024 Mar 4,10.1101/2024.02.29.582831,OSD-163|Mmus_BAL-TAL_KDN_BSL_Rep1_B1,Basal Control
2,GSM7350281,0.9981329441070557,GSE232556,functional targets of cilia dependent cyst activation (CDCA) and a potential therapeutic targets for treating polycystic kidney disease,,,We applied unbiased cell type specific transcriptional profiling by translating ribosome affinity purification (TRAP) to mouse kidneys with polycystin-1 and cilia inactivation at a stage prior kidney tubule cyst formation. We identified differentially expressed actively translating mRNA that correlated with the cilia dependent cyst activation (CDCA) pattern common to male and female mice. This differential translatome offers opportunities for mechanistic discovery in polycystin and cilia related kidney phenotypes.,"We performed TRAP RNASeq at a stage when cyst formation had not yet occurred following Pkd1 inactivation. To achieve these objectives, we used mice with the following genotypes: Pkd1fl/+; R26Rpl10a; Pax8rtTA; TetOCre (“noncystic”), Pkd1fl/fl; R26Rpl10a; Pax8rtTA; TetOCre (Pkd1KO), Pkd1fl/fl; Kif3afl/fl; R26Rpl10a; Pax8rtTA; TetOCre (Pkd1KO+ciliaKO). All experimental mice were hemizygous for the R26Rpl10a, Pax8rtTA and TetOCre alleles. The R26Rpl10a allele expresses the L10a-EGFP ribosomal protein fusion23 following expression of Cre recombinase in response to doxycycline, allowing selective pulldown of ribosomes only from nephron epithelial cells in which Pax8rtTA is expressed. All mice received oral doxycycline from postnatal day 28 to 42 (P28–P42) to induce TetOCre. Fresh kidney tissue was harvested for ribosomal pulldown at P49 (7 weeks).",38693102,,,779843,GPL24247,Mus musculus,GSE,Expression profiling by high throughput sequencing,2024/02/23,45,ftp://ftp.ncbi.nlm.nih.gov/geo/series/GSE232nnn/GSE232556/,Glis2 is an early effector of polycystin signaling and a target for therapy in polycystic kidney disease.,Nature communications,2024 May 1,10.1038/s41467-024-48025-6,OSD-163|Mmus_BAL-TAL_KDN_BSL_Rep1_B1,Basal Control
3,GSM8082236,0.9981175661087036,GSE255885,Deletion of Klotho enhancer deepens sexual dimorphism of gene expression without impacting female resistance to kidney injury [RNA exp2],,,"Sexual dimorphism in kidney injury markers, such as Klotho, is frequently underestimated or disregarded, as most of the preclinical research is done in male animals. Klotho is well-linked to renal health and its deletion in mice results in a severe accelerated aging-like phenotype and premature death. Here, we identified candidate Klotho enhancers and discovered their function using mice carrying deletions in the enhancer loci. Candidate Klotho enhancers were deleted using CRISPR/Cas9 genome editing. Warm ischemia-reperfusion surgery (IRI) was performed bilaterally to induce acute kidney injury and unilaterally in a fibrosis model. Using ChIP-seq and RNA-seq, we analyzed renal chromatin features and gene expression. ELISA and colorimetric assays were used to measure serum FGF23 and serum component levels. Removal of the enhancer caused more substantial reduction in Klotho mRNA levels in female mice compared to males (90 vs. 50%), supported by gene promoter marks remaining more pronounced in males. Weight, lifespan, and fertility of mice lacking the enhancers were not impacted. Only male mutant mice displayed higher Havcr1 expression after IRI than controls (mean 1048 vs. 231.4, p=0.0016). 28 days after unilateral IRI, only males displayed increased fibrosis markers, but with no difference between genotypes. Our findings reveal sexual dimorphism of Klotho gene expression and its enhancer regulation. Only male mutant mice were more susceptible to acute injury and the enhancer deletion had no impact on fibrosis. Additional investigation into the mechanisms governing Klotho regulation is imperative to reassess its effectiveness as a kidney injury marker.",Chromatin Immunoprecipitation and DNA Sequencing (ChIP-Seq) of histone modifications H3K27ac and H3K4me3 in mouse kidneys was used to assess efficacy of deletion of candidate Klotho gene enhancers and to assess it's effect on renal chromatin landscape. RNA-seq was used to investigate the effects of Klotho enhencer deletion on renal gene expression.,38529500;39277686,,,851150,GPL24247,Mus musculus,GSE,Expression profiling by high throughput sequencing,2024/04/04,16,ftp://ftp.ncbi.nlm.nih.gov/geo/series/GSE255nnn/GSE255885/,Sexually dimorphic renal expression of Klotho is directed by a kidney-specific distal enhancer responsive to HNF1b.,bioRxiv : the preprint server for biology,2024 Mar 4,10.1101/2024.02.29.582831,OSD-163|Mmus_BAL-TAL_KDN_BSL_Rep1_B1,Basal Control
4,GSM5982174,0.997962236404419,GSE199702,"Transcriptomics analysis of heart, kidney, and liver tissues from 58 Collaborative Cross strains",,,"We report transcriptomic profiling from bulk heart, kidney, and liver tissues for 58 strains of the inbred mouse Collaborative Cross (CC). Each strain is represented by a male/female pair. Reads were first aligned to the pooled transcriptomes of the eight founder strains of the CC and then total gene counts were quantified using the EMASE and GBRS software tools. Total read counts can be further normalized for use in differential gene expression analysis, expression quantitative trait locus (eQTL) analysis, and integrative analyses with other -omic data sets measured on the same samples, including proteomics and phosphoproteomics.","RNA profiling of heart, kidney, and liver bulk tissues of male/female pairs from 58 Collaborative Cross (CC) mouse strains",,,,617789,GPL24247,Mus musculus,GSE,Expression profiling by high throughput sequencing,2023/02/05,348,ftp://ftp.ncbi.nlm.nih.gov/geo/series/GSE199nnn/GSE199702/,,,,,OSD-163|Mmus_BAL-TAL_KDN_BSL_Rep1_B1,Basal Control
5,GSM7350287,0.9978591203689575,GSE232556,functional targets of cilia dependent cyst activation (CDCA) and a potential therapeutic targets for treating polycystic kidney disease,,,We applied unbiased cell type specific transcriptional profiling by translating ribosome affinity purification (TRAP) to mouse kidneys with polycystin-1 and cilia inactivation at a stage prior kidney tubule cyst formation. We identified differentially expressed actively translating mRNA that correlated with the cilia dependent cyst activation (CDCA) pattern common to male and female mice. This differential translatome offers opportunities for mechanistic discovery in polycystin and cilia related kidney phenotypes.,"We performed TRAP RNASeq at a stage when cyst formation had not yet occurred following Pkd1 inactivation. To achieve these objectives, we used mice with the following genotypes: Pkd1fl/+; R26Rpl10a; Pax8rtTA; TetOCre (“noncystic”), Pkd1fl/fl; R26Rpl10a; Pax8rtTA; TetOCre (Pkd1KO), Pkd1fl/fl; Kif3afl/fl; R26Rpl10a; Pax8rtTA; TetOCre (Pkd1KO+ciliaKO). All experimental mice were hemizygous for the R26Rpl10a, Pax8rtTA and TetOCre alleles. The R26Rpl10a allele expresses the L10a-EGFP ribosomal protein fusion23 following expression of Cre recombinase in response to doxycycline, allowing selective pulldown of ribosomes only from nephron epithelial cells in which Pax8rtTA is expressed. All mice received oral doxycycline from postnatal day 28 to 42 (P28–P42) to induce TetOCre. Fresh kidney tissue was harvested for ribosomal pulldown at P49 (7 weeks).",38693102,,,779849,GPL24247,Mus musculus,GSE,Expression profiling by high throughput sequencing,2024/02/23,45,ftp://ftp.ncbi.nlm.nih.gov/geo/series/GSE232nnn/GSE232556/,Glis2 is an early effector of polycystin signaling and a target for therapy in polycystic kidney disease.,Nature communications,2024 May 1,10.1038/s41467-024-48025-6,OSD-163|Mmus_BAL-TAL_KDN_BSL_Rep1_B1,Basal Control
6,GSM2208086,0.9978564977645874,GSE83529,A MOUSE MODEL OF ALCOHOLIC LIVER FIBROSIS-ASSOCIATED ACUTE KIDNEY INJURY IDENTIFIES KEY MOLECULAR PATHWAYS,,,We reported this study established a mouse model of fibrosis- and alcohol-associated AKI and identified key mechanistic pathways.,"kidney mRNA profiles of Olive oil, CCl4, EtOH, and CCl4+EtOH treatment in C57BL/6 mice were generated by deep sequencing.",27641628,,,72640,GPL17021,Mus musculus,GSE,Expression profiling by high throughput sequencing,2016/12/01,15,ftp://ftp.ncbi.nlm.nih.gov/geo/series/GSE83nnn/GSE83529/,A mouse model of alcoholic liver fibrosis-associated acute kidney injury identifies key molecular pathways.,Toxicology and applied pharmacology,2016 Nov 1,10.1016/j.taap.2016.09.011,OSD-163|Mmus_BAL-TAL_KDN_BSL_Rep1_B1,Basal Control
7,GSM2208085,0.9977976083755493,GSE83529,A MOUSE MODEL OF ALCOHOLIC LIVER FIBROSIS-ASSOCIATED ACUTE KIDNEY INJURY IDENTIFIES KEY MOLECULAR PATHWAYS,,,We reported this study established a mouse model of fibrosis- and alcohol-associated AKI and identified key mechanistic pathways.,"kidney mRNA profiles of Olive oil, CCl4, EtOH, and CCl4+EtOH treatment in C57BL/6 mice were generated by deep sequencing.",27641628,,,72639,GPL17021,Mus musculus,GSE,Expression profiling by high throughput sequencing,2016/12/01,15,ftp://ftp.ncbi.nlm.nih.gov/geo/series/GSE83nnn/GSE83529/,A mouse model of alcoholic liver fibrosis-associated acute kidney injury identifies key molecular pathways.,Toxicology and applied pharmacology,2016 Nov 1,10.1016/j.taap.2016.09.011,OSD-163|Mmus_BAL-TAL_KDN_BSL_Rep1_B1,Basal Control
8,GSM7350291,0.997793972492218,GSE232556,functional targets of cilia dependent cyst activation (CDCA) and a potential therapeutic targets for treating polycystic kidney disease,,,We applied unbiased cell type specific transcriptional profiling by translating ribosome affinity purification (TRAP) to mouse kidneys with polycystin-1 and cilia inactivation at a stage prior kidney tubule cyst formation. We identified differentially expressed actively translating mRNA that correlated with the cilia dependent cyst activation (CDCA) pattern common to male and female mice. This differential translatome offers opportunities for mechanistic discovery in polycystin and cilia related kidney phenotypes.,"We performed TRAP RNASeq at a stage when cyst formation had not yet occurred following Pkd1 inactivation. To achieve these objectives, we used mice with the following genotypes: Pkd1fl/+; R26Rpl10a; Pax8rtTA; TetOCre (“noncystic”), Pkd1fl/fl; R26Rpl10a; Pax8rtTA; TetOCre (Pkd1KO), Pkd1fl/fl; Kif3afl/fl; R26Rpl10a; Pax8rtTA; TetOCre (Pkd1KO+ciliaKO). All experimental mice were hemizygous for the R26Rpl10a, Pax8rtTA and TetOCre alleles. The R26Rpl10a allele expresses the L10a-EGFP ribosomal protein fusion23 following expression of Cre recombinase in response to doxycycline, allowing selective pulldown of ribosomes only from nephron epithelial cells in which Pax8rtTA is expressed. All mice received oral doxycycline from postnatal day 28 to 42 (P28–P42) to induce TetOCre. Fresh kidney tissue was harvested for ribosomal pulldown at P49 (7 weeks).",38693102,,,779853,GPL24247,Mus musculus,GSE,Expression profiling by high throughput sequencing,2024/02/23,45,ftp://ftp.ncbi.nlm.nih.gov/geo/series/GSE232nnn/GSE232556/,Glis2 is an early effector of polycystin signaling and a target for therapy in polycystic kidney disease.,Nature communications,2024 May 1,10.1038/s41467-024-48025-6,OSD-163|Mmus_BAL-TAL_KDN_BSL_Rep1_B1,Basal Control
9,GSM7350280,0.9977789521217346,GSE232556,functional targets of cilia dependent cyst activation (CDCA) and a potential therapeutic targets for treating polycystic kidney disease,,,We applied unbiased cell type specific transcriptional profiling by translating ribosome affinity purification (TRAP) to mouse kidneys with polycystin-1 and cilia inactivation at a stage prior kidney tubule cyst formation. We identified differentially expressed actively translating mRNA that correlated with the cilia dependent cyst activation (CDCA) pattern common to male and female mice. This differential translatome offers opportunities for mechanistic discovery in polycystin and cilia related kidney phenotypes.,"We performed TRAP RNASeq at a stage when cyst formation had not yet occurred following Pkd1 inactivation. To achieve these objectives, we used mice with the following genotypes: Pkd1fl/+; R26Rpl10a; Pax8rtTA; TetOCre (“noncystic”), Pkd1fl/fl; R26Rpl10a; Pax8rtTA; TetOCre (Pkd1KO), Pkd1fl/fl; Kif3afl/fl; R26Rpl10a; Pax8rtTA; TetOCre (Pkd1KO+ciliaKO). All experimental mice were hemizygous for the R26Rpl10a, Pax8rtTA and TetOCre alleles. The R26Rpl10a allele expresses the L10a-EGFP ribosomal protein fusion23 following expression of Cre recombinase in response to doxycycline, allowing selective pulldown of ribosomes only from nephron epithelial cells in which Pax8rtTA is expressed. All mice received oral doxycycline from postnatal day 28 to 42 (P28–P42) to induce TetOCre. Fresh kidney tissue was harvested for ribosomal pulldown at P49 (7 weeks).",38693102,,,779842,GPL24247,Mus musculus,GSE,Expression profiling by high throughput sequencing,2024/02/23,45,ftp://ftp.ncbi.nlm.nih.gov/geo/series/GSE232nnn/GSE232556/,Glis2 is an early effector of polycystin signaling and a target for therapy in polycystic kidney disease.,Nature communications,2024 May 1,10.1038/s41467-024-48025-6,OSD-163|Mmus_BAL-TAL_KDN_BSL_Rep1_B1,Basal Control
10,GSM2208091,0.9974927306175232,GSE83529,A MOUSE MODEL OF ALCOHOLIC LIVER FIBROSIS-ASSOCIATED ACUTE KIDNEY INJURY IDENTIFIES KEY MOLECULAR PATHWAYS,,,We reported this study established a mouse model of fibrosis- and alcohol-associated AKI and identified key mechanistic pathways.,"kidney mRNA profiles of Olive oil, CCl4, EtOH, and CCl4+EtOH treatment in C57BL/6 mice were generated by deep sequencing.",27641628,,,72645,GPL17021,Mus musculus,GSE,Expression profiling by high throughput sequencing,2016/12/01,15,ftp://ftp.ncbi.nlm.nih.gov/geo/series/GSE83nnn/GSE83529/,A mouse model of alcoholic liver fibrosis-associated acute kidney injury identifies key molecular pathways.,Toxicology and applied pharmacology,2016 Nov 1,10.1016/j.taap.2016.09.011,OSD-163|Mmus_BAL-TAL_KDN_BSL_Rep2_B2,Basal Control
11,GSM8082234,0.9973713159561157,GSE255885,Deletion of Klotho enhancer deepens sexual dimorphism of gene expression without impacting female resistance to kidney injury [RNA exp2],,,"Sexual dimorphism in kidney injury markers, such as Klotho, is frequently underestimated or disregarded, as most of the preclinical research is done in male animals. Klotho is well-linked to renal health and its deletion in mice results in a severe accelerated aging-like phenotype and premature death. Here, we identified candidate Klotho enhancers and discovered their function using mice carrying deletions in the enhancer loci. Candidate Klotho enhancers were deleted using CRISPR/Cas9 genome editing. Warm ischemia-reperfusion surgery (IRI) was performed bilaterally to induce acute kidney injury and unilaterally in a fibrosis model. Using ChIP-seq and RNA-seq, we analyzed renal chromatin features and gene expression. ELISA and colorimetric assays were used to measure serum FGF23 and serum component levels. Removal of the enhancer caused more substantial reduction in Klotho mRNA levels in female mice compared to males (90 vs. 50%), supported by gene promoter marks remaining more pronounced in males. Weight, lifespan, and fertility of mice lacking the enhancers were not impacted. Only male mutant mice displayed higher Havcr1 expression after IRI than controls (mean 1048 vs. 231.4, p=0.0016). 28 days after unilateral IRI, only males displayed increased fibrosis markers, but with no difference between genotypes. Our findings reveal sexual dimorphism of Klotho gene expression and its enhancer regulation. Only male mutant mice were more susceptible to acute injury and the enhancer deletion had no impact on fibrosis. Additional investigation into the mechanisms governing Klotho regulation is imperative to reassess its effectiveness as a kidney injury marker.",Chromatin Immunoprecipitation and DNA Sequencing (ChIP-Seq) of histone modifications H3K27ac and H3K4me3 in mouse kidneys was used to assess efficacy of deletion of candidate Klotho gene enhancers and to assess it's effect on renal chromatin landscape. RNA-seq was used to investigate the effects of Klotho enhencer deletion on renal gene expression.,38529500;39277686,,,851148,GPL24247,Mus musculus,GSE,Expression profiling by high throughput sequencing,2024/04/04,16,ftp://ftp.ncbi.nlm.nih.gov/geo/series/GSE255nnn/GSE255885/,Sexually dimorphic renal expression of Klotho is directed by a kidney-specific distal enhancer responsive to HNF1b.,bioRxiv : the preprint server for biology,2024 Mar 4,10.1101/2024.02.29.582831,OSD-163|Mmus_BAL-TAL_KDN_BSL_Rep2_B2,Basal Control
12,GSM4475047,0.9973269701004028,GSE148605,Renal aging resembles a continuum between normal and diseased kidneys that potentiates inflammatory response to injury [diet],,,"Kidney aging is an irreversible physiological process and some suggest that kidney aging is viewed as a pathological condition. To enhance understanding of the molecular nature of renal aging, we performed whole kidney RNA sequencing in young mice (2-month-old) fed with standard diet versus those with adenine-enriched diet, and this bulk transcriptome was then compared with transcriptional changes with aging.",Whole kidney RNA sequencing from 2-month-old mice fed with standard diet versus those with adenine-enriched diet,33367633,,,357475,GPL17021,Mus musculus,GSE,Expression profiling by high throughput sequencing,2020/12/31,6,ftp://ftp.ncbi.nlm.nih.gov/geo/series/GSE148nnn/GSE148605/,Renal Aging Resembles a Continuum Between Normal and Diseased Kidneys That Potentiates Inflammatory Response to Injury.,"The journals of gerontology. Series A, Biological sciences and medical sciences",2021 Feb 25,10.1093/gerona/glaa318,OSD-163|Mmus_BAL-TAL_KDN_BSL_Rep2_B2,Basal Control
13,GSM8082227,0.9969707727432251,GSE255885,Deletion of Klotho enhancer deepens sexual dimorphism of gene expression without impacting female resistance to kidney injury [RNA exp2],,,"Sexual dimorphism in kidney injury markers, such as Klotho, is frequently underestimated or disregarded, as most of the preclinical research is done in male animals. Klotho is well-linked to renal health and its deletion in mice results in a severe accelerated aging-like phenotype and premature death. Here, we identified candidate Klotho enhancers and discovered their function using mice carrying deletions in the enhancer loci. Candidate Klotho enhancers were deleted using CRISPR/Cas9 genome editing. Warm ischemia-reperfusion surgery (IRI) was performed bilaterally to induce acute kidney injury and unilaterally in a fibrosis model. Using ChIP-seq and RNA-seq, we analyzed renal chromatin features and gene expression. ELISA and colorimetric assays were used to measure serum FGF23 and serum component levels. Removal of the enhancer caused more substantial reduction in Klotho mRNA levels in female mice compared to males (90 vs. 50%), supported by gene promoter marks remaining more pronounced in males. Weight, lifespan, and fertility of mice lacking the enhancers were not impacted. Only male mutant mice displayed higher Havcr1 expression after IRI than controls (mean 1048 vs. 231.4, p=0.0016). 28 days after unilateral IRI, only males displayed increased fibrosis markers, but with no difference between genotypes. Our findings reveal sexual dimorphism of Klotho gene expression and its enhancer regulation. Only male mutant mice were more susceptible to acute injury and the enhancer deletion had no impact on fibrosis. Additional investigation into the mechanisms governing Klotho regulation is imperative to reassess its effectiveness as a kidney injury marker.",Chromatin Immunoprecipitation and DNA Sequencing (ChIP-Seq) of histone modifications H3K27ac and H3K4me3 in mouse kidneys was used to assess efficacy of deletion of candidate Klotho gene enhancers and to assess it's effect on renal chromatin landscape. RNA-seq was used to investigate the effects of Klotho enhencer deletion on renal gene expression.,38529500;39277686,,,851141,GPL24247,Mus musculus,GSE,Expression profiling by high throughput sequencing,2024/04/04,16,ftp://ftp.ncbi.nlm.nih.gov/geo/series/GSE255nnn/GSE255885/,Sexually dimorphic renal expression of Klotho is directed by a kidney-specific distal enhancer responsive to HNF1b.,bioRxiv : the preprint server for biology,2024 Mar 4,10.1101/2024.02.29.582831,OSD-163|Mmus_BAL-TAL_KDN_BSL_Rep2_B2,Basal Control
14,GSM7350258,0.9967480897903442,GSE232556,functional targets of cilia dependent cyst activation (CDCA) and a potential therapeutic targets for treating polycystic kidney disease,,,We applied unbiased cell type specific transcriptional profiling by translating ribosome affinity purification (TRAP) to mouse kidneys with polycystin-1 and cilia inactivation at a stage prior kidney tubule cyst formation. We identified differentially expressed actively translating mRNA that correlated with the cilia dependent cyst activation (CDCA) pattern common to male and female mice. This differential translatome offers opportunities for mechanistic discovery in polycystin and cilia related kidney phenotypes.,"We performed TRAP RNASeq at a stage when cyst formation had not yet occurred following Pkd1 inactivation. To achieve these objectives, we used mice with the following genotypes: Pkd1fl/+; R26Rpl10a; Pax8rtTA; TetOCre (“noncystic”), Pkd1fl/fl; R26Rpl10a; Pax8rtTA; TetOCre (Pkd1KO), Pkd1fl/fl; Kif3afl/fl; R26Rpl10a; Pax8rtTA; TetOCre (Pkd1KO+ciliaKO). All experimental mice were hemizygous for the R26Rpl10a, Pax8rtTA and TetOCre alleles. The R26Rpl10a allele expresses the L10a-EGFP ribosomal protein fusion23 following expression of Cre recombinase in response to doxycycline, allowing selective pulldown of ribosomes only from nephron epithelial cells in which Pax8rtTA is expressed. All mice received oral doxycycline from postnatal day 28 to 42 (P28–P42) to induce TetOCre. Fresh kidney tissue was harvested for ribosomal pulldown at P49 (7 weeks).",38693102,,,779820,GPL24247,Mus musculus,GSE,Expression profiling by high throughput sequencing,2024/02/23,45,ftp://ftp.ncbi.nlm.nih.gov/geo/series/GSE232nnn/GSE232556/,Glis2 is an early effector of polycystin signaling and a target for therapy in polycystic kidney disease.,Nature communications,2024 May 1,10.1038/s41467-024-48025-6,OSD-163|Mmus_BAL-TAL_KDN_BSL_Rep2_B2,Basal Control
15,GSM4559516,0.9966986775398254,GSE150838,Humanized C3 Mouse: A Novel Accelerated Model of C3 Glomerulopathy,,,"We developed a novel, rapidly-progressing, severe murine model of C3G by replacing the mouse C3 gene with the human C3 homologue using Velocigene® technology. We conducted functional, histological, molecular and pharmacologic assays to characterize the presentation of renal disease and useful pharmacologic interventions in the humanized C3 (C3hu/hu) mice.","3 separate experiments are included. The first profiles livers from WT and humanized C3 (huC3) mice, N = 3 each. Experiment two replicated the experiment in kidneys (N = 3 for WT, N = 6 for huC3). Experiment three profiles kidneys from WT mice (N =5), huC3 mice treated with control antibody (N=3), and huC3 mice treated with an anti-C5 mAb (N = 4).",,,,374514,GPL13112,Mus musculus,GSE,Expression profiling by high throughput sequencing,2020/05/20,27,ftp://ftp.ncbi.nlm.nih.gov/geo/series/GSE150nnn/GSE150838/,,,,,OSD-163|Mmus_BAL-TAL_KDN_BSL_Rep2_B2,Basal Control
16,GSM8082233,0.9965447187423706,GSE255885,Deletion of Klotho enhancer deepens sexual dimorphism of gene expression without impacting female resistance to kidney injury [RNA exp2],,,"Sexual dimorphism in kidney injury markers, such as Klotho, is frequently underestimated or disregarded, as most of the preclinical research is done in male animals. Klotho is well-linked to renal health and its deletion in mice results in a severe accelerated aging-like phenotype and premature death. Here, we identified candidate Klotho enhancers and discovered their function using mice carrying deletions in the enhancer loci. Candidate Klotho enhancers were deleted using CRISPR/Cas9 genome editing. Warm ischemia-reperfusion surgery (IRI) was performed bilaterally to induce acute kidney injury and unilaterally in a fibrosis model. Using ChIP-seq and RNA-seq, we analyzed renal chromatin features and gene expression. ELISA and colorimetric assays were used to measure serum FGF23 and serum component levels. Removal of the enhancer caused more substantial reduction in Klotho mRNA levels in female mice compared to males (90 vs. 50%), supported by gene promoter marks remaining more pronounced in males. Weight, lifespan, and fertility of mice lacking the enhancers were not impacted. Only male mutant mice displayed higher Havcr1 expression after IRI than controls (mean 1048 vs. 231.4, p=0.0016). 28 days after unilateral IRI, only males displayed increased fibrosis markers, but with no difference between genotypes. Our findings reveal sexual dimorphism of Klotho gene expression and its enhancer regulation. Only male mutant mice were more susceptible to acute injury and the enhancer deletion had no impact on fibrosis. Additional investigation into the mechanisms governing Klotho regulation is imperative to reassess its effectiveness as a kidney injury marker.",Chromatin Immunoprecipitation and DNA Sequencing (ChIP-Seq) of histone modifications H3K27ac and H3K4me3 in mouse kidneys was used to assess efficacy of deletion of candidate Klotho gene enhancers and to assess it's effect on renal chromatin landscape. RNA-seq was used to investigate the effects of Klotho enhencer deletion on renal gene expression.,38529500;39277686,,,851147,GPL24247,Mus musculus,GSE,Expression profiling by high throughput sequencing,2024/04/04,16,ftp://ftp.ncbi.nlm.nih.gov/geo/series/GSE255nnn/GSE255885/,Sexually dimorphic renal expression of Klotho is directed by a kidney-specific distal enhancer responsive to HNF1b.,bioRxiv : the preprint server for biology,2024 Mar 4,10.1101/2024.02.29.582831,OSD-163|Mmus_BAL-TAL_KDN_BSL_Rep2_B2,Basal Control
17,GSM4036901,0.996508002281189,GSE135868,Heme metabolism confronts urinary pathogens at the urothelium,,,"The kidney and bladder expresses a variety of powerful defense mechanisms to limit urinary infection including iron scavenging, a process called ""nutritional immunity"". We previously demonstrated that bladder and kidney epithelia generates the archetype of the urinary iron defense, a lipocalin called NGAL which binds Enterochelin, a bacterial siderophore. However, because urinary bacteria can evade the bacteriostatic effects of NGAL by modifying Enterochelin and by producing additional siderophores, other mechanisms of ""nutritional immunity"" are anticipated. To study the defense in the kidney, we used a cell type specific method of RNA isolation in mouse (adapted from Gay et al, Oregon). A promiscuous form of phosphoribosyltransferase (UPRT) was cloned into the Rosa26 locus using a floxed-stop design which we activated in a cell specific fashion with Atp6v1b1-Cre. Thiouracil was introduced 12hr and 24hrs after urinary tract infection. Isolation of RNA directly from intercalated revealed synthetic (Npas1-Bmal1-Alas), transport (Hrg1, Flvcr1) and metabolic enzymes (Hmox1) of heme metabolism. Hmox1 was detected in the kidney with a luciferase based reporter (Contag et al, Stanford) after infection. CO production was detected in vivo and in AtpCre-mTmG FACS isolated intercalated cells in vitro using a novel metal-based probe synthesized at Columbia (adapted from Liu et al, China). Urinary bacteria (UPEC) with heme transport mutations were not competitive in the colonization of the kidney but conversely were markedly stimulated by iron, suggesting bacterial-host competition for heme capture and metabolism. In fact, infection upregulated both heme synthetic and metabolic genes, suggesting that CO production is induced by infection. Exposure to CO terminated the growth of UPEC. In sum, we have identified an unusual iron trafficking system in the collecting ducts that mirrors the nutritional requirements of UPEC to achieve pyelonephritis. Many of these components are specific to the intercalated cells, consistent with the notion that these cells defend the urinary tract from infection.","Examining cell-specific transcriptional profile of urinary tract infection (UTI) mouse model, compared to controls, in kidney intercalated cells using thio-uracil RNA labeling technique",,,,279916,GPL13112,Mus musculus,GSE,Expression profiling by high throughput sequencing,2019/08/15,22,ftp://ftp.ncbi.nlm.nih.gov/geo/series/GSE135nnn/GSE135868/,,,,,OSD-163|Mmus_BAL-TAL_KDN_BSL_Rep2_B2,Basal Control
18,GSM7350281,0.996256947517395,GSE232556,functional targets of cilia dependent cyst activation (CDCA) and a potential therapeutic targets for treating polycystic kidney disease,,,We applied unbiased cell type specific transcriptional profiling by translating ribosome affinity purification (TRAP) to mouse kidneys with polycystin-1 and cilia inactivation at a stage prior kidney tubule cyst formation. We identified differentially expressed actively translating mRNA that correlated with the cilia dependent cyst activation (CDCA) pattern common to male and female mice. This differential translatome offers opportunities for mechanistic discovery in polycystin and cilia related kidney phenotypes.,"We performed TRAP RNASeq at a stage when cyst formation had not yet occurred following Pkd1 inactivation. To achieve these objectives, we used mice with the following genotypes: Pkd1fl/+; R26Rpl10a; Pax8rtTA; TetOCre (“noncystic”), Pkd1fl/fl; R26Rpl10a; Pax8rtTA; TetOCre (Pkd1KO), Pkd1fl/fl; Kif3afl/fl; R26Rpl10a; Pax8rtTA; TetOCre (Pkd1KO+ciliaKO). All experimental mice were hemizygous for the R26Rpl10a, Pax8rtTA and TetOCre alleles. The R26Rpl10a allele expresses the L10a-EGFP ribosomal protein fusion23 following expression of Cre recombinase in response to doxycycline, allowing selective pulldown of ribosomes only from nephron epithelial cells in which Pax8rtTA is expressed. All mice received oral doxycycline from postnatal day 28 to 42 (P28–P42) to induce TetOCre. Fresh kidney tissue was harvested for ribosomal pulldown at P49 (7 weeks).",38693102,,,779843,GPL24247,Mus musculus,GSE,Expression profiling by high throughput sequencing,2024/02/23,45,ftp://ftp.ncbi.nlm.nih.gov/geo/series/GSE232nnn/GSE232556/,Glis2 is an early effector of polycystin signaling and a target for therapy in polycystic kidney disease.,Nature communications,2024 May 1,10.1038/s41467-024-48025-6,OSD-163|Mmus_BAL-TAL_KDN_BSL_Rep2_B2,Basal Control
19,GSM4036903,0.996160626411438,GSE135868,Heme metabolism confronts urinary pathogens at the urothelium,,,"The kidney and bladder expresses a variety of powerful defense mechanisms to limit urinary infection including iron scavenging, a process called ""nutritional immunity"". We previously demonstrated that bladder and kidney epithelia generates the archetype of the urinary iron defense, a lipocalin called NGAL which binds Enterochelin, a bacterial siderophore. However, because urinary bacteria can evade the bacteriostatic effects of NGAL by modifying Enterochelin and by producing additional siderophores, other mechanisms of ""nutritional immunity"" are anticipated. To study the defense in the kidney, we used a cell type specific method of RNA isolation in mouse (adapted from Gay et al, Oregon). A promiscuous form of phosphoribosyltransferase (UPRT) was cloned into the Rosa26 locus using a floxed-stop design which we activated in a cell specific fashion with Atp6v1b1-Cre. Thiouracil was introduced 12hr and 24hrs after urinary tract infection. Isolation of RNA directly from intercalated revealed synthetic (Npas1-Bmal1-Alas), transport (Hrg1, Flvcr1) and metabolic enzymes (Hmox1) of heme metabolism. Hmox1 was detected in the kidney with a luciferase based reporter (Contag et al, Stanford) after infection. CO production was detected in vivo and in AtpCre-mTmG FACS isolated intercalated cells in vitro using a novel metal-based probe synthesized at Columbia (adapted from Liu et al, China). Urinary bacteria (UPEC) with heme transport mutations were not competitive in the colonization of the kidney but conversely were markedly stimulated by iron, suggesting bacterial-host competition for heme capture and metabolism. In fact, infection upregulated both heme synthetic and metabolic genes, suggesting that CO production is induced by infection. Exposure to CO terminated the growth of UPEC. In sum, we have identified an unusual iron trafficking system in the collecting ducts that mirrors the nutritional requirements of UPEC to achieve pyelonephritis. Many of these components are specific to the intercalated cells, consistent with the notion that these cells defend the urinary tract from infection.","Examining cell-specific transcriptional profile of urinary tract infection (UTI) mouse model, compared to controls, in kidney intercalated cells using thio-uracil RNA labeling technique",,,,279918,GPL13112,Mus musculus,GSE,Expression profiling by high throughput sequencing,2019/08/15,22,ftp://ftp.ncbi.nlm.nih.gov/geo/series/GSE135nnn/GSE135868/,,,,,OSD-163|Mmus_BAL-TAL_KDN_BSL_Rep2_B2,Basal Control
20,GSM4742424,0.998535692691803,GSE156692,Identification of cellular context sensitive regulatory variation in mouse genomes,,,"RNA-seq and DHS mapping in hybrid mouse kidney, liver, lung, and B cells",138 DNase-seq and 17 RNA-seq samples collected from 4 tissues in 5 hybrid mouse strains,33990600,,,411689,GPL19057; GPL17021,Mus musculus,GSE,Expression profiling by high throughput sequencing; Genome binding/occupancy profiling by high throughput sequencing,2020/11/25,158,ftp://ftp.ncbi.nlm.nih.gov/geo/series/GSE156nnn/GSE156692/,Tissue context determines the penetrance of regulatory DNA variation.,Nature communications,2021 May 14,10.1038/s41467-021-23139-3,OSD-163|Mmus_BAL-TAL_KDN_BSL_Rep3_B3,Basal Control
21,GSM3825539,0.9982513189315796,GSE131894,Renal circadian rhythm dysregulation in lupus nephritis,,,This SuperSeries is composed of the SubSeries listed below.,Refer to individual Series,34488619,,,257906,GPL21103; GPL6885,Mus musculus,GSE,Expression profiling by array; Expression profiling by high throughput sequencing,2021/09/14,117,ftp://ftp.ncbi.nlm.nih.gov/geo/series/GSE131nnn/GSE131894/,Reversible dysregulation of renal circadian rhythm in lupus nephritis.,"Molecular medicine (Cambridge, Mass.)",2021 Sep 6,10.1186/s10020-021-00361-9,OSD-163|Mmus_BAL-TAL_KDN_BSL_Rep3_B3,Basal Control
22,GSM5730967,0.9980993270874023,GSE190756,Comparative transcriptomics reveals circadian and pluripotency networks as two pillars of longevity regulation,,,"Mammals differ more than 100-fold in maximum lifespan. Here, we conducted comparative transcriptomics on 26 species with diverse lifespans. We identified thousands of genes with expression levels negatively or positively correlated with a species' maximum lifespan (Neg- or Pos-MLS genes). Neg-MLS genes are primarily involved in energy metabolism and inflammation. Pos-MLS genes show enrichment in DNA repair, microtubule organization, and RNA transport. Expression of Neg- and Pos-MLS genes is modulated by interventions, including mTOR and PI3K inhibition. Regulatory networks analysis showed that Neg-MLS genes are under circadian regulation possibly to avoid persistent high expression, whereas Pos-MLS genes are targets of master pluripotency regulators OCT4 and NANOG and are upregulated during somatic cell reprogramming. Pos-MLS genes are highly expressed during embryogenesis but significantly downregulated after birth. This work provides targets for anti-aging interventions by defining pathways correlating with longevity across mammals and uncovering circadian and pluripotency networks as central regulators of longevity.",Examination of gene expression across species.,35580607;38052795,,,577886,GPL31083; GPL31080; GPL31086; GPL31072; GPL29592; GPL31069; GPL31085; GPL31068; GPL31088; GPL31074; GPL31071; GPL31077; GPL26915; GPL31073; GPL31070; GPL31076; GPL31082; GPL31079; GPL31081; GPL21626; GPL31075; GPL31078; GPL31067; GPL31084; GPL31087,Blarina brevicauda; Tamiasciurus hudsonicus; Rattus rattus; Myocastor coypus; Heterocephalus glaber; Castor canadensis; Acomys russatus; Marmota monax; Cavia porcellus; Octodon degus; Chinchilla lanigera; Scalopus aquaticus; Peromyscus maniculatus; Ondatra zibethicus; Hydrochoerus hydrochaeris; Cuniculus paca; Cricetulus barabensis; Mesocricetus auratus; Mus musculus; Sciurus carolinensis; Tamias striatus; Neotoma cinerea; Condylura cristata; Fukomys damarensis; Bramus lutescens,GSE,Expression profiling by high throughput sequencing,2022/05/18,522,ftp://ftp.ncbi.nlm.nih.gov/geo/series/GSE190nnn/GSE190756/,Comparative transcriptomics reveals circadian and pluripotency networks as two pillars of longevity regulation.,Cell metabolism,2022 Jun 7,10.1016/j.cmet.2022.04.011,OSD-163|Mmus_BAL-TAL_KDN_BSL_Rep3_B3,Basal Control
23,GSM6199171,0.998099148273468,GSE204873,Annexin A1 exerts renoprotective effects in experimental crescentic glomerulonephritis,,,The glucocorticoid-inducible protein annexin A1 has been shown to function as key-regulator of the resolution phase of inflammation but its role in immune-mediated crescentic glomerulonephritis has not been studied so far. Acute crescentic glomerulonephritis was induced in annexin A1 deficient and wildtype mice using a sheep serum against rat glomerular basement membrane constituents. Alterations in gene expression were determined by RNA-Seq and gene ontology analysis. Intrinsic annexin A1 has a protective effect in reducing pro-inflammatory signals and infiltration of neutrophil granulocytes during crescentic GN. The annexin A1 signaling cascade may therefore provide novel targets for the treatment of inflammatory kidney disease.,Comparative gene expression profiling analysis of RNA-seq data for kidney homogenates from nephritic wildtype and AnxA1 knockout mice.,36311242,,,650138,GPL21103,Mus musculus,GSE,Expression profiling by high throughput sequencing,2022/10/04,11,ftp://ftp.ncbi.nlm.nih.gov/geo/series/GSE204nnn/GSE204873/,Annexin A1 exerts renoprotective effects in experimental crescentic glomerulonephritis.,Frontiers in physiology,2022,10.3389/fphys.2022.984362,OSD-163|Mmus_BAL-TAL_KDN_BSL_Rep3_B3,Basal Control
24,GSM2927745,0.9980434775352478,GSE108990,"Tissue- and strain-specific effects of a genotoxic carcinogen1,3-butadiene on chromatin and transcription",,,"Epigenetic effects of environmental chemicals are under intense investigation to fill existing knowledge gaps between environmental/occupational exposures and adverse health outcomes. Chromatin accessibility is one prominent mechanism of epigenetic control of transcription, and understanding of the chemical effects on both could inform the causal role of epigenetic alterations in disease mechanisms. In this study, we hypothesized that baseline variability in chromatin organization and transcription profiles among various tissues and mouse strains influence the outcome of exposure to the DNA damaging chemical 1,3-butadiene. To test this hypothesis, we evaluated DNA damage along with comprehensive quantification of RNA transcripts (RNA-seq), identification of accessible chromatin (ATAC-seq), and characterization of regions with histone modifications associated with active transcription (ChIP-seq for acetylation at histone 3 lysine 27, H3K27ac). We collected these data in the lung, liver and kidney of mice from two genetically divergent strains, C57BL/6J and CAST/EiJ, that were exposed to clean air or to 1,3-butadiene (~600 ppm) for 2 weeks. We found that tissue effects dominate differences in both gene expression and chromatin states, followed by strain effects. At baseline, xenobiotic metabolism was consistently more active in CAST/EiJ, while immune system pathways were more active in C57BL/6J across tissues. Surprisingly, even though all three tissues in both strains harbored butadiene-induced DNA damage, little transcriptional effect of butadiene was observed in liver and kidney. Toxicologically-relevant effects of butadiene in the lung were on the pathways of xenobiotic metabolism and inflammation. We also found that variability in chromatin accessibility across individuals (i.e., strains) only partially explains the variability in transcription. This study showed that variation in the basal states of epigenome and transcriptome may be useful indicators for individuals or tissues susceptible to genotoxic environmental chemicals.","Investigation of strain-specific chromatin accessibility, H3k27ac modifications, and gene expression differences in lung, liver, and kidney tissue from CAST/EiJ and C57BL/6J mice, and how the gene regulatory landscape changes in response to 1,3-Butadiene exposure",29429127,,,151061,GPL17021,Mus musculus,GSE,Expression profiling by high throughput sequencing; Genome binding/occupancy profiling by high throughput sequencing,2018/02/14,208,ftp://ftp.ncbi.nlm.nih.gov/geo/series/GSE108nnn/GSE108990/,"Tissue- and strain-specific effects of a genotoxic carcinogen 1,3-butadiene on chromatin and transcription.",Mammalian genome : official journal of the International Mammalian Genome Society,2018 Feb,10.1007/s00335-018-9739-6,OSD-163|Mmus_BAL-TAL_KDN_BSL_Rep3_B3,Basal Control
25,GSM3825540,0.9980349540710449,GSE131894,Renal circadian rhythm dysregulation in lupus nephritis,,,This SuperSeries is composed of the SubSeries listed below.,Refer to individual Series,34488619,,,257907,GPL21103; GPL6885,Mus musculus,GSE,Expression profiling by array; Expression profiling by high throughput sequencing,2021/09/14,117,ftp://ftp.ncbi.nlm.nih.gov/geo/series/GSE131nnn/GSE131894/,Reversible dysregulation of renal circadian rhythm in lupus nephritis.,"Molecular medicine (Cambridge, Mass.)",2021 Sep 6,10.1186/s10020-021-00361-9,OSD-163|Mmus_BAL-TAL_KDN_BSL_Rep3_B3,Basal Control
26,GSM5730976,0.9980168342590332,GSE190756,Comparative transcriptomics reveals circadian and pluripotency networks as two pillars of longevity regulation,,,"Mammals differ more than 100-fold in maximum lifespan. Here, we conducted comparative transcriptomics on 26 species with diverse lifespans. We identified thousands of genes with expression levels negatively or positively correlated with a species' maximum lifespan (Neg- or Pos-MLS genes). Neg-MLS genes are primarily involved in energy metabolism and inflammation. Pos-MLS genes show enrichment in DNA repair, microtubule organization, and RNA transport. Expression of Neg- and Pos-MLS genes is modulated by interventions, including mTOR and PI3K inhibition. Regulatory networks analysis showed that Neg-MLS genes are under circadian regulation possibly to avoid persistent high expression, whereas Pos-MLS genes are targets of master pluripotency regulators OCT4 and NANOG and are upregulated during somatic cell reprogramming. Pos-MLS genes are highly expressed during embryogenesis but significantly downregulated after birth. This work provides targets for anti-aging interventions by defining pathways correlating with longevity across mammals and uncovering circadian and pluripotency networks as central regulators of longevity.",Examination of gene expression across species.,35580607;38052795,,,577895,GPL31083; GPL31080; GPL31086; GPL31072; GPL29592; GPL31069; GPL31085; GPL31068; GPL31088; GPL31074; GPL31071; GPL31077; GPL26915; GPL31073; GPL31070; GPL31076; GPL31082; GPL31079; GPL31081; GPL21626; GPL31075; GPL31078; GPL31067; GPL31084; GPL31087,Blarina brevicauda; Tamiasciurus hudsonicus; Rattus rattus; Myocastor coypus; Heterocephalus glaber; Castor canadensis; Acomys russatus; Marmota monax; Cavia porcellus; Octodon degus; Chinchilla lanigera; Scalopus aquaticus; Peromyscus maniculatus; Ondatra zibethicus; Hydrochoerus hydrochaeris; Cuniculus paca; Cricetulus barabensis; Mesocricetus auratus; Mus musculus; Sciurus carolinensis; Tamias striatus; Neotoma cinerea; Condylura cristata; Fukomys damarensis; Bramus lutescens,GSE,Expression profiling by high throughput sequencing,2022/05/18,522,ftp://ftp.ncbi.nlm.nih.gov/geo/series/GSE190nnn/GSE190756/,Comparative transcriptomics reveals circadian and pluripotency networks as two pillars of longevity regulation.,Cell metabolism,2022 Jun 7,10.1016/j.cmet.2022.04.011,OSD-163|Mmus_BAL-TAL_KDN_BSL_Rep3_B3,Basal Control
27,GSM6199169,0.9980113506317139,GSE204873,Annexin A1 exerts renoprotective effects in experimental crescentic glomerulonephritis,,,The glucocorticoid-inducible protein annexin A1 has been shown to function as key-regulator of the resolution phase of inflammation but its role in immune-mediated crescentic glomerulonephritis has not been studied so far. Acute crescentic glomerulonephritis was induced in annexin A1 deficient and wildtype mice using a sheep serum against rat glomerular basement membrane constituents. Alterations in gene expression were determined by RNA-Seq and gene ontology analysis. Intrinsic annexin A1 has a protective effect in reducing pro-inflammatory signals and infiltration of neutrophil granulocytes during crescentic GN. The annexin A1 signaling cascade may therefore provide novel targets for the treatment of inflammatory kidney disease.,Comparative gene expression profiling analysis of RNA-seq data for kidney homogenates from nephritic wildtype and AnxA1 knockout mice.,36311242,,,650136,GPL21103,Mus musculus,GSE,Expression profiling by high throughput sequencing,2022/10/04,11,ftp://ftp.ncbi.nlm.nih.gov/geo/series/GSE204nnn/GSE204873/,Annexin A1 exerts renoprotective effects in experimental crescentic glomerulonephritis.,Frontiers in physiology,2022,10.3389/fphys.2022.984362,OSD-163|Mmus_BAL-TAL_KDN_BSL_Rep3_B3,Basal Control
28,GSM3814866,0.9979451894760132,GSE131735,Tsc1 and Vhl loss cooperates to drive renal cell carcinoma through augmenting HIF1 and NRF2 signaling pathways,,,"Besides the truncal VHL mutations, ccRCC is characterized by upregulated MTOR signals from both preclinical and clinical studies. To understand how upregulated MTOR signals cooperate with VHL loss in promoting kidney tumorigenesis, we generated kidney-specific deletion of Vhl and Tsc1 (Vhl;Tsc1 cDKO) in mice. The mice showed decreased life span with maximal age of 11 weeks, bilateral polycystic kidney diseases from ~3 weeks and multifocal solid renal cell carcinoma with eosinophilic cytoplasm and grade 2-3 from 7 weeks old. The mouse tumors resemble histology of the human kidney tumors with VHL and TSC1 mutations. To understand the mechanism of how Tsc1 loss cooperates with Vhl loss in promoting tumorigenesis, we performed transcriptomic, metabolomic and immunohistochemical profilings of renal cortices from age-matched wild-type, Vhl  or Tsc1  single knockout, and Vhl;Tsc1 cDKO mice. Tsc1 loss cooperates with Vhl loss by augmenting the HIF1 transcriptional output, as well as altering the glutamine/glutamate metabolism, urea cycle, glycogen metabolism, and activating NRF2 signaling pathways which reprogram the cells to counteract the high oxidative stress associated with the proliferation. Our study reports a ccRCC mouse model recapitulating human ccRCC with same genetic background, provides mechanistic insights concerning cooperation between upregulated mTORC1 signals and VHL loss, generates in vivo reagents for studying ccRCC, and implicates potential clinical values.","Kidney Cortices mRNA profiles of 4-week-old wild type (WT), Vhl cKO, Pbrm1 cKO, Tsc1 cKO, Vhl;Pbrm1 cDKO, and Vhl;Tsc1 cDKO mice were generated by deep sequencing, in quadruplicates, using HiSeq 4000.",,,,257381,GPL21103,Mus musculus,GSE,Expression profiling by high throughput sequencing,2022/05/01,24,ftp://ftp.ncbi.nlm.nih.gov/geo/series/GSE131nnn/GSE131735/,,,,,OSD-163|Mmus_BAL-TAL_KDN_BSL_Rep3_B3,Basal Control
29,GSM7074448,0.9979243874549866,GSE226397,Lysosomal cystine export regulates mTORC1 signaling to guide kidney epithelial cell fate specialization (RNA-Seq),,,"Differentiation is critical for epithelial cell fate decisions, but the signals involved remain unclear. The kidney proximal tubule (PT) cells reabsorb disulphide-rich proteins through endocytosis, generating cystine via lysosomal proteolysis. Here we report that defective cystine mobilization from lysosomes through cystinosin (CTNS), which is mutated in cystinosis, diverts PT cells towards growth and proliferation, disrupting their functions. Mechanistically, lysosomal cystine storage stimulates Ragulator-Rag GTPase-dependent recruitment of mechanistic target of Rapamycin complex 1 (mTORC1) and its constitutive activation. Re-introduction of CTNS restores nutrient-dependent regulation of mTORC1 in knockout cells, whereas cell-permeant analogues of L-cystine, accumulating within lysosomes, render wild-type cells resistant to nutrient withdrawal. Therapeutic mTORC1 inhibition corrects lysosome and differentiation downstream of cystine storage, and phenotypes in a zebrafish model of cystinosis. Thus, cystine serves as a lysosomal signal that tailors mTORC1 signaling and metabolism to direct epithelial cell fate decisions. These results identify mechanisms and therapeutic targets for dysregulated homeostasis in cystinosis.",Comparative gene expression profiling analysis of RNA-seq data on kidney cortex from CTNS KO Mouse and Rat model vs WT control,37452023,,,738377,GPL25947; GPL24247,Mus musculus; Rattus norvegicus,GSE,Expression profiling by high throughput sequencing,2023/03/08,24,ftp://ftp.ncbi.nlm.nih.gov/geo/series/GSE226nnn/GSE226397/,Lysosomal cystine export regulates mTORC1 signaling to guide kidney epithelial cell fate specialization.,Nature communications,2023 Jul 14,10.1038/s41467-023-39261-3,OSD-163|Mmus_BAL-TAL_KDN_BSL_Rep3_B3,Basal Control
30,GSM8082236,0.9977879524230957,GSE255885,Deletion of Klotho enhancer deepens sexual dimorphism of gene expression without impacting female resistance to kidney injury [RNA exp2],,,"Sexual dimorphism in kidney injury markers, such as Klotho, is frequently underestimated or disregarded, as most of the preclinical research is done in male animals. Klotho is well-linked to renal health and its deletion in mice results in a severe accelerated aging-like phenotype and premature death. Here, we identified candidate Klotho enhancers and discovered their function using mice carrying deletions in the enhancer loci. Candidate Klotho enhancers were deleted using CRISPR/Cas9 genome editing. Warm ischemia-reperfusion surgery (IRI) was performed bilaterally to induce acute kidney injury and unilaterally in a fibrosis model. Using ChIP-seq and RNA-seq, we analyzed renal chromatin features and gene expression. ELISA and colorimetric assays were used to measure serum FGF23 and serum component levels. Removal of the enhancer caused more substantial reduction in Klotho mRNA levels in female mice compared to males (90 vs. 50%), supported by gene promoter marks remaining more pronounced in males. Weight, lifespan, and fertility of mice lacking the enhancers were not impacted. Only male mutant mice displayed higher Havcr1 expression after IRI than controls (mean 1048 vs. 231.4, p=0.0016). 28 days after unilateral IRI, only males displayed increased fibrosis markers, but with no difference between genotypes. Our findings reveal sexual dimorphism of Klotho gene expression and its enhancer regulation. Only male mutant mice were more susceptible to acute injury and the enhancer deletion had no impact on fibrosis. Additional investigation into the mechanisms governing Klotho regulation is imperative to reassess its effectiveness as a kidney injury marker.",Chromatin Immunoprecipitation and DNA Sequencing (ChIP-Seq) of histone modifications H3K27ac and H3K4me3 in mouse kidneys was used to assess efficacy of deletion of candidate Klotho gene enhancers and to assess it's effect on renal chromatin landscape. RNA-seq was used to investigate the effects of Klotho enhencer deletion on renal gene expression.,38529500;39277686,,,851150,GPL24247,Mus musculus,GSE,Expression profiling by high throughput sequencing,2024/04/04,16,ftp://ftp.ncbi.nlm.nih.gov/geo/series/GSE255nnn/GSE255885/,Sexually dimorphic renal expression of Klotho is directed by a kidney-specific distal enhancer responsive to HNF1b.,bioRxiv : the preprint server for biology,2024 Mar 4,10.1101/2024.02.29.582831,OSD-163|Mmus_BAL-TAL_KDN_BSL_Rep4_B4,Basal Control
31,GSM5730973,0.9977518320083618,GSE190756,Comparative transcriptomics reveals circadian and pluripotency networks as two pillars of longevity regulation,,,"Mammals differ more than 100-fold in maximum lifespan. Here, we conducted comparative transcriptomics on 26 species with diverse lifespans. We identified thousands of genes with expression levels negatively or positively correlated with a species' maximum lifespan (Neg- or Pos-MLS genes). Neg-MLS genes are primarily involved in energy metabolism and inflammation. Pos-MLS genes show enrichment in DNA repair, microtubule organization, and RNA transport. Expression of Neg- and Pos-MLS genes is modulated by interventions, including mTOR and PI3K inhibition. Regulatory networks analysis showed that Neg-MLS genes are under circadian regulation possibly to avoid persistent high expression, whereas Pos-MLS genes are targets of master pluripotency regulators OCT4 and NANOG and are upregulated during somatic cell reprogramming. Pos-MLS genes are highly expressed during embryogenesis but significantly downregulated after birth. This work provides targets for anti-aging interventions by defining pathways correlating with longevity across mammals and uncovering circadian and pluripotency networks as central regulators of longevity.",Examination of gene expression across species.,35580607;38052795,,,577892,GPL31083; GPL31080; GPL31086; GPL31072; GPL29592; GPL31069; GPL31085; GPL31068; GPL31088; GPL31074; GPL31071; GPL31077; GPL26915; GPL31073; GPL31070; GPL31076; GPL31082; GPL31079; GPL31081; GPL21626; GPL31075; GPL31078; GPL31067; GPL31084; GPL31087,Blarina brevicauda; Tamiasciurus hudsonicus; Rattus rattus; Myocastor coypus; Heterocephalus glaber; Castor canadensis; Acomys russatus; Marmota monax; Cavia porcellus; Octodon degus; Chinchilla lanigera; Scalopus aquaticus; Peromyscus maniculatus; Ondatra zibethicus; Hydrochoerus hydrochaeris; Cuniculus paca; Cricetulus barabensis; Mesocricetus auratus; Mus musculus; Sciurus carolinensis; Tamias striatus; Neotoma cinerea; Condylura cristata; Fukomys damarensis; Bramus lutescens,GSE,Expression profiling by high throughput sequencing,2022/05/18,522,ftp://ftp.ncbi.nlm.nih.gov/geo/series/GSE190nnn/GSE190756/,Comparative transcriptomics reveals circadian and pluripotency networks as two pillars of longevity regulation.,Cell metabolism,2022 Jun 7,10.1016/j.cmet.2022.04.011,OSD-163|Mmus_BAL-TAL_KDN_BSL_Rep4_B4,Basal Control
32,GSM5501901,0.9976760745048523,GSE181733,Transposon-triggered innate immune response confers cancer resistance to the blind mole rat,,,This SuperSeries is composed of the SubSeries listed below.,Refer to individual Series,34556881;38052795,,,531648,GPL25363; GPL30472; GPL28271; GPL30473; GPL24247,Rattus norvegicus; Homo sapiens; Mus musculus; Nannospalax ehrenbergi,GSE,Expression profiling by high throughput sequencing; Methylation profiling by genome tiling array; Methylation profiling by high throughput sequencing,2021/09/09,110,ftp://ftp.ncbi.nlm.nih.gov/geo/series/GSE181nnn/GSE181733/,Transposon-triggered innate immune response confers cancer resistance to the blind mole rat.,Nature immunology,2021 Oct,10.1038/s41590-021-01027-8,OSD-163|Mmus_BAL-TAL_KDN_BSL_Rep4_B4,Basal Control
33,GSM4742428,0.9976487159729004,GSE156692,Identification of cellular context sensitive regulatory variation in mouse genomes,,,"RNA-seq and DHS mapping in hybrid mouse kidney, liver, lung, and B cells",138 DNase-seq and 17 RNA-seq samples collected from 4 tissues in 5 hybrid mouse strains,33990600,,,411693,GPL19057; GPL17021,Mus musculus,GSE,Expression profiling by high throughput sequencing; Genome binding/occupancy profiling by high throughput sequencing,2020/11/25,158,ftp://ftp.ncbi.nlm.nih.gov/geo/series/GSE156nnn/GSE156692/,Tissue context determines the penetrance of regulatory DNA variation.,Nature communications,2021 May 14,10.1038/s41467-021-23139-3,OSD-163|Mmus_BAL-TAL_KDN_BSL_Rep4_B4,Basal Control
34,GSM8082226,0.9975927472114563,GSE255885,Deletion of Klotho enhancer deepens sexual dimorphism of gene expression without impacting female resistance to kidney injury [RNA exp2],,,"Sexual dimorphism in kidney injury markers, such as Klotho, is frequently underestimated or disregarded, as most of the preclinical research is done in male animals. Klotho is well-linked to renal health and its deletion in mice results in a severe accelerated aging-like phenotype and premature death. Here, we identified candidate Klotho enhancers and discovered their function using mice carrying deletions in the enhancer loci. Candidate Klotho enhancers were deleted using CRISPR/Cas9 genome editing. Warm ischemia-reperfusion surgery (IRI) was performed bilaterally to induce acute kidney injury and unilaterally in a fibrosis model. Using ChIP-seq and RNA-seq, we analyzed renal chromatin features and gene expression. ELISA and colorimetric assays were used to measure serum FGF23 and serum component levels. Removal of the enhancer caused more substantial reduction in Klotho mRNA levels in female mice compared to males (90 vs. 50%), supported by gene promoter marks remaining more pronounced in males. Weight, lifespan, and fertility of mice lacking the enhancers were not impacted. Only male mutant mice displayed higher Havcr1 expression after IRI than controls (mean 1048 vs. 231.4, p=0.0016). 28 days after unilateral IRI, only males displayed increased fibrosis markers, but with no difference between genotypes. Our findings reveal sexual dimorphism of Klotho gene expression and its enhancer regulation. Only male mutant mice were more susceptible to acute injury and the enhancer deletion had no impact on fibrosis. Additional investigation into the mechanisms governing Klotho regulation is imperative to reassess its effectiveness as a kidney injury marker.",Chromatin Immunoprecipitation and DNA Sequencing (ChIP-Seq) of histone modifications H3K27ac and H3K4me3 in mouse kidneys was used to assess efficacy of deletion of candidate Klotho gene enhancers and to assess it's effect on renal chromatin landscape. RNA-seq was used to investigate the effects of Klotho enhencer deletion on renal gene expression.,38529500;39277686,,,851140,GPL24247,Mus musculus,GSE,Expression profiling by high throughput sequencing,2024/04/04,16,ftp://ftp.ncbi.nlm.nih.gov/geo/series/GSE255nnn/GSE255885/,Sexually dimorphic renal expression of Klotho is directed by a kidney-specific distal enhancer responsive to HNF1b.,bioRxiv : the preprint server for biology,2024 Mar 4,10.1101/2024.02.29.582831,OSD-163|Mmus_BAL-TAL_KDN_BSL_Rep4_B4,Basal Control
35,GSM5982226,0.9974769353866577,GSE199702,"Transcriptomics analysis of heart, kidney, and liver tissues from 58 Collaborative Cross strains",,,"We report transcriptomic profiling from bulk heart, kidney, and liver tissues for 58 strains of the inbred mouse Collaborative Cross (CC). Each strain is represented by a male/female pair. Reads were first aligned to the pooled transcriptomes of the eight founder strains of the CC and then total gene counts were quantified using the EMASE and GBRS software tools. Total read counts can be further normalized for use in differential gene expression analysis, expression quantitative trait locus (eQTL) analysis, and integrative analyses with other -omic data sets measured on the same samples, including proteomics and phosphoproteomics.","RNA profiling of heart, kidney, and liver bulk tissues of male/female pairs from 58 Collaborative Cross (CC) mouse strains",,,,617841,GPL24247,Mus musculus,GSE,Expression profiling by high throughput sequencing,2023/02/05,348,ftp://ftp.ncbi.nlm.nih.gov/geo/series/GSE199nnn/GSE199702/,,,,,OSD-163|Mmus_BAL-TAL_KDN_BSL_Rep4_B4,Basal Control
36,GSM5730971,0.9974089860916138,GSE190756,Comparative transcriptomics reveals circadian and pluripotency networks as two pillars of longevity regulation,,,"Mammals differ more than 100-fold in maximum lifespan. Here, we conducted comparative transcriptomics on 26 species with diverse lifespans. We identified thousands of genes with expression levels negatively or positively correlated with a species' maximum lifespan (Neg- or Pos-MLS genes). Neg-MLS genes are primarily involved in energy metabolism and inflammation. Pos-MLS genes show enrichment in DNA repair, microtubule organization, and RNA transport. Expression of Neg- and Pos-MLS genes is modulated by interventions, including mTOR and PI3K inhibition. Regulatory networks analysis showed that Neg-MLS genes are under circadian regulation possibly to avoid persistent high expression, whereas Pos-MLS genes are targets of master pluripotency regulators OCT4 and NANOG and are upregulated during somatic cell reprogramming. Pos-MLS genes are highly expressed during embryogenesis but significantly downregulated after birth. This work provides targets for anti-aging interventions by defining pathways correlating with longevity across mammals and uncovering circadian and pluripotency networks as central regulators of longevity.",Examination of gene expression across species.,35580607;38052795,,,577890,GPL31083; GPL31080; GPL31086; GPL31072; GPL29592; GPL31069; GPL31085; GPL31068; GPL31088; GPL31074; GPL31071; GPL31077; GPL26915; GPL31073; GPL31070; GPL31076; GPL31082; GPL31079; GPL31081; GPL21626; GPL31075; GPL31078; GPL31067; GPL31084; GPL31087,Blarina brevicauda; Tamiasciurus hudsonicus; Rattus rattus; Myocastor coypus; Heterocephalus glaber; Castor canadensis; Acomys russatus; Marmota monax; Cavia porcellus; Octodon degus; Chinchilla lanigera; Scalopus aquaticus; Peromyscus maniculatus; Ondatra zibethicus; Hydrochoerus hydrochaeris; Cuniculus paca; Cricetulus barabensis; Mesocricetus auratus; Mus musculus; Sciurus carolinensis; Tamias striatus; Neotoma cinerea; Condylura cristata; Fukomys damarensis; Bramus lutescens,GSE,Expression profiling by high throughput sequencing,2022/05/18,522,ftp://ftp.ncbi.nlm.nih.gov/geo/series/GSE190nnn/GSE190756/,Comparative transcriptomics reveals circadian and pluripotency networks as two pillars of longevity regulation.,Cell metabolism,2022 Jun 7,10.1016/j.cmet.2022.04.011,OSD-163|Mmus_BAL-TAL_KDN_BSL_Rep4_B4,Basal Control
37,GSM5982174,0.997404932975769,GSE199702,"Transcriptomics analysis of heart, kidney, and liver tissues from 58 Collaborative Cross strains",,,"We report transcriptomic profiling from bulk heart, kidney, and liver tissues for 58 strains of the inbred mouse Collaborative Cross (CC). Each strain is represented by a male/female pair. Reads were first aligned to the pooled transcriptomes of the eight founder strains of the CC and then total gene counts were quantified using the EMASE and GBRS software tools. Total read counts can be further normalized for use in differential gene expression analysis, expression quantitative trait locus (eQTL) analysis, and integrative analyses with other -omic data sets measured on the same samples, including proteomics and phosphoproteomics.","RNA profiling of heart, kidney, and liver bulk tissues of male/female pairs from 58 Collaborative Cross (CC) mouse strains",,,,617789,GPL24247,Mus musculus,GSE,Expression profiling by high throughput sequencing,2023/02/05,348,ftp://ftp.ncbi.nlm.nih.gov/geo/series/GSE199nnn/GSE199702/,,,,,OSD-163|Mmus_BAL-TAL_KDN_BSL_Rep4_B4,Basal Control
38,GSM4036907,0.9973577260971069,GSE135868,Heme metabolism confronts urinary pathogens at the urothelium,,,"The kidney and bladder expresses a variety of powerful defense mechanisms to limit urinary infection including iron scavenging, a process called ""nutritional immunity"". We previously demonstrated that bladder and kidney epithelia generates the archetype of the urinary iron defense, a lipocalin called NGAL which binds Enterochelin, a bacterial siderophore. However, because urinary bacteria can evade the bacteriostatic effects of NGAL by modifying Enterochelin and by producing additional siderophores, other mechanisms of ""nutritional immunity"" are anticipated. To study the defense in the kidney, we used a cell type specific method of RNA isolation in mouse (adapted from Gay et al, Oregon). A promiscuous form of phosphoribosyltransferase (UPRT) was cloned into the Rosa26 locus using a floxed-stop design which we activated in a cell specific fashion with Atp6v1b1-Cre. Thiouracil was introduced 12hr and 24hrs after urinary tract infection. Isolation of RNA directly from intercalated revealed synthetic (Npas1-Bmal1-Alas), transport (Hrg1, Flvcr1) and metabolic enzymes (Hmox1) of heme metabolism. Hmox1 was detected in the kidney with a luciferase based reporter (Contag et al, Stanford) after infection. CO production was detected in vivo and in AtpCre-mTmG FACS isolated intercalated cells in vitro using a novel metal-based probe synthesized at Columbia (adapted from Liu et al, China). Urinary bacteria (UPEC) with heme transport mutations were not competitive in the colonization of the kidney but conversely were markedly stimulated by iron, suggesting bacterial-host competition for heme capture and metabolism. In fact, infection upregulated both heme synthetic and metabolic genes, suggesting that CO production is induced by infection. Exposure to CO terminated the growth of UPEC. In sum, we have identified an unusual iron trafficking system in the collecting ducts that mirrors the nutritional requirements of UPEC to achieve pyelonephritis. Many of these components are specific to the intercalated cells, consistent with the notion that these cells defend the urinary tract from infection.","Examining cell-specific transcriptional profile of urinary tract infection (UTI) mouse model, compared to controls, in kidney intercalated cells using thio-uracil RNA labeling technique",,,,279922,GPL13112,Mus musculus,GSE,Expression profiling by high throughput sequencing,2019/08/15,22,ftp://ftp.ncbi.nlm.nih.gov/geo/series/GSE135nnn/GSE135868/,,,,,OSD-163|Mmus_BAL-TAL_KDN_BSL_Rep4_B4,Basal Control
39,GSM7486687,0.9973350167274475,GSE235498,Genotype-by-diet interactions determine susceptibility and resistance in T2D mouse models,,,This SuperSeries is composed of the SubSeries listed below.,Refer to individual Series,,,,794009,GPL24247,Mus musculus,GSE,Expression profiling by high throughput sequencing,2023/12/31,420,ftp://ftp.ncbi.nlm.nih.gov/geo/series/GSE235nnn/GSE235498/,,,,,OSD-163|Mmus_BAL-TAL_KDN_BSL_Rep4_B4,Basal Control
40,GSM4742424,0.9986348748207092,GSE156692,Identification of cellular context sensitive regulatory variation in mouse genomes,,,"RNA-seq and DHS mapping in hybrid mouse kidney, liver, lung, and B cells",138 DNase-seq and 17 RNA-seq samples collected from 4 tissues in 5 hybrid mouse strains,33990600,,,411689,GPL19057; GPL17021,Mus musculus,GSE,Expression profiling by high throughput sequencing; Genome binding/occupancy profiling by high throughput sequencing,2020/11/25,158,ftp://ftp.ncbi.nlm.nih.gov/geo/series/GSE156nnn/GSE156692/,Tissue context determines the penetrance of regulatory DNA variation.,Nature communications,2021 May 14,10.1038/s41467-021-23139-3,OSD-163|Mmus_BAL-TAL_KDN_BSL_Rep5_B5,Basal Control
41,GSM5501917,0.998555600643158,GSE181733,Transposon-triggered innate immune response confers cancer resistance to the blind mole rat,,,This SuperSeries is composed of the SubSeries listed below.,Refer to individual Series,34556881;38052795,,,531660,GPL25363; GPL30472; GPL28271; GPL30473; GPL24247,Rattus norvegicus; Homo sapiens; Mus musculus; Nannospalax ehrenbergi,GSE,Expression profiling by high throughput sequencing; Methylation profiling by genome tiling array; Methylation profiling by high throughput sequencing,2021/09/09,110,ftp://ftp.ncbi.nlm.nih.gov/geo/series/GSE181nnn/GSE181733/,Transposon-triggered innate immune response confers cancer resistance to the blind mole rat.,Nature immunology,2021 Oct,10.1038/s41590-021-01027-8,OSD-163|Mmus_BAL-TAL_KDN_BSL_Rep5_B5,Basal Control
42,GSM2927744,0.9985433220863342,GSE108990,"Tissue- and strain-specific effects of a genotoxic carcinogen1,3-butadiene on chromatin and transcription",,,"Epigenetic effects of environmental chemicals are under intense investigation to fill existing knowledge gaps between environmental/occupational exposures and adverse health outcomes. Chromatin accessibility is one prominent mechanism of epigenetic control of transcription, and understanding of the chemical effects on both could inform the causal role of epigenetic alterations in disease mechanisms. In this study, we hypothesized that baseline variability in chromatin organization and transcription profiles among various tissues and mouse strains influence the outcome of exposure to the DNA damaging chemical 1,3-butadiene. To test this hypothesis, we evaluated DNA damage along with comprehensive quantification of RNA transcripts (RNA-seq), identification of accessible chromatin (ATAC-seq), and characterization of regions with histone modifications associated with active transcription (ChIP-seq for acetylation at histone 3 lysine 27, H3K27ac). We collected these data in the lung, liver and kidney of mice from two genetically divergent strains, C57BL/6J and CAST/EiJ, that were exposed to clean air or to 1,3-butadiene (~600 ppm) for 2 weeks. We found that tissue effects dominate differences in both gene expression and chromatin states, followed by strain effects. At baseline, xenobiotic metabolism was consistently more active in CAST/EiJ, while immune system pathways were more active in C57BL/6J across tissues. Surprisingly, even though all three tissues in both strains harbored butadiene-induced DNA damage, little transcriptional effect of butadiene was observed in liver and kidney. Toxicologically-relevant effects of butadiene in the lung were on the pathways of xenobiotic metabolism and inflammation. We also found that variability in chromatin accessibility across individuals (i.e., strains) only partially explains the variability in transcription. This study showed that variation in the basal states of epigenome and transcriptome may be useful indicators for individuals or tissues susceptible to genotoxic environmental chemicals.","Investigation of strain-specific chromatin accessibility, H3k27ac modifications, and gene expression differences in lung, liver, and kidney tissue from CAST/EiJ and C57BL/6J mice, and how the gene regulatory landscape changes in response to 1,3-Butadiene exposure",29429127,,,151060,GPL17021,Mus musculus,GSE,Expression profiling by high throughput sequencing; Genome binding/occupancy profiling by high throughput sequencing,2018/02/14,208,ftp://ftp.ncbi.nlm.nih.gov/geo/series/GSE108nnn/GSE108990/,"Tissue- and strain-specific effects of a genotoxic carcinogen 1,3-butadiene on chromatin and transcription.",Mammalian genome : official journal of the International Mammalian Genome Society,2018 Feb,10.1007/s00335-018-9739-6,OSD-163|Mmus_BAL-TAL_KDN_BSL_Rep5_B5,Basal Control
43,GSM8082235,0.998529314994812,GSE255885,Deletion of Klotho enhancer deepens sexual dimorphism of gene expression without impacting female resistance to kidney injury [RNA exp2],,,"Sexual dimorphism in kidney injury markers, such as Klotho, is frequently underestimated or disregarded, as most of the preclinical research is done in male animals. Klotho is well-linked to renal health and its deletion in mice results in a severe accelerated aging-like phenotype and premature death. Here, we identified candidate Klotho enhancers and discovered their function using mice carrying deletions in the enhancer loci. Candidate Klotho enhancers were deleted using CRISPR/Cas9 genome editing. Warm ischemia-reperfusion surgery (IRI) was performed bilaterally to induce acute kidney injury and unilaterally in a fibrosis model. Using ChIP-seq and RNA-seq, we analyzed renal chromatin features and gene expression. ELISA and colorimetric assays were used to measure serum FGF23 and serum component levels. Removal of the enhancer caused more substantial reduction in Klotho mRNA levels in female mice compared to males (90 vs. 50%), supported by gene promoter marks remaining more pronounced in males. Weight, lifespan, and fertility of mice lacking the enhancers were not impacted. Only male mutant mice displayed higher Havcr1 expression after IRI than controls (mean 1048 vs. 231.4, p=0.0016). 28 days after unilateral IRI, only males displayed increased fibrosis markers, but with no difference between genotypes. Our findings reveal sexual dimorphism of Klotho gene expression and its enhancer regulation. Only male mutant mice were more susceptible to acute injury and the enhancer deletion had no impact on fibrosis. Additional investigation into the mechanisms governing Klotho regulation is imperative to reassess its effectiveness as a kidney injury marker.",Chromatin Immunoprecipitation and DNA Sequencing (ChIP-Seq) of histone modifications H3K27ac and H3K4me3 in mouse kidneys was used to assess efficacy of deletion of candidate Klotho gene enhancers and to assess it's effect on renal chromatin landscape. RNA-seq was used to investigate the effects of Klotho enhencer deletion on renal gene expression.,38529500;39277686,,,851149,GPL24247,Mus musculus,GSE,Expression profiling by high throughput sequencing,2024/04/04,16,ftp://ftp.ncbi.nlm.nih.gov/geo/series/GSE255nnn/GSE255885/,Sexually dimorphic renal expression of Klotho is directed by a kidney-specific distal enhancer responsive to HNF1b.,bioRxiv : the preprint server for biology,2024 Mar 4,10.1101/2024.02.29.582831,OSD-163|Mmus_BAL-TAL_KDN_BSL_Rep5_B5,Basal Control
44,GSM4503932,0.9985033869743347,GSE149499,DMRT1-mediated reprogramming drives development of cancer resembling human germ cell tumors with features of totipotency,,,"In vivo reprogramming provokes a wide range of cell fate conversion. Here, we discover that in vivo induction of higher levels of OSKM in mouse somatic cells leads to increased expression of primordial germ cell (PGC)-related genes and provokes genome-wide erasure of genomic imprinting, which takes place exclusively in PGCs. Moreover, the in vivo OSKM reprogramming results in development of cancer that resembles human germ cell tumors. Like a subgroup of germ cell tumors, propagated tumor cells differentiate into trophoblasts. Moreover, these tumor cells give rise to induced pluripotent stem cells (iPSCs) with expanded differentiation potential into trophoblasts. Remarkably, the tumor-derived iPSCs are able to contribute to non-neoplastic somatic cells in adult mice. Mechanistically, DMRT1, which is expressed in PGCs, drives the reprogramming and propagation of the tumor cells in vivo. Furthermore, the DMRT1-related epigenetic landscape is associated with trophoblast competence of the reprogrammed cells and provides a therapeutic target for germ cell tumors. These results reveal an unappreciated route for somatic cell reprogramming and underscore the impact of reprogramming in development of germ cell tumors.","Analyzing transcriptional profiles and DNA methylation profiles by RNA-seq, WGBS and Methyl-seq in OSKM-induced cellular reprogramming in vitro and in vivo",34413299,,,370325,GPL18480; GPL17021; GPL19057,Mus musculus,GSE,Expression profiling by high throughput sequencing; Methylation profiling by high throughput sequencing,2021/07/20,70,ftp://ftp.ncbi.nlm.nih.gov/geo/series/GSE149nnn/GSE149499/,DMRT1-mediated reprogramming drives development of cancer resembling human germ cell tumors with features of totipotency.,Nature communications,2021 Aug 19,10.1038/s41467-021-25249-4,OSD-163|Mmus_BAL-TAL_KDN_BSL_Rep5_B5,Basal Control
45,GSM4742428,0.9984155297279358,GSE156692,Identification of cellular context sensitive regulatory variation in mouse genomes,,,"RNA-seq and DHS mapping in hybrid mouse kidney, liver, lung, and B cells",138 DNase-seq and 17 RNA-seq samples collected from 4 tissues in 5 hybrid mouse strains,33990600,,,411693,GPL19057; GPL17021,Mus musculus,GSE,Expression profiling by high throughput sequencing; Genome binding/occupancy profiling by high throughput sequencing,2020/11/25,158,ftp://ftp.ncbi.nlm.nih.gov/geo/series/GSE156nnn/GSE156692/,Tissue context determines the penetrance of regulatory DNA variation.,Nature communications,2021 May 14,10.1038/s41467-021-23139-3,OSD-163|Mmus_BAL-TAL_KDN_BSL_Rep5_B5,Basal Control
46,GSM4503933,0.9983795285224915,GSE149499,DMRT1-mediated reprogramming drives development of cancer resembling human germ cell tumors with features of totipotency,,,"In vivo reprogramming provokes a wide range of cell fate conversion. Here, we discover that in vivo induction of higher levels of OSKM in mouse somatic cells leads to increased expression of primordial germ cell (PGC)-related genes and provokes genome-wide erasure of genomic imprinting, which takes place exclusively in PGCs. Moreover, the in vivo OSKM reprogramming results in development of cancer that resembles human germ cell tumors. Like a subgroup of germ cell tumors, propagated tumor cells differentiate into trophoblasts. Moreover, these tumor cells give rise to induced pluripotent stem cells (iPSCs) with expanded differentiation potential into trophoblasts. Remarkably, the tumor-derived iPSCs are able to contribute to non-neoplastic somatic cells in adult mice. Mechanistically, DMRT1, which is expressed in PGCs, drives the reprogramming and propagation of the tumor cells in vivo. Furthermore, the DMRT1-related epigenetic landscape is associated with trophoblast competence of the reprogrammed cells and provides a therapeutic target for germ cell tumors. These results reveal an unappreciated route for somatic cell reprogramming and underscore the impact of reprogramming in development of germ cell tumors.","Analyzing transcriptional profiles and DNA methylation profiles by RNA-seq, WGBS and Methyl-seq in OSKM-induced cellular reprogramming in vitro and in vivo",34413299,,,370326,GPL18480; GPL17021; GPL19057,Mus musculus,GSE,Expression profiling by high throughput sequencing; Methylation profiling by high throughput sequencing,2021/07/20,70,ftp://ftp.ncbi.nlm.nih.gov/geo/series/GSE149nnn/GSE149499/,DMRT1-mediated reprogramming drives development of cancer resembling human germ cell tumors with features of totipotency.,Nature communications,2021 Aug 19,10.1038/s41467-021-25249-4,OSD-163|Mmus_BAL-TAL_KDN_BSL_Rep5_B5,Basal Control
47,GSM5982212,0.9983708262443542,GSE199702,"Transcriptomics analysis of heart, kidney, and liver tissues from 58 Collaborative Cross strains",,,"We report transcriptomic profiling from bulk heart, kidney, and liver tissues for 58 strains of the inbred mouse Collaborative Cross (CC). Each strain is represented by a male/female pair. Reads were first aligned to the pooled transcriptomes of the eight founder strains of the CC and then total gene counts were quantified using the EMASE and GBRS software tools. Total read counts can be further normalized for use in differential gene expression analysis, expression quantitative trait locus (eQTL) analysis, and integrative analyses with other -omic data sets measured on the same samples, including proteomics and phosphoproteomics.","RNA profiling of heart, kidney, and liver bulk tissues of male/female pairs from 58 Collaborative Cross (CC) mouse strains",,,,617827,GPL24247,Mus musculus,GSE,Expression profiling by high throughput sequencing,2023/02/05,348,ftp://ftp.ncbi.nlm.nih.gov/geo/series/GSE199nnn/GSE199702/,,,,,OSD-163|Mmus_BAL-TAL_KDN_BSL_Rep5_B5,Basal Control
48,GSM4503931,0.9983619451522827,GSE149499,DMRT1-mediated reprogramming drives development of cancer resembling human germ cell tumors with features of totipotency,,,"In vivo reprogramming provokes a wide range of cell fate conversion. Here, we discover that in vivo induction of higher levels of OSKM in mouse somatic cells leads to increased expression of primordial germ cell (PGC)-related genes and provokes genome-wide erasure of genomic imprinting, which takes place exclusively in PGCs. Moreover, the in vivo OSKM reprogramming results in development of cancer that resembles human germ cell tumors. Like a subgroup of germ cell tumors, propagated tumor cells differentiate into trophoblasts. Moreover, these tumor cells give rise to induced pluripotent stem cells (iPSCs) with expanded differentiation potential into trophoblasts. Remarkably, the tumor-derived iPSCs are able to contribute to non-neoplastic somatic cells in adult mice. Mechanistically, DMRT1, which is expressed in PGCs, drives the reprogramming and propagation of the tumor cells in vivo. Furthermore, the DMRT1-related epigenetic landscape is associated with trophoblast competence of the reprogrammed cells and provides a therapeutic target for germ cell tumors. These results reveal an unappreciated route for somatic cell reprogramming and underscore the impact of reprogramming in development of germ cell tumors.","Analyzing transcriptional profiles and DNA methylation profiles by RNA-seq, WGBS and Methyl-seq in OSKM-induced cellular reprogramming in vitro and in vivo",34413299,,,370324,GPL18480; GPL17021; GPL19057,Mus musculus,GSE,Expression profiling by high throughput sequencing; Methylation profiling by high throughput sequencing,2021/07/20,70,ftp://ftp.ncbi.nlm.nih.gov/geo/series/GSE149nnn/GSE149499/,DMRT1-mediated reprogramming drives development of cancer resembling human germ cell tumors with features of totipotency.,Nature communications,2021 Aug 19,10.1038/s41467-021-25249-4,OSD-163|Mmus_BAL-TAL_KDN_BSL_Rep5_B5,Basal Control
49,GSM5982172,0.9983607530593872,GSE199702,"Transcriptomics analysis of heart, kidney, and liver tissues from 58 Collaborative Cross strains",,,"We report transcriptomic profiling from bulk heart, kidney, and liver tissues for 58 strains of the inbred mouse Collaborative Cross (CC). Each strain is represented by a male/female pair. Reads were first aligned to the pooled transcriptomes of the eight founder strains of the CC and then total gene counts were quantified using the EMASE and GBRS software tools. Total read counts can be further normalized for use in differential gene expression analysis, expression quantitative trait locus (eQTL) analysis, and integrative analyses with other -omic data sets measured on the same samples, including proteomics and phosphoproteomics.","RNA profiling of heart, kidney, and liver bulk tissues of male/female pairs from 58 Collaborative Cross (CC) mouse strains",,,,617787,GPL24247,Mus musculus,GSE,Expression profiling by high throughput sequencing,2023/02/05,348,ftp://ftp.ncbi.nlm.nih.gov/geo/series/GSE199nnn/GSE199702/,,,,,OSD-163|Mmus_BAL-TAL_KDN_BSL_Rep5_B5,Basal Control
50,GSM5982180,0.9971670508384705,GSE199702,"Transcriptomics analysis of heart, kidney, and liver tissues from 58 Collaborative Cross strains",,,"We report transcriptomic profiling from bulk heart, kidney, and liver tissues for 58 strains of the inbred mouse Collaborative Cross (CC). Each strain is represented by a male/female pair. Reads were first aligned to the pooled transcriptomes of the eight founder strains of the CC and then total gene counts were quantified using the EMASE and GBRS software tools. Total read counts can be further normalized for use in differential gene expression analysis, expression quantitative trait locus (eQTL) analysis, and integrative analyses with other -omic data sets measured on the same samples, including proteomics and phosphoproteomics.","RNA profiling of heart, kidney, and liver bulk tissues of male/female pairs from 58 Collaborative Cross (CC) mouse strains",,,,617795,GPL24247,Mus musculus,GSE,Expression profiling by high throughput sequencing,2023/02/05,348,ftp://ftp.ncbi.nlm.nih.gov/geo/series/GSE199nnn/GSE199702/,,,,,OSD-163|Mmus_BAL-TAL_KDN_BSL_Rep6_B6,Basal Control
51,GSM7770925,0.9971339702606201,GSE242809,MicroRNA-mediated attenuation of branched-chain amino acid catabolism promotes ferroptosis in chronic kidney disease.,,,This SuperSeries is composed of the SubSeries listed below.,Refer to individual Series,38016961,,,816240,GPL19057,Mus musculus,GSE,Other; Non-coding RNA profiling by high throughput sequencing; Expression profiling by high throughput sequencing,2023/11/01,24,ftp://ftp.ncbi.nlm.nih.gov/geo/series/GSE242nnn/GSE242809/,MicroRNA-mediated attenuation of branched-chain amino acid catabolism promotes ferroptosis in chronic kidney disease.,Nature communications,2023 Nov 28,10.1038/s41467-023-43529-z,OSD-163|Mmus_BAL-TAL_KDN_BSL_Rep6_B6,Basal Control
52,GSM8082236,0.9970481395721436,GSE255885,Deletion of Klotho enhancer deepens sexual dimorphism of gene expression without impacting female resistance to kidney injury [RNA exp2],,,"Sexual dimorphism in kidney injury markers, such as Klotho, is frequently underestimated or disregarded, as most of the preclinical research is done in male animals. Klotho is well-linked to renal health and its deletion in mice results in a severe accelerated aging-like phenotype and premature death. Here, we identified candidate Klotho enhancers and discovered their function using mice carrying deletions in the enhancer loci. Candidate Klotho enhancers were deleted using CRISPR/Cas9 genome editing. Warm ischemia-reperfusion surgery (IRI) was performed bilaterally to induce acute kidney injury and unilaterally in a fibrosis model. Using ChIP-seq and RNA-seq, we analyzed renal chromatin features and gene expression. ELISA and colorimetric assays were used to measure serum FGF23 and serum component levels. Removal of the enhancer caused more substantial reduction in Klotho mRNA levels in female mice compared to males (90 vs. 50%), supported by gene promoter marks remaining more pronounced in males. Weight, lifespan, and fertility of mice lacking the enhancers were not impacted. Only male mutant mice displayed higher Havcr1 expression after IRI than controls (mean 1048 vs. 231.4, p=0.0016). 28 days after unilateral IRI, only males displayed increased fibrosis markers, but with no difference between genotypes. Our findings reveal sexual dimorphism of Klotho gene expression and its enhancer regulation. Only male mutant mice were more susceptible to acute injury and the enhancer deletion had no impact on fibrosis. Additional investigation into the mechanisms governing Klotho regulation is imperative to reassess its effectiveness as a kidney injury marker.",Chromatin Immunoprecipitation and DNA Sequencing (ChIP-Seq) of histone modifications H3K27ac and H3K4me3 in mouse kidneys was used to assess efficacy of deletion of candidate Klotho gene enhancers and to assess it's effect on renal chromatin landscape. RNA-seq was used to investigate the effects of Klotho enhencer deletion on renal gene expression.,38529500;39277686,,,851150,GPL24247,Mus musculus,GSE,Expression profiling by high throughput sequencing,2024/04/04,16,ftp://ftp.ncbi.nlm.nih.gov/geo/series/GSE255nnn/GSE255885/,Sexually dimorphic renal expression of Klotho is directed by a kidney-specific distal enhancer responsive to HNF1b.,bioRxiv : the preprint server for biology,2024 Mar 4,10.1101/2024.02.29.582831,OSD-163|Mmus_BAL-TAL_KDN_BSL_Rep6_B6,Basal Control
53,GSM8082226,0.9969956874847412,GSE255885,Deletion of Klotho enhancer deepens sexual dimorphism of gene expression without impacting female resistance to kidney injury [RNA exp2],,,"Sexual dimorphism in kidney injury markers, such as Klotho, is frequently underestimated or disregarded, as most of the preclinical research is done in male animals. Klotho is well-linked to renal health and its deletion in mice results in a severe accelerated aging-like phenotype and premature death. Here, we identified candidate Klotho enhancers and discovered their function using mice carrying deletions in the enhancer loci. Candidate Klotho enhancers were deleted using CRISPR/Cas9 genome editing. Warm ischemia-reperfusion surgery (IRI) was performed bilaterally to induce acute kidney injury and unilaterally in a fibrosis model. Using ChIP-seq and RNA-seq, we analyzed renal chromatin features and gene expression. ELISA and colorimetric assays were used to measure serum FGF23 and serum component levels. Removal of the enhancer caused more substantial reduction in Klotho mRNA levels in female mice compared to males (90 vs. 50%), supported by gene promoter marks remaining more pronounced in males. Weight, lifespan, and fertility of mice lacking the enhancers were not impacted. Only male mutant mice displayed higher Havcr1 expression after IRI than controls (mean 1048 vs. 231.4, p=0.0016). 28 days after unilateral IRI, only males displayed increased fibrosis markers, but with no difference between genotypes. Our findings reveal sexual dimorphism of Klotho gene expression and its enhancer regulation. Only male mutant mice were more susceptible to acute injury and the enhancer deletion had no impact on fibrosis. Additional investigation into the mechanisms governing Klotho regulation is imperative to reassess its effectiveness as a kidney injury marker.",Chromatin Immunoprecipitation and DNA Sequencing (ChIP-Seq) of histone modifications H3K27ac and H3K4me3 in mouse kidneys was used to assess efficacy of deletion of candidate Klotho gene enhancers and to assess it's effect on renal chromatin landscape. RNA-seq was used to investigate the effects of Klotho enhencer deletion on renal gene expression.,38529500;39277686,,,851140,GPL24247,Mus musculus,GSE,Expression profiling by high throughput sequencing,2024/04/04,16,ftp://ftp.ncbi.nlm.nih.gov/geo/series/GSE255nnn/GSE255885/,Sexually dimorphic renal expression of Klotho is directed by a kidney-specific distal enhancer responsive to HNF1b.,bioRxiv : the preprint server for biology,2024 Mar 4,10.1101/2024.02.29.582831,OSD-163|Mmus_BAL-TAL_KDN_BSL_Rep6_B6,Basal Control
54,GSM2927729,0.9969792366027832,GSE108990,"Tissue- and strain-specific effects of a genotoxic carcinogen1,3-butadiene on chromatin and transcription",,,"Epigenetic effects of environmental chemicals are under intense investigation to fill existing knowledge gaps between environmental/occupational exposures and adverse health outcomes. Chromatin accessibility is one prominent mechanism of epigenetic control of transcription, and understanding of the chemical effects on both could inform the causal role of epigenetic alterations in disease mechanisms. In this study, we hypothesized that baseline variability in chromatin organization and transcription profiles among various tissues and mouse strains influence the outcome of exposure to the DNA damaging chemical 1,3-butadiene. To test this hypothesis, we evaluated DNA damage along with comprehensive quantification of RNA transcripts (RNA-seq), identification of accessible chromatin (ATAC-seq), and characterization of regions with histone modifications associated with active transcription (ChIP-seq for acetylation at histone 3 lysine 27, H3K27ac). We collected these data in the lung, liver and kidney of mice from two genetically divergent strains, C57BL/6J and CAST/EiJ, that were exposed to clean air or to 1,3-butadiene (~600 ppm) for 2 weeks. We found that tissue effects dominate differences in both gene expression and chromatin states, followed by strain effects. At baseline, xenobiotic metabolism was consistently more active in CAST/EiJ, while immune system pathways were more active in C57BL/6J across tissues. Surprisingly, even though all three tissues in both strains harbored butadiene-induced DNA damage, little transcriptional effect of butadiene was observed in liver and kidney. Toxicologically-relevant effects of butadiene in the lung were on the pathways of xenobiotic metabolism and inflammation. We also found that variability in chromatin accessibility across individuals (i.e., strains) only partially explains the variability in transcription. This study showed that variation in the basal states of epigenome and transcriptome may be useful indicators for individuals or tissues susceptible to genotoxic environmental chemicals.","Investigation of strain-specific chromatin accessibility, H3k27ac modifications, and gene expression differences in lung, liver, and kidney tissue from CAST/EiJ and C57BL/6J mice, and how the gene regulatory landscape changes in response to 1,3-Butadiene exposure",29429127,,,151045,GPL17021,Mus musculus,GSE,Expression profiling by high throughput sequencing; Genome binding/occupancy profiling by high throughput sequencing,2018/02/14,208,ftp://ftp.ncbi.nlm.nih.gov/geo/series/GSE108nnn/GSE108990/,"Tissue- and strain-specific effects of a genotoxic carcinogen 1,3-butadiene on chromatin and transcription.",Mammalian genome : official journal of the International Mammalian Genome Society,2018 Feb,10.1007/s00335-018-9739-6,OSD-163|Mmus_BAL-TAL_KDN_BSL_Rep6_B6,Basal Control
55,GSM7770924,0.996971607208252,GSE242809,MicroRNA-mediated attenuation of branched-chain amino acid catabolism promotes ferroptosis in chronic kidney disease.,,,This SuperSeries is composed of the SubSeries listed below.,Refer to individual Series,38016961,,,816239,GPL19057,Mus musculus,GSE,Other; Non-coding RNA profiling by high throughput sequencing; Expression profiling by high throughput sequencing,2023/11/01,24,ftp://ftp.ncbi.nlm.nih.gov/geo/series/GSE242nnn/GSE242809/,MicroRNA-mediated attenuation of branched-chain amino acid catabolism promotes ferroptosis in chronic kidney disease.,Nature communications,2023 Nov 28,10.1038/s41467-023-43529-z,OSD-163|Mmus_BAL-TAL_KDN_BSL_Rep6_B6,Basal Control
56,GSM4559519,0.9968017339706421,GSE150838,Humanized C3 Mouse: A Novel Accelerated Model of C3 Glomerulopathy,,,"We developed a novel, rapidly-progressing, severe murine model of C3G by replacing the mouse C3 gene with the human C3 homologue using Velocigene® technology. We conducted functional, histological, molecular and pharmacologic assays to characterize the presentation of renal disease and useful pharmacologic interventions in the humanized C3 (C3hu/hu) mice.","3 separate experiments are included. The first profiles livers from WT and humanized C3 (huC3) mice, N = 3 each. Experiment two replicated the experiment in kidneys (N = 3 for WT, N = 6 for huC3). Experiment three profiles kidneys from WT mice (N =5), huC3 mice treated with control antibody (N=3), and huC3 mice treated with an anti-C5 mAb (N = 4).",,,,374517,GPL13112,Mus musculus,GSE,Expression profiling by high throughput sequencing,2020/05/20,27,ftp://ftp.ncbi.nlm.nih.gov/geo/series/GSE150nnn/GSE150838/,,,,,OSD-163|Mmus_BAL-TAL_KDN_BSL_Rep6_B6,Basal Control
57,GSM3431521,0.9967488646507263,GSE121330,Transcriptomic profiling reveals distinct modes of aging in the kidney,,,"The kidney is an excellent model for studying organ aging, but little is known about the molecular changes that take place during the aging process. In this article we measured mRNA expression and protein expression in a large cohort of Diversity Outbred mice at 6, 12, and 18 months of age, and studied the relationship between the changes we observe in mRNA and protein expression as a function of age. We observed enrichments of specific pathways including those that were previously observed to have significant changes with age at the mRNA level, and here we also identified enriched pathways at the protein level. Our analysis of the direction of change in mRNA and protein levels with age at the total population level revealed distinct functional groups that have either concordant or discordant changes in expression levels. The age-interactive quantitative trait loci (QTL) analysis of mRNA (eQTL) and protein (pQTL) revealed many distantly regulated loci as opposed to the many locally regulated eQTL and pQTL observed without age-interaction. From this, we found a locus on chromosome 12 and chromosome 15 to regulate many age-interactive eQTL and pQTL respectively. Overall, our findings demonstrate that the changes with age in the kidney at the protein level are distinctly different from the changes at the mRNA level and are not mediated by mRNA expression.","Kidneys of 188 Diversity Outbred mice at 6-months, 12-months, and 18-months of age were sequenced using 100bp single-end HiSeq 2500 to understand transcriptional changes that occur in the aging kidney.",33687326;34910517,,,211937,GPL17021,Mus musculus,GSE,Expression profiling by high throughput sequencing,2019/12/31,188,ftp://ftp.ncbi.nlm.nih.gov/geo/series/GSE121nnn/GSE121330/,Proteomic and transcriptomic profiling reveal different aspects of aging in the kidney.,eLife,2021 Mar 9,10.7554/eLife.62585,OSD-163|Mmus_BAL-TAL_KDN_BSL_Rep6_B6,Basal Control
58,GSM5501901,0.9966949224472046,GSE181733,Transposon-triggered innate immune response confers cancer resistance to the blind mole rat,,,This SuperSeries is composed of the SubSeries listed below.,Refer to individual Series,34556881;38052795,,,531648,GPL25363; GPL30472; GPL28271; GPL30473; GPL24247,Rattus norvegicus; Homo sapiens; Mus musculus; Nannospalax ehrenbergi,GSE,Expression profiling by high throughput sequencing; Methylation profiling by genome tiling array; Methylation profiling by high throughput sequencing,2021/09/09,110,ftp://ftp.ncbi.nlm.nih.gov/geo/series/GSE181nnn/GSE181733/,Transposon-triggered innate immune response confers cancer resistance to the blind mole rat.,Nature immunology,2021 Oct,10.1038/s41590-021-01027-8,OSD-163|Mmus_BAL-TAL_KDN_BSL_Rep6_B6,Basal Control
59,GSM5730973,0.9965700507164001,GSE190756,Comparative transcriptomics reveals circadian and pluripotency networks as two pillars of longevity regulation,,,"Mammals differ more than 100-fold in maximum lifespan. Here, we conducted comparative transcriptomics on 26 species with diverse lifespans. We identified thousands of genes with expression levels negatively or positively correlated with a species' maximum lifespan (Neg- or Pos-MLS genes). Neg-MLS genes are primarily involved in energy metabolism and inflammation. Pos-MLS genes show enrichment in DNA repair, microtubule organization, and RNA transport. Expression of Neg- and Pos-MLS genes is modulated by interventions, including mTOR and PI3K inhibition. Regulatory networks analysis showed that Neg-MLS genes are under circadian regulation possibly to avoid persistent high expression, whereas Pos-MLS genes are targets of master pluripotency regulators OCT4 and NANOG and are upregulated during somatic cell reprogramming. Pos-MLS genes are highly expressed during embryogenesis but significantly downregulated after birth. This work provides targets for anti-aging interventions by defining pathways correlating with longevity across mammals and uncovering circadian and pluripotency networks as central regulators of longevity.",Examination of gene expression across species.,35580607;38052795,,,577892,GPL31083; GPL31080; GPL31086; GPL31072; GPL29592; GPL31069; GPL31085; GPL31068; GPL31088; GPL31074; GPL31071; GPL31077; GPL26915; GPL31073; GPL31070; GPL31076; GPL31082; GPL31079; GPL31081; GPL21626; GPL31075; GPL31078; GPL31067; GPL31084; GPL31087,Blarina brevicauda; Tamiasciurus hudsonicus; Rattus rattus; Myocastor coypus; Heterocephalus glaber; Castor canadensis; Acomys russatus; Marmota monax; Cavia porcellus; Octodon degus; Chinchilla lanigera; Scalopus aquaticus; Peromyscus maniculatus; Ondatra zibethicus; Hydrochoerus hydrochaeris; Cuniculus paca; Cricetulus barabensis; Mesocricetus auratus; Mus musculus; Sciurus carolinensis; Tamias striatus; Neotoma cinerea; Condylura cristata; Fukomys damarensis; Bramus lutescens,GSE,Expression profiling by high throughput sequencing,2022/05/18,522,ftp://ftp.ncbi.nlm.nih.gov/geo/series/GSE190nnn/GSE190756/,Comparative transcriptomics reveals circadian and pluripotency networks as two pillars of longevity regulation.,Cell metabolism,2022 Jun 7,10.1016/j.cmet.2022.04.011,OSD-163|Mmus_BAL-TAL_KDN_BSL_Rep6_B6,Basal Control
60,GSM8082236,0.9963136911392212,GSE255885,Deletion of Klotho enhancer deepens sexual dimorphism of gene expression without impacting female resistance to kidney injury [RNA exp2],,,"Sexual dimorphism in kidney injury markers, such as Klotho, is frequently underestimated or disregarded, as most of the preclinical research is done in male animals. Klotho is well-linked to renal health and its deletion in mice results in a severe accelerated aging-like phenotype and premature death. Here, we identified candidate Klotho enhancers and discovered their function using mice carrying deletions in the enhancer loci. Candidate Klotho enhancers were deleted using CRISPR/Cas9 genome editing. Warm ischemia-reperfusion surgery (IRI) was performed bilaterally to induce acute kidney injury and unilaterally in a fibrosis model. Using ChIP-seq and RNA-seq, we analyzed renal chromatin features and gene expression. ELISA and colorimetric assays were used to measure serum FGF23 and serum component levels. Removal of the enhancer caused more substantial reduction in Klotho mRNA levels in female mice compared to males (90 vs. 50%), supported by gene promoter marks remaining more pronounced in males. Weight, lifespan, and fertility of mice lacking the enhancers were not impacted. Only male mutant mice displayed higher Havcr1 expression after IRI than controls (mean 1048 vs. 231.4, p=0.0016). 28 days after unilateral IRI, only males displayed increased fibrosis markers, but with no difference between genotypes. Our findings reveal sexual dimorphism of Klotho gene expression and its enhancer regulation. Only male mutant mice were more susceptible to acute injury and the enhancer deletion had no impact on fibrosis. Additional investigation into the mechanisms governing Klotho regulation is imperative to reassess its effectiveness as a kidney injury marker.",Chromatin Immunoprecipitation and DNA Sequencing (ChIP-Seq) of histone modifications H3K27ac and H3K4me3 in mouse kidneys was used to assess efficacy of deletion of candidate Klotho gene enhancers and to assess it's effect on renal chromatin landscape. RNA-seq was used to investigate the effects of Klotho enhencer deletion on renal gene expression.,38529500;39277686,,,851150,GPL24247,Mus musculus,GSE,Expression profiling by high throughput sequencing,2024/04/04,16,ftp://ftp.ncbi.nlm.nih.gov/geo/series/GSE255nnn/GSE255885/,Sexually dimorphic renal expression of Klotho is directed by a kidney-specific distal enhancer responsive to HNF1b.,bioRxiv : the preprint server for biology,2024 Mar 4,10.1101/2024.02.29.582831,OSD-163|Mmus_BAL-TAL_KDN_GC_Rep1_G1,Ground Control
61,GSM5501893,0.996227502822876,GSE181733,Transposon-triggered innate immune response confers cancer resistance to the blind mole rat,,,This SuperSeries is composed of the SubSeries listed below.,Refer to individual Series,34556881;38052795,,,531640,GPL25363; GPL30472; GPL28271; GPL30473; GPL24247,Rattus norvegicus; Homo sapiens; Mus musculus; Nannospalax ehrenbergi,GSE,Expression profiling by high throughput sequencing; Methylation profiling by genome tiling array; Methylation profiling by high throughput sequencing,2021/09/09,110,ftp://ftp.ncbi.nlm.nih.gov/geo/series/GSE181nnn/GSE181733/,Transposon-triggered innate immune response confers cancer resistance to the blind mole rat.,Nature immunology,2021 Oct,10.1038/s41590-021-01027-8,OSD-163|Mmus_BAL-TAL_KDN_GC_Rep1_G1,Ground Control
62,GSM8082225,0.9961559772491455,GSE255885,Deletion of Klotho enhancer deepens sexual dimorphism of gene expression without impacting female resistance to kidney injury [RNA exp2],,,"Sexual dimorphism in kidney injury markers, such as Klotho, is frequently underestimated or disregarded, as most of the preclinical research is done in male animals. Klotho is well-linked to renal health and its deletion in mice results in a severe accelerated aging-like phenotype and premature death. Here, we identified candidate Klotho enhancers and discovered their function using mice carrying deletions in the enhancer loci. Candidate Klotho enhancers were deleted using CRISPR/Cas9 genome editing. Warm ischemia-reperfusion surgery (IRI) was performed bilaterally to induce acute kidney injury and unilaterally in a fibrosis model. Using ChIP-seq and RNA-seq, we analyzed renal chromatin features and gene expression. ELISA and colorimetric assays were used to measure serum FGF23 and serum component levels. Removal of the enhancer caused more substantial reduction in Klotho mRNA levels in female mice compared to males (90 vs. 50%), supported by gene promoter marks remaining more pronounced in males. Weight, lifespan, and fertility of mice lacking the enhancers were not impacted. Only male mutant mice displayed higher Havcr1 expression after IRI than controls (mean 1048 vs. 231.4, p=0.0016). 28 days after unilateral IRI, only males displayed increased fibrosis markers, but with no difference between genotypes. Our findings reveal sexual dimorphism of Klotho gene expression and its enhancer regulation. Only male mutant mice were more susceptible to acute injury and the enhancer deletion had no impact on fibrosis. Additional investigation into the mechanisms governing Klotho regulation is imperative to reassess its effectiveness as a kidney injury marker.",Chromatin Immunoprecipitation and DNA Sequencing (ChIP-Seq) of histone modifications H3K27ac and H3K4me3 in mouse kidneys was used to assess efficacy of deletion of candidate Klotho gene enhancers and to assess it's effect on renal chromatin landscape. RNA-seq was used to investigate the effects of Klotho enhencer deletion on renal gene expression.,38529500;39277686,,,851139,GPL24247,Mus musculus,GSE,Expression profiling by high throughput sequencing,2024/04/04,16,ftp://ftp.ncbi.nlm.nih.gov/geo/series/GSE255nnn/GSE255885/,Sexually dimorphic renal expression of Klotho is directed by a kidney-specific distal enhancer responsive to HNF1b.,bioRxiv : the preprint server for biology,2024 Mar 4,10.1101/2024.02.29.582831,OSD-163|Mmus_BAL-TAL_KDN_GC_Rep1_G1,Ground Control
63,GSM5501901,0.9961183071136475,GSE181733,Transposon-triggered innate immune response confers cancer resistance to the blind mole rat,,,This SuperSeries is composed of the SubSeries listed below.,Refer to individual Series,34556881;38052795,,,531648,GPL25363; GPL30472; GPL28271; GPL30473; GPL24247,Rattus norvegicus; Homo sapiens; Mus musculus; Nannospalax ehrenbergi,GSE,Expression profiling by high throughput sequencing; Methylation profiling by genome tiling array; Methylation profiling by high throughput sequencing,2021/09/09,110,ftp://ftp.ncbi.nlm.nih.gov/geo/series/GSE181nnn/GSE181733/,Transposon-triggered innate immune response confers cancer resistance to the blind mole rat.,Nature immunology,2021 Oct,10.1038/s41590-021-01027-8,OSD-163|Mmus_BAL-TAL_KDN_GC_Rep1_G1,Ground Control
64,GSM8082228,0.9960777163505554,GSE255885,Deletion of Klotho enhancer deepens sexual dimorphism of gene expression without impacting female resistance to kidney injury [RNA exp2],,,"Sexual dimorphism in kidney injury markers, such as Klotho, is frequently underestimated or disregarded, as most of the preclinical research is done in male animals. Klotho is well-linked to renal health and its deletion in mice results in a severe accelerated aging-like phenotype and premature death. Here, we identified candidate Klotho enhancers and discovered their function using mice carrying deletions in the enhancer loci. Candidate Klotho enhancers were deleted using CRISPR/Cas9 genome editing. Warm ischemia-reperfusion surgery (IRI) was performed bilaterally to induce acute kidney injury and unilaterally in a fibrosis model. Using ChIP-seq and RNA-seq, we analyzed renal chromatin features and gene expression. ELISA and colorimetric assays were used to measure serum FGF23 and serum component levels. Removal of the enhancer caused more substantial reduction in Klotho mRNA levels in female mice compared to males (90 vs. 50%), supported by gene promoter marks remaining more pronounced in males. Weight, lifespan, and fertility of mice lacking the enhancers were not impacted. Only male mutant mice displayed higher Havcr1 expression after IRI than controls (mean 1048 vs. 231.4, p=0.0016). 28 days after unilateral IRI, only males displayed increased fibrosis markers, but with no difference between genotypes. Our findings reveal sexual dimorphism of Klotho gene expression and its enhancer regulation. Only male mutant mice were more susceptible to acute injury and the enhancer deletion had no impact on fibrosis. Additional investigation into the mechanisms governing Klotho regulation is imperative to reassess its effectiveness as a kidney injury marker.",Chromatin Immunoprecipitation and DNA Sequencing (ChIP-Seq) of histone modifications H3K27ac and H3K4me3 in mouse kidneys was used to assess efficacy of deletion of candidate Klotho gene enhancers and to assess it's effect on renal chromatin landscape. RNA-seq was used to investigate the effects of Klotho enhencer deletion on renal gene expression.,38529500;39277686,,,851142,GPL24247,Mus musculus,GSE,Expression profiling by high throughput sequencing,2024/04/04,16,ftp://ftp.ncbi.nlm.nih.gov/geo/series/GSE255nnn/GSE255885/,Sexually dimorphic renal expression of Klotho is directed by a kidney-specific distal enhancer responsive to HNF1b.,bioRxiv : the preprint server for biology,2024 Mar 4,10.1101/2024.02.29.582831,OSD-163|Mmus_BAL-TAL_KDN_GC_Rep1_G1,Ground Control
65,GSM5730971,0.9960663318634033,GSE190756,Comparative transcriptomics reveals circadian and pluripotency networks as two pillars of longevity regulation,,,"Mammals differ more than 100-fold in maximum lifespan. Here, we conducted comparative transcriptomics on 26 species with diverse lifespans. We identified thousands of genes with expression levels negatively or positively correlated with a species' maximum lifespan (Neg- or Pos-MLS genes). Neg-MLS genes are primarily involved in energy metabolism and inflammation. Pos-MLS genes show enrichment in DNA repair, microtubule organization, and RNA transport. Expression of Neg- and Pos-MLS genes is modulated by interventions, including mTOR and PI3K inhibition. Regulatory networks analysis showed that Neg-MLS genes are under circadian regulation possibly to avoid persistent high expression, whereas Pos-MLS genes are targets of master pluripotency regulators OCT4 and NANOG and are upregulated during somatic cell reprogramming. Pos-MLS genes are highly expressed during embryogenesis but significantly downregulated after birth. This work provides targets for anti-aging interventions by defining pathways correlating with longevity across mammals and uncovering circadian and pluripotency networks as central regulators of longevity.",Examination of gene expression across species.,35580607;38052795,,,577890,GPL31083; GPL31080; GPL31086; GPL31072; GPL29592; GPL31069; GPL31085; GPL31068; GPL31088; GPL31074; GPL31071; GPL31077; GPL26915; GPL31073; GPL31070; GPL31076; GPL31082; GPL31079; GPL31081; GPL21626; GPL31075; GPL31078; GPL31067; GPL31084; GPL31087,Blarina brevicauda; Tamiasciurus hudsonicus; Rattus rattus; Myocastor coypus; Heterocephalus glaber; Castor canadensis; Acomys russatus; Marmota monax; Cavia porcellus; Octodon degus; Chinchilla lanigera; Scalopus aquaticus; Peromyscus maniculatus; Ondatra zibethicus; Hydrochoerus hydrochaeris; Cuniculus paca; Cricetulus barabensis; Mesocricetus auratus; Mus musculus; Sciurus carolinensis; Tamias striatus; Neotoma cinerea; Condylura cristata; Fukomys damarensis; Bramus lutescens,GSE,Expression profiling by high throughput sequencing,2022/05/18,522,ftp://ftp.ncbi.nlm.nih.gov/geo/series/GSE190nnn/GSE190756/,Comparative transcriptomics reveals circadian and pluripotency networks as two pillars of longevity regulation.,Cell metabolism,2022 Jun 7,10.1016/j.cmet.2022.04.011,OSD-163|Mmus_BAL-TAL_KDN_GC_Rep1_G1,Ground Control
66,GSM8082226,0.9960525035858154,GSE255885,Deletion of Klotho enhancer deepens sexual dimorphism of gene expression without impacting female resistance to kidney injury [RNA exp2],,,"Sexual dimorphism in kidney injury markers, such as Klotho, is frequently underestimated or disregarded, as most of the preclinical research is done in male animals. Klotho is well-linked to renal health and its deletion in mice results in a severe accelerated aging-like phenotype and premature death. Here, we identified candidate Klotho enhancers and discovered their function using mice carrying deletions in the enhancer loci. Candidate Klotho enhancers were deleted using CRISPR/Cas9 genome editing. Warm ischemia-reperfusion surgery (IRI) was performed bilaterally to induce acute kidney injury and unilaterally in a fibrosis model. Using ChIP-seq and RNA-seq, we analyzed renal chromatin features and gene expression. ELISA and colorimetric assays were used to measure serum FGF23 and serum component levels. Removal of the enhancer caused more substantial reduction in Klotho mRNA levels in female mice compared to males (90 vs. 50%), supported by gene promoter marks remaining more pronounced in males. Weight, lifespan, and fertility of mice lacking the enhancers were not impacted. Only male mutant mice displayed higher Havcr1 expression after IRI than controls (mean 1048 vs. 231.4, p=0.0016). 28 days after unilateral IRI, only males displayed increased fibrosis markers, but with no difference between genotypes. Our findings reveal sexual dimorphism of Klotho gene expression and its enhancer regulation. Only male mutant mice were more susceptible to acute injury and the enhancer deletion had no impact on fibrosis. Additional investigation into the mechanisms governing Klotho regulation is imperative to reassess its effectiveness as a kidney injury marker.",Chromatin Immunoprecipitation and DNA Sequencing (ChIP-Seq) of histone modifications H3K27ac and H3K4me3 in mouse kidneys was used to assess efficacy of deletion of candidate Klotho gene enhancers and to assess it's effect on renal chromatin landscape. RNA-seq was used to investigate the effects of Klotho enhencer deletion on renal gene expression.,38529500;39277686,,,851140,GPL24247,Mus musculus,GSE,Expression profiling by high throughput sequencing,2024/04/04,16,ftp://ftp.ncbi.nlm.nih.gov/geo/series/GSE255nnn/GSE255885/,Sexually dimorphic renal expression of Klotho is directed by a kidney-specific distal enhancer responsive to HNF1b.,bioRxiv : the preprint server for biology,2024 Mar 4,10.1101/2024.02.29.582831,OSD-163|Mmus_BAL-TAL_KDN_GC_Rep1_G1,Ground Control
67,GSM4742422,0.9959747791290283,GSE156692,Identification of cellular context sensitive regulatory variation in mouse genomes,,,"RNA-seq and DHS mapping in hybrid mouse kidney, liver, lung, and B cells",138 DNase-seq and 17 RNA-seq samples collected from 4 tissues in 5 hybrid mouse strains,33990600,,,411687,GPL19057; GPL17021,Mus musculus,GSE,Expression profiling by high throughput sequencing; Genome binding/occupancy profiling by high throughput sequencing,2020/11/25,158,ftp://ftp.ncbi.nlm.nih.gov/geo/series/GSE156nnn/GSE156692/,Tissue context determines the penetrance of regulatory DNA variation.,Nature communications,2021 May 14,10.1038/s41467-021-23139-3,OSD-163|Mmus_BAL-TAL_KDN_GC_Rep1_G1,Ground Control
68,GSM5982174,0.9959486126899719,GSE199702,"Transcriptomics analysis of heart, kidney, and liver tissues from 58 Collaborative Cross strains",,,"We report transcriptomic profiling from bulk heart, kidney, and liver tissues for 58 strains of the inbred mouse Collaborative Cross (CC). Each strain is represented by a male/female pair. Reads were first aligned to the pooled transcriptomes of the eight founder strains of the CC and then total gene counts were quantified using the EMASE and GBRS software tools. Total read counts can be further normalized for use in differential gene expression analysis, expression quantitative trait locus (eQTL) analysis, and integrative analyses with other -omic data sets measured on the same samples, including proteomics and phosphoproteomics.","RNA profiling of heart, kidney, and liver bulk tissues of male/female pairs from 58 Collaborative Cross (CC) mouse strains",,,,617789,GPL24247,Mus musculus,GSE,Expression profiling by high throughput sequencing,2023/02/05,348,ftp://ftp.ncbi.nlm.nih.gov/geo/series/GSE199nnn/GSE199702/,,,,,OSD-163|Mmus_BAL-TAL_KDN_GC_Rep1_G1,Ground Control
69,GSM5982214,0.9959405660629272,GSE199702,"Transcriptomics analysis of heart, kidney, and liver tissues from 58 Collaborative Cross strains",,,"We report transcriptomic profiling from bulk heart, kidney, and liver tissues for 58 strains of the inbred mouse Collaborative Cross (CC). Each strain is represented by a male/female pair. Reads were first aligned to the pooled transcriptomes of the eight founder strains of the CC and then total gene counts were quantified using the EMASE and GBRS software tools. Total read counts can be further normalized for use in differential gene expression analysis, expression quantitative trait locus (eQTL) analysis, and integrative analyses with other -omic data sets measured on the same samples, including proteomics and phosphoproteomics.","RNA profiling of heart, kidney, and liver bulk tissues of male/female pairs from 58 Collaborative Cross (CC) mouse strains",,,,617829,GPL24247,Mus musculus,GSE,Expression profiling by high throughput sequencing,2023/02/05,348,ftp://ftp.ncbi.nlm.nih.gov/geo/series/GSE199nnn/GSE199702/,,,,,OSD-163|Mmus_BAL-TAL_KDN_GC_Rep1_G1,Ground Control
70,GSM5501901,0.998481273651123,GSE181733,Transposon-triggered innate immune response confers cancer resistance to the blind mole rat,,,This SuperSeries is composed of the SubSeries listed below.,Refer to individual Series,34556881;38052795,,,531648,GPL25363; GPL30472; GPL28271; GPL30473; GPL24247,Rattus norvegicus; Homo sapiens; Mus musculus; Nannospalax ehrenbergi,GSE,Expression profiling by high throughput sequencing; Methylation profiling by genome tiling array; Methylation profiling by high throughput sequencing,2021/09/09,110,ftp://ftp.ncbi.nlm.nih.gov/geo/series/GSE181nnn/GSE181733/,Transposon-triggered innate immune response confers cancer resistance to the blind mole rat.,Nature immunology,2021 Oct,10.1038/s41590-021-01027-8,OSD-163|Mmus_BAL-TAL_KDN_GC_Rep2_G2,Ground Control
71,GSM5730973,0.998430609703064,GSE190756,Comparative transcriptomics reveals circadian and pluripotency networks as two pillars of longevity regulation,,,"Mammals differ more than 100-fold in maximum lifespan. Here, we conducted comparative transcriptomics on 26 species with diverse lifespans. We identified thousands of genes with expression levels negatively or positively correlated with a species' maximum lifespan (Neg- or Pos-MLS genes). Neg-MLS genes are primarily involved in energy metabolism and inflammation. Pos-MLS genes show enrichment in DNA repair, microtubule organization, and RNA transport. Expression of Neg- and Pos-MLS genes is modulated by interventions, including mTOR and PI3K inhibition. Regulatory networks analysis showed that Neg-MLS genes are under circadian regulation possibly to avoid persistent high expression, whereas Pos-MLS genes are targets of master pluripotency regulators OCT4 and NANOG and are upregulated during somatic cell reprogramming. Pos-MLS genes are highly expressed during embryogenesis but significantly downregulated after birth. This work provides targets for anti-aging interventions by defining pathways correlating with longevity across mammals and uncovering circadian and pluripotency networks as central regulators of longevity.",Examination of gene expression across species.,35580607;38052795,,,577892,GPL31083; GPL31080; GPL31086; GPL31072; GPL29592; GPL31069; GPL31085; GPL31068; GPL31088; GPL31074; GPL31071; GPL31077; GPL26915; GPL31073; GPL31070; GPL31076; GPL31082; GPL31079; GPL31081; GPL21626; GPL31075; GPL31078; GPL31067; GPL31084; GPL31087,Blarina brevicauda; Tamiasciurus hudsonicus; Rattus rattus; Myocastor coypus; Heterocephalus glaber; Castor canadensis; Acomys russatus; Marmota monax; Cavia porcellus; Octodon degus; Chinchilla lanigera; Scalopus aquaticus; Peromyscus maniculatus; Ondatra zibethicus; Hydrochoerus hydrochaeris; Cuniculus paca; Cricetulus barabensis; Mesocricetus auratus; Mus musculus; Sciurus carolinensis; Tamias striatus; Neotoma cinerea; Condylura cristata; Fukomys damarensis; Bramus lutescens,GSE,Expression profiling by high throughput sequencing,2022/05/18,522,ftp://ftp.ncbi.nlm.nih.gov/geo/series/GSE190nnn/GSE190756/,Comparative transcriptomics reveals circadian and pluripotency networks as two pillars of longevity regulation.,Cell metabolism,2022 Jun 7,10.1016/j.cmet.2022.04.011,OSD-163|Mmus_BAL-TAL_KDN_GC_Rep2_G2,Ground Control
72,GSM5730971,0.9984246492385864,GSE190756,Comparative transcriptomics reveals circadian and pluripotency networks as two pillars of longevity regulation,,,"Mammals differ more than 100-fold in maximum lifespan. Here, we conducted comparative transcriptomics on 26 species with diverse lifespans. We identified thousands of genes with expression levels negatively or positively correlated with a species' maximum lifespan (Neg- or Pos-MLS genes). Neg-MLS genes are primarily involved in energy metabolism and inflammation. Pos-MLS genes show enrichment in DNA repair, microtubule organization, and RNA transport. Expression of Neg- and Pos-MLS genes is modulated by interventions, including mTOR and PI3K inhibition. Regulatory networks analysis showed that Neg-MLS genes are under circadian regulation possibly to avoid persistent high expression, whereas Pos-MLS genes are targets of master pluripotency regulators OCT4 and NANOG and are upregulated during somatic cell reprogramming. Pos-MLS genes are highly expressed during embryogenesis but significantly downregulated after birth. This work provides targets for anti-aging interventions by defining pathways correlating with longevity across mammals and uncovering circadian and pluripotency networks as central regulators of longevity.",Examination of gene expression across species.,35580607;38052795,,,577890,GPL31083; GPL31080; GPL31086; GPL31072; GPL29592; GPL31069; GPL31085; GPL31068; GPL31088; GPL31074; GPL31071; GPL31077; GPL26915; GPL31073; GPL31070; GPL31076; GPL31082; GPL31079; GPL31081; GPL21626; GPL31075; GPL31078; GPL31067; GPL31084; GPL31087,Blarina brevicauda; Tamiasciurus hudsonicus; Rattus rattus; Myocastor coypus; Heterocephalus glaber; Castor canadensis; Acomys russatus; Marmota monax; Cavia porcellus; Octodon degus; Chinchilla lanigera; Scalopus aquaticus; Peromyscus maniculatus; Ondatra zibethicus; Hydrochoerus hydrochaeris; Cuniculus paca; Cricetulus barabensis; Mesocricetus auratus; Mus musculus; Sciurus carolinensis; Tamias striatus; Neotoma cinerea; Condylura cristata; Fukomys damarensis; Bramus lutescens,GSE,Expression profiling by high throughput sequencing,2022/05/18,522,ftp://ftp.ncbi.nlm.nih.gov/geo/series/GSE190nnn/GSE190756/,Comparative transcriptomics reveals circadian and pluripotency networks as two pillars of longevity regulation.,Cell metabolism,2022 Jun 7,10.1016/j.cmet.2022.04.011,OSD-163|Mmus_BAL-TAL_KDN_GC_Rep2_G2,Ground Control
73,GSM5501893,0.9984047412872314,GSE181733,Transposon-triggered innate immune response confers cancer resistance to the blind mole rat,,,This SuperSeries is composed of the SubSeries listed below.,Refer to individual Series,34556881;38052795,,,531640,GPL25363; GPL30472; GPL28271; GPL30473; GPL24247,Rattus norvegicus; Homo sapiens; Mus musculus; Nannospalax ehrenbergi,GSE,Expression profiling by high throughput sequencing; Methylation profiling by genome tiling array; Methylation profiling by high throughput sequencing,2021/09/09,110,ftp://ftp.ncbi.nlm.nih.gov/geo/series/GSE181nnn/GSE181733/,Transposon-triggered innate immune response confers cancer resistance to the blind mole rat.,Nature immunology,2021 Oct,10.1038/s41590-021-01027-8,OSD-163|Mmus_BAL-TAL_KDN_GC_Rep2_G2,Ground Control
74,GSM5501909,0.9982434511184692,GSE181733,Transposon-triggered innate immune response confers cancer resistance to the blind mole rat,,,This SuperSeries is composed of the SubSeries listed below.,Refer to individual Series,34556881;38052795,,,531653,GPL25363; GPL30472; GPL28271; GPL30473; GPL24247,Rattus norvegicus; Homo sapiens; Mus musculus; Nannospalax ehrenbergi,GSE,Expression profiling by high throughput sequencing; Methylation profiling by genome tiling array; Methylation profiling by high throughput sequencing,2021/09/09,110,ftp://ftp.ncbi.nlm.nih.gov/geo/series/GSE181nnn/GSE181733/,Transposon-triggered innate immune response confers cancer resistance to the blind mole rat.,Nature immunology,2021 Oct,10.1038/s41590-021-01027-8,OSD-163|Mmus_BAL-TAL_KDN_GC_Rep2_G2,Ground Control
75,GSM8082236,0.9981961846351624,GSE255885,Deletion of Klotho enhancer deepens sexual dimorphism of gene expression without impacting female resistance to kidney injury [RNA exp2],,,"Sexual dimorphism in kidney injury markers, such as Klotho, is frequently underestimated or disregarded, as most of the preclinical research is done in male animals. Klotho is well-linked to renal health and its deletion in mice results in a severe accelerated aging-like phenotype and premature death. Here, we identified candidate Klotho enhancers and discovered their function using mice carrying deletions in the enhancer loci. Candidate Klotho enhancers were deleted using CRISPR/Cas9 genome editing. Warm ischemia-reperfusion surgery (IRI) was performed bilaterally to induce acute kidney injury and unilaterally in a fibrosis model. Using ChIP-seq and RNA-seq, we analyzed renal chromatin features and gene expression. ELISA and colorimetric assays were used to measure serum FGF23 and serum component levels. Removal of the enhancer caused more substantial reduction in Klotho mRNA levels in female mice compared to males (90 vs. 50%), supported by gene promoter marks remaining more pronounced in males. Weight, lifespan, and fertility of mice lacking the enhancers were not impacted. Only male mutant mice displayed higher Havcr1 expression after IRI than controls (mean 1048 vs. 231.4, p=0.0016). 28 days after unilateral IRI, only males displayed increased fibrosis markers, but with no difference between genotypes. Our findings reveal sexual dimorphism of Klotho gene expression and its enhancer regulation. Only male mutant mice were more susceptible to acute injury and the enhancer deletion had no impact on fibrosis. Additional investigation into the mechanisms governing Klotho regulation is imperative to reassess its effectiveness as a kidney injury marker.",Chromatin Immunoprecipitation and DNA Sequencing (ChIP-Seq) of histone modifications H3K27ac and H3K4me3 in mouse kidneys was used to assess efficacy of deletion of candidate Klotho gene enhancers and to assess it's effect on renal chromatin landscape. RNA-seq was used to investigate the effects of Klotho enhencer deletion on renal gene expression.,38529500;39277686,,,851150,GPL24247,Mus musculus,GSE,Expression profiling by high throughput sequencing,2024/04/04,16,ftp://ftp.ncbi.nlm.nih.gov/geo/series/GSE255nnn/GSE255885/,Sexually dimorphic renal expression of Klotho is directed by a kidney-specific distal enhancer responsive to HNF1b.,bioRxiv : the preprint server for biology,2024 Mar 4,10.1101/2024.02.29.582831,OSD-163|Mmus_BAL-TAL_KDN_GC_Rep2_G2,Ground Control
76,GSM5501917,0.997968852519989,GSE181733,Transposon-triggered innate immune response confers cancer resistance to the blind mole rat,,,This SuperSeries is composed of the SubSeries listed below.,Refer to individual Series,34556881;38052795,,,531660,GPL25363; GPL30472; GPL28271; GPL30473; GPL24247,Rattus norvegicus; Homo sapiens; Mus musculus; Nannospalax ehrenbergi,GSE,Expression profiling by high throughput sequencing; Methylation profiling by genome tiling array; Methylation profiling by high throughput sequencing,2021/09/09,110,ftp://ftp.ncbi.nlm.nih.gov/geo/series/GSE181nnn/GSE181733/,Transposon-triggered innate immune response confers cancer resistance to the blind mole rat.,Nature immunology,2021 Oct,10.1038/s41590-021-01027-8,OSD-163|Mmus_BAL-TAL_KDN_GC_Rep2_G2,Ground Control
77,GSM4742418,0.9979403614997864,GSE156692,Identification of cellular context sensitive regulatory variation in mouse genomes,,,"RNA-seq and DHS mapping in hybrid mouse kidney, liver, lung, and B cells",138 DNase-seq and 17 RNA-seq samples collected from 4 tissues in 5 hybrid mouse strains,33990600,,,411683,GPL19057; GPL17021,Mus musculus,GSE,Expression profiling by high throughput sequencing; Genome binding/occupancy profiling by high throughput sequencing,2020/11/25,158,ftp://ftp.ncbi.nlm.nih.gov/geo/series/GSE156nnn/GSE156692/,Tissue context determines the penetrance of regulatory DNA variation.,Nature communications,2021 May 14,10.1038/s41467-021-23139-3,OSD-163|Mmus_BAL-TAL_KDN_GC_Rep2_G2,Ground Control
78,GSM5982224,0.9978746175765991,GSE199702,"Transcriptomics analysis of heart, kidney, and liver tissues from 58 Collaborative Cross strains",,,"We report transcriptomic profiling from bulk heart, kidney, and liver tissues for 58 strains of the inbred mouse Collaborative Cross (CC). Each strain is represented by a male/female pair. Reads were first aligned to the pooled transcriptomes of the eight founder strains of the CC and then total gene counts were quantified using the EMASE and GBRS software tools. Total read counts can be further normalized for use in differential gene expression analysis, expression quantitative trait locus (eQTL) analysis, and integrative analyses with other -omic data sets measured on the same samples, including proteomics and phosphoproteomics.","RNA profiling of heart, kidney, and liver bulk tissues of male/female pairs from 58 Collaborative Cross (CC) mouse strains",,,,617839,GPL24247,Mus musculus,GSE,Expression profiling by high throughput sequencing,2023/02/05,348,ftp://ftp.ncbi.nlm.nih.gov/geo/series/GSE199nnn/GSE199702/,,,,,OSD-163|Mmus_BAL-TAL_KDN_GC_Rep2_G2,Ground Control
79,GSM5982134,0.9978421926498413,GSE199702,"Transcriptomics analysis of heart, kidney, and liver tissues from 58 Collaborative Cross strains",,,"We report transcriptomic profiling from bulk heart, kidney, and liver tissues for 58 strains of the inbred mouse Collaborative Cross (CC). Each strain is represented by a male/female pair. Reads were first aligned to the pooled transcriptomes of the eight founder strains of the CC and then total gene counts were quantified using the EMASE and GBRS software tools. Total read counts can be further normalized for use in differential gene expression analysis, expression quantitative trait locus (eQTL) analysis, and integrative analyses with other -omic data sets measured on the same samples, including proteomics and phosphoproteomics.","RNA profiling of heart, kidney, and liver bulk tissues of male/female pairs from 58 Collaborative Cross (CC) mouse strains",,,,617749,GPL24247,Mus musculus,GSE,Expression profiling by high throughput sequencing,2023/02/05,348,ftp://ftp.ncbi.nlm.nih.gov/geo/series/GSE199nnn/GSE199702/,,,,,OSD-163|Mmus_BAL-TAL_KDN_GC_Rep2_G2,Ground Control
80,GSM8082228,0.9950578212738037,GSE255885,Deletion of Klotho enhancer deepens sexual dimorphism of gene expression without impacting female resistance to kidney injury [RNA exp2],,,"Sexual dimorphism in kidney injury markers, such as Klotho, is frequently underestimated or disregarded, as most of the preclinical research is done in male animals. Klotho is well-linked to renal health and its deletion in mice results in a severe accelerated aging-like phenotype and premature death. Here, we identified candidate Klotho enhancers and discovered their function using mice carrying deletions in the enhancer loci. Candidate Klotho enhancers were deleted using CRISPR/Cas9 genome editing. Warm ischemia-reperfusion surgery (IRI) was performed bilaterally to induce acute kidney injury and unilaterally in a fibrosis model. Using ChIP-seq and RNA-seq, we analyzed renal chromatin features and gene expression. ELISA and colorimetric assays were used to measure serum FGF23 and serum component levels. Removal of the enhancer caused more substantial reduction in Klotho mRNA levels in female mice compared to males (90 vs. 50%), supported by gene promoter marks remaining more pronounced in males. Weight, lifespan, and fertility of mice lacking the enhancers were not impacted. Only male mutant mice displayed higher Havcr1 expression after IRI than controls (mean 1048 vs. 231.4, p=0.0016). 28 days after unilateral IRI, only males displayed increased fibrosis markers, but with no difference between genotypes. Our findings reveal sexual dimorphism of Klotho gene expression and its enhancer regulation. Only male mutant mice were more susceptible to acute injury and the enhancer deletion had no impact on fibrosis. Additional investigation into the mechanisms governing Klotho regulation is imperative to reassess its effectiveness as a kidney injury marker.",Chromatin Immunoprecipitation and DNA Sequencing (ChIP-Seq) of histone modifications H3K27ac and H3K4me3 in mouse kidneys was used to assess efficacy of deletion of candidate Klotho gene enhancers and to assess it's effect on renal chromatin landscape. RNA-seq was used to investigate the effects of Klotho enhencer deletion on renal gene expression.,38529500;39277686,,,851142,GPL24247,Mus musculus,GSE,Expression profiling by high throughput sequencing,2024/04/04,16,ftp://ftp.ncbi.nlm.nih.gov/geo/series/GSE255nnn/GSE255885/,Sexually dimorphic renal expression of Klotho is directed by a kidney-specific distal enhancer responsive to HNF1b.,bioRxiv : the preprint server for biology,2024 Mar 4,10.1101/2024.02.29.582831,OSD-163|Mmus_BAL-TAL_KDN_GC_Rep3_G3,Ground Control
81,GSM8082227,0.9945058822631836,GSE255885,Deletion of Klotho enhancer deepens sexual dimorphism of gene expression without impacting female resistance to kidney injury [RNA exp2],,,"Sexual dimorphism in kidney injury markers, such as Klotho, is frequently underestimated or disregarded, as most of the preclinical research is done in male animals. Klotho is well-linked to renal health and its deletion in mice results in a severe accelerated aging-like phenotype and premature death. Here, we identified candidate Klotho enhancers and discovered their function using mice carrying deletions in the enhancer loci. Candidate Klotho enhancers were deleted using CRISPR/Cas9 genome editing. Warm ischemia-reperfusion surgery (IRI) was performed bilaterally to induce acute kidney injury and unilaterally in a fibrosis model. Using ChIP-seq and RNA-seq, we analyzed renal chromatin features and gene expression. ELISA and colorimetric assays were used to measure serum FGF23 and serum component levels. Removal of the enhancer caused more substantial reduction in Klotho mRNA levels in female mice compared to males (90 vs. 50%), supported by gene promoter marks remaining more pronounced in males. Weight, lifespan, and fertility of mice lacking the enhancers were not impacted. Only male mutant mice displayed higher Havcr1 expression after IRI than controls (mean 1048 vs. 231.4, p=0.0016). 28 days after unilateral IRI, only males displayed increased fibrosis markers, but with no difference between genotypes. Our findings reveal sexual dimorphism of Klotho gene expression and its enhancer regulation. Only male mutant mice were more susceptible to acute injury and the enhancer deletion had no impact on fibrosis. Additional investigation into the mechanisms governing Klotho regulation is imperative to reassess its effectiveness as a kidney injury marker.",Chromatin Immunoprecipitation and DNA Sequencing (ChIP-Seq) of histone modifications H3K27ac and H3K4me3 in mouse kidneys was used to assess efficacy of deletion of candidate Klotho gene enhancers and to assess it's effect on renal chromatin landscape. RNA-seq was used to investigate the effects of Klotho enhencer deletion on renal gene expression.,38529500;39277686,,,851141,GPL24247,Mus musculus,GSE,Expression profiling by high throughput sequencing,2024/04/04,16,ftp://ftp.ncbi.nlm.nih.gov/geo/series/GSE255nnn/GSE255885/,Sexually dimorphic renal expression of Klotho is directed by a kidney-specific distal enhancer responsive to HNF1b.,bioRxiv : the preprint server for biology,2024 Mar 4,10.1101/2024.02.29.582831,OSD-163|Mmus_BAL-TAL_KDN_GC_Rep3_G3,Ground Control
82,GSM2740279,0.9943073391914368,GSE102537,Ageing-associated changes in transcription and splicing efficiency influence longevity,,,"Ageing alters cellular homeostasis thereby compromising multiple cellular processes such as transcription and splicing. However, both the extent of these changes and the molecular mechanisms are not well understood so far. In order to address this question, we analyzed transcription-coupled processes on a genomic scale in five animal species (C. elegans, D. melanogaster, M. musculus, R. norvegicus, H. sapiens) at different adult life stages. Using total RNA profiling, we quantified alterations of transcriptional elongation speed, splicing efficiency, and splicing precision. We consistently observed across all analyzed species, that the genome-average speed of RNA polymerase II (Pol-II) increased with age. These effects were reverted under lifespan-extending conditions, such as dietary restriction or modulation of insulin signaling. Reducing the speed of Pol-II in worms and flies improved splicing efficiency and increased lifespan. We further observed reduced precision in nucleosome positioning in senescent compared to proliferating cells, which correlated with reduced splicing efficiency. Thus, an age-associated increase of transcriptional speed results in reduced splicing efficiency and splicing quality. These findings substantially extend our understanding about the molecular mechanisms driving animal aging, and suggest new mechanisms underlying lifespan-extending interventions.","We used total RNA-seq to quantify changes in transcription speed on a genomic scale in five animal species: the worm Caenorhabditis elegans, the fruit fly Drosophila melanogaster, the mouse Mus musculus, the rat Rattus norvegicus, and humans Homo sapiens, at different adult life-stages. To address whether the lifespan-extending interventions dietary restriction (DR) and inhibition of insulin/insulin-like growth factor signaling (IIS) affect transcriptional elongation speeds, we sequenced samples from IIS mutants, using daf-2 mutant worms at day 14 and fly heads from dilp2-3,5 mutants at day 30 and day 50, and hypothalamus from aged wild type and IRS1-/- null mice. Further, we sequenced samples from kidney and liver of dietary restricted (DR) and ad libitum fed mice.",37046086,,,119624,GPL22765; GPL17275; GPL20301; GPL21103; GPL21306; GPL17021,Homo sapiens; Caenorhabditis elegans; Drosophila melanogaster; Mus musculus,GSE,Expression profiling by high throughput sequencing,2023/01/26,82,ftp://ftp.ncbi.nlm.nih.gov/geo/series/GSE102nnn/GSE102537/,Ageing-associated changes in transcriptional elongation influence longevity.,Nature,2023 Apr,10.1038/s41586-023-05922-y,OSD-163|Mmus_BAL-TAL_KDN_GC_Rep3_G3,Ground Control
83,GSM2740280,0.993848979473114,GSE102537,Ageing-associated changes in transcription and splicing efficiency influence longevity,,,"Ageing alters cellular homeostasis thereby compromising multiple cellular processes such as transcription and splicing. However, both the extent of these changes and the molecular mechanisms are not well understood so far. In order to address this question, we analyzed transcription-coupled processes on a genomic scale in five animal species (C. elegans, D. melanogaster, M. musculus, R. norvegicus, H. sapiens) at different adult life stages. Using total RNA profiling, we quantified alterations of transcriptional elongation speed, splicing efficiency, and splicing precision. We consistently observed across all analyzed species, that the genome-average speed of RNA polymerase II (Pol-II) increased with age. These effects were reverted under lifespan-extending conditions, such as dietary restriction or modulation of insulin signaling. Reducing the speed of Pol-II in worms and flies improved splicing efficiency and increased lifespan. We further observed reduced precision in nucleosome positioning in senescent compared to proliferating cells, which correlated with reduced splicing efficiency. Thus, an age-associated increase of transcriptional speed results in reduced splicing efficiency and splicing quality. These findings substantially extend our understanding about the molecular mechanisms driving animal aging, and suggest new mechanisms underlying lifespan-extending interventions.","We used total RNA-seq to quantify changes in transcription speed on a genomic scale in five animal species: the worm Caenorhabditis elegans, the fruit fly Drosophila melanogaster, the mouse Mus musculus, the rat Rattus norvegicus, and humans Homo sapiens, at different adult life-stages. To address whether the lifespan-extending interventions dietary restriction (DR) and inhibition of insulin/insulin-like growth factor signaling (IIS) affect transcriptional elongation speeds, we sequenced samples from IIS mutants, using daf-2 mutant worms at day 14 and fly heads from dilp2-3,5 mutants at day 30 and day 50, and hypothalamus from aged wild type and IRS1-/- null mice. Further, we sequenced samples from kidney and liver of dietary restricted (DR) and ad libitum fed mice.",37046086,,,119625,GPL22765; GPL17275; GPL20301; GPL21103; GPL21306; GPL17021,Homo sapiens; Caenorhabditis elegans; Drosophila melanogaster; Mus musculus,GSE,Expression profiling by high throughput sequencing,2023/01/26,82,ftp://ftp.ncbi.nlm.nih.gov/geo/series/GSE102nnn/GSE102537/,Ageing-associated changes in transcriptional elongation influence longevity.,Nature,2023 Apr,10.1038/s41586-023-05922-y,OSD-163|Mmus_BAL-TAL_KDN_GC_Rep3_G3,Ground Control
84,GSM8082225,0.9937878847122192,GSE255885,Deletion of Klotho enhancer deepens sexual dimorphism of gene expression without impacting female resistance to kidney injury [RNA exp2],,,"Sexual dimorphism in kidney injury markers, such as Klotho, is frequently underestimated or disregarded, as most of the preclinical research is done in male animals. Klotho is well-linked to renal health and its deletion in mice results in a severe accelerated aging-like phenotype and premature death. Here, we identified candidate Klotho enhancers and discovered their function using mice carrying deletions in the enhancer loci. Candidate Klotho enhancers were deleted using CRISPR/Cas9 genome editing. Warm ischemia-reperfusion surgery (IRI) was performed bilaterally to induce acute kidney injury and unilaterally in a fibrosis model. Using ChIP-seq and RNA-seq, we analyzed renal chromatin features and gene expression. ELISA and colorimetric assays were used to measure serum FGF23 and serum component levels. Removal of the enhancer caused more substantial reduction in Klotho mRNA levels in female mice compared to males (90 vs. 50%), supported by gene promoter marks remaining more pronounced in males. Weight, lifespan, and fertility of mice lacking the enhancers were not impacted. Only male mutant mice displayed higher Havcr1 expression after IRI than controls (mean 1048 vs. 231.4, p=0.0016). 28 days after unilateral IRI, only males displayed increased fibrosis markers, but with no difference between genotypes. Our findings reveal sexual dimorphism of Klotho gene expression and its enhancer regulation. Only male mutant mice were more susceptible to acute injury and the enhancer deletion had no impact on fibrosis. Additional investigation into the mechanisms governing Klotho regulation is imperative to reassess its effectiveness as a kidney injury marker.",Chromatin Immunoprecipitation and DNA Sequencing (ChIP-Seq) of histone modifications H3K27ac and H3K4me3 in mouse kidneys was used to assess efficacy of deletion of candidate Klotho gene enhancers and to assess it's effect on renal chromatin landscape. RNA-seq was used to investigate the effects of Klotho enhencer deletion on renal gene expression.,38529500;39277686,,,851139,GPL24247,Mus musculus,GSE,Expression profiling by high throughput sequencing,2024/04/04,16,ftp://ftp.ncbi.nlm.nih.gov/geo/series/GSE255nnn/GSE255885/,Sexually dimorphic renal expression of Klotho is directed by a kidney-specific distal enhancer responsive to HNF1b.,bioRxiv : the preprint server for biology,2024 Mar 4,10.1101/2024.02.29.582831,OSD-163|Mmus_BAL-TAL_KDN_GC_Rep3_G3,Ground Control
85,GSM2927729,0.9936479330062866,GSE108990,"Tissue- and strain-specific effects of a genotoxic carcinogen1,3-butadiene on chromatin and transcription",,,"Epigenetic effects of environmental chemicals are under intense investigation to fill existing knowledge gaps between environmental/occupational exposures and adverse health outcomes. Chromatin accessibility is one prominent mechanism of epigenetic control of transcription, and understanding of the chemical effects on both could inform the causal role of epigenetic alterations in disease mechanisms. In this study, we hypothesized that baseline variability in chromatin organization and transcription profiles among various tissues and mouse strains influence the outcome of exposure to the DNA damaging chemical 1,3-butadiene. To test this hypothesis, we evaluated DNA damage along with comprehensive quantification of RNA transcripts (RNA-seq), identification of accessible chromatin (ATAC-seq), and characterization of regions with histone modifications associated with active transcription (ChIP-seq for acetylation at histone 3 lysine 27, H3K27ac). We collected these data in the lung, liver and kidney of mice from two genetically divergent strains, C57BL/6J and CAST/EiJ, that were exposed to clean air or to 1,3-butadiene (~600 ppm) for 2 weeks. We found that tissue effects dominate differences in both gene expression and chromatin states, followed by strain effects. At baseline, xenobiotic metabolism was consistently more active in CAST/EiJ, while immune system pathways were more active in C57BL/6J across tissues. Surprisingly, even though all three tissues in both strains harbored butadiene-induced DNA damage, little transcriptional effect of butadiene was observed in liver and kidney. Toxicologically-relevant effects of butadiene in the lung were on the pathways of xenobiotic metabolism and inflammation. We also found that variability in chromatin accessibility across individuals (i.e., strains) only partially explains the variability in transcription. This study showed that variation in the basal states of epigenome and transcriptome may be useful indicators for individuals or tissues susceptible to genotoxic environmental chemicals.","Investigation of strain-specific chromatin accessibility, H3k27ac modifications, and gene expression differences in lung, liver, and kidney tissue from CAST/EiJ and C57BL/6J mice, and how the gene regulatory landscape changes in response to 1,3-Butadiene exposure",29429127,,,151045,GPL17021,Mus musculus,GSE,Expression profiling by high throughput sequencing; Genome binding/occupancy profiling by high throughput sequencing,2018/02/14,208,ftp://ftp.ncbi.nlm.nih.gov/geo/series/GSE108nnn/GSE108990/,"Tissue- and strain-specific effects of a genotoxic carcinogen 1,3-butadiene on chromatin and transcription.",Mammalian genome : official journal of the International Mammalian Genome Society,2018 Feb,10.1007/s00335-018-9739-6,OSD-163|Mmus_BAL-TAL_KDN_GC_Rep3_G3,Ground Control
86,GSM2740277,0.9934810996055603,GSE102537,Ageing-associated changes in transcription and splicing efficiency influence longevity,,,"Ageing alters cellular homeostasis thereby compromising multiple cellular processes such as transcription and splicing. However, both the extent of these changes and the molecular mechanisms are not well understood so far. In order to address this question, we analyzed transcription-coupled processes on a genomic scale in five animal species (C. elegans, D. melanogaster, M. musculus, R. norvegicus, H. sapiens) at different adult life stages. Using total RNA profiling, we quantified alterations of transcriptional elongation speed, splicing efficiency, and splicing precision. We consistently observed across all analyzed species, that the genome-average speed of RNA polymerase II (Pol-II) increased with age. These effects were reverted under lifespan-extending conditions, such as dietary restriction or modulation of insulin signaling. Reducing the speed of Pol-II in worms and flies improved splicing efficiency and increased lifespan. We further observed reduced precision in nucleosome positioning in senescent compared to proliferating cells, which correlated with reduced splicing efficiency. Thus, an age-associated increase of transcriptional speed results in reduced splicing efficiency and splicing quality. These findings substantially extend our understanding about the molecular mechanisms driving animal aging, and suggest new mechanisms underlying lifespan-extending interventions.","We used total RNA-seq to quantify changes in transcription speed on a genomic scale in five animal species: the worm Caenorhabditis elegans, the fruit fly Drosophila melanogaster, the mouse Mus musculus, the rat Rattus norvegicus, and humans Homo sapiens, at different adult life-stages. To address whether the lifespan-extending interventions dietary restriction (DR) and inhibition of insulin/insulin-like growth factor signaling (IIS) affect transcriptional elongation speeds, we sequenced samples from IIS mutants, using daf-2 mutant worms at day 14 and fly heads from dilp2-3,5 mutants at day 30 and day 50, and hypothalamus from aged wild type and IRS1-/- null mice. Further, we sequenced samples from kidney and liver of dietary restricted (DR) and ad libitum fed mice.",37046086,,,119622,GPL22765; GPL17275; GPL20301; GPL21103; GPL21306; GPL17021,Homo sapiens; Caenorhabditis elegans; Drosophila melanogaster; Mus musculus,GSE,Expression profiling by high throughput sequencing,2023/01/26,82,ftp://ftp.ncbi.nlm.nih.gov/geo/series/GSE102nnn/GSE102537/,Ageing-associated changes in transcriptional elongation influence longevity.,Nature,2023 Apr,10.1038/s41586-023-05922-y,OSD-163|Mmus_BAL-TAL_KDN_GC_Rep3_G3,Ground Control
87,GSM2740281,0.9933604001998901,GSE102537,Ageing-associated changes in transcription and splicing efficiency influence longevity,,,"Ageing alters cellular homeostasis thereby compromising multiple cellular processes such as transcription and splicing. However, both the extent of these changes and the molecular mechanisms are not well understood so far. In order to address this question, we analyzed transcription-coupled processes on a genomic scale in five animal species (C. elegans, D. melanogaster, M. musculus, R. norvegicus, H. sapiens) at different adult life stages. Using total RNA profiling, we quantified alterations of transcriptional elongation speed, splicing efficiency, and splicing precision. We consistently observed across all analyzed species, that the genome-average speed of RNA polymerase II (Pol-II) increased with age. These effects were reverted under lifespan-extending conditions, such as dietary restriction or modulation of insulin signaling. Reducing the speed of Pol-II in worms and flies improved splicing efficiency and increased lifespan. We further observed reduced precision in nucleosome positioning in senescent compared to proliferating cells, which correlated with reduced splicing efficiency. Thus, an age-associated increase of transcriptional speed results in reduced splicing efficiency and splicing quality. These findings substantially extend our understanding about the molecular mechanisms driving animal aging, and suggest new mechanisms underlying lifespan-extending interventions.","We used total RNA-seq to quantify changes in transcription speed on a genomic scale in five animal species: the worm Caenorhabditis elegans, the fruit fly Drosophila melanogaster, the mouse Mus musculus, the rat Rattus norvegicus, and humans Homo sapiens, at different adult life-stages. To address whether the lifespan-extending interventions dietary restriction (DR) and inhibition of insulin/insulin-like growth factor signaling (IIS) affect transcriptional elongation speeds, we sequenced samples from IIS mutants, using daf-2 mutant worms at day 14 and fly heads from dilp2-3,5 mutants at day 30 and day 50, and hypothalamus from aged wild type and IRS1-/- null mice. Further, we sequenced samples from kidney and liver of dietary restricted (DR) and ad libitum fed mice.",37046086,,,119626,GPL22765; GPL17275; GPL20301; GPL21103; GPL21306; GPL17021,Homo sapiens; Caenorhabditis elegans; Drosophila melanogaster; Mus musculus,GSE,Expression profiling by high throughput sequencing,2023/01/26,82,ftp://ftp.ncbi.nlm.nih.gov/geo/series/GSE102nnn/GSE102537/,Ageing-associated changes in transcriptional elongation influence longevity.,Nature,2023 Apr,10.1038/s41586-023-05922-y,OSD-163|Mmus_BAL-TAL_KDN_GC_Rep3_G3,Ground Control
88,GSM8082226,0.9932769536972046,GSE255885,Deletion of Klotho enhancer deepens sexual dimorphism of gene expression without impacting female resistance to kidney injury [RNA exp2],,,"Sexual dimorphism in kidney injury markers, such as Klotho, is frequently underestimated or disregarded, as most of the preclinical research is done in male animals. Klotho is well-linked to renal health and its deletion in mice results in a severe accelerated aging-like phenotype and premature death. Here, we identified candidate Klotho enhancers and discovered their function using mice carrying deletions in the enhancer loci. Candidate Klotho enhancers were deleted using CRISPR/Cas9 genome editing. Warm ischemia-reperfusion surgery (IRI) was performed bilaterally to induce acute kidney injury and unilaterally in a fibrosis model. Using ChIP-seq and RNA-seq, we analyzed renal chromatin features and gene expression. ELISA and colorimetric assays were used to measure serum FGF23 and serum component levels. Removal of the enhancer caused more substantial reduction in Klotho mRNA levels in female mice compared to males (90 vs. 50%), supported by gene promoter marks remaining more pronounced in males. Weight, lifespan, and fertility of mice lacking the enhancers were not impacted. Only male mutant mice displayed higher Havcr1 expression after IRI than controls (mean 1048 vs. 231.4, p=0.0016). 28 days after unilateral IRI, only males displayed increased fibrosis markers, but with no difference between genotypes. Our findings reveal sexual dimorphism of Klotho gene expression and its enhancer regulation. Only male mutant mice were more susceptible to acute injury and the enhancer deletion had no impact on fibrosis. Additional investigation into the mechanisms governing Klotho regulation is imperative to reassess its effectiveness as a kidney injury marker.",Chromatin Immunoprecipitation and DNA Sequencing (ChIP-Seq) of histone modifications H3K27ac and H3K4me3 in mouse kidneys was used to assess efficacy of deletion of candidate Klotho gene enhancers and to assess it's effect on renal chromatin landscape. RNA-seq was used to investigate the effects of Klotho enhencer deletion on renal gene expression.,38529500;39277686,,,851140,GPL24247,Mus musculus,GSE,Expression profiling by high throughput sequencing,2024/04/04,16,ftp://ftp.ncbi.nlm.nih.gov/geo/series/GSE255nnn/GSE255885/,Sexually dimorphic renal expression of Klotho is directed by a kidney-specific distal enhancer responsive to HNF1b.,bioRxiv : the preprint server for biology,2024 Mar 4,10.1101/2024.02.29.582831,OSD-163|Mmus_BAL-TAL_KDN_GC_Rep3_G3,Ground Control
89,GSM3431521,0.9932767152786255,GSE121330,Transcriptomic profiling reveals distinct modes of aging in the kidney,,,"The kidney is an excellent model for studying organ aging, but little is known about the molecular changes that take place during the aging process. In this article we measured mRNA expression and protein expression in a large cohort of Diversity Outbred mice at 6, 12, and 18 months of age, and studied the relationship between the changes we observe in mRNA and protein expression as a function of age. We observed enrichments of specific pathways including those that were previously observed to have significant changes with age at the mRNA level, and here we also identified enriched pathways at the protein level. Our analysis of the direction of change in mRNA and protein levels with age at the total population level revealed distinct functional groups that have either concordant or discordant changes in expression levels. The age-interactive quantitative trait loci (QTL) analysis of mRNA (eQTL) and protein (pQTL) revealed many distantly regulated loci as opposed to the many locally regulated eQTL and pQTL observed without age-interaction. From this, we found a locus on chromosome 12 and chromosome 15 to regulate many age-interactive eQTL and pQTL respectively. Overall, our findings demonstrate that the changes with age in the kidney at the protein level are distinctly different from the changes at the mRNA level and are not mediated by mRNA expression.","Kidneys of 188 Diversity Outbred mice at 6-months, 12-months, and 18-months of age were sequenced using 100bp single-end HiSeq 2500 to understand transcriptional changes that occur in the aging kidney.",33687326;34910517,,,211937,GPL17021,Mus musculus,GSE,Expression profiling by high throughput sequencing,2019/12/31,188,ftp://ftp.ncbi.nlm.nih.gov/geo/series/GSE121nnn/GSE121330/,Proteomic and transcriptomic profiling reveal different aspects of aging in the kidney.,eLife,2021 Mar 9,10.7554/eLife.62585,OSD-163|Mmus_BAL-TAL_KDN_GC_Rep3_G3,Ground Control
90,GSM5730973,0.9986127614974976,GSE190756,Comparative transcriptomics reveals circadian and pluripotency networks as two pillars of longevity regulation,,,"Mammals differ more than 100-fold in maximum lifespan. Here, we conducted comparative transcriptomics on 26 species with diverse lifespans. We identified thousands of genes with expression levels negatively or positively correlated with a species' maximum lifespan (Neg- or Pos-MLS genes). Neg-MLS genes are primarily involved in energy metabolism and inflammation. Pos-MLS genes show enrichment in DNA repair, microtubule organization, and RNA transport. Expression of Neg- and Pos-MLS genes is modulated by interventions, including mTOR and PI3K inhibition. Regulatory networks analysis showed that Neg-MLS genes are under circadian regulation possibly to avoid persistent high expression, whereas Pos-MLS genes are targets of master pluripotency regulators OCT4 and NANOG and are upregulated during somatic cell reprogramming. Pos-MLS genes are highly expressed during embryogenesis but significantly downregulated after birth. This work provides targets for anti-aging interventions by defining pathways correlating with longevity across mammals and uncovering circadian and pluripotency networks as central regulators of longevity.",Examination of gene expression across species.,35580607;38052795,,,577892,GPL31083; GPL31080; GPL31086; GPL31072; GPL29592; GPL31069; GPL31085; GPL31068; GPL31088; GPL31074; GPL31071; GPL31077; GPL26915; GPL31073; GPL31070; GPL31076; GPL31082; GPL31079; GPL31081; GPL21626; GPL31075; GPL31078; GPL31067; GPL31084; GPL31087,Blarina brevicauda; Tamiasciurus hudsonicus; Rattus rattus; Myocastor coypus; Heterocephalus glaber; Castor canadensis; Acomys russatus; Marmota monax; Cavia porcellus; Octodon degus; Chinchilla lanigera; Scalopus aquaticus; Peromyscus maniculatus; Ondatra zibethicus; Hydrochoerus hydrochaeris; Cuniculus paca; Cricetulus barabensis; Mesocricetus auratus; Mus musculus; Sciurus carolinensis; Tamias striatus; Neotoma cinerea; Condylura cristata; Fukomys damarensis; Bramus lutescens,GSE,Expression profiling by high throughput sequencing,2022/05/18,522,ftp://ftp.ncbi.nlm.nih.gov/geo/series/GSE190nnn/GSE190756/,Comparative transcriptomics reveals circadian and pluripotency networks as two pillars of longevity regulation.,Cell metabolism,2022 Jun 7,10.1016/j.cmet.2022.04.011,OSD-163|Mmus_BAL-TAL_KDN_GC_Rep4_G4,Ground Control
91,GSM5501917,0.998611569404602,GSE181733,Transposon-triggered innate immune response confers cancer resistance to the blind mole rat,,,This SuperSeries is composed of the SubSeries listed below.,Refer to individual Series,34556881;38052795,,,531660,GPL25363; GPL30472; GPL28271; GPL30473; GPL24247,Rattus norvegicus; Homo sapiens; Mus musculus; Nannospalax ehrenbergi,GSE,Expression profiling by high throughput sequencing; Methylation profiling by genome tiling array; Methylation profiling by high throughput sequencing,2021/09/09,110,ftp://ftp.ncbi.nlm.nih.gov/geo/series/GSE181nnn/GSE181733/,Transposon-triggered innate immune response confers cancer resistance to the blind mole rat.,Nature immunology,2021 Oct,10.1038/s41590-021-01027-8,OSD-163|Mmus_BAL-TAL_KDN_GC_Rep4_G4,Ground Control
92,GSM5501901,0.9985722303390503,GSE181733,Transposon-triggered innate immune response confers cancer resistance to the blind mole rat,,,This SuperSeries is composed of the SubSeries listed below.,Refer to individual Series,34556881;38052795,,,531648,GPL25363; GPL30472; GPL28271; GPL30473; GPL24247,Rattus norvegicus; Homo sapiens; Mus musculus; Nannospalax ehrenbergi,GSE,Expression profiling by high throughput sequencing; Methylation profiling by genome tiling array; Methylation profiling by high throughput sequencing,2021/09/09,110,ftp://ftp.ncbi.nlm.nih.gov/geo/series/GSE181nnn/GSE181733/,Transposon-triggered innate immune response confers cancer resistance to the blind mole rat.,Nature immunology,2021 Oct,10.1038/s41590-021-01027-8,OSD-163|Mmus_BAL-TAL_KDN_GC_Rep4_G4,Ground Control
93,GSM8082235,0.9985660910606384,GSE255885,Deletion of Klotho enhancer deepens sexual dimorphism of gene expression without impacting female resistance to kidney injury [RNA exp2],,,"Sexual dimorphism in kidney injury markers, such as Klotho, is frequently underestimated or disregarded, as most of the preclinical research is done in male animals. Klotho is well-linked to renal health and its deletion in mice results in a severe accelerated aging-like phenotype and premature death. Here, we identified candidate Klotho enhancers and discovered their function using mice carrying deletions in the enhancer loci. Candidate Klotho enhancers were deleted using CRISPR/Cas9 genome editing. Warm ischemia-reperfusion surgery (IRI) was performed bilaterally to induce acute kidney injury and unilaterally in a fibrosis model. Using ChIP-seq and RNA-seq, we analyzed renal chromatin features and gene expression. ELISA and colorimetric assays were used to measure serum FGF23 and serum component levels. Removal of the enhancer caused more substantial reduction in Klotho mRNA levels in female mice compared to males (90 vs. 50%), supported by gene promoter marks remaining more pronounced in males. Weight, lifespan, and fertility of mice lacking the enhancers were not impacted. Only male mutant mice displayed higher Havcr1 expression after IRI than controls (mean 1048 vs. 231.4, p=0.0016). 28 days after unilateral IRI, only males displayed increased fibrosis markers, but with no difference between genotypes. Our findings reveal sexual dimorphism of Klotho gene expression and its enhancer regulation. Only male mutant mice were more susceptible to acute injury and the enhancer deletion had no impact on fibrosis. Additional investigation into the mechanisms governing Klotho regulation is imperative to reassess its effectiveness as a kidney injury marker.",Chromatin Immunoprecipitation and DNA Sequencing (ChIP-Seq) of histone modifications H3K27ac and H3K4me3 in mouse kidneys was used to assess efficacy of deletion of candidate Klotho gene enhancers and to assess it's effect on renal chromatin landscape. RNA-seq was used to investigate the effects of Klotho enhencer deletion on renal gene expression.,38529500;39277686,,,851149,GPL24247,Mus musculus,GSE,Expression profiling by high throughput sequencing,2024/04/04,16,ftp://ftp.ncbi.nlm.nih.gov/geo/series/GSE255nnn/GSE255885/,Sexually dimorphic renal expression of Klotho is directed by a kidney-specific distal enhancer responsive to HNF1b.,bioRxiv : the preprint server for biology,2024 Mar 4,10.1101/2024.02.29.582831,OSD-163|Mmus_BAL-TAL_KDN_GC_Rep4_G4,Ground Control
94,GSM4742428,0.9983572363853455,GSE156692,Identification of cellular context sensitive regulatory variation in mouse genomes,,,"RNA-seq and DHS mapping in hybrid mouse kidney, liver, lung, and B cells",138 DNase-seq and 17 RNA-seq samples collected from 4 tissues in 5 hybrid mouse strains,33990600,,,411693,GPL19057; GPL17021,Mus musculus,GSE,Expression profiling by high throughput sequencing; Genome binding/occupancy profiling by high throughput sequencing,2020/11/25,158,ftp://ftp.ncbi.nlm.nih.gov/geo/series/GSE156nnn/GSE156692/,Tissue context determines the penetrance of regulatory DNA variation.,Nature communications,2021 May 14,10.1038/s41467-021-23139-3,OSD-163|Mmus_BAL-TAL_KDN_GC_Rep4_G4,Ground Control
95,GSM5501909,0.99834805727005,GSE181733,Transposon-triggered innate immune response confers cancer resistance to the blind mole rat,,,This SuperSeries is composed of the SubSeries listed below.,Refer to individual Series,34556881;38052795,,,531653,GPL25363; GPL30472; GPL28271; GPL30473; GPL24247,Rattus norvegicus; Homo sapiens; Mus musculus; Nannospalax ehrenbergi,GSE,Expression profiling by high throughput sequencing; Methylation profiling by genome tiling array; Methylation profiling by high throughput sequencing,2021/09/09,110,ftp://ftp.ncbi.nlm.nih.gov/geo/series/GSE181nnn/GSE181733/,Transposon-triggered innate immune response confers cancer resistance to the blind mole rat.,Nature immunology,2021 Oct,10.1038/s41590-021-01027-8,OSD-163|Mmus_BAL-TAL_KDN_GC_Rep4_G4,Ground Control
96,GSM5501893,0.9983298778533936,GSE181733,Transposon-triggered innate immune response confers cancer resistance to the blind mole rat,,,This SuperSeries is composed of the SubSeries listed below.,Refer to individual Series,34556881;38052795,,,531640,GPL25363; GPL30472; GPL28271; GPL30473; GPL24247,Rattus norvegicus; Homo sapiens; Mus musculus; Nannospalax ehrenbergi,GSE,Expression profiling by high throughput sequencing; Methylation profiling by genome tiling array; Methylation profiling by high throughput sequencing,2021/09/09,110,ftp://ftp.ncbi.nlm.nih.gov/geo/series/GSE181nnn/GSE181733/,Transposon-triggered innate immune response confers cancer resistance to the blind mole rat.,Nature immunology,2021 Oct,10.1038/s41590-021-01027-8,OSD-163|Mmus_BAL-TAL_KDN_GC_Rep4_G4,Ground Control
97,GSM5730971,0.998221755027771,GSE190756,Comparative transcriptomics reveals circadian and pluripotency networks as two pillars of longevity regulation,,,"Mammals differ more than 100-fold in maximum lifespan. Here, we conducted comparative transcriptomics on 26 species with diverse lifespans. We identified thousands of genes with expression levels negatively or positively correlated with a species' maximum lifespan (Neg- or Pos-MLS genes). Neg-MLS genes are primarily involved in energy metabolism and inflammation. Pos-MLS genes show enrichment in DNA repair, microtubule organization, and RNA transport. Expression of Neg- and Pos-MLS genes is modulated by interventions, including mTOR and PI3K inhibition. Regulatory networks analysis showed that Neg-MLS genes are under circadian regulation possibly to avoid persistent high expression, whereas Pos-MLS genes are targets of master pluripotency regulators OCT4 and NANOG and are upregulated during somatic cell reprogramming. Pos-MLS genes are highly expressed during embryogenesis but significantly downregulated after birth. This work provides targets for anti-aging interventions by defining pathways correlating with longevity across mammals and uncovering circadian and pluripotency networks as central regulators of longevity.",Examination of gene expression across species.,35580607;38052795,,,577890,GPL31083; GPL31080; GPL31086; GPL31072; GPL29592; GPL31069; GPL31085; GPL31068; GPL31088; GPL31074; GPL31071; GPL31077; GPL26915; GPL31073; GPL31070; GPL31076; GPL31082; GPL31079; GPL31081; GPL21626; GPL31075; GPL31078; GPL31067; GPL31084; GPL31087,Blarina brevicauda; Tamiasciurus hudsonicus; Rattus rattus; Myocastor coypus; Heterocephalus glaber; Castor canadensis; Acomys russatus; Marmota monax; Cavia porcellus; Octodon degus; Chinchilla lanigera; Scalopus aquaticus; Peromyscus maniculatus; Ondatra zibethicus; Hydrochoerus hydrochaeris; Cuniculus paca; Cricetulus barabensis; Mesocricetus auratus; Mus musculus; Sciurus carolinensis; Tamias striatus; Neotoma cinerea; Condylura cristata; Fukomys damarensis; Bramus lutescens,GSE,Expression profiling by high throughput sequencing,2022/05/18,522,ftp://ftp.ncbi.nlm.nih.gov/geo/series/GSE190nnn/GSE190756/,Comparative transcriptomics reveals circadian and pluripotency networks as two pillars of longevity regulation.,Cell metabolism,2022 Jun 7,10.1016/j.cmet.2022.04.011,OSD-163|Mmus_BAL-TAL_KDN_GC_Rep4_G4,Ground Control
98,GSM5982212,0.998100996017456,GSE199702,"Transcriptomics analysis of heart, kidney, and liver tissues from 58 Collaborative Cross strains",,,"We report transcriptomic profiling from bulk heart, kidney, and liver tissues for 58 strains of the inbred mouse Collaborative Cross (CC). Each strain is represented by a male/female pair. Reads were first aligned to the pooled transcriptomes of the eight founder strains of the CC and then total gene counts were quantified using the EMASE and GBRS software tools. Total read counts can be further normalized for use in differential gene expression analysis, expression quantitative trait locus (eQTL) analysis, and integrative analyses with other -omic data sets measured on the same samples, including proteomics and phosphoproteomics.","RNA profiling of heart, kidney, and liver bulk tissues of male/female pairs from 58 Collaborative Cross (CC) mouse strains",,,,617827,GPL24247,Mus musculus,GSE,Expression profiling by high throughput sequencing,2023/02/05,348,ftp://ftp.ncbi.nlm.nih.gov/geo/series/GSE199nnn/GSE199702/,,,,,OSD-163|Mmus_BAL-TAL_KDN_GC_Rep4_G4,Ground Control
99,GSM5982138,0.9980754256248474,GSE199702,"Transcriptomics analysis of heart, kidney, and liver tissues from 58 Collaborative Cross strains",,,"We report transcriptomic profiling from bulk heart, kidney, and liver tissues for 58 strains of the inbred mouse Collaborative Cross (CC). Each strain is represented by a male/female pair. Reads were first aligned to the pooled transcriptomes of the eight founder strains of the CC and then total gene counts were quantified using the EMASE and GBRS software tools. Total read counts can be further normalized for use in differential gene expression analysis, expression quantitative trait locus (eQTL) analysis, and integrative analyses with other -omic data sets measured on the same samples, including proteomics and phosphoproteomics.","RNA profiling of heart, kidney, and liver bulk tissues of male/female pairs from 58 Collaborative Cross (CC) mouse strains",,,,617753,GPL24247,Mus musculus,GSE,Expression profiling by high throughput sequencing,2023/02/05,348,ftp://ftp.ncbi.nlm.nih.gov/geo/series/GSE199nnn/GSE199702/,,,,,OSD-163|Mmus_BAL-TAL_KDN_GC_Rep4_G4,Ground Control
100,GSM5730973,0.9986552000045776,GSE190756,Comparative transcriptomics reveals circadian and pluripotency networks as two pillars of longevity regulation,,,"Mammals differ more than 100-fold in maximum lifespan. Here, we conducted comparative transcriptomics on 26 species with diverse lifespans. We identified thousands of genes with expression levels negatively or positively correlated with a species' maximum lifespan (Neg- or Pos-MLS genes). Neg-MLS genes are primarily involved in energy metabolism and inflammation. Pos-MLS genes show enrichment in DNA repair, microtubule organization, and RNA transport. Expression of Neg- and Pos-MLS genes is modulated by interventions, including mTOR and PI3K inhibition. Regulatory networks analysis showed that Neg-MLS genes are under circadian regulation possibly to avoid persistent high expression, whereas Pos-MLS genes are targets of master pluripotency regulators OCT4 and NANOG and are upregulated during somatic cell reprogramming. Pos-MLS genes are highly expressed during embryogenesis but significantly downregulated after birth. This work provides targets for anti-aging interventions by defining pathways correlating with longevity across mammals and uncovering circadian and pluripotency networks as central regulators of longevity.",Examination of gene expression across species.,35580607;38052795,,,577892,GPL31083; GPL31080; GPL31086; GPL31072; GPL29592; GPL31069; GPL31085; GPL31068; GPL31088; GPL31074; GPL31071; GPL31077; GPL26915; GPL31073; GPL31070; GPL31076; GPL31082; GPL31079; GPL31081; GPL21626; GPL31075; GPL31078; GPL31067; GPL31084; GPL31087,Blarina brevicauda; Tamiasciurus hudsonicus; Rattus rattus; Myocastor coypus; Heterocephalus glaber; Castor canadensis; Acomys russatus; Marmota monax; Cavia porcellus; Octodon degus; Chinchilla lanigera; Scalopus aquaticus; Peromyscus maniculatus; Ondatra zibethicus; Hydrochoerus hydrochaeris; Cuniculus paca; Cricetulus barabensis; Mesocricetus auratus; Mus musculus; Sciurus carolinensis; Tamias striatus; Neotoma cinerea; Condylura cristata; Fukomys damarensis; Bramus lutescens,GSE,Expression profiling by high throughput sequencing,2022/05/18,522,ftp://ftp.ncbi.nlm.nih.gov/geo/series/GSE190nnn/GSE190756/,Comparative transcriptomics reveals circadian and pluripotency networks as two pillars of longevity regulation.,Cell metabolism,2022 Jun 7,10.1016/j.cmet.2022.04.011,OSD-163|Mmus_BAL-TAL_KDN_GC_Rep5_G5,Ground Control
101,GSM4742428,0.9983803629875183,GSE156692,Identification of cellular context sensitive regulatory variation in mouse genomes,,,"RNA-seq and DHS mapping in hybrid mouse kidney, liver, lung, and B cells",138 DNase-seq and 17 RNA-seq samples collected from 4 tissues in 5 hybrid mouse strains,33990600,,,411693,GPL19057; GPL17021,Mus musculus,GSE,Expression profiling by high throughput sequencing; Genome binding/occupancy profiling by high throughput sequencing,2020/11/25,158,ftp://ftp.ncbi.nlm.nih.gov/geo/series/GSE156nnn/GSE156692/,Tissue context determines the penetrance of regulatory DNA variation.,Nature communications,2021 May 14,10.1038/s41467-021-23139-3,OSD-163|Mmus_BAL-TAL_KDN_GC_Rep5_G5,Ground Control
102,GSM5501917,0.9983597993850708,GSE181733,Transposon-triggered innate immune response confers cancer resistance to the blind mole rat,,,This SuperSeries is composed of the SubSeries listed below.,Refer to individual Series,34556881;38052795,,,531660,GPL25363; GPL30472; GPL28271; GPL30473; GPL24247,Rattus norvegicus; Homo sapiens; Mus musculus; Nannospalax ehrenbergi,GSE,Expression profiling by high throughput sequencing; Methylation profiling by genome tiling array; Methylation profiling by high throughput sequencing,2021/09/09,110,ftp://ftp.ncbi.nlm.nih.gov/geo/series/GSE181nnn/GSE181733/,Transposon-triggered innate immune response confers cancer resistance to the blind mole rat.,Nature immunology,2021 Oct,10.1038/s41590-021-01027-8,OSD-163|Mmus_BAL-TAL_KDN_GC_Rep5_G5,Ground Control
103,GSM5501901,0.9983345866203308,GSE181733,Transposon-triggered innate immune response confers cancer resistance to the blind mole rat,,,This SuperSeries is composed of the SubSeries listed below.,Refer to individual Series,34556881;38052795,,,531648,GPL25363; GPL30472; GPL28271; GPL30473; GPL24247,Rattus norvegicus; Homo sapiens; Mus musculus; Nannospalax ehrenbergi,GSE,Expression profiling by high throughput sequencing; Methylation profiling by genome tiling array; Methylation profiling by high throughput sequencing,2021/09/09,110,ftp://ftp.ncbi.nlm.nih.gov/geo/series/GSE181nnn/GSE181733/,Transposon-triggered innate immune response confers cancer resistance to the blind mole rat.,Nature immunology,2021 Oct,10.1038/s41590-021-01027-8,OSD-163|Mmus_BAL-TAL_KDN_GC_Rep5_G5,Ground Control
104,GSM8082235,0.9982725381851196,GSE255885,Deletion of Klotho enhancer deepens sexual dimorphism of gene expression without impacting female resistance to kidney injury [RNA exp2],,,"Sexual dimorphism in kidney injury markers, such as Klotho, is frequently underestimated or disregarded, as most of the preclinical research is done in male animals. Klotho is well-linked to renal health and its deletion in mice results in a severe accelerated aging-like phenotype and premature death. Here, we identified candidate Klotho enhancers and discovered their function using mice carrying deletions in the enhancer loci. Candidate Klotho enhancers were deleted using CRISPR/Cas9 genome editing. Warm ischemia-reperfusion surgery (IRI) was performed bilaterally to induce acute kidney injury and unilaterally in a fibrosis model. Using ChIP-seq and RNA-seq, we analyzed renal chromatin features and gene expression. ELISA and colorimetric assays were used to measure serum FGF23 and serum component levels. Removal of the enhancer caused more substantial reduction in Klotho mRNA levels in female mice compared to males (90 vs. 50%), supported by gene promoter marks remaining more pronounced in males. Weight, lifespan, and fertility of mice lacking the enhancers were not impacted. Only male mutant mice displayed higher Havcr1 expression after IRI than controls (mean 1048 vs. 231.4, p=0.0016). 28 days after unilateral IRI, only males displayed increased fibrosis markers, but with no difference between genotypes. Our findings reveal sexual dimorphism of Klotho gene expression and its enhancer regulation. Only male mutant mice were more susceptible to acute injury and the enhancer deletion had no impact on fibrosis. Additional investigation into the mechanisms governing Klotho regulation is imperative to reassess its effectiveness as a kidney injury marker.",Chromatin Immunoprecipitation and DNA Sequencing (ChIP-Seq) of histone modifications H3K27ac and H3K4me3 in mouse kidneys was used to assess efficacy of deletion of candidate Klotho gene enhancers and to assess it's effect on renal chromatin landscape. RNA-seq was used to investigate the effects of Klotho enhencer deletion on renal gene expression.,38529500;39277686,,,851149,GPL24247,Mus musculus,GSE,Expression profiling by high throughput sequencing,2024/04/04,16,ftp://ftp.ncbi.nlm.nih.gov/geo/series/GSE255nnn/GSE255885/,Sexually dimorphic renal expression of Klotho is directed by a kidney-specific distal enhancer responsive to HNF1b.,bioRxiv : the preprint server for biology,2024 Mar 4,10.1101/2024.02.29.582831,OSD-163|Mmus_BAL-TAL_KDN_GC_Rep5_G5,Ground Control
105,GSM5730971,0.9982256889343262,GSE190756,Comparative transcriptomics reveals circadian and pluripotency networks as two pillars of longevity regulation,,,"Mammals differ more than 100-fold in maximum lifespan. Here, we conducted comparative transcriptomics on 26 species with diverse lifespans. We identified thousands of genes with expression levels negatively or positively correlated with a species' maximum lifespan (Neg- or Pos-MLS genes). Neg-MLS genes are primarily involved in energy metabolism and inflammation. Pos-MLS genes show enrichment in DNA repair, microtubule organization, and RNA transport. Expression of Neg- and Pos-MLS genes is modulated by interventions, including mTOR and PI3K inhibition. Regulatory networks analysis showed that Neg-MLS genes are under circadian regulation possibly to avoid persistent high expression, whereas Pos-MLS genes are targets of master pluripotency regulators OCT4 and NANOG and are upregulated during somatic cell reprogramming. Pos-MLS genes are highly expressed during embryogenesis but significantly downregulated after birth. This work provides targets for anti-aging interventions by defining pathways correlating with longevity across mammals and uncovering circadian and pluripotency networks as central regulators of longevity.",Examination of gene expression across species.,35580607;38052795,,,577890,GPL31083; GPL31080; GPL31086; GPL31072; GPL29592; GPL31069; GPL31085; GPL31068; GPL31088; GPL31074; GPL31071; GPL31077; GPL26915; GPL31073; GPL31070; GPL31076; GPL31082; GPL31079; GPL31081; GPL21626; GPL31075; GPL31078; GPL31067; GPL31084; GPL31087,Blarina brevicauda; Tamiasciurus hudsonicus; Rattus rattus; Myocastor coypus; Heterocephalus glaber; Castor canadensis; Acomys russatus; Marmota monax; Cavia porcellus; Octodon degus; Chinchilla lanigera; Scalopus aquaticus; Peromyscus maniculatus; Ondatra zibethicus; Hydrochoerus hydrochaeris; Cuniculus paca; Cricetulus barabensis; Mesocricetus auratus; Mus musculus; Sciurus carolinensis; Tamias striatus; Neotoma cinerea; Condylura cristata; Fukomys damarensis; Bramus lutescens,GSE,Expression profiling by high throughput sequencing,2022/05/18,522,ftp://ftp.ncbi.nlm.nih.gov/geo/series/GSE190nnn/GSE190756/,Comparative transcriptomics reveals circadian and pluripotency networks as two pillars of longevity regulation.,Cell metabolism,2022 Jun 7,10.1016/j.cmet.2022.04.011,OSD-163|Mmus_BAL-TAL_KDN_GC_Rep5_G5,Ground Control
106,GSM5501893,0.9982162714004517,GSE181733,Transposon-triggered innate immune response confers cancer resistance to the blind mole rat,,,This SuperSeries is composed of the SubSeries listed below.,Refer to individual Series,34556881;38052795,,,531640,GPL25363; GPL30472; GPL28271; GPL30473; GPL24247,Rattus norvegicus; Homo sapiens; Mus musculus; Nannospalax ehrenbergi,GSE,Expression profiling by high throughput sequencing; Methylation profiling by genome tiling array; Methylation profiling by high throughput sequencing,2021/09/09,110,ftp://ftp.ncbi.nlm.nih.gov/geo/series/GSE181nnn/GSE181733/,Transposon-triggered innate immune response confers cancer resistance to the blind mole rat.,Nature immunology,2021 Oct,10.1038/s41590-021-01027-8,OSD-163|Mmus_BAL-TAL_KDN_GC_Rep5_G5,Ground Control
107,GSM5501909,0.9981338977813721,GSE181733,Transposon-triggered innate immune response confers cancer resistance to the blind mole rat,,,This SuperSeries is composed of the SubSeries listed below.,Refer to individual Series,34556881;38052795,,,531653,GPL25363; GPL30472; GPL28271; GPL30473; GPL24247,Rattus norvegicus; Homo sapiens; Mus musculus; Nannospalax ehrenbergi,GSE,Expression profiling by high throughput sequencing; Methylation profiling by genome tiling array; Methylation profiling by high throughput sequencing,2021/09/09,110,ftp://ftp.ncbi.nlm.nih.gov/geo/series/GSE181nnn/GSE181733/,Transposon-triggered innate immune response confers cancer resistance to the blind mole rat.,Nature immunology,2021 Oct,10.1038/s41590-021-01027-8,OSD-163|Mmus_BAL-TAL_KDN_GC_Rep5_G5,Ground Control
108,GSM5982212,0.9980420470237732,GSE199702,"Transcriptomics analysis of heart, kidney, and liver tissues from 58 Collaborative Cross strains",,,"We report transcriptomic profiling from bulk heart, kidney, and liver tissues for 58 strains of the inbred mouse Collaborative Cross (CC). Each strain is represented by a male/female pair. Reads were first aligned to the pooled transcriptomes of the eight founder strains of the CC and then total gene counts were quantified using the EMASE and GBRS software tools. Total read counts can be further normalized for use in differential gene expression analysis, expression quantitative trait locus (eQTL) analysis, and integrative analyses with other -omic data sets measured on the same samples, including proteomics and phosphoproteomics.","RNA profiling of heart, kidney, and liver bulk tissues of male/female pairs from 58 Collaborative Cross (CC) mouse strains",,,,617827,GPL24247,Mus musculus,GSE,Expression profiling by high throughput sequencing,2023/02/05,348,ftp://ftp.ncbi.nlm.nih.gov/geo/series/GSE199nnn/GSE199702/,,,,,OSD-163|Mmus_BAL-TAL_KDN_GC_Rep5_G5,Ground Control
109,GSM7486687,0.9979431629180908,GSE235498,Genotype-by-diet interactions determine susceptibility and resistance in T2D mouse models,,,This SuperSeries is composed of the SubSeries listed below.,Refer to individual Series,,,,794009,GPL24247,Mus musculus,GSE,Expression profiling by high throughput sequencing,2023/12/31,420,ftp://ftp.ncbi.nlm.nih.gov/geo/series/GSE235nnn/GSE235498/,,,,,OSD-163|Mmus_BAL-TAL_KDN_GC_Rep5_G5,Ground Control
110,GSM5730973,0.9983336329460144,GSE190756,Comparative transcriptomics reveals circadian and pluripotency networks as two pillars of longevity regulation,,,"Mammals differ more than 100-fold in maximum lifespan. Here, we conducted comparative transcriptomics on 26 species with diverse lifespans. We identified thousands of genes with expression levels negatively or positively correlated with a species' maximum lifespan (Neg- or Pos-MLS genes). Neg-MLS genes are primarily involved in energy metabolism and inflammation. Pos-MLS genes show enrichment in DNA repair, microtubule organization, and RNA transport. Expression of Neg- and Pos-MLS genes is modulated by interventions, including mTOR and PI3K inhibition. Regulatory networks analysis showed that Neg-MLS genes are under circadian regulation possibly to avoid persistent high expression, whereas Pos-MLS genes are targets of master pluripotency regulators OCT4 and NANOG and are upregulated during somatic cell reprogramming. Pos-MLS genes are highly expressed during embryogenesis but significantly downregulated after birth. This work provides targets for anti-aging interventions by defining pathways correlating with longevity across mammals and uncovering circadian and pluripotency networks as central regulators of longevity.",Examination of gene expression across species.,35580607;38052795,,,577892,GPL31083; GPL31080; GPL31086; GPL31072; GPL29592; GPL31069; GPL31085; GPL31068; GPL31088; GPL31074; GPL31071; GPL31077; GPL26915; GPL31073; GPL31070; GPL31076; GPL31082; GPL31079; GPL31081; GPL21626; GPL31075; GPL31078; GPL31067; GPL31084; GPL31087,Blarina brevicauda; Tamiasciurus hudsonicus; Rattus rattus; Myocastor coypus; Heterocephalus glaber; Castor canadensis; Acomys russatus; Marmota monax; Cavia porcellus; Octodon degus; Chinchilla lanigera; Scalopus aquaticus; Peromyscus maniculatus; Ondatra zibethicus; Hydrochoerus hydrochaeris; Cuniculus paca; Cricetulus barabensis; Mesocricetus auratus; Mus musculus; Sciurus carolinensis; Tamias striatus; Neotoma cinerea; Condylura cristata; Fukomys damarensis; Bramus lutescens,GSE,Expression profiling by high throughput sequencing,2022/05/18,522,ftp://ftp.ncbi.nlm.nih.gov/geo/series/GSE190nnn/GSE190756/,Comparative transcriptomics reveals circadian and pluripotency networks as two pillars of longevity regulation.,Cell metabolism,2022 Jun 7,10.1016/j.cmet.2022.04.011,OSD-163|Mmus_BAL-TAL_KDN_GC_Rep6_G6,Ground Control
111,GSM4742428,0.9981262683868408,GSE156692,Identification of cellular context sensitive regulatory variation in mouse genomes,,,"RNA-seq and DHS mapping in hybrid mouse kidney, liver, lung, and B cells",138 DNase-seq and 17 RNA-seq samples collected from 4 tissues in 5 hybrid mouse strains,33990600,,,411693,GPL19057; GPL17021,Mus musculus,GSE,Expression profiling by high throughput sequencing; Genome binding/occupancy profiling by high throughput sequencing,2020/11/25,158,ftp://ftp.ncbi.nlm.nih.gov/geo/series/GSE156nnn/GSE156692/,Tissue context determines the penetrance of regulatory DNA variation.,Nature communications,2021 May 14,10.1038/s41467-021-23139-3,OSD-163|Mmus_BAL-TAL_KDN_GC_Rep6_G6,Ground Control
112,GSM5501901,0.9980819225311279,GSE181733,Transposon-triggered innate immune response confers cancer resistance to the blind mole rat,,,This SuperSeries is composed of the SubSeries listed below.,Refer to individual Series,34556881;38052795,,,531648,GPL25363; GPL30472; GPL28271; GPL30473; GPL24247,Rattus norvegicus; Homo sapiens; Mus musculus; Nannospalax ehrenbergi,GSE,Expression profiling by high throughput sequencing; Methylation profiling by genome tiling array; Methylation profiling by high throughput sequencing,2021/09/09,110,ftp://ftp.ncbi.nlm.nih.gov/geo/series/GSE181nnn/GSE181733/,Transposon-triggered innate immune response confers cancer resistance to the blind mole rat.,Nature immunology,2021 Oct,10.1038/s41590-021-01027-8,OSD-163|Mmus_BAL-TAL_KDN_GC_Rep6_G6,Ground Control
113,GSM8082236,0.9979474544525146,GSE255885,Deletion of Klotho enhancer deepens sexual dimorphism of gene expression without impacting female resistance to kidney injury [RNA exp2],,,"Sexual dimorphism in kidney injury markers, such as Klotho, is frequently underestimated or disregarded, as most of the preclinical research is done in male animals. Klotho is well-linked to renal health and its deletion in mice results in a severe accelerated aging-like phenotype and premature death. Here, we identified candidate Klotho enhancers and discovered their function using mice carrying deletions in the enhancer loci. Candidate Klotho enhancers were deleted using CRISPR/Cas9 genome editing. Warm ischemia-reperfusion surgery (IRI) was performed bilaterally to induce acute kidney injury and unilaterally in a fibrosis model. Using ChIP-seq and RNA-seq, we analyzed renal chromatin features and gene expression. ELISA and colorimetric assays were used to measure serum FGF23 and serum component levels. Removal of the enhancer caused more substantial reduction in Klotho mRNA levels in female mice compared to males (90 vs. 50%), supported by gene promoter marks remaining more pronounced in males. Weight, lifespan, and fertility of mice lacking the enhancers were not impacted. Only male mutant mice displayed higher Havcr1 expression after IRI than controls (mean 1048 vs. 231.4, p=0.0016). 28 days after unilateral IRI, only males displayed increased fibrosis markers, but with no difference between genotypes. Our findings reveal sexual dimorphism of Klotho gene expression and its enhancer regulation. Only male mutant mice were more susceptible to acute injury and the enhancer deletion had no impact on fibrosis. Additional investigation into the mechanisms governing Klotho regulation is imperative to reassess its effectiveness as a kidney injury marker.",Chromatin Immunoprecipitation and DNA Sequencing (ChIP-Seq) of histone modifications H3K27ac and H3K4me3 in mouse kidneys was used to assess efficacy of deletion of candidate Klotho gene enhancers and to assess it's effect on renal chromatin landscape. RNA-seq was used to investigate the effects of Klotho enhencer deletion on renal gene expression.,38529500;39277686,,,851150,GPL24247,Mus musculus,GSE,Expression profiling by high throughput sequencing,2024/04/04,16,ftp://ftp.ncbi.nlm.nih.gov/geo/series/GSE255nnn/GSE255885/,Sexually dimorphic renal expression of Klotho is directed by a kidney-specific distal enhancer responsive to HNF1b.,bioRxiv : the preprint server for biology,2024 Mar 4,10.1101/2024.02.29.582831,OSD-163|Mmus_BAL-TAL_KDN_GC_Rep6_G6,Ground Control
114,GSM5730971,0.9979263544082642,GSE190756,Comparative transcriptomics reveals circadian and pluripotency networks as two pillars of longevity regulation,,,"Mammals differ more than 100-fold in maximum lifespan. Here, we conducted comparative transcriptomics on 26 species with diverse lifespans. We identified thousands of genes with expression levels negatively or positively correlated with a species' maximum lifespan (Neg- or Pos-MLS genes). Neg-MLS genes are primarily involved in energy metabolism and inflammation. Pos-MLS genes show enrichment in DNA repair, microtubule organization, and RNA transport. Expression of Neg- and Pos-MLS genes is modulated by interventions, including mTOR and PI3K inhibition. Regulatory networks analysis showed that Neg-MLS genes are under circadian regulation possibly to avoid persistent high expression, whereas Pos-MLS genes are targets of master pluripotency regulators OCT4 and NANOG and are upregulated during somatic cell reprogramming. Pos-MLS genes are highly expressed during embryogenesis but significantly downregulated after birth. This work provides targets for anti-aging interventions by defining pathways correlating with longevity across mammals and uncovering circadian and pluripotency networks as central regulators of longevity.",Examination of gene expression across species.,35580607;38052795,,,577890,GPL31083; GPL31080; GPL31086; GPL31072; GPL29592; GPL31069; GPL31085; GPL31068; GPL31088; GPL31074; GPL31071; GPL31077; GPL26915; GPL31073; GPL31070; GPL31076; GPL31082; GPL31079; GPL31081; GPL21626; GPL31075; GPL31078; GPL31067; GPL31084; GPL31087,Blarina brevicauda; Tamiasciurus hudsonicus; Rattus rattus; Myocastor coypus; Heterocephalus glaber; Castor canadensis; Acomys russatus; Marmota monax; Cavia porcellus; Octodon degus; Chinchilla lanigera; Scalopus aquaticus; Peromyscus maniculatus; Ondatra zibethicus; Hydrochoerus hydrochaeris; Cuniculus paca; Cricetulus barabensis; Mesocricetus auratus; Mus musculus; Sciurus carolinensis; Tamias striatus; Neotoma cinerea; Condylura cristata; Fukomys damarensis; Bramus lutescens,GSE,Expression profiling by high throughput sequencing,2022/05/18,522,ftp://ftp.ncbi.nlm.nih.gov/geo/series/GSE190nnn/GSE190756/,Comparative transcriptomics reveals circadian and pluripotency networks as two pillars of longevity regulation.,Cell metabolism,2022 Jun 7,10.1016/j.cmet.2022.04.011,OSD-163|Mmus_BAL-TAL_KDN_GC_Rep6_G6,Ground Control
115,GSM5501917,0.9978622198104858,GSE181733,Transposon-triggered innate immune response confers cancer resistance to the blind mole rat,,,This SuperSeries is composed of the SubSeries listed below.,Refer to individual Series,34556881;38052795,,,531660,GPL25363; GPL30472; GPL28271; GPL30473; GPL24247,Rattus norvegicus; Homo sapiens; Mus musculus; Nannospalax ehrenbergi,GSE,Expression profiling by high throughput sequencing; Methylation profiling by genome tiling array; Methylation profiling by high throughput sequencing,2021/09/09,110,ftp://ftp.ncbi.nlm.nih.gov/geo/series/GSE181nnn/GSE181733/,Transposon-triggered innate immune response confers cancer resistance to the blind mole rat.,Nature immunology,2021 Oct,10.1038/s41590-021-01027-8,OSD-163|Mmus_BAL-TAL_KDN_GC_Rep6_G6,Ground Control
116,GSM8082235,0.9978365898132324,GSE255885,Deletion of Klotho enhancer deepens sexual dimorphism of gene expression without impacting female resistance to kidney injury [RNA exp2],,,"Sexual dimorphism in kidney injury markers, such as Klotho, is frequently underestimated or disregarded, as most of the preclinical research is done in male animals. Klotho is well-linked to renal health and its deletion in mice results in a severe accelerated aging-like phenotype and premature death. Here, we identified candidate Klotho enhancers and discovered their function using mice carrying deletions in the enhancer loci. Candidate Klotho enhancers were deleted using CRISPR/Cas9 genome editing. Warm ischemia-reperfusion surgery (IRI) was performed bilaterally to induce acute kidney injury and unilaterally in a fibrosis model. Using ChIP-seq and RNA-seq, we analyzed renal chromatin features and gene expression. ELISA and colorimetric assays were used to measure serum FGF23 and serum component levels. Removal of the enhancer caused more substantial reduction in Klotho mRNA levels in female mice compared to males (90 vs. 50%), supported by gene promoter marks remaining more pronounced in males. Weight, lifespan, and fertility of mice lacking the enhancers were not impacted. Only male mutant mice displayed higher Havcr1 expression after IRI than controls (mean 1048 vs. 231.4, p=0.0016). 28 days after unilateral IRI, only males displayed increased fibrosis markers, but with no difference between genotypes. Our findings reveal sexual dimorphism of Klotho gene expression and its enhancer regulation. Only male mutant mice were more susceptible to acute injury and the enhancer deletion had no impact on fibrosis. Additional investigation into the mechanisms governing Klotho regulation is imperative to reassess its effectiveness as a kidney injury marker.",Chromatin Immunoprecipitation and DNA Sequencing (ChIP-Seq) of histone modifications H3K27ac and H3K4me3 in mouse kidneys was used to assess efficacy of deletion of candidate Klotho gene enhancers and to assess it's effect on renal chromatin landscape. RNA-seq was used to investigate the effects of Klotho enhencer deletion on renal gene expression.,38529500;39277686,,,851149,GPL24247,Mus musculus,GSE,Expression profiling by high throughput sequencing,2024/04/04,16,ftp://ftp.ncbi.nlm.nih.gov/geo/series/GSE255nnn/GSE255885/,Sexually dimorphic renal expression of Klotho is directed by a kidney-specific distal enhancer responsive to HNF1b.,bioRxiv : the preprint server for biology,2024 Mar 4,10.1101/2024.02.29.582831,OSD-163|Mmus_BAL-TAL_KDN_GC_Rep6_G6,Ground Control
117,GSM5982226,0.9978311061859131,GSE199702,"Transcriptomics analysis of heart, kidney, and liver tissues from 58 Collaborative Cross strains",,,"We report transcriptomic profiling from bulk heart, kidney, and liver tissues for 58 strains of the inbred mouse Collaborative Cross (CC). Each strain is represented by a male/female pair. Reads were first aligned to the pooled transcriptomes of the eight founder strains of the CC and then total gene counts were quantified using the EMASE and GBRS software tools. Total read counts can be further normalized for use in differential gene expression analysis, expression quantitative trait locus (eQTL) analysis, and integrative analyses with other -omic data sets measured on the same samples, including proteomics and phosphoproteomics.","RNA profiling of heart, kidney, and liver bulk tissues of male/female pairs from 58 Collaborative Cross (CC) mouse strains",,,,617841,GPL24247,Mus musculus,GSE,Expression profiling by high throughput sequencing,2023/02/05,348,ftp://ftp.ncbi.nlm.nih.gov/geo/series/GSE199nnn/GSE199702/,,,,,OSD-163|Mmus_BAL-TAL_KDN_GC_Rep6_G6,Ground Control
118,GSM5982234,0.9977844953536987,GSE199702,"Transcriptomics analysis of heart, kidney, and liver tissues from 58 Collaborative Cross strains",,,"We report transcriptomic profiling from bulk heart, kidney, and liver tissues for 58 strains of the inbred mouse Collaborative Cross (CC). Each strain is represented by a male/female pair. Reads were first aligned to the pooled transcriptomes of the eight founder strains of the CC and then total gene counts were quantified using the EMASE and GBRS software tools. Total read counts can be further normalized for use in differential gene expression analysis, expression quantitative trait locus (eQTL) analysis, and integrative analyses with other -omic data sets measured on the same samples, including proteomics and phosphoproteomics.","RNA profiling of heart, kidney, and liver bulk tissues of male/female pairs from 58 Collaborative Cross (CC) mouse strains",,,,617849,GPL24247,Mus musculus,GSE,Expression profiling by high throughput sequencing,2023/02/05,348,ftp://ftp.ncbi.nlm.nih.gov/geo/series/GSE199nnn/GSE199702/,,,,,OSD-163|Mmus_BAL-TAL_KDN_GC_Rep6_G6,Ground Control
119,GSM5982212,0.9977350234985352,GSE199702,"Transcriptomics analysis of heart, kidney, and liver tissues from 58 Collaborative Cross strains",,,"We report transcriptomic profiling from bulk heart, kidney, and liver tissues for 58 strains of the inbred mouse Collaborative Cross (CC). Each strain is represented by a male/female pair. Reads were first aligned to the pooled transcriptomes of the eight founder strains of the CC and then total gene counts were quantified using the EMASE and GBRS software tools. Total read counts can be further normalized for use in differential gene expression analysis, expression quantitative trait locus (eQTL) analysis, and integrative analyses with other -omic data sets measured on the same samples, including proteomics and phosphoproteomics.","RNA profiling of heart, kidney, and liver bulk tissues of male/female pairs from 58 Collaborative Cross (CC) mouse strains",,,,617827,GPL24247,Mus musculus,GSE,Expression profiling by high throughput sequencing,2023/02/05,348,ftp://ftp.ncbi.nlm.nih.gov/geo/series/GSE199nnn/GSE199702/,,,,,OSD-163|Mmus_BAL-TAL_KDN_GC_Rep6_G6,Ground Control
120,GSM8082226,0.9983189105987549,GSE255885,Deletion of Klotho enhancer deepens sexual dimorphism of gene expression without impacting female resistance to kidney injury [RNA exp2],,,"Sexual dimorphism in kidney injury markers, such as Klotho, is frequently underestimated or disregarded, as most of the preclinical research is done in male animals. Klotho is well-linked to renal health and its deletion in mice results in a severe accelerated aging-like phenotype and premature death. Here, we identified candidate Klotho enhancers and discovered their function using mice carrying deletions in the enhancer loci. Candidate Klotho enhancers were deleted using CRISPR/Cas9 genome editing. Warm ischemia-reperfusion surgery (IRI) was performed bilaterally to induce acute kidney injury and unilaterally in a fibrosis model. Using ChIP-seq and RNA-seq, we analyzed renal chromatin features and gene expression. ELISA and colorimetric assays were used to measure serum FGF23 and serum component levels. Removal of the enhancer caused more substantial reduction in Klotho mRNA levels in female mice compared to males (90 vs. 50%), supported by gene promoter marks remaining more pronounced in males. Weight, lifespan, and fertility of mice lacking the enhancers were not impacted. Only male mutant mice displayed higher Havcr1 expression after IRI than controls (mean 1048 vs. 231.4, p=0.0016). 28 days after unilateral IRI, only males displayed increased fibrosis markers, but with no difference between genotypes. Our findings reveal sexual dimorphism of Klotho gene expression and its enhancer regulation. Only male mutant mice were more susceptible to acute injury and the enhancer deletion had no impact on fibrosis. Additional investigation into the mechanisms governing Klotho regulation is imperative to reassess its effectiveness as a kidney injury marker.",Chromatin Immunoprecipitation and DNA Sequencing (ChIP-Seq) of histone modifications H3K27ac and H3K4me3 in mouse kidneys was used to assess efficacy of deletion of candidate Klotho gene enhancers and to assess it's effect on renal chromatin landscape. RNA-seq was used to investigate the effects of Klotho enhencer deletion on renal gene expression.,38529500;39277686,,,851140,GPL24247,Mus musculus,GSE,Expression profiling by high throughput sequencing,2024/04/04,16,ftp://ftp.ncbi.nlm.nih.gov/geo/series/GSE255nnn/GSE255885/,Sexually dimorphic renal expression of Klotho is directed by a kidney-specific distal enhancer responsive to HNF1b.,bioRxiv : the preprint server for biology,2024 Mar 4,10.1101/2024.02.29.582831,OSD-163|Mmus_BAL-TAL_KDN_FLT_Rep1_F2,Space Flight
121,GSM5982174,0.9980335831642151,GSE199702,"Transcriptomics analysis of heart, kidney, and liver tissues from 58 Collaborative Cross strains",,,"We report transcriptomic profiling from bulk heart, kidney, and liver tissues for 58 strains of the inbred mouse Collaborative Cross (CC). Each strain is represented by a male/female pair. Reads were first aligned to the pooled transcriptomes of the eight founder strains of the CC and then total gene counts were quantified using the EMASE and GBRS software tools. Total read counts can be further normalized for use in differential gene expression analysis, expression quantitative trait locus (eQTL) analysis, and integrative analyses with other -omic data sets measured on the same samples, including proteomics and phosphoproteomics.","RNA profiling of heart, kidney, and liver bulk tissues of male/female pairs from 58 Collaborative Cross (CC) mouse strains",,,,617789,GPL24247,Mus musculus,GSE,Expression profiling by high throughput sequencing,2023/02/05,348,ftp://ftp.ncbi.nlm.nih.gov/geo/series/GSE199nnn/GSE199702/,,,,,OSD-163|Mmus_BAL-TAL_KDN_FLT_Rep1_F2,Space Flight
122,GSM8082236,0.9980257749557495,GSE255885,Deletion of Klotho enhancer deepens sexual dimorphism of gene expression without impacting female resistance to kidney injury [RNA exp2],,,"Sexual dimorphism in kidney injury markers, such as Klotho, is frequently underestimated or disregarded, as most of the preclinical research is done in male animals. Klotho is well-linked to renal health and its deletion in mice results in a severe accelerated aging-like phenotype and premature death. Here, we identified candidate Klotho enhancers and discovered their function using mice carrying deletions in the enhancer loci. Candidate Klotho enhancers were deleted using CRISPR/Cas9 genome editing. Warm ischemia-reperfusion surgery (IRI) was performed bilaterally to induce acute kidney injury and unilaterally in a fibrosis model. Using ChIP-seq and RNA-seq, we analyzed renal chromatin features and gene expression. ELISA and colorimetric assays were used to measure serum FGF23 and serum component levels. Removal of the enhancer caused more substantial reduction in Klotho mRNA levels in female mice compared to males (90 vs. 50%), supported by gene promoter marks remaining more pronounced in males. Weight, lifespan, and fertility of mice lacking the enhancers were not impacted. Only male mutant mice displayed higher Havcr1 expression after IRI than controls (mean 1048 vs. 231.4, p=0.0016). 28 days after unilateral IRI, only males displayed increased fibrosis markers, but with no difference between genotypes. Our findings reveal sexual dimorphism of Klotho gene expression and its enhancer regulation. Only male mutant mice were more susceptible to acute injury and the enhancer deletion had no impact on fibrosis. Additional investigation into the mechanisms governing Klotho regulation is imperative to reassess its effectiveness as a kidney injury marker.",Chromatin Immunoprecipitation and DNA Sequencing (ChIP-Seq) of histone modifications H3K27ac and H3K4me3 in mouse kidneys was used to assess efficacy of deletion of candidate Klotho gene enhancers and to assess it's effect on renal chromatin landscape. RNA-seq was used to investigate the effects of Klotho enhencer deletion on renal gene expression.,38529500;39277686,,,851150,GPL24247,Mus musculus,GSE,Expression profiling by high throughput sequencing,2024/04/04,16,ftp://ftp.ncbi.nlm.nih.gov/geo/series/GSE255nnn/GSE255885/,Sexually dimorphic renal expression of Klotho is directed by a kidney-specific distal enhancer responsive to HNF1b.,bioRxiv : the preprint server for biology,2024 Mar 4,10.1101/2024.02.29.582831,OSD-163|Mmus_BAL-TAL_KDN_FLT_Rep1_F2,Space Flight
123,GSM7350290,0.9977660775184631,GSE232556,functional targets of cilia dependent cyst activation (CDCA) and a potential therapeutic targets for treating polycystic kidney disease,,,We applied unbiased cell type specific transcriptional profiling by translating ribosome affinity purification (TRAP) to mouse kidneys with polycystin-1 and cilia inactivation at a stage prior kidney tubule cyst formation. We identified differentially expressed actively translating mRNA that correlated with the cilia dependent cyst activation (CDCA) pattern common to male and female mice. This differential translatome offers opportunities for mechanistic discovery in polycystin and cilia related kidney phenotypes.,"We performed TRAP RNASeq at a stage when cyst formation had not yet occurred following Pkd1 inactivation. To achieve these objectives, we used mice with the following genotypes: Pkd1fl/+; R26Rpl10a; Pax8rtTA; TetOCre (“noncystic”), Pkd1fl/fl; R26Rpl10a; Pax8rtTA; TetOCre (Pkd1KO), Pkd1fl/fl; Kif3afl/fl; R26Rpl10a; Pax8rtTA; TetOCre (Pkd1KO+ciliaKO). All experimental mice were hemizygous for the R26Rpl10a, Pax8rtTA and TetOCre alleles. The R26Rpl10a allele expresses the L10a-EGFP ribosomal protein fusion23 following expression of Cre recombinase in response to doxycycline, allowing selective pulldown of ribosomes only from nephron epithelial cells in which Pax8rtTA is expressed. All mice received oral doxycycline from postnatal day 28 to 42 (P28–P42) to induce TetOCre. Fresh kidney tissue was harvested for ribosomal pulldown at P49 (7 weeks).",38693102,,,779852,GPL24247,Mus musculus,GSE,Expression profiling by high throughput sequencing,2024/02/23,45,ftp://ftp.ncbi.nlm.nih.gov/geo/series/GSE232nnn/GSE232556/,Glis2 is an early effector of polycystin signaling and a target for therapy in polycystic kidney disease.,Nature communications,2024 May 1,10.1038/s41467-024-48025-6,OSD-163|Mmus_BAL-TAL_KDN_FLT_Rep1_F2,Space Flight
124,GSM7350281,0.9977062940597534,GSE232556,functional targets of cilia dependent cyst activation (CDCA) and a potential therapeutic targets for treating polycystic kidney disease,,,We applied unbiased cell type specific transcriptional profiling by translating ribosome affinity purification (TRAP) to mouse kidneys with polycystin-1 and cilia inactivation at a stage prior kidney tubule cyst formation. We identified differentially expressed actively translating mRNA that correlated with the cilia dependent cyst activation (CDCA) pattern common to male and female mice. This differential translatome offers opportunities for mechanistic discovery in polycystin and cilia related kidney phenotypes.,"We performed TRAP RNASeq at a stage when cyst formation had not yet occurred following Pkd1 inactivation. To achieve these objectives, we used mice with the following genotypes: Pkd1fl/+; R26Rpl10a; Pax8rtTA; TetOCre (“noncystic”), Pkd1fl/fl; R26Rpl10a; Pax8rtTA; TetOCre (Pkd1KO), Pkd1fl/fl; Kif3afl/fl; R26Rpl10a; Pax8rtTA; TetOCre (Pkd1KO+ciliaKO). All experimental mice were hemizygous for the R26Rpl10a, Pax8rtTA and TetOCre alleles. The R26Rpl10a allele expresses the L10a-EGFP ribosomal protein fusion23 following expression of Cre recombinase in response to doxycycline, allowing selective pulldown of ribosomes only from nephron epithelial cells in which Pax8rtTA is expressed. All mice received oral doxycycline from postnatal day 28 to 42 (P28–P42) to induce TetOCre. Fresh kidney tissue was harvested for ribosomal pulldown at P49 (7 weeks).",38693102,,,779843,GPL24247,Mus musculus,GSE,Expression profiling by high throughput sequencing,2024/02/23,45,ftp://ftp.ncbi.nlm.nih.gov/geo/series/GSE232nnn/GSE232556/,Glis2 is an early effector of polycystin signaling and a target for therapy in polycystic kidney disease.,Nature communications,2024 May 1,10.1038/s41467-024-48025-6,OSD-163|Mmus_BAL-TAL_KDN_FLT_Rep1_F2,Space Flight
125,GSM8082225,0.9975579977035522,GSE255885,Deletion of Klotho enhancer deepens sexual dimorphism of gene expression without impacting female resistance to kidney injury [RNA exp2],,,"Sexual dimorphism in kidney injury markers, such as Klotho, is frequently underestimated or disregarded, as most of the preclinical research is done in male animals. Klotho is well-linked to renal health and its deletion in mice results in a severe accelerated aging-like phenotype and premature death. Here, we identified candidate Klotho enhancers and discovered their function using mice carrying deletions in the enhancer loci. Candidate Klotho enhancers were deleted using CRISPR/Cas9 genome editing. Warm ischemia-reperfusion surgery (IRI) was performed bilaterally to induce acute kidney injury and unilaterally in a fibrosis model. Using ChIP-seq and RNA-seq, we analyzed renal chromatin features and gene expression. ELISA and colorimetric assays were used to measure serum FGF23 and serum component levels. Removal of the enhancer caused more substantial reduction in Klotho mRNA levels in female mice compared to males (90 vs. 50%), supported by gene promoter marks remaining more pronounced in males. Weight, lifespan, and fertility of mice lacking the enhancers were not impacted. Only male mutant mice displayed higher Havcr1 expression after IRI than controls (mean 1048 vs. 231.4, p=0.0016). 28 days after unilateral IRI, only males displayed increased fibrosis markers, but with no difference between genotypes. Our findings reveal sexual dimorphism of Klotho gene expression and its enhancer regulation. Only male mutant mice were more susceptible to acute injury and the enhancer deletion had no impact on fibrosis. Additional investigation into the mechanisms governing Klotho regulation is imperative to reassess its effectiveness as a kidney injury marker.",Chromatin Immunoprecipitation and DNA Sequencing (ChIP-Seq) of histone modifications H3K27ac and H3K4me3 in mouse kidneys was used to assess efficacy of deletion of candidate Klotho gene enhancers and to assess it's effect on renal chromatin landscape. RNA-seq was used to investigate the effects of Klotho enhencer deletion on renal gene expression.,38529500;39277686,,,851139,GPL24247,Mus musculus,GSE,Expression profiling by high throughput sequencing,2024/04/04,16,ftp://ftp.ncbi.nlm.nih.gov/geo/series/GSE255nnn/GSE255885/,Sexually dimorphic renal expression of Klotho is directed by a kidney-specific distal enhancer responsive to HNF1b.,bioRxiv : the preprint server for biology,2024 Mar 4,10.1101/2024.02.29.582831,OSD-163|Mmus_BAL-TAL_KDN_FLT_Rep1_F2,Space Flight
126,GSM5982226,0.9974798560142517,GSE199702,"Transcriptomics analysis of heart, kidney, and liver tissues from 58 Collaborative Cross strains",,,"We report transcriptomic profiling from bulk heart, kidney, and liver tissues for 58 strains of the inbred mouse Collaborative Cross (CC). Each strain is represented by a male/female pair. Reads were first aligned to the pooled transcriptomes of the eight founder strains of the CC and then total gene counts were quantified using the EMASE and GBRS software tools. Total read counts can be further normalized for use in differential gene expression analysis, expression quantitative trait locus (eQTL) analysis, and integrative analyses with other -omic data sets measured on the same samples, including proteomics and phosphoproteomics.","RNA profiling of heart, kidney, and liver bulk tissues of male/female pairs from 58 Collaborative Cross (CC) mouse strains",,,,617841,GPL24247,Mus musculus,GSE,Expression profiling by high throughput sequencing,2023/02/05,348,ftp://ftp.ncbi.nlm.nih.gov/geo/series/GSE199nnn/GSE199702/,,,,,OSD-163|Mmus_BAL-TAL_KDN_FLT_Rep1_F2,Space Flight
127,GSM2208085,0.997402548789978,GSE83529,A MOUSE MODEL OF ALCOHOLIC LIVER FIBROSIS-ASSOCIATED ACUTE KIDNEY INJURY IDENTIFIES KEY MOLECULAR PATHWAYS,,,We reported this study established a mouse model of fibrosis- and alcohol-associated AKI and identified key mechanistic pathways.,"kidney mRNA profiles of Olive oil, CCl4, EtOH, and CCl4+EtOH treatment in C57BL/6 mice were generated by deep sequencing.",27641628,,,72639,GPL17021,Mus musculus,GSE,Expression profiling by high throughput sequencing,2016/12/01,15,ftp://ftp.ncbi.nlm.nih.gov/geo/series/GSE83nnn/GSE83529/,A mouse model of alcoholic liver fibrosis-associated acute kidney injury identifies key molecular pathways.,Toxicology and applied pharmacology,2016 Nov 1,10.1016/j.taap.2016.09.011,OSD-163|Mmus_BAL-TAL_KDN_FLT_Rep1_F2,Space Flight
128,GSM8082228,0.9973467588424683,GSE255885,Deletion of Klotho enhancer deepens sexual dimorphism of gene expression without impacting female resistance to kidney injury [RNA exp2],,,"Sexual dimorphism in kidney injury markers, such as Klotho, is frequently underestimated or disregarded, as most of the preclinical research is done in male animals. Klotho is well-linked to renal health and its deletion in mice results in a severe accelerated aging-like phenotype and premature death. Here, we identified candidate Klotho enhancers and discovered their function using mice carrying deletions in the enhancer loci. Candidate Klotho enhancers were deleted using CRISPR/Cas9 genome editing. Warm ischemia-reperfusion surgery (IRI) was performed bilaterally to induce acute kidney injury and unilaterally in a fibrosis model. Using ChIP-seq and RNA-seq, we analyzed renal chromatin features and gene expression. ELISA and colorimetric assays were used to measure serum FGF23 and serum component levels. Removal of the enhancer caused more substantial reduction in Klotho mRNA levels in female mice compared to males (90 vs. 50%), supported by gene promoter marks remaining more pronounced in males. Weight, lifespan, and fertility of mice lacking the enhancers were not impacted. Only male mutant mice displayed higher Havcr1 expression after IRI than controls (mean 1048 vs. 231.4, p=0.0016). 28 days after unilateral IRI, only males displayed increased fibrosis markers, but with no difference between genotypes. Our findings reveal sexual dimorphism of Klotho gene expression and its enhancer regulation. Only male mutant mice were more susceptible to acute injury and the enhancer deletion had no impact on fibrosis. Additional investigation into the mechanisms governing Klotho regulation is imperative to reassess its effectiveness as a kidney injury marker.",Chromatin Immunoprecipitation and DNA Sequencing (ChIP-Seq) of histone modifications H3K27ac and H3K4me3 in mouse kidneys was used to assess efficacy of deletion of candidate Klotho gene enhancers and to assess it's effect on renal chromatin landscape. RNA-seq was used to investigate the effects of Klotho enhencer deletion on renal gene expression.,38529500;39277686,,,851142,GPL24247,Mus musculus,GSE,Expression profiling by high throughput sequencing,2024/04/04,16,ftp://ftp.ncbi.nlm.nih.gov/geo/series/GSE255nnn/GSE255885/,Sexually dimorphic renal expression of Klotho is directed by a kidney-specific distal enhancer responsive to HNF1b.,bioRxiv : the preprint server for biology,2024 Mar 4,10.1101/2024.02.29.582831,OSD-163|Mmus_BAL-TAL_KDN_FLT_Rep1_F2,Space Flight
129,GSM7350287,0.9972344636917114,GSE232556,functional targets of cilia dependent cyst activation (CDCA) and a potential therapeutic targets for treating polycystic kidney disease,,,We applied unbiased cell type specific transcriptional profiling by translating ribosome affinity purification (TRAP) to mouse kidneys with polycystin-1 and cilia inactivation at a stage prior kidney tubule cyst formation. We identified differentially expressed actively translating mRNA that correlated with the cilia dependent cyst activation (CDCA) pattern common to male and female mice. This differential translatome offers opportunities for mechanistic discovery in polycystin and cilia related kidney phenotypes.,"We performed TRAP RNASeq at a stage when cyst formation had not yet occurred following Pkd1 inactivation. To achieve these objectives, we used mice with the following genotypes: Pkd1fl/+; R26Rpl10a; Pax8rtTA; TetOCre (“noncystic”), Pkd1fl/fl; R26Rpl10a; Pax8rtTA; TetOCre (Pkd1KO), Pkd1fl/fl; Kif3afl/fl; R26Rpl10a; Pax8rtTA; TetOCre (Pkd1KO+ciliaKO). All experimental mice were hemizygous for the R26Rpl10a, Pax8rtTA and TetOCre alleles. The R26Rpl10a allele expresses the L10a-EGFP ribosomal protein fusion23 following expression of Cre recombinase in response to doxycycline, allowing selective pulldown of ribosomes only from nephron epithelial cells in which Pax8rtTA is expressed. All mice received oral doxycycline from postnatal day 28 to 42 (P28–P42) to induce TetOCre. Fresh kidney tissue was harvested for ribosomal pulldown at P49 (7 weeks).",38693102,,,779849,GPL24247,Mus musculus,GSE,Expression profiling by high throughput sequencing,2024/02/23,45,ftp://ftp.ncbi.nlm.nih.gov/geo/series/GSE232nnn/GSE232556/,Glis2 is an early effector of polycystin signaling and a target for therapy in polycystic kidney disease.,Nature communications,2024 May 1,10.1038/s41467-024-48025-6,OSD-163|Mmus_BAL-TAL_KDN_FLT_Rep1_F2,Space Flight
130,GSM8082226,0.9981322288513184,GSE255885,Deletion of Klotho enhancer deepens sexual dimorphism of gene expression without impacting female resistance to kidney injury [RNA exp2],,,"Sexual dimorphism in kidney injury markers, such as Klotho, is frequently underestimated or disregarded, as most of the preclinical research is done in male animals. Klotho is well-linked to renal health and its deletion in mice results in a severe accelerated aging-like phenotype and premature death. Here, we identified candidate Klotho enhancers and discovered their function using mice carrying deletions in the enhancer loci. Candidate Klotho enhancers were deleted using CRISPR/Cas9 genome editing. Warm ischemia-reperfusion surgery (IRI) was performed bilaterally to induce acute kidney injury and unilaterally in a fibrosis model. Using ChIP-seq and RNA-seq, we analyzed renal chromatin features and gene expression. ELISA and colorimetric assays were used to measure serum FGF23 and serum component levels. Removal of the enhancer caused more substantial reduction in Klotho mRNA levels in female mice compared to males (90 vs. 50%), supported by gene promoter marks remaining more pronounced in males. Weight, lifespan, and fertility of mice lacking the enhancers were not impacted. Only male mutant mice displayed higher Havcr1 expression after IRI than controls (mean 1048 vs. 231.4, p=0.0016). 28 days after unilateral IRI, only males displayed increased fibrosis markers, but with no difference between genotypes. Our findings reveal sexual dimorphism of Klotho gene expression and its enhancer regulation. Only male mutant mice were more susceptible to acute injury and the enhancer deletion had no impact on fibrosis. Additional investigation into the mechanisms governing Klotho regulation is imperative to reassess its effectiveness as a kidney injury marker.",Chromatin Immunoprecipitation and DNA Sequencing (ChIP-Seq) of histone modifications H3K27ac and H3K4me3 in mouse kidneys was used to assess efficacy of deletion of candidate Klotho gene enhancers and to assess it's effect on renal chromatin landscape. RNA-seq was used to investigate the effects of Klotho enhencer deletion on renal gene expression.,38529500;39277686,,,851140,GPL24247,Mus musculus,GSE,Expression profiling by high throughput sequencing,2024/04/04,16,ftp://ftp.ncbi.nlm.nih.gov/geo/series/GSE255nnn/GSE255885/,Sexually dimorphic renal expression of Klotho is directed by a kidney-specific distal enhancer responsive to HNF1b.,bioRxiv : the preprint server for biology,2024 Mar 4,10.1101/2024.02.29.582831,OSD-163|Mmus_BAL-TAL_KDN_FLT_Rep2_F3,Space Flight
131,GSM7350290,0.9979541897773743,GSE232556,functional targets of cilia dependent cyst activation (CDCA) and a potential therapeutic targets for treating polycystic kidney disease,,,We applied unbiased cell type specific transcriptional profiling by translating ribosome affinity purification (TRAP) to mouse kidneys with polycystin-1 and cilia inactivation at a stage prior kidney tubule cyst formation. We identified differentially expressed actively translating mRNA that correlated with the cilia dependent cyst activation (CDCA) pattern common to male and female mice. This differential translatome offers opportunities for mechanistic discovery in polycystin and cilia related kidney phenotypes.,"We performed TRAP RNASeq at a stage when cyst formation had not yet occurred following Pkd1 inactivation. To achieve these objectives, we used mice with the following genotypes: Pkd1fl/+; R26Rpl10a; Pax8rtTA; TetOCre (“noncystic”), Pkd1fl/fl; R26Rpl10a; Pax8rtTA; TetOCre (Pkd1KO), Pkd1fl/fl; Kif3afl/fl; R26Rpl10a; Pax8rtTA; TetOCre (Pkd1KO+ciliaKO). All experimental mice were hemizygous for the R26Rpl10a, Pax8rtTA and TetOCre alleles. The R26Rpl10a allele expresses the L10a-EGFP ribosomal protein fusion23 following expression of Cre recombinase in response to doxycycline, allowing selective pulldown of ribosomes only from nephron epithelial cells in which Pax8rtTA is expressed. All mice received oral doxycycline from postnatal day 28 to 42 (P28–P42) to induce TetOCre. Fresh kidney tissue was harvested for ribosomal pulldown at P49 (7 weeks).",38693102,,,779852,GPL24247,Mus musculus,GSE,Expression profiling by high throughput sequencing,2024/02/23,45,ftp://ftp.ncbi.nlm.nih.gov/geo/series/GSE232nnn/GSE232556/,Glis2 is an early effector of polycystin signaling and a target for therapy in polycystic kidney disease.,Nature communications,2024 May 1,10.1038/s41467-024-48025-6,OSD-163|Mmus_BAL-TAL_KDN_FLT_Rep2_F3,Space Flight
132,GSM5982174,0.9979268312454224,GSE199702,"Transcriptomics analysis of heart, kidney, and liver tissues from 58 Collaborative Cross strains",,,"We report transcriptomic profiling from bulk heart, kidney, and liver tissues for 58 strains of the inbred mouse Collaborative Cross (CC). Each strain is represented by a male/female pair. Reads were first aligned to the pooled transcriptomes of the eight founder strains of the CC and then total gene counts were quantified using the EMASE and GBRS software tools. Total read counts can be further normalized for use in differential gene expression analysis, expression quantitative trait locus (eQTL) analysis, and integrative analyses with other -omic data sets measured on the same samples, including proteomics and phosphoproteomics.","RNA profiling of heart, kidney, and liver bulk tissues of male/female pairs from 58 Collaborative Cross (CC) mouse strains",,,,617789,GPL24247,Mus musculus,GSE,Expression profiling by high throughput sequencing,2023/02/05,348,ftp://ftp.ncbi.nlm.nih.gov/geo/series/GSE199nnn/GSE199702/,,,,,OSD-163|Mmus_BAL-TAL_KDN_FLT_Rep2_F3,Space Flight
133,GSM7350281,0.997872531414032,GSE232556,functional targets of cilia dependent cyst activation (CDCA) and a potential therapeutic targets for treating polycystic kidney disease,,,We applied unbiased cell type specific transcriptional profiling by translating ribosome affinity purification (TRAP) to mouse kidneys with polycystin-1 and cilia inactivation at a stage prior kidney tubule cyst formation. We identified differentially expressed actively translating mRNA that correlated with the cilia dependent cyst activation (CDCA) pattern common to male and female mice. This differential translatome offers opportunities for mechanistic discovery in polycystin and cilia related kidney phenotypes.,"We performed TRAP RNASeq at a stage when cyst formation had not yet occurred following Pkd1 inactivation. To achieve these objectives, we used mice with the following genotypes: Pkd1fl/+; R26Rpl10a; Pax8rtTA; TetOCre (“noncystic”), Pkd1fl/fl; R26Rpl10a; Pax8rtTA; TetOCre (Pkd1KO), Pkd1fl/fl; Kif3afl/fl; R26Rpl10a; Pax8rtTA; TetOCre (Pkd1KO+ciliaKO). All experimental mice were hemizygous for the R26Rpl10a, Pax8rtTA and TetOCre alleles. The R26Rpl10a allele expresses the L10a-EGFP ribosomal protein fusion23 following expression of Cre recombinase in response to doxycycline, allowing selective pulldown of ribosomes only from nephron epithelial cells in which Pax8rtTA is expressed. All mice received oral doxycycline from postnatal day 28 to 42 (P28–P42) to induce TetOCre. Fresh kidney tissue was harvested for ribosomal pulldown at P49 (7 weeks).",38693102,,,779843,GPL24247,Mus musculus,GSE,Expression profiling by high throughput sequencing,2024/02/23,45,ftp://ftp.ncbi.nlm.nih.gov/geo/series/GSE232nnn/GSE232556/,Glis2 is an early effector of polycystin signaling and a target for therapy in polycystic kidney disease.,Nature communications,2024 May 1,10.1038/s41467-024-48025-6,OSD-163|Mmus_BAL-TAL_KDN_FLT_Rep2_F3,Space Flight
134,GSM8082236,0.9978410005569458,GSE255885,Deletion of Klotho enhancer deepens sexual dimorphism of gene expression without impacting female resistance to kidney injury [RNA exp2],,,"Sexual dimorphism in kidney injury markers, such as Klotho, is frequently underestimated or disregarded, as most of the preclinical research is done in male animals. Klotho is well-linked to renal health and its deletion in mice results in a severe accelerated aging-like phenotype and premature death. Here, we identified candidate Klotho enhancers and discovered their function using mice carrying deletions in the enhancer loci. Candidate Klotho enhancers were deleted using CRISPR/Cas9 genome editing. Warm ischemia-reperfusion surgery (IRI) was performed bilaterally to induce acute kidney injury and unilaterally in a fibrosis model. Using ChIP-seq and RNA-seq, we analyzed renal chromatin features and gene expression. ELISA and colorimetric assays were used to measure serum FGF23 and serum component levels. Removal of the enhancer caused more substantial reduction in Klotho mRNA levels in female mice compared to males (90 vs. 50%), supported by gene promoter marks remaining more pronounced in males. Weight, lifespan, and fertility of mice lacking the enhancers were not impacted. Only male mutant mice displayed higher Havcr1 expression after IRI than controls (mean 1048 vs. 231.4, p=0.0016). 28 days after unilateral IRI, only males displayed increased fibrosis markers, but with no difference between genotypes. Our findings reveal sexual dimorphism of Klotho gene expression and its enhancer regulation. Only male mutant mice were more susceptible to acute injury and the enhancer deletion had no impact on fibrosis. Additional investigation into the mechanisms governing Klotho regulation is imperative to reassess its effectiveness as a kidney injury marker.",Chromatin Immunoprecipitation and DNA Sequencing (ChIP-Seq) of histone modifications H3K27ac and H3K4me3 in mouse kidneys was used to assess efficacy of deletion of candidate Klotho gene enhancers and to assess it's effect on renal chromatin landscape. RNA-seq was used to investigate the effects of Klotho enhencer deletion on renal gene expression.,38529500;39277686,,,851150,GPL24247,Mus musculus,GSE,Expression profiling by high throughput sequencing,2024/04/04,16,ftp://ftp.ncbi.nlm.nih.gov/geo/series/GSE255nnn/GSE255885/,Sexually dimorphic renal expression of Klotho is directed by a kidney-specific distal enhancer responsive to HNF1b.,bioRxiv : the preprint server for biology,2024 Mar 4,10.1101/2024.02.29.582831,OSD-163|Mmus_BAL-TAL_KDN_FLT_Rep2_F3,Space Flight
135,GSM7350287,0.9974632263183594,GSE232556,functional targets of cilia dependent cyst activation (CDCA) and a potential therapeutic targets for treating polycystic kidney disease,,,We applied unbiased cell type specific transcriptional profiling by translating ribosome affinity purification (TRAP) to mouse kidneys with polycystin-1 and cilia inactivation at a stage prior kidney tubule cyst formation. We identified differentially expressed actively translating mRNA that correlated with the cilia dependent cyst activation (CDCA) pattern common to male and female mice. This differential translatome offers opportunities for mechanistic discovery in polycystin and cilia related kidney phenotypes.,"We performed TRAP RNASeq at a stage when cyst formation had not yet occurred following Pkd1 inactivation. To achieve these objectives, we used mice with the following genotypes: Pkd1fl/+; R26Rpl10a; Pax8rtTA; TetOCre (“noncystic”), Pkd1fl/fl; R26Rpl10a; Pax8rtTA; TetOCre (Pkd1KO), Pkd1fl/fl; Kif3afl/fl; R26Rpl10a; Pax8rtTA; TetOCre (Pkd1KO+ciliaKO). All experimental mice were hemizygous for the R26Rpl10a, Pax8rtTA and TetOCre alleles. The R26Rpl10a allele expresses the L10a-EGFP ribosomal protein fusion23 following expression of Cre recombinase in response to doxycycline, allowing selective pulldown of ribosomes only from nephron epithelial cells in which Pax8rtTA is expressed. All mice received oral doxycycline from postnatal day 28 to 42 (P28–P42) to induce TetOCre. Fresh kidney tissue was harvested for ribosomal pulldown at P49 (7 weeks).",38693102,,,779849,GPL24247,Mus musculus,GSE,Expression profiling by high throughput sequencing,2024/02/23,45,ftp://ftp.ncbi.nlm.nih.gov/geo/series/GSE232nnn/GSE232556/,Glis2 is an early effector of polycystin signaling and a target for therapy in polycystic kidney disease.,Nature communications,2024 May 1,10.1038/s41467-024-48025-6,OSD-163|Mmus_BAL-TAL_KDN_FLT_Rep2_F3,Space Flight
136,GSM5982226,0.9974365234375,GSE199702,"Transcriptomics analysis of heart, kidney, and liver tissues from 58 Collaborative Cross strains",,,"We report transcriptomic profiling from bulk heart, kidney, and liver tissues for 58 strains of the inbred mouse Collaborative Cross (CC). Each strain is represented by a male/female pair. Reads were first aligned to the pooled transcriptomes of the eight founder strains of the CC and then total gene counts were quantified using the EMASE and GBRS software tools. Total read counts can be further normalized for use in differential gene expression analysis, expression quantitative trait locus (eQTL) analysis, and integrative analyses with other -omic data sets measured on the same samples, including proteomics and phosphoproteomics.","RNA profiling of heart, kidney, and liver bulk tissues of male/female pairs from 58 Collaborative Cross (CC) mouse strains",,,,617841,GPL24247,Mus musculus,GSE,Expression profiling by high throughput sequencing,2023/02/05,348,ftp://ftp.ncbi.nlm.nih.gov/geo/series/GSE199nnn/GSE199702/,,,,,OSD-163|Mmus_BAL-TAL_KDN_FLT_Rep2_F3,Space Flight
137,GSM7350284,0.9973434209823608,GSE232556,functional targets of cilia dependent cyst activation (CDCA) and a potential therapeutic targets for treating polycystic kidney disease,,,We applied unbiased cell type specific transcriptional profiling by translating ribosome affinity purification (TRAP) to mouse kidneys with polycystin-1 and cilia inactivation at a stage prior kidney tubule cyst formation. We identified differentially expressed actively translating mRNA that correlated with the cilia dependent cyst activation (CDCA) pattern common to male and female mice. This differential translatome offers opportunities for mechanistic discovery in polycystin and cilia related kidney phenotypes.,"We performed TRAP RNASeq at a stage when cyst formation had not yet occurred following Pkd1 inactivation. To achieve these objectives, we used mice with the following genotypes: Pkd1fl/+; R26Rpl10a; Pax8rtTA; TetOCre (“noncystic”), Pkd1fl/fl; R26Rpl10a; Pax8rtTA; TetOCre (Pkd1KO), Pkd1fl/fl; Kif3afl/fl; R26Rpl10a; Pax8rtTA; TetOCre (Pkd1KO+ciliaKO). All experimental mice were hemizygous for the R26Rpl10a, Pax8rtTA and TetOCre alleles. The R26Rpl10a allele expresses the L10a-EGFP ribosomal protein fusion23 following expression of Cre recombinase in response to doxycycline, allowing selective pulldown of ribosomes only from nephron epithelial cells in which Pax8rtTA is expressed. All mice received oral doxycycline from postnatal day 28 to 42 (P28–P42) to induce TetOCre. Fresh kidney tissue was harvested for ribosomal pulldown at P49 (7 weeks).",38693102,,,779846,GPL24247,Mus musculus,GSE,Expression profiling by high throughput sequencing,2024/02/23,45,ftp://ftp.ncbi.nlm.nih.gov/geo/series/GSE232nnn/GSE232556/,Glis2 is an early effector of polycystin signaling and a target for therapy in polycystic kidney disease.,Nature communications,2024 May 1,10.1038/s41467-024-48025-6,OSD-163|Mmus_BAL-TAL_KDN_FLT_Rep2_F3,Space Flight
138,GSM2208085,0.9973016381263733,GSE83529,A MOUSE MODEL OF ALCOHOLIC LIVER FIBROSIS-ASSOCIATED ACUTE KIDNEY INJURY IDENTIFIES KEY MOLECULAR PATHWAYS,,,We reported this study established a mouse model of fibrosis- and alcohol-associated AKI and identified key mechanistic pathways.,"kidney mRNA profiles of Olive oil, CCl4, EtOH, and CCl4+EtOH treatment in C57BL/6 mice were generated by deep sequencing.",27641628,,,72639,GPL17021,Mus musculus,GSE,Expression profiling by high throughput sequencing,2016/12/01,15,ftp://ftp.ncbi.nlm.nih.gov/geo/series/GSE83nnn/GSE83529/,A mouse model of alcoholic liver fibrosis-associated acute kidney injury identifies key molecular pathways.,Toxicology and applied pharmacology,2016 Nov 1,10.1016/j.taap.2016.09.011,OSD-163|Mmus_BAL-TAL_KDN_FLT_Rep2_F3,Space Flight
139,GSM8082225,0.9972976446151733,GSE255885,Deletion of Klotho enhancer deepens sexual dimorphism of gene expression without impacting female resistance to kidney injury [RNA exp2],,,"Sexual dimorphism in kidney injury markers, such as Klotho, is frequently underestimated or disregarded, as most of the preclinical research is done in male animals. Klotho is well-linked to renal health and its deletion in mice results in a severe accelerated aging-like phenotype and premature death. Here, we identified candidate Klotho enhancers and discovered their function using mice carrying deletions in the enhancer loci. Candidate Klotho enhancers were deleted using CRISPR/Cas9 genome editing. Warm ischemia-reperfusion surgery (IRI) was performed bilaterally to induce acute kidney injury and unilaterally in a fibrosis model. Using ChIP-seq and RNA-seq, we analyzed renal chromatin features and gene expression. ELISA and colorimetric assays were used to measure serum FGF23 and serum component levels. Removal of the enhancer caused more substantial reduction in Klotho mRNA levels in female mice compared to males (90 vs. 50%), supported by gene promoter marks remaining more pronounced in males. Weight, lifespan, and fertility of mice lacking the enhancers were not impacted. Only male mutant mice displayed higher Havcr1 expression after IRI than controls (mean 1048 vs. 231.4, p=0.0016). 28 days after unilateral IRI, only males displayed increased fibrosis markers, but with no difference between genotypes. Our findings reveal sexual dimorphism of Klotho gene expression and its enhancer regulation. Only male mutant mice were more susceptible to acute injury and the enhancer deletion had no impact on fibrosis. Additional investigation into the mechanisms governing Klotho regulation is imperative to reassess its effectiveness as a kidney injury marker.",Chromatin Immunoprecipitation and DNA Sequencing (ChIP-Seq) of histone modifications H3K27ac and H3K4me3 in mouse kidneys was used to assess efficacy of deletion of candidate Klotho gene enhancers and to assess it's effect on renal chromatin landscape. RNA-seq was used to investigate the effects of Klotho enhencer deletion on renal gene expression.,38529500;39277686,,,851139,GPL24247,Mus musculus,GSE,Expression profiling by high throughput sequencing,2024/04/04,16,ftp://ftp.ncbi.nlm.nih.gov/geo/series/GSE255nnn/GSE255885/,Sexually dimorphic renal expression of Klotho is directed by a kidney-specific distal enhancer responsive to HNF1b.,bioRxiv : the preprint server for biology,2024 Mar 4,10.1101/2024.02.29.582831,OSD-163|Mmus_BAL-TAL_KDN_FLT_Rep2_F3,Space Flight
140,GSM5730973,0.9987399578094482,GSE190756,Comparative transcriptomics reveals circadian and pluripotency networks as two pillars of longevity regulation,,,"Mammals differ more than 100-fold in maximum lifespan. Here, we conducted comparative transcriptomics on 26 species with diverse lifespans. We identified thousands of genes with expression levels negatively or positively correlated with a species' maximum lifespan (Neg- or Pos-MLS genes). Neg-MLS genes are primarily involved in energy metabolism and inflammation. Pos-MLS genes show enrichment in DNA repair, microtubule organization, and RNA transport. Expression of Neg- and Pos-MLS genes is modulated by interventions, including mTOR and PI3K inhibition. Regulatory networks analysis showed that Neg-MLS genes are under circadian regulation possibly to avoid persistent high expression, whereas Pos-MLS genes are targets of master pluripotency regulators OCT4 and NANOG and are upregulated during somatic cell reprogramming. Pos-MLS genes are highly expressed during embryogenesis but significantly downregulated after birth. This work provides targets for anti-aging interventions by defining pathways correlating with longevity across mammals and uncovering circadian and pluripotency networks as central regulators of longevity.",Examination of gene expression across species.,35580607;38052795,,,577892,GPL31083; GPL31080; GPL31086; GPL31072; GPL29592; GPL31069; GPL31085; GPL31068; GPL31088; GPL31074; GPL31071; GPL31077; GPL26915; GPL31073; GPL31070; GPL31076; GPL31082; GPL31079; GPL31081; GPL21626; GPL31075; GPL31078; GPL31067; GPL31084; GPL31087,Blarina brevicauda; Tamiasciurus hudsonicus; Rattus rattus; Myocastor coypus; Heterocephalus glaber; Castor canadensis; Acomys russatus; Marmota monax; Cavia porcellus; Octodon degus; Chinchilla lanigera; Scalopus aquaticus; Peromyscus maniculatus; Ondatra zibethicus; Hydrochoerus hydrochaeris; Cuniculus paca; Cricetulus barabensis; Mesocricetus auratus; Mus musculus; Sciurus carolinensis; Tamias striatus; Neotoma cinerea; Condylura cristata; Fukomys damarensis; Bramus lutescens,GSE,Expression profiling by high throughput sequencing,2022/05/18,522,ftp://ftp.ncbi.nlm.nih.gov/geo/series/GSE190nnn/GSE190756/,Comparative transcriptomics reveals circadian and pluripotency networks as two pillars of longevity regulation.,Cell metabolism,2022 Jun 7,10.1016/j.cmet.2022.04.011,OSD-163|Mmus_BAL-TAL_KDN_FLT_Rep3_F4,Space Flight
141,GSM4742428,0.9986391067504883,GSE156692,Identification of cellular context sensitive regulatory variation in mouse genomes,,,"RNA-seq and DHS mapping in hybrid mouse kidney, liver, lung, and B cells",138 DNase-seq and 17 RNA-seq samples collected from 4 tissues in 5 hybrid mouse strains,33990600,,,411693,GPL19057; GPL17021,Mus musculus,GSE,Expression profiling by high throughput sequencing; Genome binding/occupancy profiling by high throughput sequencing,2020/11/25,158,ftp://ftp.ncbi.nlm.nih.gov/geo/series/GSE156nnn/GSE156692/,Tissue context determines the penetrance of regulatory DNA variation.,Nature communications,2021 May 14,10.1038/s41467-021-23139-3,OSD-163|Mmus_BAL-TAL_KDN_FLT_Rep3_F4,Space Flight
142,GSM5501901,0.9984614849090576,GSE181733,Transposon-triggered innate immune response confers cancer resistance to the blind mole rat,,,This SuperSeries is composed of the SubSeries listed below.,Refer to individual Series,34556881;38052795,,,531648,GPL25363; GPL30472; GPL28271; GPL30473; GPL24247,Rattus norvegicus; Homo sapiens; Mus musculus; Nannospalax ehrenbergi,GSE,Expression profiling by high throughput sequencing; Methylation profiling by genome tiling array; Methylation profiling by high throughput sequencing,2021/09/09,110,ftp://ftp.ncbi.nlm.nih.gov/geo/series/GSE181nnn/GSE181733/,Transposon-triggered innate immune response confers cancer resistance to the blind mole rat.,Nature immunology,2021 Oct,10.1038/s41590-021-01027-8,OSD-163|Mmus_BAL-TAL_KDN_FLT_Rep3_F4,Space Flight
143,GSM8082235,0.9983959197998047,GSE255885,Deletion of Klotho enhancer deepens sexual dimorphism of gene expression without impacting female resistance to kidney injury [RNA exp2],,,"Sexual dimorphism in kidney injury markers, such as Klotho, is frequently underestimated or disregarded, as most of the preclinical research is done in male animals. Klotho is well-linked to renal health and its deletion in mice results in a severe accelerated aging-like phenotype and premature death. Here, we identified candidate Klotho enhancers and discovered their function using mice carrying deletions in the enhancer loci. Candidate Klotho enhancers were deleted using CRISPR/Cas9 genome editing. Warm ischemia-reperfusion surgery (IRI) was performed bilaterally to induce acute kidney injury and unilaterally in a fibrosis model. Using ChIP-seq and RNA-seq, we analyzed renal chromatin features and gene expression. ELISA and colorimetric assays were used to measure serum FGF23 and serum component levels. Removal of the enhancer caused more substantial reduction in Klotho mRNA levels in female mice compared to males (90 vs. 50%), supported by gene promoter marks remaining more pronounced in males. Weight, lifespan, and fertility of mice lacking the enhancers were not impacted. Only male mutant mice displayed higher Havcr1 expression after IRI than controls (mean 1048 vs. 231.4, p=0.0016). 28 days after unilateral IRI, only males displayed increased fibrosis markers, but with no difference between genotypes. Our findings reveal sexual dimorphism of Klotho gene expression and its enhancer regulation. Only male mutant mice were more susceptible to acute injury and the enhancer deletion had no impact on fibrosis. Additional investigation into the mechanisms governing Klotho regulation is imperative to reassess its effectiveness as a kidney injury marker.",Chromatin Immunoprecipitation and DNA Sequencing (ChIP-Seq) of histone modifications H3K27ac and H3K4me3 in mouse kidneys was used to assess efficacy of deletion of candidate Klotho gene enhancers and to assess it's effect on renal chromatin landscape. RNA-seq was used to investigate the effects of Klotho enhencer deletion on renal gene expression.,38529500;39277686,,,851149,GPL24247,Mus musculus,GSE,Expression profiling by high throughput sequencing,2024/04/04,16,ftp://ftp.ncbi.nlm.nih.gov/geo/series/GSE255nnn/GSE255885/,Sexually dimorphic renal expression of Klotho is directed by a kidney-specific distal enhancer responsive to HNF1b.,bioRxiv : the preprint server for biology,2024 Mar 4,10.1101/2024.02.29.582831,OSD-163|Mmus_BAL-TAL_KDN_FLT_Rep3_F4,Space Flight
144,GSM8082236,0.9983855485916138,GSE255885,Deletion of Klotho enhancer deepens sexual dimorphism of gene expression without impacting female resistance to kidney injury [RNA exp2],,,"Sexual dimorphism in kidney injury markers, such as Klotho, is frequently underestimated or disregarded, as most of the preclinical research is done in male animals. Klotho is well-linked to renal health and its deletion in mice results in a severe accelerated aging-like phenotype and premature death. Here, we identified candidate Klotho enhancers and discovered their function using mice carrying deletions in the enhancer loci. Candidate Klotho enhancers were deleted using CRISPR/Cas9 genome editing. Warm ischemia-reperfusion surgery (IRI) was performed bilaterally to induce acute kidney injury and unilaterally in a fibrosis model. Using ChIP-seq and RNA-seq, we analyzed renal chromatin features and gene expression. ELISA and colorimetric assays were used to measure serum FGF23 and serum component levels. Removal of the enhancer caused more substantial reduction in Klotho mRNA levels in female mice compared to males (90 vs. 50%), supported by gene promoter marks remaining more pronounced in males. Weight, lifespan, and fertility of mice lacking the enhancers were not impacted. Only male mutant mice displayed higher Havcr1 expression after IRI than controls (mean 1048 vs. 231.4, p=0.0016). 28 days after unilateral IRI, only males displayed increased fibrosis markers, but with no difference between genotypes. Our findings reveal sexual dimorphism of Klotho gene expression and its enhancer regulation. Only male mutant mice were more susceptible to acute injury and the enhancer deletion had no impact on fibrosis. Additional investigation into the mechanisms governing Klotho regulation is imperative to reassess its effectiveness as a kidney injury marker.",Chromatin Immunoprecipitation and DNA Sequencing (ChIP-Seq) of histone modifications H3K27ac and H3K4me3 in mouse kidneys was used to assess efficacy of deletion of candidate Klotho gene enhancers and to assess it's effect on renal chromatin landscape. RNA-seq was used to investigate the effects of Klotho enhencer deletion on renal gene expression.,38529500;39277686,,,851150,GPL24247,Mus musculus,GSE,Expression profiling by high throughput sequencing,2024/04/04,16,ftp://ftp.ncbi.nlm.nih.gov/geo/series/GSE255nnn/GSE255885/,Sexually dimorphic renal expression of Klotho is directed by a kidney-specific distal enhancer responsive to HNF1b.,bioRxiv : the preprint server for biology,2024 Mar 4,10.1101/2024.02.29.582831,OSD-163|Mmus_BAL-TAL_KDN_FLT_Rep3_F4,Space Flight
145,GSM5730971,0.998374879360199,GSE190756,Comparative transcriptomics reveals circadian and pluripotency networks as two pillars of longevity regulation,,,"Mammals differ more than 100-fold in maximum lifespan. Here, we conducted comparative transcriptomics on 26 species with diverse lifespans. We identified thousands of genes with expression levels negatively or positively correlated with a species' maximum lifespan (Neg- or Pos-MLS genes). Neg-MLS genes are primarily involved in energy metabolism and inflammation. Pos-MLS genes show enrichment in DNA repair, microtubule organization, and RNA transport. Expression of Neg- and Pos-MLS genes is modulated by interventions, including mTOR and PI3K inhibition. Regulatory networks analysis showed that Neg-MLS genes are under circadian regulation possibly to avoid persistent high expression, whereas Pos-MLS genes are targets of master pluripotency regulators OCT4 and NANOG and are upregulated during somatic cell reprogramming. Pos-MLS genes are highly expressed during embryogenesis but significantly downregulated after birth. This work provides targets for anti-aging interventions by defining pathways correlating with longevity across mammals and uncovering circadian and pluripotency networks as central regulators of longevity.",Examination of gene expression across species.,35580607;38052795,,,577890,GPL31083; GPL31080; GPL31086; GPL31072; GPL29592; GPL31069; GPL31085; GPL31068; GPL31088; GPL31074; GPL31071; GPL31077; GPL26915; GPL31073; GPL31070; GPL31076; GPL31082; GPL31079; GPL31081; GPL21626; GPL31075; GPL31078; GPL31067; GPL31084; GPL31087,Blarina brevicauda; Tamiasciurus hudsonicus; Rattus rattus; Myocastor coypus; Heterocephalus glaber; Castor canadensis; Acomys russatus; Marmota monax; Cavia porcellus; Octodon degus; Chinchilla lanigera; Scalopus aquaticus; Peromyscus maniculatus; Ondatra zibethicus; Hydrochoerus hydrochaeris; Cuniculus paca; Cricetulus barabensis; Mesocricetus auratus; Mus musculus; Sciurus carolinensis; Tamias striatus; Neotoma cinerea; Condylura cristata; Fukomys damarensis; Bramus lutescens,GSE,Expression profiling by high throughput sequencing,2022/05/18,522,ftp://ftp.ncbi.nlm.nih.gov/geo/series/GSE190nnn/GSE190756/,Comparative transcriptomics reveals circadian and pluripotency networks as two pillars of longevity regulation.,Cell metabolism,2022 Jun 7,10.1016/j.cmet.2022.04.011,OSD-163|Mmus_BAL-TAL_KDN_FLT_Rep3_F4,Space Flight
146,GSM5982234,0.9983550310134888,GSE199702,"Transcriptomics analysis of heart, kidney, and liver tissues from 58 Collaborative Cross strains",,,"We report transcriptomic profiling from bulk heart, kidney, and liver tissues for 58 strains of the inbred mouse Collaborative Cross (CC). Each strain is represented by a male/female pair. Reads were first aligned to the pooled transcriptomes of the eight founder strains of the CC and then total gene counts were quantified using the EMASE and GBRS software tools. Total read counts can be further normalized for use in differential gene expression analysis, expression quantitative trait locus (eQTL) analysis, and integrative analyses with other -omic data sets measured on the same samples, including proteomics and phosphoproteomics.","RNA profiling of heart, kidney, and liver bulk tissues of male/female pairs from 58 Collaborative Cross (CC) mouse strains",,,,617849,GPL24247,Mus musculus,GSE,Expression profiling by high throughput sequencing,2023/02/05,348,ftp://ftp.ncbi.nlm.nih.gov/geo/series/GSE199nnn/GSE199702/,,,,,OSD-163|Mmus_BAL-TAL_KDN_FLT_Rep3_F4,Space Flight
147,GSM5982226,0.9983079433441162,GSE199702,"Transcriptomics analysis of heart, kidney, and liver tissues from 58 Collaborative Cross strains",,,"We report transcriptomic profiling from bulk heart, kidney, and liver tissues for 58 strains of the inbred mouse Collaborative Cross (CC). Each strain is represented by a male/female pair. Reads were first aligned to the pooled transcriptomes of the eight founder strains of the CC and then total gene counts were quantified using the EMASE and GBRS software tools. Total read counts can be further normalized for use in differential gene expression analysis, expression quantitative trait locus (eQTL) analysis, and integrative analyses with other -omic data sets measured on the same samples, including proteomics and phosphoproteomics.","RNA profiling of heart, kidney, and liver bulk tissues of male/female pairs from 58 Collaborative Cross (CC) mouse strains",,,,617841,GPL24247,Mus musculus,GSE,Expression profiling by high throughput sequencing,2023/02/05,348,ftp://ftp.ncbi.nlm.nih.gov/geo/series/GSE199nnn/GSE199702/,,,,,OSD-163|Mmus_BAL-TAL_KDN_FLT_Rep3_F4,Space Flight
148,GSM5501917,0.9982950091362,GSE181733,Transposon-triggered innate immune response confers cancer resistance to the blind mole rat,,,This SuperSeries is composed of the SubSeries listed below.,Refer to individual Series,34556881;38052795,,,531660,GPL25363; GPL30472; GPL28271; GPL30473; GPL24247,Rattus norvegicus; Homo sapiens; Mus musculus; Nannospalax ehrenbergi,GSE,Expression profiling by high throughput sequencing; Methylation profiling by genome tiling array; Methylation profiling by high throughput sequencing,2021/09/09,110,ftp://ftp.ncbi.nlm.nih.gov/geo/series/GSE181nnn/GSE181733/,Transposon-triggered innate immune response confers cancer resistance to the blind mole rat.,Nature immunology,2021 Oct,10.1038/s41590-021-01027-8,OSD-163|Mmus_BAL-TAL_KDN_FLT_Rep3_F4,Space Flight
149,GSM5982134,0.9982912540435791,GSE199702,"Transcriptomics analysis of heart, kidney, and liver tissues from 58 Collaborative Cross strains",,,"We report transcriptomic profiling from bulk heart, kidney, and liver tissues for 58 strains of the inbred mouse Collaborative Cross (CC). Each strain is represented by a male/female pair. Reads were first aligned to the pooled transcriptomes of the eight founder strains of the CC and then total gene counts were quantified using the EMASE and GBRS software tools. Total read counts can be further normalized for use in differential gene expression analysis, expression quantitative trait locus (eQTL) analysis, and integrative analyses with other -omic data sets measured on the same samples, including proteomics and phosphoproteomics.","RNA profiling of heart, kidney, and liver bulk tissues of male/female pairs from 58 Collaborative Cross (CC) mouse strains",,,,617749,GPL24247,Mus musculus,GSE,Expression profiling by high throughput sequencing,2023/02/05,348,ftp://ftp.ncbi.nlm.nih.gov/geo/series/GSE199nnn/GSE199702/,,,,,OSD-163|Mmus_BAL-TAL_KDN_FLT_Rep3_F4,Space Flight
150,GSM4742428,0.9978089332580566,GSE156692,Identification of cellular context sensitive regulatory variation in mouse genomes,,,"RNA-seq and DHS mapping in hybrid mouse kidney, liver, lung, and B cells",138 DNase-seq and 17 RNA-seq samples collected from 4 tissues in 5 hybrid mouse strains,33990600,,,411693,GPL19057; GPL17021,Mus musculus,GSE,Expression profiling by high throughput sequencing; Genome binding/occupancy profiling by high throughput sequencing,2020/11/25,158,ftp://ftp.ncbi.nlm.nih.gov/geo/series/GSE156nnn/GSE156692/,Tissue context determines the penetrance of regulatory DNA variation.,Nature communications,2021 May 14,10.1038/s41467-021-23139-3,OSD-163|Mmus_BAL-TAL_KDN_FLT_Rep4_F5,Space Flight
151,GSM5730973,0.9977665543556213,GSE190756,Comparative transcriptomics reveals circadian and pluripotency networks as two pillars of longevity regulation,,,"Mammals differ more than 100-fold in maximum lifespan. Here, we conducted comparative transcriptomics on 26 species with diverse lifespans. We identified thousands of genes with expression levels negatively or positively correlated with a species' maximum lifespan (Neg- or Pos-MLS genes). Neg-MLS genes are primarily involved in energy metabolism and inflammation. Pos-MLS genes show enrichment in DNA repair, microtubule organization, and RNA transport. Expression of Neg- and Pos-MLS genes is modulated by interventions, including mTOR and PI3K inhibition. Regulatory networks analysis showed that Neg-MLS genes are under circadian regulation possibly to avoid persistent high expression, whereas Pos-MLS genes are targets of master pluripotency regulators OCT4 and NANOG and are upregulated during somatic cell reprogramming. Pos-MLS genes are highly expressed during embryogenesis but significantly downregulated after birth. This work provides targets for anti-aging interventions by defining pathways correlating with longevity across mammals and uncovering circadian and pluripotency networks as central regulators of longevity.",Examination of gene expression across species.,35580607;38052795,,,577892,GPL31083; GPL31080; GPL31086; GPL31072; GPL29592; GPL31069; GPL31085; GPL31068; GPL31088; GPL31074; GPL31071; GPL31077; GPL26915; GPL31073; GPL31070; GPL31076; GPL31082; GPL31079; GPL31081; GPL21626; GPL31075; GPL31078; GPL31067; GPL31084; GPL31087,Blarina brevicauda; Tamiasciurus hudsonicus; Rattus rattus; Myocastor coypus; Heterocephalus glaber; Castor canadensis; Acomys russatus; Marmota monax; Cavia porcellus; Octodon degus; Chinchilla lanigera; Scalopus aquaticus; Peromyscus maniculatus; Ondatra zibethicus; Hydrochoerus hydrochaeris; Cuniculus paca; Cricetulus barabensis; Mesocricetus auratus; Mus musculus; Sciurus carolinensis; Tamias striatus; Neotoma cinerea; Condylura cristata; Fukomys damarensis; Bramus lutescens,GSE,Expression profiling by high throughput sequencing,2022/05/18,522,ftp://ftp.ncbi.nlm.nih.gov/geo/series/GSE190nnn/GSE190756/,Comparative transcriptomics reveals circadian and pluripotency networks as two pillars of longevity regulation.,Cell metabolism,2022 Jun 7,10.1016/j.cmet.2022.04.011,OSD-163|Mmus_BAL-TAL_KDN_FLT_Rep4_F5,Space Flight
152,GSM7350280,0.9976589679718018,GSE232556,functional targets of cilia dependent cyst activation (CDCA) and a potential therapeutic targets for treating polycystic kidney disease,,,We applied unbiased cell type specific transcriptional profiling by translating ribosome affinity purification (TRAP) to mouse kidneys with polycystin-1 and cilia inactivation at a stage prior kidney tubule cyst formation. We identified differentially expressed actively translating mRNA that correlated with the cilia dependent cyst activation (CDCA) pattern common to male and female mice. This differential translatome offers opportunities for mechanistic discovery in polycystin and cilia related kidney phenotypes.,"We performed TRAP RNASeq at a stage when cyst formation had not yet occurred following Pkd1 inactivation. To achieve these objectives, we used mice with the following genotypes: Pkd1fl/+; R26Rpl10a; Pax8rtTA; TetOCre (“noncystic”), Pkd1fl/fl; R26Rpl10a; Pax8rtTA; TetOCre (Pkd1KO), Pkd1fl/fl; Kif3afl/fl; R26Rpl10a; Pax8rtTA; TetOCre (Pkd1KO+ciliaKO). All experimental mice were hemizygous for the R26Rpl10a, Pax8rtTA and TetOCre alleles. The R26Rpl10a allele expresses the L10a-EGFP ribosomal protein fusion23 following expression of Cre recombinase in response to doxycycline, allowing selective pulldown of ribosomes only from nephron epithelial cells in which Pax8rtTA is expressed. All mice received oral doxycycline from postnatal day 28 to 42 (P28–P42) to induce TetOCre. Fresh kidney tissue was harvested for ribosomal pulldown at P49 (7 weeks).",38693102,,,779842,GPL24247,Mus musculus,GSE,Expression profiling by high throughput sequencing,2024/02/23,45,ftp://ftp.ncbi.nlm.nih.gov/geo/series/GSE232nnn/GSE232556/,Glis2 is an early effector of polycystin signaling and a target for therapy in polycystic kidney disease.,Nature communications,2024 May 1,10.1038/s41467-024-48025-6,OSD-163|Mmus_BAL-TAL_KDN_FLT_Rep4_F5,Space Flight
153,GSM7350276,0.9975841641426086,GSE232556,functional targets of cilia dependent cyst activation (CDCA) and a potential therapeutic targets for treating polycystic kidney disease,,,We applied unbiased cell type specific transcriptional profiling by translating ribosome affinity purification (TRAP) to mouse kidneys with polycystin-1 and cilia inactivation at a stage prior kidney tubule cyst formation. We identified differentially expressed actively translating mRNA that correlated with the cilia dependent cyst activation (CDCA) pattern common to male and female mice. This differential translatome offers opportunities for mechanistic discovery in polycystin and cilia related kidney phenotypes.,"We performed TRAP RNASeq at a stage when cyst formation had not yet occurred following Pkd1 inactivation. To achieve these objectives, we used mice with the following genotypes: Pkd1fl/+; R26Rpl10a; Pax8rtTA; TetOCre (“noncystic”), Pkd1fl/fl; R26Rpl10a; Pax8rtTA; TetOCre (Pkd1KO), Pkd1fl/fl; Kif3afl/fl; R26Rpl10a; Pax8rtTA; TetOCre (Pkd1KO+ciliaKO). All experimental mice were hemizygous for the R26Rpl10a, Pax8rtTA and TetOCre alleles. The R26Rpl10a allele expresses the L10a-EGFP ribosomal protein fusion23 following expression of Cre recombinase in response to doxycycline, allowing selective pulldown of ribosomes only from nephron epithelial cells in which Pax8rtTA is expressed. All mice received oral doxycycline from postnatal day 28 to 42 (P28–P42) to induce TetOCre. Fresh kidney tissue was harvested for ribosomal pulldown at P49 (7 weeks).",38693102,,,779838,GPL24247,Mus musculus,GSE,Expression profiling by high throughput sequencing,2024/02/23,45,ftp://ftp.ncbi.nlm.nih.gov/geo/series/GSE232nnn/GSE232556/,Glis2 is an early effector of polycystin signaling and a target for therapy in polycystic kidney disease.,Nature communications,2024 May 1,10.1038/s41467-024-48025-6,OSD-163|Mmus_BAL-TAL_KDN_FLT_Rep4_F5,Space Flight
154,GSM7350272,0.997554361820221,GSE232556,functional targets of cilia dependent cyst activation (CDCA) and a potential therapeutic targets for treating polycystic kidney disease,,,We applied unbiased cell type specific transcriptional profiling by translating ribosome affinity purification (TRAP) to mouse kidneys with polycystin-1 and cilia inactivation at a stage prior kidney tubule cyst formation. We identified differentially expressed actively translating mRNA that correlated with the cilia dependent cyst activation (CDCA) pattern common to male and female mice. This differential translatome offers opportunities for mechanistic discovery in polycystin and cilia related kidney phenotypes.,"We performed TRAP RNASeq at a stage when cyst formation had not yet occurred following Pkd1 inactivation. To achieve these objectives, we used mice with the following genotypes: Pkd1fl/+; R26Rpl10a; Pax8rtTA; TetOCre (“noncystic”), Pkd1fl/fl; R26Rpl10a; Pax8rtTA; TetOCre (Pkd1KO), Pkd1fl/fl; Kif3afl/fl; R26Rpl10a; Pax8rtTA; TetOCre (Pkd1KO+ciliaKO). All experimental mice were hemizygous for the R26Rpl10a, Pax8rtTA and TetOCre alleles. The R26Rpl10a allele expresses the L10a-EGFP ribosomal protein fusion23 following expression of Cre recombinase in response to doxycycline, allowing selective pulldown of ribosomes only from nephron epithelial cells in which Pax8rtTA is expressed. All mice received oral doxycycline from postnatal day 28 to 42 (P28–P42) to induce TetOCre. Fresh kidney tissue was harvested for ribosomal pulldown at P49 (7 weeks).",38693102,,,779834,GPL24247,Mus musculus,GSE,Expression profiling by high throughput sequencing,2024/02/23,45,ftp://ftp.ncbi.nlm.nih.gov/geo/series/GSE232nnn/GSE232556/,Glis2 is an early effector of polycystin signaling and a target for therapy in polycystic kidney disease.,Nature communications,2024 May 1,10.1038/s41467-024-48025-6,OSD-163|Mmus_BAL-TAL_KDN_FLT_Rep4_F5,Space Flight
155,GSM7350274,0.9974899291992188,GSE232556,functional targets of cilia dependent cyst activation (CDCA) and a potential therapeutic targets for treating polycystic kidney disease,,,We applied unbiased cell type specific transcriptional profiling by translating ribosome affinity purification (TRAP) to mouse kidneys with polycystin-1 and cilia inactivation at a stage prior kidney tubule cyst formation. We identified differentially expressed actively translating mRNA that correlated with the cilia dependent cyst activation (CDCA) pattern common to male and female mice. This differential translatome offers opportunities for mechanistic discovery in polycystin and cilia related kidney phenotypes.,"We performed TRAP RNASeq at a stage when cyst formation had not yet occurred following Pkd1 inactivation. To achieve these objectives, we used mice with the following genotypes: Pkd1fl/+; R26Rpl10a; Pax8rtTA; TetOCre (“noncystic”), Pkd1fl/fl; R26Rpl10a; Pax8rtTA; TetOCre (Pkd1KO), Pkd1fl/fl; Kif3afl/fl; R26Rpl10a; Pax8rtTA; TetOCre (Pkd1KO+ciliaKO). All experimental mice were hemizygous for the R26Rpl10a, Pax8rtTA and TetOCre alleles. The R26Rpl10a allele expresses the L10a-EGFP ribosomal protein fusion23 following expression of Cre recombinase in response to doxycycline, allowing selective pulldown of ribosomes only from nephron epithelial cells in which Pax8rtTA is expressed. All mice received oral doxycycline from postnatal day 28 to 42 (P28–P42) to induce TetOCre. Fresh kidney tissue was harvested for ribosomal pulldown at P49 (7 weeks).",38693102,,,779836,GPL24247,Mus musculus,GSE,Expression profiling by high throughput sequencing,2024/02/23,45,ftp://ftp.ncbi.nlm.nih.gov/geo/series/GSE232nnn/GSE232556/,Glis2 is an early effector of polycystin signaling and a target for therapy in polycystic kidney disease.,Nature communications,2024 May 1,10.1038/s41467-024-48025-6,OSD-163|Mmus_BAL-TAL_KDN_FLT_Rep4_F5,Space Flight
156,GSM7890257,0.997468888759613,GSE247457,Effect of HDAC1/2 Inhibitor compound 60 (Cmpd60) on multiple organ systems in aged Mice,,,"In the current work, we performed multiple in silico drug screens using transcriptional profiles of 2837 small molecules testing their ability to mimic known genetic longevity interventions. We identified one compound that was most commonly found to mimic the transcriptional profile of the genetic longevity interventions. This benzamide-based small molecule, termed compound 60 (Cmpd60; aka Merck60 or BRD 692), is a selective histone deacetylase 1 and 2 (HDAC1/2) inhibitor.  Here, we used a combination of molecular, phenotypic, and bioinformatic analyses in multiple disease cell models and mouse models for age-related disease to establish if Cmpd60 acts as a geroprotector.","Aged mice: Natural aged, approx. 20 months old, male BL6 mice were acquired from Taconic and single housed under a 12:12-hour light-dark cycle in a room set to 23°C (+/- 0.2°C). All animals were fed a regular chow diet. Mice received daily i.p. injections with either Cmpd60 (n=6) or vehicle (n=7) for 14 days total. Body weight was monitored every 5 days to adjust i.p. volumes to body weight. Cmpd60 treated animals received a dose of 22.5 mg/kg with an i.p. volume of 7.5 ml/kg. Cmpd60 was dissolved in 2% DMSO, 49% PEG400, and 49% saline solution (= vehicle) resulting in a 3 mg/ml concentration. APPSWE-1349 mice: The APPSWE-1349 mice62 (BL6 background) were acquired from Taconic. The transgenic mice possess a transgene coding for the 695-amino acid isoform of human Alzheimer β-amyloid (Aβ) precursor protein carrying the Swedish mutation. Animals (~6-7 months old) were single housed under a 12:12-hour light-dark cycle in a room set to 23°C (+/- 0.2°C). All animals were fed a regular chow diet. Mice received daily i.p. injections with either Cmpd60 (n=12) or vehicle (n=12) for 14 days total. Body weight was monitored every 5 days to adjust i.p. volumes to body weight. Cmpd60 treated animals received a dose of 22.5 mg/kg with an i.p. volume of 7.5 ml/kg. Cmpd60 was dissolved in 2% DMSO, 49% PEG400, and 49% saline solution (= vehicle) resulting in a 3 mg/ml concentration.",38269100,,,832999,GPL21103,Mus musculus,GSE,Expression profiling by high throughput sequencing,2023/11/13,54,ftp://ftp.ncbi.nlm.nih.gov/geo/series/GSE247nnn/GSE247457/,HDAC1/2 inhibitor therapy improves multiple organ systems in aged mice.,iScience,2024 Jan 19,10.1016/j.isci.2023.108681,OSD-163|Mmus_BAL-TAL_KDN_FLT_Rep4_F5,Space Flight
157,GSM8082236,0.9974649548530579,GSE255885,Deletion of Klotho enhancer deepens sexual dimorphism of gene expression without impacting female resistance to kidney injury [RNA exp2],,,"Sexual dimorphism in kidney injury markers, such as Klotho, is frequently underestimated or disregarded, as most of the preclinical research is done in male animals. Klotho is well-linked to renal health and its deletion in mice results in a severe accelerated aging-like phenotype and premature death. Here, we identified candidate Klotho enhancers and discovered their function using mice carrying deletions in the enhancer loci. Candidate Klotho enhancers were deleted using CRISPR/Cas9 genome editing. Warm ischemia-reperfusion surgery (IRI) was performed bilaterally to induce acute kidney injury and unilaterally in a fibrosis model. Using ChIP-seq and RNA-seq, we analyzed renal chromatin features and gene expression. ELISA and colorimetric assays were used to measure serum FGF23 and serum component levels. Removal of the enhancer caused more substantial reduction in Klotho mRNA levels in female mice compared to males (90 vs. 50%), supported by gene promoter marks remaining more pronounced in males. Weight, lifespan, and fertility of mice lacking the enhancers were not impacted. Only male mutant mice displayed higher Havcr1 expression after IRI than controls (mean 1048 vs. 231.4, p=0.0016). 28 days after unilateral IRI, only males displayed increased fibrosis markers, but with no difference between genotypes. Our findings reveal sexual dimorphism of Klotho gene expression and its enhancer regulation. Only male mutant mice were more susceptible to acute injury and the enhancer deletion had no impact on fibrosis. Additional investigation into the mechanisms governing Klotho regulation is imperative to reassess its effectiveness as a kidney injury marker.",Chromatin Immunoprecipitation and DNA Sequencing (ChIP-Seq) of histone modifications H3K27ac and H3K4me3 in mouse kidneys was used to assess efficacy of deletion of candidate Klotho gene enhancers and to assess it's effect on renal chromatin landscape. RNA-seq was used to investigate the effects of Klotho enhencer deletion on renal gene expression.,38529500;39277686,,,851150,GPL24247,Mus musculus,GSE,Expression profiling by high throughput sequencing,2024/04/04,16,ftp://ftp.ncbi.nlm.nih.gov/geo/series/GSE255nnn/GSE255885/,Sexually dimorphic renal expression of Klotho is directed by a kidney-specific distal enhancer responsive to HNF1b.,bioRxiv : the preprint server for biology,2024 Mar 4,10.1101/2024.02.29.582831,OSD-163|Mmus_BAL-TAL_KDN_FLT_Rep4_F5,Space Flight
158,GSM7350290,0.9974294304847717,GSE232556,functional targets of cilia dependent cyst activation (CDCA) and a potential therapeutic targets for treating polycystic kidney disease,,,We applied unbiased cell type specific transcriptional profiling by translating ribosome affinity purification (TRAP) to mouse kidneys with polycystin-1 and cilia inactivation at a stage prior kidney tubule cyst formation. We identified differentially expressed actively translating mRNA that correlated with the cilia dependent cyst activation (CDCA) pattern common to male and female mice. This differential translatome offers opportunities for mechanistic discovery in polycystin and cilia related kidney phenotypes.,"We performed TRAP RNASeq at a stage when cyst formation had not yet occurred following Pkd1 inactivation. To achieve these objectives, we used mice with the following genotypes: Pkd1fl/+; R26Rpl10a; Pax8rtTA; TetOCre (“noncystic”), Pkd1fl/fl; R26Rpl10a; Pax8rtTA; TetOCre (Pkd1KO), Pkd1fl/fl; Kif3afl/fl; R26Rpl10a; Pax8rtTA; TetOCre (Pkd1KO+ciliaKO). All experimental mice were hemizygous for the R26Rpl10a, Pax8rtTA and TetOCre alleles. The R26Rpl10a allele expresses the L10a-EGFP ribosomal protein fusion23 following expression of Cre recombinase in response to doxycycline, allowing selective pulldown of ribosomes only from nephron epithelial cells in which Pax8rtTA is expressed. All mice received oral doxycycline from postnatal day 28 to 42 (P28–P42) to induce TetOCre. Fresh kidney tissue was harvested for ribosomal pulldown at P49 (7 weeks).",38693102,,,779852,GPL24247,Mus musculus,GSE,Expression profiling by high throughput sequencing,2024/02/23,45,ftp://ftp.ncbi.nlm.nih.gov/geo/series/GSE232nnn/GSE232556/,Glis2 is an early effector of polycystin signaling and a target for therapy in polycystic kidney disease.,Nature communications,2024 May 1,10.1038/s41467-024-48025-6,OSD-163|Mmus_BAL-TAL_KDN_FLT_Rep4_F5,Space Flight
159,GSM5982226,0.9974060654640198,GSE199702,"Transcriptomics analysis of heart, kidney, and liver tissues from 58 Collaborative Cross strains",,,"We report transcriptomic profiling from bulk heart, kidney, and liver tissues for 58 strains of the inbred mouse Collaborative Cross (CC). Each strain is represented by a male/female pair. Reads were first aligned to the pooled transcriptomes of the eight founder strains of the CC and then total gene counts were quantified using the EMASE and GBRS software tools. Total read counts can be further normalized for use in differential gene expression analysis, expression quantitative trait locus (eQTL) analysis, and integrative analyses with other -omic data sets measured on the same samples, including proteomics and phosphoproteomics.","RNA profiling of heart, kidney, and liver bulk tissues of male/female pairs from 58 Collaborative Cross (CC) mouse strains",,,,617841,GPL24247,Mus musculus,GSE,Expression profiling by high throughput sequencing,2023/02/05,348,ftp://ftp.ncbi.nlm.nih.gov/geo/series/GSE199nnn/GSE199702/,,,,,OSD-163|Mmus_BAL-TAL_KDN_FLT_Rep4_F5,Space Flight
160,GSM5501901,0.9984295964241028,GSE181733,Transposon-triggered innate immune response confers cancer resistance to the blind mole rat,,,This SuperSeries is composed of the SubSeries listed below.,Refer to individual Series,34556881;38052795,,,531648,GPL25363; GPL30472; GPL28271; GPL30473; GPL24247,Rattus norvegicus; Homo sapiens; Mus musculus; Nannospalax ehrenbergi,GSE,Expression profiling by high throughput sequencing; Methylation profiling by genome tiling array; Methylation profiling by high throughput sequencing,2021/09/09,110,ftp://ftp.ncbi.nlm.nih.gov/geo/series/GSE181nnn/GSE181733/,Transposon-triggered innate immune response confers cancer resistance to the blind mole rat.,Nature immunology,2021 Oct,10.1038/s41590-021-01027-8,OSD-163|Mmus_BAL-TAL_KDN_FLT_Rep5_F6,Space Flight
161,GSM5730973,0.9982949495315552,GSE190756,Comparative transcriptomics reveals circadian and pluripotency networks as two pillars of longevity regulation,,,"Mammals differ more than 100-fold in maximum lifespan. Here, we conducted comparative transcriptomics on 26 species with diverse lifespans. We identified thousands of genes with expression levels negatively or positively correlated with a species' maximum lifespan (Neg- or Pos-MLS genes). Neg-MLS genes are primarily involved in energy metabolism and inflammation. Pos-MLS genes show enrichment in DNA repair, microtubule organization, and RNA transport. Expression of Neg- and Pos-MLS genes is modulated by interventions, including mTOR and PI3K inhibition. Regulatory networks analysis showed that Neg-MLS genes are under circadian regulation possibly to avoid persistent high expression, whereas Pos-MLS genes are targets of master pluripotency regulators OCT4 and NANOG and are upregulated during somatic cell reprogramming. Pos-MLS genes are highly expressed during embryogenesis but significantly downregulated after birth. This work provides targets for anti-aging interventions by defining pathways correlating with longevity across mammals and uncovering circadian and pluripotency networks as central regulators of longevity.",Examination of gene expression across species.,35580607;38052795,,,577892,GPL31083; GPL31080; GPL31086; GPL31072; GPL29592; GPL31069; GPL31085; GPL31068; GPL31088; GPL31074; GPL31071; GPL31077; GPL26915; GPL31073; GPL31070; GPL31076; GPL31082; GPL31079; GPL31081; GPL21626; GPL31075; GPL31078; GPL31067; GPL31084; GPL31087,Blarina brevicauda; Tamiasciurus hudsonicus; Rattus rattus; Myocastor coypus; Heterocephalus glaber; Castor canadensis; Acomys russatus; Marmota monax; Cavia porcellus; Octodon degus; Chinchilla lanigera; Scalopus aquaticus; Peromyscus maniculatus; Ondatra zibethicus; Hydrochoerus hydrochaeris; Cuniculus paca; Cricetulus barabensis; Mesocricetus auratus; Mus musculus; Sciurus carolinensis; Tamias striatus; Neotoma cinerea; Condylura cristata; Fukomys damarensis; Bramus lutescens,GSE,Expression profiling by high throughput sequencing,2022/05/18,522,ftp://ftp.ncbi.nlm.nih.gov/geo/series/GSE190nnn/GSE190756/,Comparative transcriptomics reveals circadian and pluripotency networks as two pillars of longevity regulation.,Cell metabolism,2022 Jun 7,10.1016/j.cmet.2022.04.011,OSD-163|Mmus_BAL-TAL_KDN_FLT_Rep5_F6,Space Flight
162,GSM5730971,0.9981677532196045,GSE190756,Comparative transcriptomics reveals circadian and pluripotency networks as two pillars of longevity regulation,,,"Mammals differ more than 100-fold in maximum lifespan. Here, we conducted comparative transcriptomics on 26 species with diverse lifespans. We identified thousands of genes with expression levels negatively or positively correlated with a species' maximum lifespan (Neg- or Pos-MLS genes). Neg-MLS genes are primarily involved in energy metabolism and inflammation. Pos-MLS genes show enrichment in DNA repair, microtubule organization, and RNA transport. Expression of Neg- and Pos-MLS genes is modulated by interventions, including mTOR and PI3K inhibition. Regulatory networks analysis showed that Neg-MLS genes are under circadian regulation possibly to avoid persistent high expression, whereas Pos-MLS genes are targets of master pluripotency regulators OCT4 and NANOG and are upregulated during somatic cell reprogramming. Pos-MLS genes are highly expressed during embryogenesis but significantly downregulated after birth. This work provides targets for anti-aging interventions by defining pathways correlating with longevity across mammals and uncovering circadian and pluripotency networks as central regulators of longevity.",Examination of gene expression across species.,35580607;38052795,,,577890,GPL31083; GPL31080; GPL31086; GPL31072; GPL29592; GPL31069; GPL31085; GPL31068; GPL31088; GPL31074; GPL31071; GPL31077; GPL26915; GPL31073; GPL31070; GPL31076; GPL31082; GPL31079; GPL31081; GPL21626; GPL31075; GPL31078; GPL31067; GPL31084; GPL31087,Blarina brevicauda; Tamiasciurus hudsonicus; Rattus rattus; Myocastor coypus; Heterocephalus glaber; Castor canadensis; Acomys russatus; Marmota monax; Cavia porcellus; Octodon degus; Chinchilla lanigera; Scalopus aquaticus; Peromyscus maniculatus; Ondatra zibethicus; Hydrochoerus hydrochaeris; Cuniculus paca; Cricetulus barabensis; Mesocricetus auratus; Mus musculus; Sciurus carolinensis; Tamias striatus; Neotoma cinerea; Condylura cristata; Fukomys damarensis; Bramus lutescens,GSE,Expression profiling by high throughput sequencing,2022/05/18,522,ftp://ftp.ncbi.nlm.nih.gov/geo/series/GSE190nnn/GSE190756/,Comparative transcriptomics reveals circadian and pluripotency networks as two pillars of longevity regulation.,Cell metabolism,2022 Jun 7,10.1016/j.cmet.2022.04.011,OSD-163|Mmus_BAL-TAL_KDN_FLT_Rep5_F6,Space Flight
163,GSM5501893,0.9981474876403809,GSE181733,Transposon-triggered innate immune response confers cancer resistance to the blind mole rat,,,This SuperSeries is composed of the SubSeries listed below.,Refer to individual Series,34556881;38052795,,,531640,GPL25363; GPL30472; GPL28271; GPL30473; GPL24247,Rattus norvegicus; Homo sapiens; Mus musculus; Nannospalax ehrenbergi,GSE,Expression profiling by high throughput sequencing; Methylation profiling by genome tiling array; Methylation profiling by high throughput sequencing,2021/09/09,110,ftp://ftp.ncbi.nlm.nih.gov/geo/series/GSE181nnn/GSE181733/,Transposon-triggered innate immune response confers cancer resistance to the blind mole rat.,Nature immunology,2021 Oct,10.1038/s41590-021-01027-8,OSD-163|Mmus_BAL-TAL_KDN_FLT_Rep5_F6,Space Flight
164,GSM5501909,0.9980517029762268,GSE181733,Transposon-triggered innate immune response confers cancer resistance to the blind mole rat,,,This SuperSeries is composed of the SubSeries listed below.,Refer to individual Series,34556881;38052795,,,531653,GPL25363; GPL30472; GPL28271; GPL30473; GPL24247,Rattus norvegicus; Homo sapiens; Mus musculus; Nannospalax ehrenbergi,GSE,Expression profiling by high throughput sequencing; Methylation profiling by genome tiling array; Methylation profiling by high throughput sequencing,2021/09/09,110,ftp://ftp.ncbi.nlm.nih.gov/geo/series/GSE181nnn/GSE181733/,Transposon-triggered innate immune response confers cancer resistance to the blind mole rat.,Nature immunology,2021 Oct,10.1038/s41590-021-01027-8,OSD-163|Mmus_BAL-TAL_KDN_FLT_Rep5_F6,Space Flight
165,GSM8082236,0.9979664087295532,GSE255885,Deletion of Klotho enhancer deepens sexual dimorphism of gene expression without impacting female resistance to kidney injury [RNA exp2],,,"Sexual dimorphism in kidney injury markers, such as Klotho, is frequently underestimated or disregarded, as most of the preclinical research is done in male animals. Klotho is well-linked to renal health and its deletion in mice results in a severe accelerated aging-like phenotype and premature death. Here, we identified candidate Klotho enhancers and discovered their function using mice carrying deletions in the enhancer loci. Candidate Klotho enhancers were deleted using CRISPR/Cas9 genome editing. Warm ischemia-reperfusion surgery (IRI) was performed bilaterally to induce acute kidney injury and unilaterally in a fibrosis model. Using ChIP-seq and RNA-seq, we analyzed renal chromatin features and gene expression. ELISA and colorimetric assays were used to measure serum FGF23 and serum component levels. Removal of the enhancer caused more substantial reduction in Klotho mRNA levels in female mice compared to males (90 vs. 50%), supported by gene promoter marks remaining more pronounced in males. Weight, lifespan, and fertility of mice lacking the enhancers were not impacted. Only male mutant mice displayed higher Havcr1 expression after IRI than controls (mean 1048 vs. 231.4, p=0.0016). 28 days after unilateral IRI, only males displayed increased fibrosis markers, but with no difference between genotypes. Our findings reveal sexual dimorphism of Klotho gene expression and its enhancer regulation. Only male mutant mice were more susceptible to acute injury and the enhancer deletion had no impact on fibrosis. Additional investigation into the mechanisms governing Klotho regulation is imperative to reassess its effectiveness as a kidney injury marker.",Chromatin Immunoprecipitation and DNA Sequencing (ChIP-Seq) of histone modifications H3K27ac and H3K4me3 in mouse kidneys was used to assess efficacy of deletion of candidate Klotho gene enhancers and to assess it's effect on renal chromatin landscape. RNA-seq was used to investigate the effects of Klotho enhencer deletion on renal gene expression.,38529500;39277686,,,851150,GPL24247,Mus musculus,GSE,Expression profiling by high throughput sequencing,2024/04/04,16,ftp://ftp.ncbi.nlm.nih.gov/geo/series/GSE255nnn/GSE255885/,Sexually dimorphic renal expression of Klotho is directed by a kidney-specific distal enhancer responsive to HNF1b.,bioRxiv : the preprint server for biology,2024 Mar 4,10.1101/2024.02.29.582831,OSD-163|Mmus_BAL-TAL_KDN_FLT_Rep5_F6,Space Flight
166,GSM5501917,0.9978752732276917,GSE181733,Transposon-triggered innate immune response confers cancer resistance to the blind mole rat,,,This SuperSeries is composed of the SubSeries listed below.,Refer to individual Series,34556881;38052795,,,531660,GPL25363; GPL30472; GPL28271; GPL30473; GPL24247,Rattus norvegicus; Homo sapiens; Mus musculus; Nannospalax ehrenbergi,GSE,Expression profiling by high throughput sequencing; Methylation profiling by genome tiling array; Methylation profiling by high throughput sequencing,2021/09/09,110,ftp://ftp.ncbi.nlm.nih.gov/geo/series/GSE181nnn/GSE181733/,Transposon-triggered innate immune response confers cancer resistance to the blind mole rat.,Nature immunology,2021 Oct,10.1038/s41590-021-01027-8,OSD-163|Mmus_BAL-TAL_KDN_FLT_Rep5_F6,Space Flight
167,GSM5982224,0.9976089000701904,GSE199702,"Transcriptomics analysis of heart, kidney, and liver tissues from 58 Collaborative Cross strains",,,"We report transcriptomic profiling from bulk heart, kidney, and liver tissues for 58 strains of the inbred mouse Collaborative Cross (CC). Each strain is represented by a male/female pair. Reads were first aligned to the pooled transcriptomes of the eight founder strains of the CC and then total gene counts were quantified using the EMASE and GBRS software tools. Total read counts can be further normalized for use in differential gene expression analysis, expression quantitative trait locus (eQTL) analysis, and integrative analyses with other -omic data sets measured on the same samples, including proteomics and phosphoproteomics.","RNA profiling of heart, kidney, and liver bulk tissues of male/female pairs from 58 Collaborative Cross (CC) mouse strains",,,,617839,GPL24247,Mus musculus,GSE,Expression profiling by high throughput sequencing,2023/02/05,348,ftp://ftp.ncbi.nlm.nih.gov/geo/series/GSE199nnn/GSE199702/,,,,,OSD-163|Mmus_BAL-TAL_KDN_FLT_Rep5_F6,Space Flight
168,GSM8082235,0.9976048469543457,GSE255885,Deletion of Klotho enhancer deepens sexual dimorphism of gene expression without impacting female resistance to kidney injury [RNA exp2],,,"Sexual dimorphism in kidney injury markers, such as Klotho, is frequently underestimated or disregarded, as most of the preclinical research is done in male animals. Klotho is well-linked to renal health and its deletion in mice results in a severe accelerated aging-like phenotype and premature death. Here, we identified candidate Klotho enhancers and discovered their function using mice carrying deletions in the enhancer loci. Candidate Klotho enhancers were deleted using CRISPR/Cas9 genome editing. Warm ischemia-reperfusion surgery (IRI) was performed bilaterally to induce acute kidney injury and unilaterally in a fibrosis model. Using ChIP-seq and RNA-seq, we analyzed renal chromatin features and gene expression. ELISA and colorimetric assays were used to measure serum FGF23 and serum component levels. Removal of the enhancer caused more substantial reduction in Klotho mRNA levels in female mice compared to males (90 vs. 50%), supported by gene promoter marks remaining more pronounced in males. Weight, lifespan, and fertility of mice lacking the enhancers were not impacted. Only male mutant mice displayed higher Havcr1 expression after IRI than controls (mean 1048 vs. 231.4, p=0.0016). 28 days after unilateral IRI, only males displayed increased fibrosis markers, but with no difference between genotypes. Our findings reveal sexual dimorphism of Klotho gene expression and its enhancer regulation. Only male mutant mice were more susceptible to acute injury and the enhancer deletion had no impact on fibrosis. Additional investigation into the mechanisms governing Klotho regulation is imperative to reassess its effectiveness as a kidney injury marker.",Chromatin Immunoprecipitation and DNA Sequencing (ChIP-Seq) of histone modifications H3K27ac and H3K4me3 in mouse kidneys was used to assess efficacy of deletion of candidate Klotho gene enhancers and to assess it's effect on renal chromatin landscape. RNA-seq was used to investigate the effects of Klotho enhencer deletion on renal gene expression.,38529500;39277686,,,851149,GPL24247,Mus musculus,GSE,Expression profiling by high throughput sequencing,2024/04/04,16,ftp://ftp.ncbi.nlm.nih.gov/geo/series/GSE255nnn/GSE255885/,Sexually dimorphic renal expression of Klotho is directed by a kidney-specific distal enhancer responsive to HNF1b.,bioRxiv : the preprint server for biology,2024 Mar 4,10.1101/2024.02.29.582831,OSD-163|Mmus_BAL-TAL_KDN_FLT_Rep5_F6,Space Flight
169,GSM8082226,0.9975465536117554,GSE255885,Deletion of Klotho enhancer deepens sexual dimorphism of gene expression without impacting female resistance to kidney injury [RNA exp2],,,"Sexual dimorphism in kidney injury markers, such as Klotho, is frequently underestimated or disregarded, as most of the preclinical research is done in male animals. Klotho is well-linked to renal health and its deletion in mice results in a severe accelerated aging-like phenotype and premature death. Here, we identified candidate Klotho enhancers and discovered their function using mice carrying deletions in the enhancer loci. Candidate Klotho enhancers were deleted using CRISPR/Cas9 genome editing. Warm ischemia-reperfusion surgery (IRI) was performed bilaterally to induce acute kidney injury and unilaterally in a fibrosis model. Using ChIP-seq and RNA-seq, we analyzed renal chromatin features and gene expression. ELISA and colorimetric assays were used to measure serum FGF23 and serum component levels. Removal of the enhancer caused more substantial reduction in Klotho mRNA levels in female mice compared to males (90 vs. 50%), supported by gene promoter marks remaining more pronounced in males. Weight, lifespan, and fertility of mice lacking the enhancers were not impacted. Only male mutant mice displayed higher Havcr1 expression after IRI than controls (mean 1048 vs. 231.4, p=0.0016). 28 days after unilateral IRI, only males displayed increased fibrosis markers, but with no difference between genotypes. Our findings reveal sexual dimorphism of Klotho gene expression and its enhancer regulation. Only male mutant mice were more susceptible to acute injury and the enhancer deletion had no impact on fibrosis. Additional investigation into the mechanisms governing Klotho regulation is imperative to reassess its effectiveness as a kidney injury marker.",Chromatin Immunoprecipitation and DNA Sequencing (ChIP-Seq) of histone modifications H3K27ac and H3K4me3 in mouse kidneys was used to assess efficacy of deletion of candidate Klotho gene enhancers and to assess it's effect on renal chromatin landscape. RNA-seq was used to investigate the effects of Klotho enhencer deletion on renal gene expression.,38529500;39277686,,,851140,GPL24247,Mus musculus,GSE,Expression profiling by high throughput sequencing,2024/04/04,16,ftp://ftp.ncbi.nlm.nih.gov/geo/series/GSE255nnn/GSE255885/,Sexually dimorphic renal expression of Klotho is directed by a kidney-specific distal enhancer responsive to HNF1b.,bioRxiv : the preprint server for biology,2024 Mar 4,10.1101/2024.02.29.582831,OSD-163|Mmus_BAL-TAL_KDN_FLT_Rep5_F6,Space Flight
170,GSM5730973,0.9986979961395264,GSE190756,Comparative transcriptomics reveals circadian and pluripotency networks as two pillars of longevity regulation,,,"Mammals differ more than 100-fold in maximum lifespan. Here, we conducted comparative transcriptomics on 26 species with diverse lifespans. We identified thousands of genes with expression levels negatively or positively correlated with a species' maximum lifespan (Neg- or Pos-MLS genes). Neg-MLS genes are primarily involved in energy metabolism and inflammation. Pos-MLS genes show enrichment in DNA repair, microtubule organization, and RNA transport. Expression of Neg- and Pos-MLS genes is modulated by interventions, including mTOR and PI3K inhibition. Regulatory networks analysis showed that Neg-MLS genes are under circadian regulation possibly to avoid persistent high expression, whereas Pos-MLS genes are targets of master pluripotency regulators OCT4 and NANOG and are upregulated during somatic cell reprogramming. Pos-MLS genes are highly expressed during embryogenesis but significantly downregulated after birth. This work provides targets for anti-aging interventions by defining pathways correlating with longevity across mammals and uncovering circadian and pluripotency networks as central regulators of longevity.",Examination of gene expression across species.,35580607;38052795,,,577892,GPL31083; GPL31080; GPL31086; GPL31072; GPL29592; GPL31069; GPL31085; GPL31068; GPL31088; GPL31074; GPL31071; GPL31077; GPL26915; GPL31073; GPL31070; GPL31076; GPL31082; GPL31079; GPL31081; GPL21626; GPL31075; GPL31078; GPL31067; GPL31084; GPL31087,Blarina brevicauda; Tamiasciurus hudsonicus; Rattus rattus; Myocastor coypus; Heterocephalus glaber; Castor canadensis; Acomys russatus; Marmota monax; Cavia porcellus; Octodon degus; Chinchilla lanigera; Scalopus aquaticus; Peromyscus maniculatus; Ondatra zibethicus; Hydrochoerus hydrochaeris; Cuniculus paca; Cricetulus barabensis; Mesocricetus auratus; Mus musculus; Sciurus carolinensis; Tamias striatus; Neotoma cinerea; Condylura cristata; Fukomys damarensis; Bramus lutescens,GSE,Expression profiling by high throughput sequencing,2022/05/18,522,ftp://ftp.ncbi.nlm.nih.gov/geo/series/GSE190nnn/GSE190756/,Comparative transcriptomics reveals circadian and pluripotency networks as two pillars of longevity regulation.,Cell metabolism,2022 Jun 7,10.1016/j.cmet.2022.04.011,OSD-163|Mmus_BAL-TAL_KDN_FLT_Rep6_F7,Space Flight
171,GSM5501901,0.998680830001831,GSE181733,Transposon-triggered innate immune response confers cancer resistance to the blind mole rat,,,This SuperSeries is composed of the SubSeries listed below.,Refer to individual Series,34556881;38052795,,,531648,GPL25363; GPL30472; GPL28271; GPL30473; GPL24247,Rattus norvegicus; Homo sapiens; Mus musculus; Nannospalax ehrenbergi,GSE,Expression profiling by high throughput sequencing; Methylation profiling by genome tiling array; Methylation profiling by high throughput sequencing,2021/09/09,110,ftp://ftp.ncbi.nlm.nih.gov/geo/series/GSE181nnn/GSE181733/,Transposon-triggered innate immune response confers cancer resistance to the blind mole rat.,Nature immunology,2021 Oct,10.1038/s41590-021-01027-8,OSD-163|Mmus_BAL-TAL_KDN_FLT_Rep6_F7,Space Flight
172,GSM8082235,0.9984787702560425,GSE255885,Deletion of Klotho enhancer deepens sexual dimorphism of gene expression without impacting female resistance to kidney injury [RNA exp2],,,"Sexual dimorphism in kidney injury markers, such as Klotho, is frequently underestimated or disregarded, as most of the preclinical research is done in male animals. Klotho is well-linked to renal health and its deletion in mice results in a severe accelerated aging-like phenotype and premature death. Here, we identified candidate Klotho enhancers and discovered their function using mice carrying deletions in the enhancer loci. Candidate Klotho enhancers were deleted using CRISPR/Cas9 genome editing. Warm ischemia-reperfusion surgery (IRI) was performed bilaterally to induce acute kidney injury and unilaterally in a fibrosis model. Using ChIP-seq and RNA-seq, we analyzed renal chromatin features and gene expression. ELISA and colorimetric assays were used to measure serum FGF23 and serum component levels. Removal of the enhancer caused more substantial reduction in Klotho mRNA levels in female mice compared to males (90 vs. 50%), supported by gene promoter marks remaining more pronounced in males. Weight, lifespan, and fertility of mice lacking the enhancers were not impacted. Only male mutant mice displayed higher Havcr1 expression after IRI than controls (mean 1048 vs. 231.4, p=0.0016). 28 days after unilateral IRI, only males displayed increased fibrosis markers, but with no difference between genotypes. Our findings reveal sexual dimorphism of Klotho gene expression and its enhancer regulation. Only male mutant mice were more susceptible to acute injury and the enhancer deletion had no impact on fibrosis. Additional investigation into the mechanisms governing Klotho regulation is imperative to reassess its effectiveness as a kidney injury marker.",Chromatin Immunoprecipitation and DNA Sequencing (ChIP-Seq) of histone modifications H3K27ac and H3K4me3 in mouse kidneys was used to assess efficacy of deletion of candidate Klotho gene enhancers and to assess it's effect on renal chromatin landscape. RNA-seq was used to investigate the effects of Klotho enhencer deletion on renal gene expression.,38529500;39277686,,,851149,GPL24247,Mus musculus,GSE,Expression profiling by high throughput sequencing,2024/04/04,16,ftp://ftp.ncbi.nlm.nih.gov/geo/series/GSE255nnn/GSE255885/,Sexually dimorphic renal expression of Klotho is directed by a kidney-specific distal enhancer responsive to HNF1b.,bioRxiv : the preprint server for biology,2024 Mar 4,10.1101/2024.02.29.582831,OSD-163|Mmus_BAL-TAL_KDN_FLT_Rep6_F7,Space Flight
173,GSM5501917,0.9984535574913025,GSE181733,Transposon-triggered innate immune response confers cancer resistance to the blind mole rat,,,This SuperSeries is composed of the SubSeries listed below.,Refer to individual Series,34556881;38052795,,,531660,GPL25363; GPL30472; GPL28271; GPL30473; GPL24247,Rattus norvegicus; Homo sapiens; Mus musculus; Nannospalax ehrenbergi,GSE,Expression profiling by high throughput sequencing; Methylation profiling by genome tiling array; Methylation profiling by high throughput sequencing,2021/09/09,110,ftp://ftp.ncbi.nlm.nih.gov/geo/series/GSE181nnn/GSE181733/,Transposon-triggered innate immune response confers cancer resistance to the blind mole rat.,Nature immunology,2021 Oct,10.1038/s41590-021-01027-8,OSD-163|Mmus_BAL-TAL_KDN_FLT_Rep6_F7,Space Flight
174,GSM5730971,0.9984336495399475,GSE190756,Comparative transcriptomics reveals circadian and pluripotency networks as two pillars of longevity regulation,,,"Mammals differ more than 100-fold in maximum lifespan. Here, we conducted comparative transcriptomics on 26 species with diverse lifespans. We identified thousands of genes with expression levels negatively or positively correlated with a species' maximum lifespan (Neg- or Pos-MLS genes). Neg-MLS genes are primarily involved in energy metabolism and inflammation. Pos-MLS genes show enrichment in DNA repair, microtubule organization, and RNA transport. Expression of Neg- and Pos-MLS genes is modulated by interventions, including mTOR and PI3K inhibition. Regulatory networks analysis showed that Neg-MLS genes are under circadian regulation possibly to avoid persistent high expression, whereas Pos-MLS genes are targets of master pluripotency regulators OCT4 and NANOG and are upregulated during somatic cell reprogramming. Pos-MLS genes are highly expressed during embryogenesis but significantly downregulated after birth. This work provides targets for anti-aging interventions by defining pathways correlating with longevity across mammals and uncovering circadian and pluripotency networks as central regulators of longevity.",Examination of gene expression across species.,35580607;38052795,,,577890,GPL31083; GPL31080; GPL31086; GPL31072; GPL29592; GPL31069; GPL31085; GPL31068; GPL31088; GPL31074; GPL31071; GPL31077; GPL26915; GPL31073; GPL31070; GPL31076; GPL31082; GPL31079; GPL31081; GPL21626; GPL31075; GPL31078; GPL31067; GPL31084; GPL31087,Blarina brevicauda; Tamiasciurus hudsonicus; Rattus rattus; Myocastor coypus; Heterocephalus glaber; Castor canadensis; Acomys russatus; Marmota monax; Cavia porcellus; Octodon degus; Chinchilla lanigera; Scalopus aquaticus; Peromyscus maniculatus; Ondatra zibethicus; Hydrochoerus hydrochaeris; Cuniculus paca; Cricetulus barabensis; Mesocricetus auratus; Mus musculus; Sciurus carolinensis; Tamias striatus; Neotoma cinerea; Condylura cristata; Fukomys damarensis; Bramus lutescens,GSE,Expression profiling by high throughput sequencing,2022/05/18,522,ftp://ftp.ncbi.nlm.nih.gov/geo/series/GSE190nnn/GSE190756/,Comparative transcriptomics reveals circadian and pluripotency networks as two pillars of longevity regulation.,Cell metabolism,2022 Jun 7,10.1016/j.cmet.2022.04.011,OSD-163|Mmus_BAL-TAL_KDN_FLT_Rep6_F7,Space Flight
175,GSM4742428,0.9984214901924133,GSE156692,Identification of cellular context sensitive regulatory variation in mouse genomes,,,"RNA-seq and DHS mapping in hybrid mouse kidney, liver, lung, and B cells",138 DNase-seq and 17 RNA-seq samples collected from 4 tissues in 5 hybrid mouse strains,33990600,,,411693,GPL19057; GPL17021,Mus musculus,GSE,Expression profiling by high throughput sequencing; Genome binding/occupancy profiling by high throughput sequencing,2020/11/25,158,ftp://ftp.ncbi.nlm.nih.gov/geo/series/GSE156nnn/GSE156692/,Tissue context determines the penetrance of regulatory DNA variation.,Nature communications,2021 May 14,10.1038/s41467-021-23139-3,OSD-163|Mmus_BAL-TAL_KDN_FLT_Rep6_F7,Space Flight
176,GSM5501909,0.9983406066894531,GSE181733,Transposon-triggered innate immune response confers cancer resistance to the blind mole rat,,,This SuperSeries is composed of the SubSeries listed below.,Refer to individual Series,34556881;38052795,,,531653,GPL25363; GPL30472; GPL28271; GPL30473; GPL24247,Rattus norvegicus; Homo sapiens; Mus musculus; Nannospalax ehrenbergi,GSE,Expression profiling by high throughput sequencing; Methylation profiling by genome tiling array; Methylation profiling by high throughput sequencing,2021/09/09,110,ftp://ftp.ncbi.nlm.nih.gov/geo/series/GSE181nnn/GSE181733/,Transposon-triggered innate immune response confers cancer resistance to the blind mole rat.,Nature immunology,2021 Oct,10.1038/s41590-021-01027-8,OSD-163|Mmus_BAL-TAL_KDN_FLT_Rep6_F7,Space Flight
177,GSM5501893,0.998231053352356,GSE181733,Transposon-triggered innate immune response confers cancer resistance to the blind mole rat,,,This SuperSeries is composed of the SubSeries listed below.,Refer to individual Series,34556881;38052795,,,531640,GPL25363; GPL30472; GPL28271; GPL30473; GPL24247,Rattus norvegicus; Homo sapiens; Mus musculus; Nannospalax ehrenbergi,GSE,Expression profiling by high throughput sequencing; Methylation profiling by genome tiling array; Methylation profiling by high throughput sequencing,2021/09/09,110,ftp://ftp.ncbi.nlm.nih.gov/geo/series/GSE181nnn/GSE181733/,Transposon-triggered innate immune response confers cancer resistance to the blind mole rat.,Nature immunology,2021 Oct,10.1038/s41590-021-01027-8,OSD-163|Mmus_BAL-TAL_KDN_FLT_Rep6_F7,Space Flight
178,GSM8082236,0.9981551170349121,GSE255885,Deletion of Klotho enhancer deepens sexual dimorphism of gene expression without impacting female resistance to kidney injury [RNA exp2],,,"Sexual dimorphism in kidney injury markers, such as Klotho, is frequently underestimated or disregarded, as most of the preclinical research is done in male animals. Klotho is well-linked to renal health and its deletion in mice results in a severe accelerated aging-like phenotype and premature death. Here, we identified candidate Klotho enhancers and discovered their function using mice carrying deletions in the enhancer loci. Candidate Klotho enhancers were deleted using CRISPR/Cas9 genome editing. Warm ischemia-reperfusion surgery (IRI) was performed bilaterally to induce acute kidney injury and unilaterally in a fibrosis model. Using ChIP-seq and RNA-seq, we analyzed renal chromatin features and gene expression. ELISA and colorimetric assays were used to measure serum FGF23 and serum component levels. Removal of the enhancer caused more substantial reduction in Klotho mRNA levels in female mice compared to males (90 vs. 50%), supported by gene promoter marks remaining more pronounced in males. Weight, lifespan, and fertility of mice lacking the enhancers were not impacted. Only male mutant mice displayed higher Havcr1 expression after IRI than controls (mean 1048 vs. 231.4, p=0.0016). 28 days after unilateral IRI, only males displayed increased fibrosis markers, but with no difference between genotypes. Our findings reveal sexual dimorphism of Klotho gene expression and its enhancer regulation. Only male mutant mice were more susceptible to acute injury and the enhancer deletion had no impact on fibrosis. Additional investigation into the mechanisms governing Klotho regulation is imperative to reassess its effectiveness as a kidney injury marker.",Chromatin Immunoprecipitation and DNA Sequencing (ChIP-Seq) of histone modifications H3K27ac and H3K4me3 in mouse kidneys was used to assess efficacy of deletion of candidate Klotho gene enhancers and to assess it's effect on renal chromatin landscape. RNA-seq was used to investigate the effects of Klotho enhencer deletion on renal gene expression.,38529500;39277686,,,851150,GPL24247,Mus musculus,GSE,Expression profiling by high throughput sequencing,2024/04/04,16,ftp://ftp.ncbi.nlm.nih.gov/geo/series/GSE255nnn/GSE255885/,Sexually dimorphic renal expression of Klotho is directed by a kidney-specific distal enhancer responsive to HNF1b.,bioRxiv : the preprint server for biology,2024 Mar 4,10.1101/2024.02.29.582831,OSD-163|Mmus_BAL-TAL_KDN_FLT_Rep6_F7,Space Flight
179,GSM5982234,0.9981223940849304,GSE199702,"Transcriptomics analysis of heart, kidney, and liver tissues from 58 Collaborative Cross strains",,,"We report transcriptomic profiling from bulk heart, kidney, and liver tissues for 58 strains of the inbred mouse Collaborative Cross (CC). Each strain is represented by a male/female pair. Reads were first aligned to the pooled transcriptomes of the eight founder strains of the CC and then total gene counts were quantified using the EMASE and GBRS software tools. Total read counts can be further normalized for use in differential gene expression analysis, expression quantitative trait locus (eQTL) analysis, and integrative analyses with other -omic data sets measured on the same samples, including proteomics and phosphoproteomics.","RNA profiling of heart, kidney, and liver bulk tissues of male/female pairs from 58 Collaborative Cross (CC) mouse strains",,,,617849,GPL24247,Mus musculus,GSE,Expression profiling by high throughput sequencing,2023/02/05,348,ftp://ftp.ncbi.nlm.nih.gov/geo/series/GSE199nnn/GSE199702/,,,,,OSD-163|Mmus_BAL-TAL_KDN_FLT_Rep6_F7,Space Flight
