,gsm,score,gse,title,source_name,characteristics,geo_summary,geo_design,pubmed_ids,tissue,species,archs4_index,geo_platform_biopython,geo_taxon_biopython,geo_entry_type_biopython,geo_gds_type_biopython,geo_pdat_biopython,geo_n_samples_biopython,geo_ftp_link_biopython,pubmed_title_biopython,pubmed_journal_biopython,pubmed_pub_date_biopython,pubmed_doi_biopython,sample_name,spaceflight
0,GSM4200072,0.9929546117782593,GSE141259,Longitudinal single-cell transcriptomics analysis of mouse lung upon bleomycin-induced injury,,,"Two single-cell RNA sequencing data sets were generated called ""Whole lung"" and ""High Resolution"". The ""Whole lung"" single-cell mRNAseq libraries were generated with Drop-Seq from whole mouse lungs upon bleomycin-induced injury and followed over time. Samples were taken at days 3 (n = 3), 7 (n = 5), 10 (n = 3), 14 (n = 4), 21 (n = 4) and 28 (n = 2). Control samples (n = 7) were administered saline only, also indicated with PBS or day0. The ""High resolution"" single-cell mRNAseq libraries were generated with Drop-Seq from the epithelial compartment of mouse lungs upon bleomycin-induced injury and followed over time. Samples were taken daily for two weeks and at days 21, 28, 36, 54 after injury. Control samples (n = 2) were administered saline only, also indicated with PBS or day0.",Single-cell transcriptomics time-course experiment.,32678092,,,315253,GPL21103,Mus musculus,GSE,Expression profiling by high throughput sequencing,2019/12/02,60,ftp://ftp.ncbi.nlm.nih.gov/geo/series/GSE141nnn/GSE141259/,Alveolar regeneration through a Krt8+ transitional stem cell state that persists in human lung fibrosis.,Nature communications,2020 Jul 16,10.1038/s41467-020-17358-3,OSD-421|RR9_TMS_GC_G1,Ground Control
1,GSM8196070,0.9910099506378174,GSE263655,Apobec-Mediated Retroviral Hypermutation In Vivo is Dependent on Mouse Strain [RNA-seq],,,"Retroviruses cause lifelong infections resulting from their ability to thwart innate immunity. The Apobec family of cytidine deaminases are part of the innate immune response that recognizes and mutates foreign nucleic acids, including those from multiple viruses. Multiple retroviral antagonists of Apobecs have been identified, including mouse mammary tumor virus (MMTV)-encoded Rem protein. Previous experiments have shown that Rem-null MMTV or closely related TBLV proviruses from BALB/c tumors accumulate G-to-A and C-to-T mutations typical of Apobecs compared to wild-type proviruses expressing Rem. The difference in mutations between Rem-expressing and non-expressing MMTV strains largely disappeared in mice lacking the Apobec family member, activation-induced cytidine deaminase (AID). These results suggested that Rem is an AID antagonist. In this study, we attempted to study AID-mediated mutations of TBLV proviruses lacking Rem expression obtained from tumors in C57BL/6 (B6) wild-type and AID-knockout backgrounds. Surprisingly, no differences in G-to-A mutations were observed in TBLV proviruses regardless of Rem expression, yet such mutations were significantly reduced in proviruses obtained from mA3/AID-double knockout mice relative to those from wild-type B6 or AID-knockout mice. Many cellular mRNAs involving the innate immune response, but not Apobecs, were elevated in the absence relative to the presence of Rem expression on the B6 AID-knockout background. These results revealed that Apobec-mediated mutagenesis is dependent on mouse strain and suggested a second means of Rem-dependent immune evasion.","Each of two mouse mammary tumor virus (MMTV) strains (TBLV-WT = Rem-expressing or TBLV-SD = lacks Rem expression) was used to generate tumors in C57BL/6 (B6) mice or AID-knockout B6 mice. For RNAseq, we extracted four or five tumors induced by infection with TBLV-WT (Rem+) or TBLV-SD (Rem-) either in wild-type B6 mice or AID-knockout mice. Total RNA was extracted separately from each tumor for analysis and used for library preparation prior to sequencing.",,,,854738,GPL24247,Mus musculus,GSE,Expression profiling by high throughput sequencing,2024/04/15,19,ftp://ftp.ncbi.nlm.nih.gov/geo/series/GSE263nnn/GSE263655/,,,,,OSD-421|RR9_TMS_GC_G1,Ground Control
2,GSM8196067,0.9908703565597534,GSE263655,Apobec-Mediated Retroviral Hypermutation In Vivo is Dependent on Mouse Strain [RNA-seq],,,"Retroviruses cause lifelong infections resulting from their ability to thwart innate immunity. The Apobec family of cytidine deaminases are part of the innate immune response that recognizes and mutates foreign nucleic acids, including those from multiple viruses. Multiple retroviral antagonists of Apobecs have been identified, including mouse mammary tumor virus (MMTV)-encoded Rem protein. Previous experiments have shown that Rem-null MMTV or closely related TBLV proviruses from BALB/c tumors accumulate G-to-A and C-to-T mutations typical of Apobecs compared to wild-type proviruses expressing Rem. The difference in mutations between Rem-expressing and non-expressing MMTV strains largely disappeared in mice lacking the Apobec family member, activation-induced cytidine deaminase (AID). These results suggested that Rem is an AID antagonist. In this study, we attempted to study AID-mediated mutations of TBLV proviruses lacking Rem expression obtained from tumors in C57BL/6 (B6) wild-type and AID-knockout backgrounds. Surprisingly, no differences in G-to-A mutations were observed in TBLV proviruses regardless of Rem expression, yet such mutations were significantly reduced in proviruses obtained from mA3/AID-double knockout mice relative to those from wild-type B6 or AID-knockout mice. Many cellular mRNAs involving the innate immune response, but not Apobecs, were elevated in the absence relative to the presence of Rem expression on the B6 AID-knockout background. These results revealed that Apobec-mediated mutagenesis is dependent on mouse strain and suggested a second means of Rem-dependent immune evasion.","Each of two mouse mammary tumor virus (MMTV) strains (TBLV-WT = Rem-expressing or TBLV-SD = lacks Rem expression) was used to generate tumors in C57BL/6 (B6) mice or AID-knockout B6 mice. For RNAseq, we extracted four or five tumors induced by infection with TBLV-WT (Rem+) or TBLV-SD (Rem-) either in wild-type B6 mice or AID-knockout mice. Total RNA was extracted separately from each tumor for analysis and used for library preparation prior to sequencing.",,,,854735,GPL24247,Mus musculus,GSE,Expression profiling by high throughput sequencing,2024/04/15,19,ftp://ftp.ncbi.nlm.nih.gov/geo/series/GSE263nnn/GSE263655/,,,,,OSD-421|RR9_TMS_GC_G1,Ground Control
3,GSM2816898,0.9906424283981323,GSE105049,Overcoming Wnt-β-catenin dependent anticancer therapy resistance in leukaemia stem cells.,,,"Leukaemia stem cells (LSCs) underlie cancer therapy resistance but targeting these cells remains difficult. The Wnt–β-catenin and PI3K–Akt pathways cooperate to promote tumorigenesis and resistance to therapy. In a mouse model in which both pathways are activated in stem and progenitor cells, LSCs expanded under chemotherapy-induced stress. Since Akt can activate β-catenin, inhibiting this interaction might target therapy-resistant LSCs. High-throughput screening identified doxorubicin (DXR) as an inhibitor of the Akt–β-catenin interaction at low doses. Here we repurposed DXR as a targeted inhibitor rather than a broadly cytotoxic chemotherapy. Targeted DXR reduced Akt-activated β-catenin levels in chemoresistant LSCs and reduced LSC tumorigenic activity. Mechanistically, β-catenin binds multiple immune-checkpoint gene loci, and targeted DXR treatment inhibited expression of multiple immune checkpoints specifically in LSCs, including PD-L1, TIM3 and CD24. Overall, LSCs exhibit distinct properties of immune resistance that are reduced by inhibiting Akt-activated β-catenin. These findings suggest a strategy for overcoming cancer therapy resistance and immune escape.","Cohorts of leukemic mice were treated with vehicle, chemotherapy, [Low]DXR, clinical-dose DXR or chemotherapy + [Low]DXR as in Figure S4. At 10 days post-treatment (day 1 = start of treatment), blast cells, LSCs, and HSPCs were sorted using stringent gates (see Figure 5A) for these populations. For each population, two biological replicates were made with 1-3 technical replicates each.  Each biological replicate was a pool of sorted cells from 4-5 male and 4-5 female mice.  Technical replicates were samples of sorted cells from each biological replicate. 1,000 cells per sample were sorted into 96-well plates with 7 ul lysis buffer containing RNase inhibitor (2 U/μl) from BM. First-strand cDNA synthesis and cDNA libraries were constructed using the SMARTer ultra low input RNA kit for sequencing - v3 (Clontech) following the manufacturer’s instructions. cDNA quality was determined by Agilent high sensitivity DNA kit on Agilent 2100 BioAnalyzer (Agilent Technologies). Libraries were sequenced at 50bp on the Illumina HiSeq 2500.  Reads were aligned to UCSC mm10 with Tophat 2.1.1 [Kim et al 2013], using gene models from Ensembl 80.  Read counts per gene were obtained with HTSeq-count 0.6.0 [Simon et al 2014].  Analysis was done in R with the EdgeR package [Robinson et al 2010] using default methods. Significantly changed genes were determined at FDR<1e-3 and fold change exceeding ±1.5. GO analysis was generated using significantly changed genes by Metascape (www.metascape.org). Kim D, Pertea G, Trapnell C, Pimentel H, Kelley R, Salzberg SL. TopHat2: accurate alignment of transcriptomes in the presence of insertions, deletions and gene fusions. . Genome Biology 2013, 14:R36 Simon Anders, Paul Theodor Pyl, Wolfgang Huber. HTSeq — A Python framework to work with high-throughput sequencing data. Bioinformatics (2014), in print, online at doi:10.1093/bioinformatics/btu638 Robinson MD, McCarthy DJ and Smyth GK (2010). “edgeR: a Bioconductor package for differential expression analysis of digital gene expression data.” Bioinformatics, 26, pp. -1.",32313104,,,134678,GPL19057; GPL17021,Mus musculus,GSE,Expression profiling by high throughput sequencing; Genome binding/occupancy profiling by high throughput sequencing,2020/04/01,87,ftp://ftp.ncbi.nlm.nih.gov/geo/series/GSE105nnn/GSE105049/,Overcoming Wnt-β-catenin dependent anticancer therapy resistance in leukaemia stem cells.,Nature cell biology,2020 Jun,10.1038/s41556-020-0507-y,OSD-421|RR9_TMS_GC_G1,Ground Control
4,GSM2816897,0.9902030229568481,GSE105049,Overcoming Wnt-β-catenin dependent anticancer therapy resistance in leukaemia stem cells.,,,"Leukaemia stem cells (LSCs) underlie cancer therapy resistance but targeting these cells remains difficult. The Wnt–β-catenin and PI3K–Akt pathways cooperate to promote tumorigenesis and resistance to therapy. In a mouse model in which both pathways are activated in stem and progenitor cells, LSCs expanded under chemotherapy-induced stress. Since Akt can activate β-catenin, inhibiting this interaction might target therapy-resistant LSCs. High-throughput screening identified doxorubicin (DXR) as an inhibitor of the Akt–β-catenin interaction at low doses. Here we repurposed DXR as a targeted inhibitor rather than a broadly cytotoxic chemotherapy. Targeted DXR reduced Akt-activated β-catenin levels in chemoresistant LSCs and reduced LSC tumorigenic activity. Mechanistically, β-catenin binds multiple immune-checkpoint gene loci, and targeted DXR treatment inhibited expression of multiple immune checkpoints specifically in LSCs, including PD-L1, TIM3 and CD24. Overall, LSCs exhibit distinct properties of immune resistance that are reduced by inhibiting Akt-activated β-catenin. These findings suggest a strategy for overcoming cancer therapy resistance and immune escape.","Cohorts of leukemic mice were treated with vehicle, chemotherapy, [Low]DXR, clinical-dose DXR or chemotherapy + [Low]DXR as in Figure S4. At 10 days post-treatment (day 1 = start of treatment), blast cells, LSCs, and HSPCs were sorted using stringent gates (see Figure 5A) for these populations. For each population, two biological replicates were made with 1-3 technical replicates each.  Each biological replicate was a pool of sorted cells from 4-5 male and 4-5 female mice.  Technical replicates were samples of sorted cells from each biological replicate. 1,000 cells per sample were sorted into 96-well plates with 7 ul lysis buffer containing RNase inhibitor (2 U/μl) from BM. First-strand cDNA synthesis and cDNA libraries were constructed using the SMARTer ultra low input RNA kit for sequencing - v3 (Clontech) following the manufacturer’s instructions. cDNA quality was determined by Agilent high sensitivity DNA kit on Agilent 2100 BioAnalyzer (Agilent Technologies). Libraries were sequenced at 50bp on the Illumina HiSeq 2500.  Reads were aligned to UCSC mm10 with Tophat 2.1.1 [Kim et al 2013], using gene models from Ensembl 80.  Read counts per gene were obtained with HTSeq-count 0.6.0 [Simon et al 2014].  Analysis was done in R with the EdgeR package [Robinson et al 2010] using default methods. Significantly changed genes were determined at FDR<1e-3 and fold change exceeding ±1.5. GO analysis was generated using significantly changed genes by Metascape (www.metascape.org). Kim D, Pertea G, Trapnell C, Pimentel H, Kelley R, Salzberg SL. TopHat2: accurate alignment of transcriptomes in the presence of insertions, deletions and gene fusions. . Genome Biology 2013, 14:R36 Simon Anders, Paul Theodor Pyl, Wolfgang Huber. HTSeq — A Python framework to work with high-throughput sequencing data. Bioinformatics (2014), in print, online at doi:10.1093/bioinformatics/btu638 Robinson MD, McCarthy DJ and Smyth GK (2010). “edgeR: a Bioconductor package for differential expression analysis of digital gene expression data.” Bioinformatics, 26, pp. -1.",32313104,,,134677,GPL19057; GPL17021,Mus musculus,GSE,Expression profiling by high throughput sequencing; Genome binding/occupancy profiling by high throughput sequencing,2020/04/01,87,ftp://ftp.ncbi.nlm.nih.gov/geo/series/GSE105nnn/GSE105049/,Overcoming Wnt-β-catenin dependent anticancer therapy resistance in leukaemia stem cells.,Nature cell biology,2020 Jun,10.1038/s41556-020-0507-y,OSD-421|RR9_TMS_GC_G1,Ground Control
5,GSM2816836,0.9901816248893738,GSE105049,Overcoming Wnt-β-catenin dependent anticancer therapy resistance in leukaemia stem cells.,,,"Leukaemia stem cells (LSCs) underlie cancer therapy resistance but targeting these cells remains difficult. The Wnt–β-catenin and PI3K–Akt pathways cooperate to promote tumorigenesis and resistance to therapy. In a mouse model in which both pathways are activated in stem and progenitor cells, LSCs expanded under chemotherapy-induced stress. Since Akt can activate β-catenin, inhibiting this interaction might target therapy-resistant LSCs. High-throughput screening identified doxorubicin (DXR) as an inhibitor of the Akt–β-catenin interaction at low doses. Here we repurposed DXR as a targeted inhibitor rather than a broadly cytotoxic chemotherapy. Targeted DXR reduced Akt-activated β-catenin levels in chemoresistant LSCs and reduced LSC tumorigenic activity. Mechanistically, β-catenin binds multiple immune-checkpoint gene loci, and targeted DXR treatment inhibited expression of multiple immune checkpoints specifically in LSCs, including PD-L1, TIM3 and CD24. Overall, LSCs exhibit distinct properties of immune resistance that are reduced by inhibiting Akt-activated β-catenin. These findings suggest a strategy for overcoming cancer therapy resistance and immune escape.","Cohorts of leukemic mice were treated with vehicle, chemotherapy, [Low]DXR, clinical-dose DXR or chemotherapy + [Low]DXR as in Figure S4. At 10 days post-treatment (day 1 = start of treatment), blast cells, LSCs, and HSPCs were sorted using stringent gates (see Figure 5A) for these populations. For each population, two biological replicates were made with 1-3 technical replicates each.  Each biological replicate was a pool of sorted cells from 4-5 male and 4-5 female mice.  Technical replicates were samples of sorted cells from each biological replicate. 1,000 cells per sample were sorted into 96-well plates with 7 ul lysis buffer containing RNase inhibitor (2 U/μl) from BM. First-strand cDNA synthesis and cDNA libraries were constructed using the SMARTer ultra low input RNA kit for sequencing - v3 (Clontech) following the manufacturer’s instructions. cDNA quality was determined by Agilent high sensitivity DNA kit on Agilent 2100 BioAnalyzer (Agilent Technologies). Libraries were sequenced at 50bp on the Illumina HiSeq 2500.  Reads were aligned to UCSC mm10 with Tophat 2.1.1 [Kim et al 2013], using gene models from Ensembl 80.  Read counts per gene were obtained with HTSeq-count 0.6.0 [Simon et al 2014].  Analysis was done in R with the EdgeR package [Robinson et al 2010] using default methods. Significantly changed genes were determined at FDR<1e-3 and fold change exceeding ±1.5. GO analysis was generated using significantly changed genes by Metascape (www.metascape.org). Kim D, Pertea G, Trapnell C, Pimentel H, Kelley R, Salzberg SL. TopHat2: accurate alignment of transcriptomes in the presence of insertions, deletions and gene fusions. . Genome Biology 2013, 14:R36 Simon Anders, Paul Theodor Pyl, Wolfgang Huber. HTSeq — A Python framework to work with high-throughput sequencing data. Bioinformatics (2014), in print, online at doi:10.1093/bioinformatics/btu638 Robinson MD, McCarthy DJ and Smyth GK (2010). “edgeR: a Bioconductor package for differential expression analysis of digital gene expression data.” Bioinformatics, 26, pp. -1.",32313104,,,134618,GPL19057; GPL17021,Mus musculus,GSE,Expression profiling by high throughput sequencing; Genome binding/occupancy profiling by high throughput sequencing,2020/04/01,87,ftp://ftp.ncbi.nlm.nih.gov/geo/series/GSE105nnn/GSE105049/,Overcoming Wnt-β-catenin dependent anticancer therapy resistance in leukaemia stem cells.,Nature cell biology,2020 Jun,10.1038/s41556-020-0507-y,OSD-421|RR9_TMS_GC_G1,Ground Control
6,GSM2816835,0.990041196346283,GSE105049,Overcoming Wnt-β-catenin dependent anticancer therapy resistance in leukaemia stem cells.,,,"Leukaemia stem cells (LSCs) underlie cancer therapy resistance but targeting these cells remains difficult. The Wnt–β-catenin and PI3K–Akt pathways cooperate to promote tumorigenesis and resistance to therapy. In a mouse model in which both pathways are activated in stem and progenitor cells, LSCs expanded under chemotherapy-induced stress. Since Akt can activate β-catenin, inhibiting this interaction might target therapy-resistant LSCs. High-throughput screening identified doxorubicin (DXR) as an inhibitor of the Akt–β-catenin interaction at low doses. Here we repurposed DXR as a targeted inhibitor rather than a broadly cytotoxic chemotherapy. Targeted DXR reduced Akt-activated β-catenin levels in chemoresistant LSCs and reduced LSC tumorigenic activity. Mechanistically, β-catenin binds multiple immune-checkpoint gene loci, and targeted DXR treatment inhibited expression of multiple immune checkpoints specifically in LSCs, including PD-L1, TIM3 and CD24. Overall, LSCs exhibit distinct properties of immune resistance that are reduced by inhibiting Akt-activated β-catenin. These findings suggest a strategy for overcoming cancer therapy resistance and immune escape.","Cohorts of leukemic mice were treated with vehicle, chemotherapy, [Low]DXR, clinical-dose DXR or chemotherapy + [Low]DXR as in Figure S4. At 10 days post-treatment (day 1 = start of treatment), blast cells, LSCs, and HSPCs were sorted using stringent gates (see Figure 5A) for these populations. For each population, two biological replicates were made with 1-3 technical replicates each.  Each biological replicate was a pool of sorted cells from 4-5 male and 4-5 female mice.  Technical replicates were samples of sorted cells from each biological replicate. 1,000 cells per sample were sorted into 96-well plates with 7 ul lysis buffer containing RNase inhibitor (2 U/μl) from BM. First-strand cDNA synthesis and cDNA libraries were constructed using the SMARTer ultra low input RNA kit for sequencing - v3 (Clontech) following the manufacturer’s instructions. cDNA quality was determined by Agilent high sensitivity DNA kit on Agilent 2100 BioAnalyzer (Agilent Technologies). Libraries were sequenced at 50bp on the Illumina HiSeq 2500.  Reads were aligned to UCSC mm10 with Tophat 2.1.1 [Kim et al 2013], using gene models from Ensembl 80.  Read counts per gene were obtained with HTSeq-count 0.6.0 [Simon et al 2014].  Analysis was done in R with the EdgeR package [Robinson et al 2010] using default methods. Significantly changed genes were determined at FDR<1e-3 and fold change exceeding ±1.5. GO analysis was generated using significantly changed genes by Metascape (www.metascape.org). Kim D, Pertea G, Trapnell C, Pimentel H, Kelley R, Salzberg SL. TopHat2: accurate alignment of transcriptomes in the presence of insertions, deletions and gene fusions. . Genome Biology 2013, 14:R36 Simon Anders, Paul Theodor Pyl, Wolfgang Huber. HTSeq — A Python framework to work with high-throughput sequencing data. Bioinformatics (2014), in print, online at doi:10.1093/bioinformatics/btu638 Robinson MD, McCarthy DJ and Smyth GK (2010). “edgeR: a Bioconductor package for differential expression analysis of digital gene expression data.” Bioinformatics, 26, pp. -1.",32313104,,,134617,GPL19057; GPL17021,Mus musculus,GSE,Expression profiling by high throughput sequencing; Genome binding/occupancy profiling by high throughput sequencing,2020/04/01,87,ftp://ftp.ncbi.nlm.nih.gov/geo/series/GSE105nnn/GSE105049/,Overcoming Wnt-β-catenin dependent anticancer therapy resistance in leukaemia stem cells.,Nature cell biology,2020 Jun,10.1038/s41556-020-0507-y,OSD-421|RR9_TMS_GC_G1,Ground Control
7,GSM8196053,0.9894133806228638,GSE263655,Apobec-Mediated Retroviral Hypermutation In Vivo is Dependent on Mouse Strain [RNA-seq],,,"Retroviruses cause lifelong infections resulting from their ability to thwart innate immunity. The Apobec family of cytidine deaminases are part of the innate immune response that recognizes and mutates foreign nucleic acids, including those from multiple viruses. Multiple retroviral antagonists of Apobecs have been identified, including mouse mammary tumor virus (MMTV)-encoded Rem protein. Previous experiments have shown that Rem-null MMTV or closely related TBLV proviruses from BALB/c tumors accumulate G-to-A and C-to-T mutations typical of Apobecs compared to wild-type proviruses expressing Rem. The difference in mutations between Rem-expressing and non-expressing MMTV strains largely disappeared in mice lacking the Apobec family member, activation-induced cytidine deaminase (AID). These results suggested that Rem is an AID antagonist. In this study, we attempted to study AID-mediated mutations of TBLV proviruses lacking Rem expression obtained from tumors in C57BL/6 (B6) wild-type and AID-knockout backgrounds. Surprisingly, no differences in G-to-A mutations were observed in TBLV proviruses regardless of Rem expression, yet such mutations were significantly reduced in proviruses obtained from mA3/AID-double knockout mice relative to those from wild-type B6 or AID-knockout mice. Many cellular mRNAs involving the innate immune response, but not Apobecs, were elevated in the absence relative to the presence of Rem expression on the B6 AID-knockout background. These results revealed that Apobec-mediated mutagenesis is dependent on mouse strain and suggested a second means of Rem-dependent immune evasion.","Each of two mouse mammary tumor virus (MMTV) strains (TBLV-WT = Rem-expressing or TBLV-SD = lacks Rem expression) was used to generate tumors in C57BL/6 (B6) mice or AID-knockout B6 mice. For RNAseq, we extracted four or five tumors induced by infection with TBLV-WT (Rem+) or TBLV-SD (Rem-) either in wild-type B6 mice or AID-knockout mice. Total RNA was extracted separately from each tumor for analysis and used for library preparation prior to sequencing.",,,,854721,GPL24247,Mus musculus,GSE,Expression profiling by high throughput sequencing,2024/04/15,19,ftp://ftp.ncbi.nlm.nih.gov/geo/series/GSE263nnn/GSE263655/,,,,,OSD-421|RR9_TMS_GC_G1,Ground Control
8,GSM7014081,0.9892506003379822,GSE224146,A pairwise cytokine code explains the organism-wide response to sepsis,,,This SuperSeries is composed of the SubSeries listed below.,Refer to individual Series,38191855;42065235,,,733159,GPL21626; GPL24247; GPL30172,Mus musculus,GSE,Expression profiling by high throughput sequencing; Other,2024/01/08,2196,ftp://ftp.ncbi.nlm.nih.gov/geo/series/GSE224nnn/GSE224146/,A pairwise cytokine code explains the organism-wide response to sepsis.,Nature immunology,2024 Feb,10.1038/s41590-023-01722-8,OSD-421|RR9_TMS_GC_G1,Ground Control
9,GSM4219483,0.9891940951347351,GSE142068,Predicting Human Clinical Outcomes using Mouse Multi-Organ Transcriptome,,,"Approximately 90% of pre-clinically validated drugs fail in clinical trials due to unanticipated clinical outcomes, costing over several hundred million US dollars per drug. Despite such critical importance, translating pre-clinical data to clinical outcomes remain a major challenge. Herein, we designed a modality-independent and unbiased approach to predict clinical outcomes of drugs. The approach exploits their multi-organ transcriptome patterns induced in mice and a unique mouse-transcriptome database “humanized” by machine learning algorithms and human clinical outcome datasets. The cross-validation with small-molecule, antibody and peptide drugs shows effective and efficient identification of the previously known outcomes of 5,519 adverse events and 11,312 therapeutic indications. In addition, the approach is adaptable to deducing potential molecular mechanisms underlying these outcomes. Furthermore, the approach identifies previously unsuspected repositioning targets. These results, together with the fact that it requires no prior structural or mechanistic information of drugs, illustrate its versatile applications to drug development process.",mRNA profiles of drug-treated or no-treated mice were generated by deep sequencing in duplicate or quadruplicate using Illumina NextSeq 500.,31928967,,,317976,GPL19057,Mus musculus,GSE,Expression profiling by high throughput sequencing,2020/01/09,868,ftp://ftp.ncbi.nlm.nih.gov/geo/series/GSE142nnn/GSE142068/,Predicting Human Clinical Outcomes Using Mouse Multi-Organ Transcriptome.,iScience,2020 Feb 21,10.1016/j.isci.2019.100791,OSD-421|RR9_TMS_GC_G1,Ground Control
10,GSM7014081,0.9938535690307617,GSE224146,A pairwise cytokine code explains the organism-wide response to sepsis,,,This SuperSeries is composed of the SubSeries listed below.,Refer to individual Series,38191855;42065235,,,733159,GPL21626; GPL24247; GPL30172,Mus musculus,GSE,Expression profiling by high throughput sequencing; Other,2024/01/08,2196,ftp://ftp.ncbi.nlm.nih.gov/geo/series/GSE224nnn/GSE224146/,A pairwise cytokine code explains the organism-wide response to sepsis.,Nature immunology,2024 Feb,10.1038/s41590-023-01722-8,OSD-421|RR9_TMS_GC_G10,Ground Control
11,GSM4200072,0.9926921129226685,GSE141259,Longitudinal single-cell transcriptomics analysis of mouse lung upon bleomycin-induced injury,,,"Two single-cell RNA sequencing data sets were generated called ""Whole lung"" and ""High Resolution"". The ""Whole lung"" single-cell mRNAseq libraries were generated with Drop-Seq from whole mouse lungs upon bleomycin-induced injury and followed over time. Samples were taken at days 3 (n = 3), 7 (n = 5), 10 (n = 3), 14 (n = 4), 21 (n = 4) and 28 (n = 2). Control samples (n = 7) were administered saline only, also indicated with PBS or day0. The ""High resolution"" single-cell mRNAseq libraries were generated with Drop-Seq from the epithelial compartment of mouse lungs upon bleomycin-induced injury and followed over time. Samples were taken daily for two weeks and at days 21, 28, 36, 54 after injury. Control samples (n = 2) were administered saline only, also indicated with PBS or day0.",Single-cell transcriptomics time-course experiment.,32678092,,,315253,GPL21103,Mus musculus,GSE,Expression profiling by high throughput sequencing,2019/12/02,60,ftp://ftp.ncbi.nlm.nih.gov/geo/series/GSE141nnn/GSE141259/,Alveolar regeneration through a Krt8+ transitional stem cell state that persists in human lung fibrosis.,Nature communications,2020 Jul 16,10.1038/s41467-020-17358-3,OSD-421|RR9_TMS_GC_G10,Ground Control
12,GSM8196053,0.9926722049713135,GSE263655,Apobec-Mediated Retroviral Hypermutation In Vivo is Dependent on Mouse Strain [RNA-seq],,,"Retroviruses cause lifelong infections resulting from their ability to thwart innate immunity. The Apobec family of cytidine deaminases are part of the innate immune response that recognizes and mutates foreign nucleic acids, including those from multiple viruses. Multiple retroviral antagonists of Apobecs have been identified, including mouse mammary tumor virus (MMTV)-encoded Rem protein. Previous experiments have shown that Rem-null MMTV or closely related TBLV proviruses from BALB/c tumors accumulate G-to-A and C-to-T mutations typical of Apobecs compared to wild-type proviruses expressing Rem. The difference in mutations between Rem-expressing and non-expressing MMTV strains largely disappeared in mice lacking the Apobec family member, activation-induced cytidine deaminase (AID). These results suggested that Rem is an AID antagonist. In this study, we attempted to study AID-mediated mutations of TBLV proviruses lacking Rem expression obtained from tumors in C57BL/6 (B6) wild-type and AID-knockout backgrounds. Surprisingly, no differences in G-to-A mutations were observed in TBLV proviruses regardless of Rem expression, yet such mutations were significantly reduced in proviruses obtained from mA3/AID-double knockout mice relative to those from wild-type B6 or AID-knockout mice. Many cellular mRNAs involving the innate immune response, but not Apobecs, were elevated in the absence relative to the presence of Rem expression on the B6 AID-knockout background. These results revealed that Apobec-mediated mutagenesis is dependent on mouse strain and suggested a second means of Rem-dependent immune evasion.","Each of two mouse mammary tumor virus (MMTV) strains (TBLV-WT = Rem-expressing or TBLV-SD = lacks Rem expression) was used to generate tumors in C57BL/6 (B6) mice or AID-knockout B6 mice. For RNAseq, we extracted four or five tumors induced by infection with TBLV-WT (Rem+) or TBLV-SD (Rem-) either in wild-type B6 mice or AID-knockout mice. Total RNA was extracted separately from each tumor for analysis and used for library preparation prior to sequencing.",,,,854721,GPL24247,Mus musculus,GSE,Expression profiling by high throughput sequencing,2024/04/15,19,ftp://ftp.ncbi.nlm.nih.gov/geo/series/GSE263nnn/GSE263655/,,,,,OSD-421|RR9_TMS_GC_G10,Ground Control
13,GSM2816898,0.992056131362915,GSE105049,Overcoming Wnt-β-catenin dependent anticancer therapy resistance in leukaemia stem cells.,,,"Leukaemia stem cells (LSCs) underlie cancer therapy resistance but targeting these cells remains difficult. The Wnt–β-catenin and PI3K–Akt pathways cooperate to promote tumorigenesis and resistance to therapy. In a mouse model in which both pathways are activated in stem and progenitor cells, LSCs expanded under chemotherapy-induced stress. Since Akt can activate β-catenin, inhibiting this interaction might target therapy-resistant LSCs. High-throughput screening identified doxorubicin (DXR) as an inhibitor of the Akt–β-catenin interaction at low doses. Here we repurposed DXR as a targeted inhibitor rather than a broadly cytotoxic chemotherapy. Targeted DXR reduced Akt-activated β-catenin levels in chemoresistant LSCs and reduced LSC tumorigenic activity. Mechanistically, β-catenin binds multiple immune-checkpoint gene loci, and targeted DXR treatment inhibited expression of multiple immune checkpoints specifically in LSCs, including PD-L1, TIM3 and CD24. Overall, LSCs exhibit distinct properties of immune resistance that are reduced by inhibiting Akt-activated β-catenin. These findings suggest a strategy for overcoming cancer therapy resistance and immune escape.","Cohorts of leukemic mice were treated with vehicle, chemotherapy, [Low]DXR, clinical-dose DXR or chemotherapy + [Low]DXR as in Figure S4. At 10 days post-treatment (day 1 = start of treatment), blast cells, LSCs, and HSPCs were sorted using stringent gates (see Figure 5A) for these populations. For each population, two biological replicates were made with 1-3 technical replicates each.  Each biological replicate was a pool of sorted cells from 4-5 male and 4-5 female mice.  Technical replicates were samples of sorted cells from each biological replicate. 1,000 cells per sample were sorted into 96-well plates with 7 ul lysis buffer containing RNase inhibitor (2 U/μl) from BM. First-strand cDNA synthesis and cDNA libraries were constructed using the SMARTer ultra low input RNA kit for sequencing - v3 (Clontech) following the manufacturer’s instructions. cDNA quality was determined by Agilent high sensitivity DNA kit on Agilent 2100 BioAnalyzer (Agilent Technologies). Libraries were sequenced at 50bp on the Illumina HiSeq 2500.  Reads were aligned to UCSC mm10 with Tophat 2.1.1 [Kim et al 2013], using gene models from Ensembl 80.  Read counts per gene were obtained with HTSeq-count 0.6.0 [Simon et al 2014].  Analysis was done in R with the EdgeR package [Robinson et al 2010] using default methods. Significantly changed genes were determined at FDR<1e-3 and fold change exceeding ±1.5. GO analysis was generated using significantly changed genes by Metascape (www.metascape.org). Kim D, Pertea G, Trapnell C, Pimentel H, Kelley R, Salzberg SL. TopHat2: accurate alignment of transcriptomes in the presence of insertions, deletions and gene fusions. . Genome Biology 2013, 14:R36 Simon Anders, Paul Theodor Pyl, Wolfgang Huber. HTSeq — A Python framework to work with high-throughput sequencing data. Bioinformatics (2014), in print, online at doi:10.1093/bioinformatics/btu638 Robinson MD, McCarthy DJ and Smyth GK (2010). “edgeR: a Bioconductor package for differential expression analysis of digital gene expression data.” Bioinformatics, 26, pp. -1.",32313104,,,134678,GPL19057; GPL17021,Mus musculus,GSE,Expression profiling by high throughput sequencing; Genome binding/occupancy profiling by high throughput sequencing,2020/04/01,87,ftp://ftp.ncbi.nlm.nih.gov/geo/series/GSE105nnn/GSE105049/,Overcoming Wnt-β-catenin dependent anticancer therapy resistance in leukaemia stem cells.,Nature cell biology,2020 Jun,10.1038/s41556-020-0507-y,OSD-421|RR9_TMS_GC_G10,Ground Control
14,GSM8196070,0.9920545816421509,GSE263655,Apobec-Mediated Retroviral Hypermutation In Vivo is Dependent on Mouse Strain [RNA-seq],,,"Retroviruses cause lifelong infections resulting from their ability to thwart innate immunity. The Apobec family of cytidine deaminases are part of the innate immune response that recognizes and mutates foreign nucleic acids, including those from multiple viruses. Multiple retroviral antagonists of Apobecs have been identified, including mouse mammary tumor virus (MMTV)-encoded Rem protein. Previous experiments have shown that Rem-null MMTV or closely related TBLV proviruses from BALB/c tumors accumulate G-to-A and C-to-T mutations typical of Apobecs compared to wild-type proviruses expressing Rem. The difference in mutations between Rem-expressing and non-expressing MMTV strains largely disappeared in mice lacking the Apobec family member, activation-induced cytidine deaminase (AID). These results suggested that Rem is an AID antagonist. In this study, we attempted to study AID-mediated mutations of TBLV proviruses lacking Rem expression obtained from tumors in C57BL/6 (B6) wild-type and AID-knockout backgrounds. Surprisingly, no differences in G-to-A mutations were observed in TBLV proviruses regardless of Rem expression, yet such mutations were significantly reduced in proviruses obtained from mA3/AID-double knockout mice relative to those from wild-type B6 or AID-knockout mice. Many cellular mRNAs involving the innate immune response, but not Apobecs, were elevated in the absence relative to the presence of Rem expression on the B6 AID-knockout background. These results revealed that Apobec-mediated mutagenesis is dependent on mouse strain and suggested a second means of Rem-dependent immune evasion.","Each of two mouse mammary tumor virus (MMTV) strains (TBLV-WT = Rem-expressing or TBLV-SD = lacks Rem expression) was used to generate tumors in C57BL/6 (B6) mice or AID-knockout B6 mice. For RNAseq, we extracted four or five tumors induced by infection with TBLV-WT (Rem+) or TBLV-SD (Rem-) either in wild-type B6 mice or AID-knockout mice. Total RNA was extracted separately from each tumor for analysis and used for library preparation prior to sequencing.",,,,854738,GPL24247,Mus musculus,GSE,Expression profiling by high throughput sequencing,2024/04/15,19,ftp://ftp.ncbi.nlm.nih.gov/geo/series/GSE263nnn/GSE263655/,,,,,OSD-421|RR9_TMS_GC_G10,Ground Control
15,GSM2816837,0.9916186928749084,GSE105049,Overcoming Wnt-β-catenin dependent anticancer therapy resistance in leukaemia stem cells.,,,"Leukaemia stem cells (LSCs) underlie cancer therapy resistance but targeting these cells remains difficult. The Wnt–β-catenin and PI3K–Akt pathways cooperate to promote tumorigenesis and resistance to therapy. In a mouse model in which both pathways are activated in stem and progenitor cells, LSCs expanded under chemotherapy-induced stress. Since Akt can activate β-catenin, inhibiting this interaction might target therapy-resistant LSCs. High-throughput screening identified doxorubicin (DXR) as an inhibitor of the Akt–β-catenin interaction at low doses. Here we repurposed DXR as a targeted inhibitor rather than a broadly cytotoxic chemotherapy. Targeted DXR reduced Akt-activated β-catenin levels in chemoresistant LSCs and reduced LSC tumorigenic activity. Mechanistically, β-catenin binds multiple immune-checkpoint gene loci, and targeted DXR treatment inhibited expression of multiple immune checkpoints specifically in LSCs, including PD-L1, TIM3 and CD24. Overall, LSCs exhibit distinct properties of immune resistance that are reduced by inhibiting Akt-activated β-catenin. These findings suggest a strategy for overcoming cancer therapy resistance and immune escape.","Cohorts of leukemic mice were treated with vehicle, chemotherapy, [Low]DXR, clinical-dose DXR or chemotherapy + [Low]DXR as in Figure S4. At 10 days post-treatment (day 1 = start of treatment), blast cells, LSCs, and HSPCs were sorted using stringent gates (see Figure 5A) for these populations. For each population, two biological replicates were made with 1-3 technical replicates each.  Each biological replicate was a pool of sorted cells from 4-5 male and 4-5 female mice.  Technical replicates were samples of sorted cells from each biological replicate. 1,000 cells per sample were sorted into 96-well plates with 7 ul lysis buffer containing RNase inhibitor (2 U/μl) from BM. First-strand cDNA synthesis and cDNA libraries were constructed using the SMARTer ultra low input RNA kit for sequencing - v3 (Clontech) following the manufacturer’s instructions. cDNA quality was determined by Agilent high sensitivity DNA kit on Agilent 2100 BioAnalyzer (Agilent Technologies). Libraries were sequenced at 50bp on the Illumina HiSeq 2500.  Reads were aligned to UCSC mm10 with Tophat 2.1.1 [Kim et al 2013], using gene models from Ensembl 80.  Read counts per gene were obtained with HTSeq-count 0.6.0 [Simon et al 2014].  Analysis was done in R with the EdgeR package [Robinson et al 2010] using default methods. Significantly changed genes were determined at FDR<1e-3 and fold change exceeding ±1.5. GO analysis was generated using significantly changed genes by Metascape (www.metascape.org). Kim D, Pertea G, Trapnell C, Pimentel H, Kelley R, Salzberg SL. TopHat2: accurate alignment of transcriptomes in the presence of insertions, deletions and gene fusions. . Genome Biology 2013, 14:R36 Simon Anders, Paul Theodor Pyl, Wolfgang Huber. HTSeq — A Python framework to work with high-throughput sequencing data. Bioinformatics (2014), in print, online at doi:10.1093/bioinformatics/btu638 Robinson MD, McCarthy DJ and Smyth GK (2010). “edgeR: a Bioconductor package for differential expression analysis of digital gene expression data.” Bioinformatics, 26, pp. -1.",32313104,,,134619,GPL19057; GPL17021,Mus musculus,GSE,Expression profiling by high throughput sequencing; Genome binding/occupancy profiling by high throughput sequencing,2020/04/01,87,ftp://ftp.ncbi.nlm.nih.gov/geo/series/GSE105nnn/GSE105049/,Overcoming Wnt-β-catenin dependent anticancer therapy resistance in leukaemia stem cells.,Nature cell biology,2020 Jun,10.1038/s41556-020-0507-y,OSD-421|RR9_TMS_GC_G10,Ground Control
16,GSM2816836,0.9912217855453491,GSE105049,Overcoming Wnt-β-catenin dependent anticancer therapy resistance in leukaemia stem cells.,,,"Leukaemia stem cells (LSCs) underlie cancer therapy resistance but targeting these cells remains difficult. The Wnt–β-catenin and PI3K–Akt pathways cooperate to promote tumorigenesis and resistance to therapy. In a mouse model in which both pathways are activated in stem and progenitor cells, LSCs expanded under chemotherapy-induced stress. Since Akt can activate β-catenin, inhibiting this interaction might target therapy-resistant LSCs. High-throughput screening identified doxorubicin (DXR) as an inhibitor of the Akt–β-catenin interaction at low doses. Here we repurposed DXR as a targeted inhibitor rather than a broadly cytotoxic chemotherapy. Targeted DXR reduced Akt-activated β-catenin levels in chemoresistant LSCs and reduced LSC tumorigenic activity. Mechanistically, β-catenin binds multiple immune-checkpoint gene loci, and targeted DXR treatment inhibited expression of multiple immune checkpoints specifically in LSCs, including PD-L1, TIM3 and CD24. Overall, LSCs exhibit distinct properties of immune resistance that are reduced by inhibiting Akt-activated β-catenin. These findings suggest a strategy for overcoming cancer therapy resistance and immune escape.","Cohorts of leukemic mice were treated with vehicle, chemotherapy, [Low]DXR, clinical-dose DXR or chemotherapy + [Low]DXR as in Figure S4. At 10 days post-treatment (day 1 = start of treatment), blast cells, LSCs, and HSPCs were sorted using stringent gates (see Figure 5A) for these populations. For each population, two biological replicates were made with 1-3 technical replicates each.  Each biological replicate was a pool of sorted cells from 4-5 male and 4-5 female mice.  Technical replicates were samples of sorted cells from each biological replicate. 1,000 cells per sample were sorted into 96-well plates with 7 ul lysis buffer containing RNase inhibitor (2 U/μl) from BM. First-strand cDNA synthesis and cDNA libraries were constructed using the SMARTer ultra low input RNA kit for sequencing - v3 (Clontech) following the manufacturer’s instructions. cDNA quality was determined by Agilent high sensitivity DNA kit on Agilent 2100 BioAnalyzer (Agilent Technologies). Libraries were sequenced at 50bp on the Illumina HiSeq 2500.  Reads were aligned to UCSC mm10 with Tophat 2.1.1 [Kim et al 2013], using gene models from Ensembl 80.  Read counts per gene were obtained with HTSeq-count 0.6.0 [Simon et al 2014].  Analysis was done in R with the EdgeR package [Robinson et al 2010] using default methods. Significantly changed genes were determined at FDR<1e-3 and fold change exceeding ±1.5. GO analysis was generated using significantly changed genes by Metascape (www.metascape.org). Kim D, Pertea G, Trapnell C, Pimentel H, Kelley R, Salzberg SL. TopHat2: accurate alignment of transcriptomes in the presence of insertions, deletions and gene fusions. . Genome Biology 2013, 14:R36 Simon Anders, Paul Theodor Pyl, Wolfgang Huber. HTSeq — A Python framework to work with high-throughput sequencing data. Bioinformatics (2014), in print, online at doi:10.1093/bioinformatics/btu638 Robinson MD, McCarthy DJ and Smyth GK (2010). “edgeR: a Bioconductor package for differential expression analysis of digital gene expression data.” Bioinformatics, 26, pp. -1.",32313104,,,134618,GPL19057; GPL17021,Mus musculus,GSE,Expression profiling by high throughput sequencing; Genome binding/occupancy profiling by high throughput sequencing,2020/04/01,87,ftp://ftp.ncbi.nlm.nih.gov/geo/series/GSE105nnn/GSE105049/,Overcoming Wnt-β-catenin dependent anticancer therapy resistance in leukaemia stem cells.,Nature cell biology,2020 Jun,10.1038/s41556-020-0507-y,OSD-421|RR9_TMS_GC_G10,Ground Control
17,GSM2816835,0.9910784959793091,GSE105049,Overcoming Wnt-β-catenin dependent anticancer therapy resistance in leukaemia stem cells.,,,"Leukaemia stem cells (LSCs) underlie cancer therapy resistance but targeting these cells remains difficult. The Wnt–β-catenin and PI3K–Akt pathways cooperate to promote tumorigenesis and resistance to therapy. In a mouse model in which both pathways are activated in stem and progenitor cells, LSCs expanded under chemotherapy-induced stress. Since Akt can activate β-catenin, inhibiting this interaction might target therapy-resistant LSCs. High-throughput screening identified doxorubicin (DXR) as an inhibitor of the Akt–β-catenin interaction at low doses. Here we repurposed DXR as a targeted inhibitor rather than a broadly cytotoxic chemotherapy. Targeted DXR reduced Akt-activated β-catenin levels in chemoresistant LSCs and reduced LSC tumorigenic activity. Mechanistically, β-catenin binds multiple immune-checkpoint gene loci, and targeted DXR treatment inhibited expression of multiple immune checkpoints specifically in LSCs, including PD-L1, TIM3 and CD24. Overall, LSCs exhibit distinct properties of immune resistance that are reduced by inhibiting Akt-activated β-catenin. These findings suggest a strategy for overcoming cancer therapy resistance and immune escape.","Cohorts of leukemic mice were treated with vehicle, chemotherapy, [Low]DXR, clinical-dose DXR or chemotherapy + [Low]DXR as in Figure S4. At 10 days post-treatment (day 1 = start of treatment), blast cells, LSCs, and HSPCs were sorted using stringent gates (see Figure 5A) for these populations. For each population, two biological replicates were made with 1-3 technical replicates each.  Each biological replicate was a pool of sorted cells from 4-5 male and 4-5 female mice.  Technical replicates were samples of sorted cells from each biological replicate. 1,000 cells per sample were sorted into 96-well plates with 7 ul lysis buffer containing RNase inhibitor (2 U/μl) from BM. First-strand cDNA synthesis and cDNA libraries were constructed using the SMARTer ultra low input RNA kit for sequencing - v3 (Clontech) following the manufacturer’s instructions. cDNA quality was determined by Agilent high sensitivity DNA kit on Agilent 2100 BioAnalyzer (Agilent Technologies). Libraries were sequenced at 50bp on the Illumina HiSeq 2500.  Reads were aligned to UCSC mm10 with Tophat 2.1.1 [Kim et al 2013], using gene models from Ensembl 80.  Read counts per gene were obtained with HTSeq-count 0.6.0 [Simon et al 2014].  Analysis was done in R with the EdgeR package [Robinson et al 2010] using default methods. Significantly changed genes were determined at FDR<1e-3 and fold change exceeding ±1.5. GO analysis was generated using significantly changed genes by Metascape (www.metascape.org). Kim D, Pertea G, Trapnell C, Pimentel H, Kelley R, Salzberg SL. TopHat2: accurate alignment of transcriptomes in the presence of insertions, deletions and gene fusions. . Genome Biology 2013, 14:R36 Simon Anders, Paul Theodor Pyl, Wolfgang Huber. HTSeq — A Python framework to work with high-throughput sequencing data. Bioinformatics (2014), in print, online at doi:10.1093/bioinformatics/btu638 Robinson MD, McCarthy DJ and Smyth GK (2010). “edgeR: a Bioconductor package for differential expression analysis of digital gene expression data.” Bioinformatics, 26, pp. -1.",32313104,,,134617,GPL19057; GPL17021,Mus musculus,GSE,Expression profiling by high throughput sequencing; Genome binding/occupancy profiling by high throughput sequencing,2020/04/01,87,ftp://ftp.ncbi.nlm.nih.gov/geo/series/GSE105nnn/GSE105049/,Overcoming Wnt-β-catenin dependent anticancer therapy resistance in leukaemia stem cells.,Nature cell biology,2020 Jun,10.1038/s41556-020-0507-y,OSD-421|RR9_TMS_GC_G10,Ground Control
18,GSM2816897,0.9910370111465454,GSE105049,Overcoming Wnt-β-catenin dependent anticancer therapy resistance in leukaemia stem cells.,,,"Leukaemia stem cells (LSCs) underlie cancer therapy resistance but targeting these cells remains difficult. The Wnt–β-catenin and PI3K–Akt pathways cooperate to promote tumorigenesis and resistance to therapy. In a mouse model in which both pathways are activated in stem and progenitor cells, LSCs expanded under chemotherapy-induced stress. Since Akt can activate β-catenin, inhibiting this interaction might target therapy-resistant LSCs. High-throughput screening identified doxorubicin (DXR) as an inhibitor of the Akt–β-catenin interaction at low doses. Here we repurposed DXR as a targeted inhibitor rather than a broadly cytotoxic chemotherapy. Targeted DXR reduced Akt-activated β-catenin levels in chemoresistant LSCs and reduced LSC tumorigenic activity. Mechanistically, β-catenin binds multiple immune-checkpoint gene loci, and targeted DXR treatment inhibited expression of multiple immune checkpoints specifically in LSCs, including PD-L1, TIM3 and CD24. Overall, LSCs exhibit distinct properties of immune resistance that are reduced by inhibiting Akt-activated β-catenin. These findings suggest a strategy for overcoming cancer therapy resistance and immune escape.","Cohorts of leukemic mice were treated with vehicle, chemotherapy, [Low]DXR, clinical-dose DXR or chemotherapy + [Low]DXR as in Figure S4. At 10 days post-treatment (day 1 = start of treatment), blast cells, LSCs, and HSPCs were sorted using stringent gates (see Figure 5A) for these populations. For each population, two biological replicates were made with 1-3 technical replicates each.  Each biological replicate was a pool of sorted cells from 4-5 male and 4-5 female mice.  Technical replicates were samples of sorted cells from each biological replicate. 1,000 cells per sample were sorted into 96-well plates with 7 ul lysis buffer containing RNase inhibitor (2 U/μl) from BM. First-strand cDNA synthesis and cDNA libraries were constructed using the SMARTer ultra low input RNA kit for sequencing - v3 (Clontech) following the manufacturer’s instructions. cDNA quality was determined by Agilent high sensitivity DNA kit on Agilent 2100 BioAnalyzer (Agilent Technologies). Libraries were sequenced at 50bp on the Illumina HiSeq 2500.  Reads were aligned to UCSC mm10 with Tophat 2.1.1 [Kim et al 2013], using gene models from Ensembl 80.  Read counts per gene were obtained with HTSeq-count 0.6.0 [Simon et al 2014].  Analysis was done in R with the EdgeR package [Robinson et al 2010] using default methods. Significantly changed genes were determined at FDR<1e-3 and fold change exceeding ±1.5. GO analysis was generated using significantly changed genes by Metascape (www.metascape.org). Kim D, Pertea G, Trapnell C, Pimentel H, Kelley R, Salzberg SL. TopHat2: accurate alignment of transcriptomes in the presence of insertions, deletions and gene fusions. . Genome Biology 2013, 14:R36 Simon Anders, Paul Theodor Pyl, Wolfgang Huber. HTSeq — A Python framework to work with high-throughput sequencing data. Bioinformatics (2014), in print, online at doi:10.1093/bioinformatics/btu638 Robinson MD, McCarthy DJ and Smyth GK (2010). “edgeR: a Bioconductor package for differential expression analysis of digital gene expression data.” Bioinformatics, 26, pp. -1.",32313104,,,134677,GPL19057; GPL17021,Mus musculus,GSE,Expression profiling by high throughput sequencing; Genome binding/occupancy profiling by high throughput sequencing,2020/04/01,87,ftp://ftp.ncbi.nlm.nih.gov/geo/series/GSE105nnn/GSE105049/,Overcoming Wnt-β-catenin dependent anticancer therapy resistance in leukaemia stem cells.,Nature cell biology,2020 Jun,10.1038/s41556-020-0507-y,OSD-421|RR9_TMS_GC_G10,Ground Control
19,GSM3608106,0.9908424019813538,GSE126579,Inferring population dynamics from single-cell RNA-sequencing time-series data,,,"This dataset consists of single-cell RNA-seq (Drop-seq) data from thymi of day 14.5 mouse embryos. The sample includes the whole thymus, including mesenchyme, endothelium, epithelium, thymocytes, and other lymphocytes. The mouse is a Rag2-/- knockout.",1 sample,30936567,,,234954,GPL19057,Mus musculus,GSE,Expression profiling by high throughput sequencing,2019/02/15,1,ftp://ftp.ncbi.nlm.nih.gov/geo/series/GSE126nnn/GSE126579/,Inferring population dynamics from single-cell RNA-sequencing time series data.,Nature biotechnology,2019 Apr,10.1038/s41587-019-0088-0,OSD-421|RR9_TMS_GC_G10,Ground Control
20,GSM7589208,0.9932321310043335,GSE236962,The b-carboline harmine is an immunomodulator in cutaneous leishmaniasis favoring the balance towards a protective immune response,,,"Here, we investigated the impact of synthetic b-carboline harmine (ACB1801),  on the immune response and pathology resulting from infection with a drug-resistant Leishmania major strain causing non-healing cutaneous lesion.  Exposure to ACB1801 impacted only slightly parasite viability and parasite burden in host macrophages in vitro. However, it significantly increased MHC-II and co stimulatory molecules expression on infected DCs, suggesting enhanced immune response. Accordingly, ACB1801 monotherapy significantly decreased lesion development and parasite burden in Leishmania infected C57BL/6 mice, with similar efficacy than the widely used Amphotericin B therapy. ACB1801 impact on the immune response was validated by transcriptomics analysis showing enrichment of TNF-a, IFN-g and MHC-II Ag presentation signatures in the draining lymph nodes of treated mice. Increased frequency of protective CD4+IFN-g+TNF-α+ T cells and reduced suppressive IL-10+FoxP3- T cells was observed by flow cytometry. ACB1801 was further shown to act via the downregulation of Aryl hydroxyl receptor (AhR) signaling, decreasing immunosuppressive cytokines. Thus, these results suggest a potential use for ACB1801 alone or in combination therapy.","C57BL/6 mice were injected with 2x105 LmSd metacyclic promastigotes into the ear dermis (i.d.). The treatments with ACB1801 or vehicle were started at day 12 post infection for 10 consecutive days. Draining lymph nodes were recovered in RLT plus buffer, homogenized using tissue lyzer. mRNA was extracted using Qiagen RNAeasy mini kit. Contralateral LNs were used as non-infected controls.",37852357,,,797458,GPL24247,Mus musculus,GSE,Expression profiling by high throughput sequencing,2023/10/24,16,ftp://ftp.ncbi.nlm.nih.gov/geo/series/GSE236nnn/GSE236962/,The β-Carboline Harmine Has a Protective Immunomodulatory Role in Nonhealing Cutaneous Leishmaniasis.,The Journal of investigative dermatology,2024 Apr,10.1016/j.jid.2023.09.280,OSD-421|RR9_TMS_GC_G2,Ground Control
21,GSM7014081,0.9931665658950806,GSE224146,A pairwise cytokine code explains the organism-wide response to sepsis,,,This SuperSeries is composed of the SubSeries listed below.,Refer to individual Series,38191855;42065235,,,733159,GPL21626; GPL24247; GPL30172,Mus musculus,GSE,Expression profiling by high throughput sequencing; Other,2024/01/08,2196,ftp://ftp.ncbi.nlm.nih.gov/geo/series/GSE224nnn/GSE224146/,A pairwise cytokine code explains the organism-wide response to sepsis.,Nature immunology,2024 Feb,10.1038/s41590-023-01722-8,OSD-421|RR9_TMS_GC_G2,Ground Control
22,GSM2465750,0.9931302070617676,GSE93961,Sub-populations in the mammary repopulating units,,,"Elucidating the top of the mammary epithelial cell hierarchy is highly important for understanding its regeneration capabilities and identifying target cells for transformation. Aiming for enriched mammary epithelial stem cell population, CD200highCD200R1high epithelial cells were identified. These cells represent ~50% of the mammary repopulating units (MRUs, CD49fhigh CD24med ) and termed MRUCD200/CD200R1. Gene expression of these cells was compared to all other MRU cells, termed MRUnot CD200/CD200R1, as well as individual CD200+ population (MRU-CD200R1-) and CD200R1+ population (MRU-CD200-).","Gene expression from mammary epithelial cells carrying sorted by CD200, CD200R1 markers and MRU markers. Four populations were sequenced: MRU-positive CD200 positive and CD200R1 positive; MRU-positive and not CD200 positive CD200R1 positive; not MRU CD200 positive CD200R1 negative; not MRU CD200 negative CD200R1 positive. There are 5 replicates from 5 individual mice.",29937142,,,95188,GPL17021,Mus musculus,GSE,Expression profiling by high throughput sequencing,2018/12/21,20,ftp://ftp.ncbi.nlm.nih.gov/geo/series/GSE93nnn/GSE93961/,High Expression of CD200 and CD200R1 Distinguishes Stem and Progenitor Cell Populations within Mammary Repopulating Units.,Stem cell reports,2018 Jul 10,10.1016/j.stemcr.2018.05.013,OSD-421|RR9_TMS_GC_G2,Ground Control
23,GSM3464183,0.9931257963180542,GSE122336,Single-cell profiling guided combinatorial immunotherapy for breast cancer resistance to Her2/neu and CDK4/6 targeted therapy,,,"Trastuzumab (Herceptin™), a humanized monoclonal antibody targeting the extracellular domain of human epidermal growth factor receptor-2 (HER2), is one of the most successful examples of targeted therapies for HER2-positive breast cancer. However, drug resistance remains daunting challenges. New combinatorial regimen of CDK4/6 inhibitors plus trastuzumab is currently under active clinical investigations. In this study, we seek to prospectively model the in vivo response to CDK4/6 inhibitor Palbociclib (Pal) plus trastuzumab (Ab) using transgenic Her2/Neu mouse model in parallel with the current clinical trial scenario. We performed single cell RNA-seqencing (Drop-seq) to profile and compare tumor cells and infiltrated immune cells derived from control, Ab+Pal sensitive/residual (APS) and resistant/progressive (APR) tumors. We revealed that although Ab+Pal treatment enhanced antigen processing, presentation and interferon signaling on tumor cells, a distinct immunosuppressive immature myeloid cells (IMCs) infiltrated in the resistant tumor microenvironment to promote resistant phenotype. Based on single cell gene set enrichment analysis (profiling) guided drug screening, we identified and evaluated a combinatorial immunotherapy regimen. We found that combinatorial immunotherapy with receptor tyrosine kinase inhibitor Cabozantinib and immune checkpoint blockades overcome Ab+Pal resistance by inhibiting IMCs and enhancing anti-tumor immunity. Moreover, our rationally designed sequential combinatorial regimens enabled durable response and sustained controlling of the emergence of acquired resistance, thus significantly improved outcomes of rapidly evolving Her2/Neu positive breast cancers. Our results implicate that single-cell RNA sequencing profiling guided combinatorial immunotherapy as a strategy to mitigate the emergence of resistance and to achieve long-term therapeutic benefit merits clinical translation.",Drop-seq of tumor cells and tumor infiltrating immune cells derived from FVB/N MMTV-neu202Mul mice with different treatment/phenotypes (sensitive and resistant tumors).,31444334,,,214561,GPL19057; GPL17021,Mus musculus,GSE,Expression profiling by high throughput sequencing,2019/06/19,21,ftp://ftp.ncbi.nlm.nih.gov/geo/series/GSE122nnn/GSE122336/,Single-cell profiling guided combinatorial immunotherapy for fast-evolving CDK4/6 inhibitor-resistant HER2-positive breast cancer.,Nature communications,2019 Aug 23,10.1038/s41467-019-11729-1,OSD-421|RR9_TMS_GC_G2,Ground Control
24,GSM8196056,0.9930808544158936,GSE263655,Apobec-Mediated Retroviral Hypermutation In Vivo is Dependent on Mouse Strain [RNA-seq],,,"Retroviruses cause lifelong infections resulting from their ability to thwart innate immunity. The Apobec family of cytidine deaminases are part of the innate immune response that recognizes and mutates foreign nucleic acids, including those from multiple viruses. Multiple retroviral antagonists of Apobecs have been identified, including mouse mammary tumor virus (MMTV)-encoded Rem protein. Previous experiments have shown that Rem-null MMTV or closely related TBLV proviruses from BALB/c tumors accumulate G-to-A and C-to-T mutations typical of Apobecs compared to wild-type proviruses expressing Rem. The difference in mutations between Rem-expressing and non-expressing MMTV strains largely disappeared in mice lacking the Apobec family member, activation-induced cytidine deaminase (AID). These results suggested that Rem is an AID antagonist. In this study, we attempted to study AID-mediated mutations of TBLV proviruses lacking Rem expression obtained from tumors in C57BL/6 (B6) wild-type and AID-knockout backgrounds. Surprisingly, no differences in G-to-A mutations were observed in TBLV proviruses regardless of Rem expression, yet such mutations were significantly reduced in proviruses obtained from mA3/AID-double knockout mice relative to those from wild-type B6 or AID-knockout mice. Many cellular mRNAs involving the innate immune response, but not Apobecs, were elevated in the absence relative to the presence of Rem expression on the B6 AID-knockout background. These results revealed that Apobec-mediated mutagenesis is dependent on mouse strain and suggested a second means of Rem-dependent immune evasion.","Each of two mouse mammary tumor virus (MMTV) strains (TBLV-WT = Rem-expressing or TBLV-SD = lacks Rem expression) was used to generate tumors in C57BL/6 (B6) mice or AID-knockout B6 mice. For RNAseq, we extracted four or five tumors induced by infection with TBLV-WT (Rem+) or TBLV-SD (Rem-) either in wild-type B6 mice or AID-knockout mice. Total RNA was extracted separately from each tumor for analysis and used for library preparation prior to sequencing.",,,,854724,GPL24247,Mus musculus,GSE,Expression profiling by high throughput sequencing,2024/04/15,19,ftp://ftp.ncbi.nlm.nih.gov/geo/series/GSE263nnn/GSE263655/,,,,,OSD-421|RR9_TMS_GC_G2,Ground Control
25,GSM8196052,0.9928929209709167,GSE263655,Apobec-Mediated Retroviral Hypermutation In Vivo is Dependent on Mouse Strain [RNA-seq],,,"Retroviruses cause lifelong infections resulting from their ability to thwart innate immunity. The Apobec family of cytidine deaminases are part of the innate immune response that recognizes and mutates foreign nucleic acids, including those from multiple viruses. Multiple retroviral antagonists of Apobecs have been identified, including mouse mammary tumor virus (MMTV)-encoded Rem protein. Previous experiments have shown that Rem-null MMTV or closely related TBLV proviruses from BALB/c tumors accumulate G-to-A and C-to-T mutations typical of Apobecs compared to wild-type proviruses expressing Rem. The difference in mutations between Rem-expressing and non-expressing MMTV strains largely disappeared in mice lacking the Apobec family member, activation-induced cytidine deaminase (AID). These results suggested that Rem is an AID antagonist. In this study, we attempted to study AID-mediated mutations of TBLV proviruses lacking Rem expression obtained from tumors in C57BL/6 (B6) wild-type and AID-knockout backgrounds. Surprisingly, no differences in G-to-A mutations were observed in TBLV proviruses regardless of Rem expression, yet such mutations were significantly reduced in proviruses obtained from mA3/AID-double knockout mice relative to those from wild-type B6 or AID-knockout mice. Many cellular mRNAs involving the innate immune response, but not Apobecs, were elevated in the absence relative to the presence of Rem expression on the B6 AID-knockout background. These results revealed that Apobec-mediated mutagenesis is dependent on mouse strain and suggested a second means of Rem-dependent immune evasion.","Each of two mouse mammary tumor virus (MMTV) strains (TBLV-WT = Rem-expressing or TBLV-SD = lacks Rem expression) was used to generate tumors in C57BL/6 (B6) mice or AID-knockout B6 mice. For RNAseq, we extracted four or five tumors induced by infection with TBLV-WT (Rem+) or TBLV-SD (Rem-) either in wild-type B6 mice or AID-knockout mice. Total RNA was extracted separately from each tumor for analysis and used for library preparation prior to sequencing.",,,,854720,GPL24247,Mus musculus,GSE,Expression profiling by high throughput sequencing,2024/04/15,19,ftp://ftp.ncbi.nlm.nih.gov/geo/series/GSE263nnn/GSE263655/,,,,,OSD-421|RR9_TMS_GC_G2,Ground Control
26,GSM3022086,0.9928376078605652,GSE111091,Establishing a preclinical model of squamous lung cancer to investigate of novel chemopreventive approaches in high risk individuals with bronchial premalignant lesion,,,"Lung cancer is the leading cause of cancer mortality due to limited diagnosis and interception of disease at its earliest curable stages. We have identified transcriptional alterations in epithelial and immune pathways in human lung squamous premalignant lesions (PMLs).  To investigate the molecular alterations identified and test prevention strategies pre-clinical models are required. The carcinogen induced N-nitroso-tris-chloroethylurea (NTCU) mouse model of lung squamous cell carcinoma (LUSC) is a promising model that develops histologically comparable lung PMLs to those that precede LUSC development in humans; however, the associated molecular alterations and immune environment driving PML and LUSC development in this model have not been well characterized.","To characterize the NTCU model we chose to examine the lesions that developed in 2 strains of mice, SWR/J and A/J, which are sensitive to developing LUSC, as not all mouse strains develop disease with treatment of NTCU. Additionally, we selected mice treated with varying total doses of NTCU ranging from 14-50 umol, where treatments with 40 or 80 mmol/L of NTCU were topically administered for 14-25 weeks.  The range of doses allowed for the isolation of RNA from a range of lesions across both strains. We additionally included normal airway from mice treated with vehicle control (acetone).",31015447,,,155977,GPL17021,Mus musculus,GSE,Expression profiling by high throughput sequencing,2019/03/05,40,ftp://ftp.ncbi.nlm.nih.gov/geo/series/GSE111nnn/GSE111091/,Molecular subtyping reveals immune alterations associated with progression of bronchial premalignant lesions.,Nature communications,2019 Apr 23,10.1038/s41467-019-09834-2,OSD-421|RR9_TMS_GC_G2,Ground Control
27,GSM8196053,0.9925263524055481,GSE263655,Apobec-Mediated Retroviral Hypermutation In Vivo is Dependent on Mouse Strain [RNA-seq],,,"Retroviruses cause lifelong infections resulting from their ability to thwart innate immunity. The Apobec family of cytidine deaminases are part of the innate immune response that recognizes and mutates foreign nucleic acids, including those from multiple viruses. Multiple retroviral antagonists of Apobecs have been identified, including mouse mammary tumor virus (MMTV)-encoded Rem protein. Previous experiments have shown that Rem-null MMTV or closely related TBLV proviruses from BALB/c tumors accumulate G-to-A and C-to-T mutations typical of Apobecs compared to wild-type proviruses expressing Rem. The difference in mutations between Rem-expressing and non-expressing MMTV strains largely disappeared in mice lacking the Apobec family member, activation-induced cytidine deaminase (AID). These results suggested that Rem is an AID antagonist. In this study, we attempted to study AID-mediated mutations of TBLV proviruses lacking Rem expression obtained from tumors in C57BL/6 (B6) wild-type and AID-knockout backgrounds. Surprisingly, no differences in G-to-A mutations were observed in TBLV proviruses regardless of Rem expression, yet such mutations were significantly reduced in proviruses obtained from mA3/AID-double knockout mice relative to those from wild-type B6 or AID-knockout mice. Many cellular mRNAs involving the innate immune response, but not Apobecs, were elevated in the absence relative to the presence of Rem expression on the B6 AID-knockout background. These results revealed that Apobec-mediated mutagenesis is dependent on mouse strain and suggested a second means of Rem-dependent immune evasion.","Each of two mouse mammary tumor virus (MMTV) strains (TBLV-WT = Rem-expressing or TBLV-SD = lacks Rem expression) was used to generate tumors in C57BL/6 (B6) mice or AID-knockout B6 mice. For RNAseq, we extracted four or five tumors induced by infection with TBLV-WT (Rem+) or TBLV-SD (Rem-) either in wild-type B6 mice or AID-knockout mice. Total RNA was extracted separately from each tumor for analysis and used for library preparation prior to sequencing.",,,,854721,GPL24247,Mus musculus,GSE,Expression profiling by high throughput sequencing,2024/04/15,19,ftp://ftp.ncbi.nlm.nih.gov/geo/series/GSE263nnn/GSE263655/,,,,,OSD-421|RR9_TMS_GC_G2,Ground Control
28,GSM2465746,0.9924842715263367,GSE93961,Sub-populations in the mammary repopulating units,,,"Elucidating the top of the mammary epithelial cell hierarchy is highly important for understanding its regeneration capabilities and identifying target cells for transformation. Aiming for enriched mammary epithelial stem cell population, CD200highCD200R1high epithelial cells were identified. These cells represent ~50% of the mammary repopulating units (MRUs, CD49fhigh CD24med ) and termed MRUCD200/CD200R1. Gene expression of these cells was compared to all other MRU cells, termed MRUnot CD200/CD200R1, as well as individual CD200+ population (MRU-CD200R1-) and CD200R1+ population (MRU-CD200-).","Gene expression from mammary epithelial cells carrying sorted by CD200, CD200R1 markers and MRU markers. Four populations were sequenced: MRU-positive CD200 positive and CD200R1 positive; MRU-positive and not CD200 positive CD200R1 positive; not MRU CD200 positive CD200R1 negative; not MRU CD200 negative CD200R1 positive. There are 5 replicates from 5 individual mice.",29937142,,,95184,GPL17021,Mus musculus,GSE,Expression profiling by high throughput sequencing,2018/12/21,20,ftp://ftp.ncbi.nlm.nih.gov/geo/series/GSE93nnn/GSE93961/,High Expression of CD200 and CD200R1 Distinguishes Stem and Progenitor Cell Populations within Mammary Repopulating Units.,Stem cell reports,2018 Jul 10,10.1016/j.stemcr.2018.05.013,OSD-421|RR9_TMS_GC_G2,Ground Control
29,GSM2465747,0.9923548102378845,GSE93961,Sub-populations in the mammary repopulating units,,,"Elucidating the top of the mammary epithelial cell hierarchy is highly important for understanding its regeneration capabilities and identifying target cells for transformation. Aiming for enriched mammary epithelial stem cell population, CD200highCD200R1high epithelial cells were identified. These cells represent ~50% of the mammary repopulating units (MRUs, CD49fhigh CD24med ) and termed MRUCD200/CD200R1. Gene expression of these cells was compared to all other MRU cells, termed MRUnot CD200/CD200R1, as well as individual CD200+ population (MRU-CD200R1-) and CD200R1+ population (MRU-CD200-).","Gene expression from mammary epithelial cells carrying sorted by CD200, CD200R1 markers and MRU markers. Four populations were sequenced: MRU-positive CD200 positive and CD200R1 positive; MRU-positive and not CD200 positive CD200R1 positive; not MRU CD200 positive CD200R1 negative; not MRU CD200 negative CD200R1 positive. There are 5 replicates from 5 individual mice.",29937142,,,95185,GPL17021,Mus musculus,GSE,Expression profiling by high throughput sequencing,2018/12/21,20,ftp://ftp.ncbi.nlm.nih.gov/geo/series/GSE93nnn/GSE93961/,High Expression of CD200 and CD200R1 Distinguishes Stem and Progenitor Cell Populations within Mammary Repopulating Units.,Stem cell reports,2018 Jul 10,10.1016/j.stemcr.2018.05.013,OSD-421|RR9_TMS_GC_G2,Ground Control
30,GSM8196053,0.9944788217544556,GSE263655,Apobec-Mediated Retroviral Hypermutation In Vivo is Dependent on Mouse Strain [RNA-seq],,,"Retroviruses cause lifelong infections resulting from their ability to thwart innate immunity. The Apobec family of cytidine deaminases are part of the innate immune response that recognizes and mutates foreign nucleic acids, including those from multiple viruses. Multiple retroviral antagonists of Apobecs have been identified, including mouse mammary tumor virus (MMTV)-encoded Rem protein. Previous experiments have shown that Rem-null MMTV or closely related TBLV proviruses from BALB/c tumors accumulate G-to-A and C-to-T mutations typical of Apobecs compared to wild-type proviruses expressing Rem. The difference in mutations between Rem-expressing and non-expressing MMTV strains largely disappeared in mice lacking the Apobec family member, activation-induced cytidine deaminase (AID). These results suggested that Rem is an AID antagonist. In this study, we attempted to study AID-mediated mutations of TBLV proviruses lacking Rem expression obtained from tumors in C57BL/6 (B6) wild-type and AID-knockout backgrounds. Surprisingly, no differences in G-to-A mutations were observed in TBLV proviruses regardless of Rem expression, yet such mutations were significantly reduced in proviruses obtained from mA3/AID-double knockout mice relative to those from wild-type B6 or AID-knockout mice. Many cellular mRNAs involving the innate immune response, but not Apobecs, were elevated in the absence relative to the presence of Rem expression on the B6 AID-knockout background. These results revealed that Apobec-mediated mutagenesis is dependent on mouse strain and suggested a second means of Rem-dependent immune evasion.","Each of two mouse mammary tumor virus (MMTV) strains (TBLV-WT = Rem-expressing or TBLV-SD = lacks Rem expression) was used to generate tumors in C57BL/6 (B6) mice or AID-knockout B6 mice. For RNAseq, we extracted four or five tumors induced by infection with TBLV-WT (Rem+) or TBLV-SD (Rem-) either in wild-type B6 mice or AID-knockout mice. Total RNA was extracted separately from each tumor for analysis and used for library preparation prior to sequencing.",,,,854721,GPL24247,Mus musculus,GSE,Expression profiling by high throughput sequencing,2024/04/15,19,ftp://ftp.ncbi.nlm.nih.gov/geo/series/GSE263nnn/GSE263655/,,,,,OSD-421|RR9_TMS_GC_G3,Ground Control
31,GSM8196067,0.9943040013313293,GSE263655,Apobec-Mediated Retroviral Hypermutation In Vivo is Dependent on Mouse Strain [RNA-seq],,,"Retroviruses cause lifelong infections resulting from their ability to thwart innate immunity. The Apobec family of cytidine deaminases are part of the innate immune response that recognizes and mutates foreign nucleic acids, including those from multiple viruses. Multiple retroviral antagonists of Apobecs have been identified, including mouse mammary tumor virus (MMTV)-encoded Rem protein. Previous experiments have shown that Rem-null MMTV or closely related TBLV proviruses from BALB/c tumors accumulate G-to-A and C-to-T mutations typical of Apobecs compared to wild-type proviruses expressing Rem. The difference in mutations between Rem-expressing and non-expressing MMTV strains largely disappeared in mice lacking the Apobec family member, activation-induced cytidine deaminase (AID). These results suggested that Rem is an AID antagonist. In this study, we attempted to study AID-mediated mutations of TBLV proviruses lacking Rem expression obtained from tumors in C57BL/6 (B6) wild-type and AID-knockout backgrounds. Surprisingly, no differences in G-to-A mutations were observed in TBLV proviruses regardless of Rem expression, yet such mutations were significantly reduced in proviruses obtained from mA3/AID-double knockout mice relative to those from wild-type B6 or AID-knockout mice. Many cellular mRNAs involving the innate immune response, but not Apobecs, were elevated in the absence relative to the presence of Rem expression on the B6 AID-knockout background. These results revealed that Apobec-mediated mutagenesis is dependent on mouse strain and suggested a second means of Rem-dependent immune evasion.","Each of two mouse mammary tumor virus (MMTV) strains (TBLV-WT = Rem-expressing or TBLV-SD = lacks Rem expression) was used to generate tumors in C57BL/6 (B6) mice or AID-knockout B6 mice. For RNAseq, we extracted four or five tumors induced by infection with TBLV-WT (Rem+) or TBLV-SD (Rem-) either in wild-type B6 mice or AID-knockout mice. Total RNA was extracted separately from each tumor for analysis and used for library preparation prior to sequencing.",,,,854735,GPL24247,Mus musculus,GSE,Expression profiling by high throughput sequencing,2024/04/15,19,ftp://ftp.ncbi.nlm.nih.gov/geo/series/GSE263nnn/GSE263655/,,,,,OSD-421|RR9_TMS_GC_G3,Ground Control
32,GSM8196060,0.9940290451049805,GSE263655,Apobec-Mediated Retroviral Hypermutation In Vivo is Dependent on Mouse Strain [RNA-seq],,,"Retroviruses cause lifelong infections resulting from their ability to thwart innate immunity. The Apobec family of cytidine deaminases are part of the innate immune response that recognizes and mutates foreign nucleic acids, including those from multiple viruses. Multiple retroviral antagonists of Apobecs have been identified, including mouse mammary tumor virus (MMTV)-encoded Rem protein. Previous experiments have shown that Rem-null MMTV or closely related TBLV proviruses from BALB/c tumors accumulate G-to-A and C-to-T mutations typical of Apobecs compared to wild-type proviruses expressing Rem. The difference in mutations between Rem-expressing and non-expressing MMTV strains largely disappeared in mice lacking the Apobec family member, activation-induced cytidine deaminase (AID). These results suggested that Rem is an AID antagonist. In this study, we attempted to study AID-mediated mutations of TBLV proviruses lacking Rem expression obtained from tumors in C57BL/6 (B6) wild-type and AID-knockout backgrounds. Surprisingly, no differences in G-to-A mutations were observed in TBLV proviruses regardless of Rem expression, yet such mutations were significantly reduced in proviruses obtained from mA3/AID-double knockout mice relative to those from wild-type B6 or AID-knockout mice. Many cellular mRNAs involving the innate immune response, but not Apobecs, were elevated in the absence relative to the presence of Rem expression on the B6 AID-knockout background. These results revealed that Apobec-mediated mutagenesis is dependent on mouse strain and suggested a second means of Rem-dependent immune evasion.","Each of two mouse mammary tumor virus (MMTV) strains (TBLV-WT = Rem-expressing or TBLV-SD = lacks Rem expression) was used to generate tumors in C57BL/6 (B6) mice or AID-knockout B6 mice. For RNAseq, we extracted four or five tumors induced by infection with TBLV-WT (Rem+) or TBLV-SD (Rem-) either in wild-type B6 mice or AID-knockout mice. Total RNA was extracted separately from each tumor for analysis and used for library preparation prior to sequencing.",,,,854728,GPL24247,Mus musculus,GSE,Expression profiling by high throughput sequencing,2024/04/15,19,ftp://ftp.ncbi.nlm.nih.gov/geo/series/GSE263nnn/GSE263655/,,,,,OSD-421|RR9_TMS_GC_G3,Ground Control
33,GSM8196069,0.9938509464263916,GSE263655,Apobec-Mediated Retroviral Hypermutation In Vivo is Dependent on Mouse Strain [RNA-seq],,,"Retroviruses cause lifelong infections resulting from their ability to thwart innate immunity. The Apobec family of cytidine deaminases are part of the innate immune response that recognizes and mutates foreign nucleic acids, including those from multiple viruses. Multiple retroviral antagonists of Apobecs have been identified, including mouse mammary tumor virus (MMTV)-encoded Rem protein. Previous experiments have shown that Rem-null MMTV or closely related TBLV proviruses from BALB/c tumors accumulate G-to-A and C-to-T mutations typical of Apobecs compared to wild-type proviruses expressing Rem. The difference in mutations between Rem-expressing and non-expressing MMTV strains largely disappeared in mice lacking the Apobec family member, activation-induced cytidine deaminase (AID). These results suggested that Rem is an AID antagonist. In this study, we attempted to study AID-mediated mutations of TBLV proviruses lacking Rem expression obtained from tumors in C57BL/6 (B6) wild-type and AID-knockout backgrounds. Surprisingly, no differences in G-to-A mutations were observed in TBLV proviruses regardless of Rem expression, yet such mutations were significantly reduced in proviruses obtained from mA3/AID-double knockout mice relative to those from wild-type B6 or AID-knockout mice. Many cellular mRNAs involving the innate immune response, but not Apobecs, were elevated in the absence relative to the presence of Rem expression on the B6 AID-knockout background. These results revealed that Apobec-mediated mutagenesis is dependent on mouse strain and suggested a second means of Rem-dependent immune evasion.","Each of two mouse mammary tumor virus (MMTV) strains (TBLV-WT = Rem-expressing or TBLV-SD = lacks Rem expression) was used to generate tumors in C57BL/6 (B6) mice or AID-knockout B6 mice. For RNAseq, we extracted four or five tumors induced by infection with TBLV-WT (Rem+) or TBLV-SD (Rem-) either in wild-type B6 mice or AID-knockout mice. Total RNA was extracted separately from each tumor for analysis and used for library preparation prior to sequencing.",,,,854737,GPL24247,Mus musculus,GSE,Expression profiling by high throughput sequencing,2024/04/15,19,ftp://ftp.ncbi.nlm.nih.gov/geo/series/GSE263nnn/GSE263655/,,,,,OSD-421|RR9_TMS_GC_G3,Ground Control
34,GSM8196057,0.9937065243721008,GSE263655,Apobec-Mediated Retroviral Hypermutation In Vivo is Dependent on Mouse Strain [RNA-seq],,,"Retroviruses cause lifelong infections resulting from their ability to thwart innate immunity. The Apobec family of cytidine deaminases are part of the innate immune response that recognizes and mutates foreign nucleic acids, including those from multiple viruses. Multiple retroviral antagonists of Apobecs have been identified, including mouse mammary tumor virus (MMTV)-encoded Rem protein. Previous experiments have shown that Rem-null MMTV or closely related TBLV proviruses from BALB/c tumors accumulate G-to-A and C-to-T mutations typical of Apobecs compared to wild-type proviruses expressing Rem. The difference in mutations between Rem-expressing and non-expressing MMTV strains largely disappeared in mice lacking the Apobec family member, activation-induced cytidine deaminase (AID). These results suggested that Rem is an AID antagonist. In this study, we attempted to study AID-mediated mutations of TBLV proviruses lacking Rem expression obtained from tumors in C57BL/6 (B6) wild-type and AID-knockout backgrounds. Surprisingly, no differences in G-to-A mutations were observed in TBLV proviruses regardless of Rem expression, yet such mutations were significantly reduced in proviruses obtained from mA3/AID-double knockout mice relative to those from wild-type B6 or AID-knockout mice. Many cellular mRNAs involving the innate immune response, but not Apobecs, were elevated in the absence relative to the presence of Rem expression on the B6 AID-knockout background. These results revealed that Apobec-mediated mutagenesis is dependent on mouse strain and suggested a second means of Rem-dependent immune evasion.","Each of two mouse mammary tumor virus (MMTV) strains (TBLV-WT = Rem-expressing or TBLV-SD = lacks Rem expression) was used to generate tumors in C57BL/6 (B6) mice or AID-knockout B6 mice. For RNAseq, we extracted four or five tumors induced by infection with TBLV-WT (Rem+) or TBLV-SD (Rem-) either in wild-type B6 mice or AID-knockout mice. Total RNA was extracted separately from each tumor for analysis and used for library preparation prior to sequencing.",,,,854725,GPL24247,Mus musculus,GSE,Expression profiling by high throughput sequencing,2024/04/15,19,ftp://ftp.ncbi.nlm.nih.gov/geo/series/GSE263nnn/GSE263655/,,,,,OSD-421|RR9_TMS_GC_G3,Ground Control
35,GSM2816898,0.9934947490692139,GSE105049,Overcoming Wnt-β-catenin dependent anticancer therapy resistance in leukaemia stem cells.,,,"Leukaemia stem cells (LSCs) underlie cancer therapy resistance but targeting these cells remains difficult. The Wnt–β-catenin and PI3K–Akt pathways cooperate to promote tumorigenesis and resistance to therapy. In a mouse model in which both pathways are activated in stem and progenitor cells, LSCs expanded under chemotherapy-induced stress. Since Akt can activate β-catenin, inhibiting this interaction might target therapy-resistant LSCs. High-throughput screening identified doxorubicin (DXR) as an inhibitor of the Akt–β-catenin interaction at low doses. Here we repurposed DXR as a targeted inhibitor rather than a broadly cytotoxic chemotherapy. Targeted DXR reduced Akt-activated β-catenin levels in chemoresistant LSCs and reduced LSC tumorigenic activity. Mechanistically, β-catenin binds multiple immune-checkpoint gene loci, and targeted DXR treatment inhibited expression of multiple immune checkpoints specifically in LSCs, including PD-L1, TIM3 and CD24. Overall, LSCs exhibit distinct properties of immune resistance that are reduced by inhibiting Akt-activated β-catenin. These findings suggest a strategy for overcoming cancer therapy resistance and immune escape.","Cohorts of leukemic mice were treated with vehicle, chemotherapy, [Low]DXR, clinical-dose DXR or chemotherapy + [Low]DXR as in Figure S4. At 10 days post-treatment (day 1 = start of treatment), blast cells, LSCs, and HSPCs were sorted using stringent gates (see Figure 5A) for these populations. For each population, two biological replicates were made with 1-3 technical replicates each.  Each biological replicate was a pool of sorted cells from 4-5 male and 4-5 female mice.  Technical replicates were samples of sorted cells from each biological replicate. 1,000 cells per sample were sorted into 96-well plates with 7 ul lysis buffer containing RNase inhibitor (2 U/μl) from BM. First-strand cDNA synthesis and cDNA libraries were constructed using the SMARTer ultra low input RNA kit for sequencing - v3 (Clontech) following the manufacturer’s instructions. cDNA quality was determined by Agilent high sensitivity DNA kit on Agilent 2100 BioAnalyzer (Agilent Technologies). Libraries were sequenced at 50bp on the Illumina HiSeq 2500.  Reads were aligned to UCSC mm10 with Tophat 2.1.1 [Kim et al 2013], using gene models from Ensembl 80.  Read counts per gene were obtained with HTSeq-count 0.6.0 [Simon et al 2014].  Analysis was done in R with the EdgeR package [Robinson et al 2010] using default methods. Significantly changed genes were determined at FDR<1e-3 and fold change exceeding ±1.5. GO analysis was generated using significantly changed genes by Metascape (www.metascape.org). Kim D, Pertea G, Trapnell C, Pimentel H, Kelley R, Salzberg SL. TopHat2: accurate alignment of transcriptomes in the presence of insertions, deletions and gene fusions. . Genome Biology 2013, 14:R36 Simon Anders, Paul Theodor Pyl, Wolfgang Huber. HTSeq — A Python framework to work with high-throughput sequencing data. Bioinformatics (2014), in print, online at doi:10.1093/bioinformatics/btu638 Robinson MD, McCarthy DJ and Smyth GK (2010). “edgeR: a Bioconductor package for differential expression analysis of digital gene expression data.” Bioinformatics, 26, pp. -1.",32313104,,,134678,GPL19057; GPL17021,Mus musculus,GSE,Expression profiling by high throughput sequencing; Genome binding/occupancy profiling by high throughput sequencing,2020/04/01,87,ftp://ftp.ncbi.nlm.nih.gov/geo/series/GSE105nnn/GSE105049/,Overcoming Wnt-β-catenin dependent anticancer therapy resistance in leukaemia stem cells.,Nature cell biology,2020 Jun,10.1038/s41556-020-0507-y,OSD-421|RR9_TMS_GC_G3,Ground Control
36,GSM8196070,0.9933463335037231,GSE263655,Apobec-Mediated Retroviral Hypermutation In Vivo is Dependent on Mouse Strain [RNA-seq],,,"Retroviruses cause lifelong infections resulting from their ability to thwart innate immunity. The Apobec family of cytidine deaminases are part of the innate immune response that recognizes and mutates foreign nucleic acids, including those from multiple viruses. Multiple retroviral antagonists of Apobecs have been identified, including mouse mammary tumor virus (MMTV)-encoded Rem protein. Previous experiments have shown that Rem-null MMTV or closely related TBLV proviruses from BALB/c tumors accumulate G-to-A and C-to-T mutations typical of Apobecs compared to wild-type proviruses expressing Rem. The difference in mutations between Rem-expressing and non-expressing MMTV strains largely disappeared in mice lacking the Apobec family member, activation-induced cytidine deaminase (AID). These results suggested that Rem is an AID antagonist. In this study, we attempted to study AID-mediated mutations of TBLV proviruses lacking Rem expression obtained from tumors in C57BL/6 (B6) wild-type and AID-knockout backgrounds. Surprisingly, no differences in G-to-A mutations were observed in TBLV proviruses regardless of Rem expression, yet such mutations were significantly reduced in proviruses obtained from mA3/AID-double knockout mice relative to those from wild-type B6 or AID-knockout mice. Many cellular mRNAs involving the innate immune response, but not Apobecs, were elevated in the absence relative to the presence of Rem expression on the B6 AID-knockout background. These results revealed that Apobec-mediated mutagenesis is dependent on mouse strain and suggested a second means of Rem-dependent immune evasion.","Each of two mouse mammary tumor virus (MMTV) strains (TBLV-WT = Rem-expressing or TBLV-SD = lacks Rem expression) was used to generate tumors in C57BL/6 (B6) mice or AID-knockout B6 mice. For RNAseq, we extracted four or five tumors induced by infection with TBLV-WT (Rem+) or TBLV-SD (Rem-) either in wild-type B6 mice or AID-knockout mice. Total RNA was extracted separately from each tumor for analysis and used for library preparation prior to sequencing.",,,,854738,GPL24247,Mus musculus,GSE,Expression profiling by high throughput sequencing,2024/04/15,19,ftp://ftp.ncbi.nlm.nih.gov/geo/series/GSE263nnn/GSE263655/,,,,,OSD-421|RR9_TMS_GC_G3,Ground Control
37,GSM2883195,0.9933273196220398,GSE107910,Single-cell RNA sequencing resolves cellular heterogeneity throughout embryonic development of the thymus,,,"This dataset consists of single-cell RNA-seq (Drop-seq) data from eight days of mouse thymus development. Samples span from embryonic day 12.5, when the thymus coalesces, until birth. They cover the whole thymus, including mesenchyme, endothelium, epithelium, thymocytes, and other lymphocytes. The dataset also includes Drop-seq data on Rag1-/- embryos and on fetal thymic organ cultures (control and a retinoic acid perturbation).",A single-cell atlas of the developing mouse thymus.,29884461,,,138945,GPL19057,Mus musculus,GSE,Expression profiling by high throughput sequencing,2018/06/05,27,ftp://ftp.ncbi.nlm.nih.gov/geo/series/GSE107nnn/GSE107910/,A Single-Cell Transcriptomic Atlas of Thymus Organogenesis Resolves Cell Types and Developmental Maturation.,Immunity,2018 Jun 19,10.1016/j.immuni.2018.04.015,OSD-421|RR9_TMS_GC_G3,Ground Control
38,GSM8196059,0.9932604432106018,GSE263655,Apobec-Mediated Retroviral Hypermutation In Vivo is Dependent on Mouse Strain [RNA-seq],,,"Retroviruses cause lifelong infections resulting from their ability to thwart innate immunity. The Apobec family of cytidine deaminases are part of the innate immune response that recognizes and mutates foreign nucleic acids, including those from multiple viruses. Multiple retroviral antagonists of Apobecs have been identified, including mouse mammary tumor virus (MMTV)-encoded Rem protein. Previous experiments have shown that Rem-null MMTV or closely related TBLV proviruses from BALB/c tumors accumulate G-to-A and C-to-T mutations typical of Apobecs compared to wild-type proviruses expressing Rem. The difference in mutations between Rem-expressing and non-expressing MMTV strains largely disappeared in mice lacking the Apobec family member, activation-induced cytidine deaminase (AID). These results suggested that Rem is an AID antagonist. In this study, we attempted to study AID-mediated mutations of TBLV proviruses lacking Rem expression obtained from tumors in C57BL/6 (B6) wild-type and AID-knockout backgrounds. Surprisingly, no differences in G-to-A mutations were observed in TBLV proviruses regardless of Rem expression, yet such mutations were significantly reduced in proviruses obtained from mA3/AID-double knockout mice relative to those from wild-type B6 or AID-knockout mice. Many cellular mRNAs involving the innate immune response, but not Apobecs, were elevated in the absence relative to the presence of Rem expression on the B6 AID-knockout background. These results revealed that Apobec-mediated mutagenesis is dependent on mouse strain and suggested a second means of Rem-dependent immune evasion.","Each of two mouse mammary tumor virus (MMTV) strains (TBLV-WT = Rem-expressing or TBLV-SD = lacks Rem expression) was used to generate tumors in C57BL/6 (B6) mice or AID-knockout B6 mice. For RNAseq, we extracted four or five tumors induced by infection with TBLV-WT (Rem+) or TBLV-SD (Rem-) either in wild-type B6 mice or AID-knockout mice. Total RNA was extracted separately from each tumor for analysis and used for library preparation prior to sequencing.",,,,854727,GPL24247,Mus musculus,GSE,Expression profiling by high throughput sequencing,2024/04/15,19,ftp://ftp.ncbi.nlm.nih.gov/geo/series/GSE263nnn/GSE263655/,,,,,OSD-421|RR9_TMS_GC_G3,Ground Control
39,GSM2883194,0.9932584762573242,GSE107910,Single-cell RNA sequencing resolves cellular heterogeneity throughout embryonic development of the thymus,,,"This dataset consists of single-cell RNA-seq (Drop-seq) data from eight days of mouse thymus development. Samples span from embryonic day 12.5, when the thymus coalesces, until birth. They cover the whole thymus, including mesenchyme, endothelium, epithelium, thymocytes, and other lymphocytes. The dataset also includes Drop-seq data on Rag1-/- embryos and on fetal thymic organ cultures (control and a retinoic acid perturbation).",A single-cell atlas of the developing mouse thymus.,29884461,,,138944,GPL19057,Mus musculus,GSE,Expression profiling by high throughput sequencing,2018/06/05,27,ftp://ftp.ncbi.nlm.nih.gov/geo/series/GSE107nnn/GSE107910/,A Single-Cell Transcriptomic Atlas of Thymus Organogenesis Resolves Cell Types and Developmental Maturation.,Immunity,2018 Jun 19,10.1016/j.immuni.2018.04.015,OSD-421|RR9_TMS_GC_G3,Ground Control
40,GSM3386299,0.9939584732055664,GSE119884,"Novel MVA Vector Expressing Anti-apoptotic gene, B13R, Delays Apoptosis and Enhances Humoral Responses",,,"Modified vaccinia virus Ankara (MVA) has been explored as a vaccine vector for use against infectious diseases and cancer. MVA is an immunogenic, attenuated poxvirus capable of eliciting robust cellular and humoral responses in pre-clinical animal models and in patients. However, upon infection with MVA, cells undergo rapid apoptosis leading to faster clearance of recombinant antigens. The fragmentation of the anti-apoptotic gene B13R in MVA could contribute to this effect. Here, we replaced the fragmented B13R with a functional version and observed that MVA-B13R infected HeLa cells and muscle cell lines delayed caspase 3 activation compared to MVA indicating slower progression of apoptosis. For immunogenicity studies, mice were intramuscularly immunized with recombinant MVA or MVA-B13R expressing SIV Gag, Pol and HIV Env (SHIV). We observed higher Env-specific humoral responses from MVA-B13R SHIV compared to MVA SHIV mice. To determine differences in the innate immune response that may have contributed to the augmented humoral response, we performed RNA-Seq analysis on draining lymph node cells after immunization. Gene set enrichment analysis from day 1 after immunization showed that MVA-B13R SHIV immunizations were associated with a negative enrichment for type I and II interferon responses compared to MVA SHIV mice indicating MVA-B13R SHIV induces a delayed anti-viral interferon response that may lead to the enhanced humoral response observed. Taken together, these results demonstrate that restoring B13R functionality in MVA significantly delays MVA-induced apoptosis, augments Env-specific antibody responses, and is associated with reduced interferon-alpha and interferon-gamma responses induced after vaccination.","Female BALB/c mice were intramuscularly immunized at 10^7 pfu/dose with MVA expressing SHIV antigens or MVA-B13R expressing SHIV. At days 1, 2, and 6 post immunization, draining inguinal lymph node cells were harvested for RNA extraction. 5 animals per group per time point including 5 naive mice as a control group.",,,,197467,GPL21493,Mus musculus,GSE,Expression profiling by high throughput sequencing,2018/11/27,35,ftp://ftp.ncbi.nlm.nih.gov/geo/series/GSE119nnn/GSE119884/,,,,,OSD-421|RR9_TMS_GC_G4,Ground Control
41,GSM5530581,0.9939160346984863,GSE198612,Runx3 drives a tissue-residency program that is absent in CD4+ T cells,,,This SuperSeries is composed of the SubSeries listed below.,Refer to individual Series,,,,534650,GPL24247,Mus musculus,GSE,Expression profiling by high throughput sequencing; Genome binding/occupancy profiling by high throughput sequencing,2022/05/24,20,ftp://ftp.ncbi.nlm.nih.gov/geo/series/GSE198nnn/GSE198612/,,,,,OSD-421|RR9_TMS_GC_G4,Ground Control
42,GSM5530575,0.9938612580299377,GSE198612,Runx3 drives a tissue-residency program that is absent in CD4+ T cells,,,This SuperSeries is composed of the SubSeries listed below.,Refer to individual Series,,,,534644,GPL24247,Mus musculus,GSE,Expression profiling by high throughput sequencing; Genome binding/occupancy profiling by high throughput sequencing,2022/05/24,20,ftp://ftp.ncbi.nlm.nih.gov/geo/series/GSE198nnn/GSE198612/,,,,,OSD-421|RR9_TMS_GC_G4,Ground Control
43,GSM3447618,0.9938579201698303,GSE121838,Sex-specific adipose tissue imprinting of regulatory T cells,,,This SuperSeries is composed of the SubSeries listed below.,Refer to individual Series,32103173,,,213458,GPL19057,Mus musculus,GSE,Expression profiling by high throughput sequencing; Genome binding/occupancy profiling by high throughput sequencing,2020/02/28,53,ftp://ftp.ncbi.nlm.nih.gov/geo/series/GSE121nnn/GSE121838/,Sex-specific adipose tissue imprinting of regulatory T cells.,Nature,2020 Mar,10.1038/s41586-020-2040-3,OSD-421|RR9_TMS_GC_G4,Ground Control
44,GSM3985854,0.9937097430229187,GSE135096,Profound discrepancies between cell autonomous and systemic Akt isoform deletions have uncovered new roles for Akt isoforms in breast cancer development and metastasis,,,Here we study the effect on cell autonomous and systemic Akt isoform deletions in breast cancer,Investigating role of Akt isoforms in breast cancer using single cell RNA-seq,,,,277866,GPL19057,Mus musculus,GSE,Expression profiling by high throughput sequencing,2020/08/21,14,ftp://ftp.ncbi.nlm.nih.gov/geo/series/GSE135nnn/GSE135096/,,,,,OSD-421|RR9_TMS_GC_G4,Ground Control
45,GSM5530573,0.9932412505149841,GSE198612,Runx3 drives a tissue-residency program that is absent in CD4+ T cells,,,This SuperSeries is composed of the SubSeries listed below.,Refer to individual Series,,,,534642,GPL24247,Mus musculus,GSE,Expression profiling by high throughput sequencing; Genome binding/occupancy profiling by high throughput sequencing,2022/05/24,20,ftp://ftp.ncbi.nlm.nih.gov/geo/series/GSE198nnn/GSE198612/,,,,,OSD-421|RR9_TMS_GC_G4,Ground Control
46,GSM4396020,0.9931151866912842,GSE134663,Structural cells are key regulators of organ-specific immune response,,,This SuperSeries is composed of the SubSeries listed below.,Refer to individual Series,32612232,,,351772,GPL21103,Mus musculus,GSE,Expression profiling by high throughput sequencing; Genome binding/occupancy profiling by high throughput sequencing,2020/06/30,579,ftp://ftp.ncbi.nlm.nih.gov/geo/series/GSE134nnn/GSE134663/,Structural cells are key regulators of organ-specific immune responses.,Nature,2020 Jul,10.1038/s41586-020-2424-4,OSD-421|RR9_TMS_GC_G4,Ground Control
47,GSM3447619,0.9930130243301392,GSE121838,Sex-specific adipose tissue imprinting of regulatory T cells,,,This SuperSeries is composed of the SubSeries listed below.,Refer to individual Series,32103173,,,213459,GPL19057,Mus musculus,GSE,Expression profiling by high throughput sequencing; Genome binding/occupancy profiling by high throughput sequencing,2020/02/28,53,ftp://ftp.ncbi.nlm.nih.gov/geo/series/GSE121nnn/GSE121838/,Sex-specific adipose tissue imprinting of regulatory T cells.,Nature,2020 Mar,10.1038/s41586-020-2040-3,OSD-421|RR9_TMS_GC_G4,Ground Control
48,GSM3758285,0.9927180409431458,GSE130987,RNA sequencing of Tregs from skin and whole skin from neonatal mice colonized with Staphlyococcus epidermidis versus Staphylococcus aureus,,,This SuperSeries is composed of the SubSeries listed below.,Refer to individual Series,,,,255788,GPL17021,Mus musculus,GSE,Expression profiling by high throughput sequencing,2019/11/11,20,ftp://ftp.ncbi.nlm.nih.gov/geo/series/GSE130nnn/GSE130987/,,,,,OSD-421|RR9_TMS_GC_G4,Ground Control
49,GSM2465750,0.9926000833511353,GSE93961,Sub-populations in the mammary repopulating units,,,"Elucidating the top of the mammary epithelial cell hierarchy is highly important for understanding its regeneration capabilities and identifying target cells for transformation. Aiming for enriched mammary epithelial stem cell population, CD200highCD200R1high epithelial cells were identified. These cells represent ~50% of the mammary repopulating units (MRUs, CD49fhigh CD24med ) and termed MRUCD200/CD200R1. Gene expression of these cells was compared to all other MRU cells, termed MRUnot CD200/CD200R1, as well as individual CD200+ population (MRU-CD200R1-) and CD200R1+ population (MRU-CD200-).","Gene expression from mammary epithelial cells carrying sorted by CD200, CD200R1 markers and MRU markers. Four populations were sequenced: MRU-positive CD200 positive and CD200R1 positive; MRU-positive and not CD200 positive CD200R1 positive; not MRU CD200 positive CD200R1 negative; not MRU CD200 negative CD200R1 positive. There are 5 replicates from 5 individual mice.",29937142,,,95188,GPL17021,Mus musculus,GSE,Expression profiling by high throughput sequencing,2018/12/21,20,ftp://ftp.ncbi.nlm.nih.gov/geo/series/GSE93nnn/GSE93961/,High Expression of CD200 and CD200R1 Distinguishes Stem and Progenitor Cell Populations within Mammary Repopulating Units.,Stem cell reports,2018 Jul 10,10.1016/j.stemcr.2018.05.013,OSD-421|RR9_TMS_GC_G4,Ground Control
50,GSM8196053,0.9944119453430176,GSE263655,Apobec-Mediated Retroviral Hypermutation In Vivo is Dependent on Mouse Strain [RNA-seq],,,"Retroviruses cause lifelong infections resulting from their ability to thwart innate immunity. The Apobec family of cytidine deaminases are part of the innate immune response that recognizes and mutates foreign nucleic acids, including those from multiple viruses. Multiple retroviral antagonists of Apobecs have been identified, including mouse mammary tumor virus (MMTV)-encoded Rem protein. Previous experiments have shown that Rem-null MMTV or closely related TBLV proviruses from BALB/c tumors accumulate G-to-A and C-to-T mutations typical of Apobecs compared to wild-type proviruses expressing Rem. The difference in mutations between Rem-expressing and non-expressing MMTV strains largely disappeared in mice lacking the Apobec family member, activation-induced cytidine deaminase (AID). These results suggested that Rem is an AID antagonist. In this study, we attempted to study AID-mediated mutations of TBLV proviruses lacking Rem expression obtained from tumors in C57BL/6 (B6) wild-type and AID-knockout backgrounds. Surprisingly, no differences in G-to-A mutations were observed in TBLV proviruses regardless of Rem expression, yet such mutations were significantly reduced in proviruses obtained from mA3/AID-double knockout mice relative to those from wild-type B6 or AID-knockout mice. Many cellular mRNAs involving the innate immune response, but not Apobecs, were elevated in the absence relative to the presence of Rem expression on the B6 AID-knockout background. These results revealed that Apobec-mediated mutagenesis is dependent on mouse strain and suggested a second means of Rem-dependent immune evasion.","Each of two mouse mammary tumor virus (MMTV) strains (TBLV-WT = Rem-expressing or TBLV-SD = lacks Rem expression) was used to generate tumors in C57BL/6 (B6) mice or AID-knockout B6 mice. For RNAseq, we extracted four or five tumors induced by infection with TBLV-WT (Rem+) or TBLV-SD (Rem-) either in wild-type B6 mice or AID-knockout mice. Total RNA was extracted separately from each tumor for analysis and used for library preparation prior to sequencing.",,,,854721,GPL24247,Mus musculus,GSE,Expression profiling by high throughput sequencing,2024/04/15,19,ftp://ftp.ncbi.nlm.nih.gov/geo/series/GSE263nnn/GSE263655/,,,,,OSD-421|RR9_TMS_GC_G5,Ground Control
51,GSM6589703,0.9933279752731323,GSE213606,LCK-mediated RIPK3 Activation Controls Double-Positive Thymocyte Proliferation and Restrains Thymic Lymphoma by Regulating the PP2A-ERK Axis,,,"Receptor-interacting protein kinase 3 (RIPK3) is the primary regulator of necroptotic cell death. RIPK3 expression is often silenced in various cancer cells, which suggests that it may have tumor suppressor properties. However, the exact mechanism by which RIPK3 negatively regulates cancer development and progression remains unclear. This report indicates that RIPK3 acts as a potent regulator of homeostatic proliferation of CD4+CD8+ double-positive (DP) thymocytes. Abnormal proliferation of RIPK3-deficient DP thymocytes occurs independently of the well-known role for RIPK3 in necroptosis (upstream of MLKL activation), and is associated with an incidental thymic mass, likely thymic hyperplasia. In addition, Ripk3-null mice developed increased thymic tumor formation accompanied by reduced host survival in the context of a N-ethyl-N-nitrosourea (ENU)-induced tumor model. Moreover, RIPK3 deficiency in p53-null mice promoted thymic lymphoma development via upregulated ERK signaling, which correlated with markedly reduced survival rates. Mechanistically, lymphocyte-specific protein tyrosine kinase (LCK) activates RIPK3, which in turn leads to increases in the phosphatase activity of protein phosphatase 2 (PP2A), thereby suppressing hyper-activation of ERK in DP thymocytes. Overall, these findings suggest that a RIPK3-PP2A-ERK signaling axis regulates DP thymocyte homeostasis and may provide a potential therapeutic target to improve thymic lymphoma therapies.",RNA-seq of thymus with p53 or Ripk3 KO,36161785,,,679540,GPL19057,Mus musculus,GSE,Expression profiling by high throughput sequencing,2022/09/18,6,ftp://ftp.ncbi.nlm.nih.gov/geo/series/GSE213nnn/GSE213606/,LCK-Mediated RIPK3 Activation Controls Double-Positive Thymocyte Proliferation and Restrains Thymic Lymphoma by Regulating the PP2A-ERK Axis.,"Advanced science (Weinheim, Baden-Wurttemberg, Germany)",2022 Nov,10.1002/advs.202204522,OSD-421|RR9_TMS_GC_G5,Ground Control
52,GSM6589706,0.9932588934898376,GSE213606,LCK-mediated RIPK3 Activation Controls Double-Positive Thymocyte Proliferation and Restrains Thymic Lymphoma by Regulating the PP2A-ERK Axis,,,"Receptor-interacting protein kinase 3 (RIPK3) is the primary regulator of necroptotic cell death. RIPK3 expression is often silenced in various cancer cells, which suggests that it may have tumor suppressor properties. However, the exact mechanism by which RIPK3 negatively regulates cancer development and progression remains unclear. This report indicates that RIPK3 acts as a potent regulator of homeostatic proliferation of CD4+CD8+ double-positive (DP) thymocytes. Abnormal proliferation of RIPK3-deficient DP thymocytes occurs independently of the well-known role for RIPK3 in necroptosis (upstream of MLKL activation), and is associated with an incidental thymic mass, likely thymic hyperplasia. In addition, Ripk3-null mice developed increased thymic tumor formation accompanied by reduced host survival in the context of a N-ethyl-N-nitrosourea (ENU)-induced tumor model. Moreover, RIPK3 deficiency in p53-null mice promoted thymic lymphoma development via upregulated ERK signaling, which correlated with markedly reduced survival rates. Mechanistically, lymphocyte-specific protein tyrosine kinase (LCK) activates RIPK3, which in turn leads to increases in the phosphatase activity of protein phosphatase 2 (PP2A), thereby suppressing hyper-activation of ERK in DP thymocytes. Overall, these findings suggest that a RIPK3-PP2A-ERK signaling axis regulates DP thymocyte homeostasis and may provide a potential therapeutic target to improve thymic lymphoma therapies.",RNA-seq of thymus with p53 or Ripk3 KO,36161785,,,679543,GPL19057,Mus musculus,GSE,Expression profiling by high throughput sequencing,2022/09/18,6,ftp://ftp.ncbi.nlm.nih.gov/geo/series/GSE213nnn/GSE213606/,LCK-Mediated RIPK3 Activation Controls Double-Positive Thymocyte Proliferation and Restrains Thymic Lymphoma by Regulating the PP2A-ERK Axis.,"Advanced science (Weinheim, Baden-Wurttemberg, Germany)",2022 Nov,10.1002/advs.202204522,OSD-421|RR9_TMS_GC_G5,Ground Control
53,GSM8196059,0.9932560920715332,GSE263655,Apobec-Mediated Retroviral Hypermutation In Vivo is Dependent on Mouse Strain [RNA-seq],,,"Retroviruses cause lifelong infections resulting from their ability to thwart innate immunity. The Apobec family of cytidine deaminases are part of the innate immune response that recognizes and mutates foreign nucleic acids, including those from multiple viruses. Multiple retroviral antagonists of Apobecs have been identified, including mouse mammary tumor virus (MMTV)-encoded Rem protein. Previous experiments have shown that Rem-null MMTV or closely related TBLV proviruses from BALB/c tumors accumulate G-to-A and C-to-T mutations typical of Apobecs compared to wild-type proviruses expressing Rem. The difference in mutations between Rem-expressing and non-expressing MMTV strains largely disappeared in mice lacking the Apobec family member, activation-induced cytidine deaminase (AID). These results suggested that Rem is an AID antagonist. In this study, we attempted to study AID-mediated mutations of TBLV proviruses lacking Rem expression obtained from tumors in C57BL/6 (B6) wild-type and AID-knockout backgrounds. Surprisingly, no differences in G-to-A mutations were observed in TBLV proviruses regardless of Rem expression, yet such mutations were significantly reduced in proviruses obtained from mA3/AID-double knockout mice relative to those from wild-type B6 or AID-knockout mice. Many cellular mRNAs involving the innate immune response, but not Apobecs, were elevated in the absence relative to the presence of Rem expression on the B6 AID-knockout background. These results revealed that Apobec-mediated mutagenesis is dependent on mouse strain and suggested a second means of Rem-dependent immune evasion.","Each of two mouse mammary tumor virus (MMTV) strains (TBLV-WT = Rem-expressing or TBLV-SD = lacks Rem expression) was used to generate tumors in C57BL/6 (B6) mice or AID-knockout B6 mice. For RNAseq, we extracted four or five tumors induced by infection with TBLV-WT (Rem+) or TBLV-SD (Rem-) either in wild-type B6 mice or AID-knockout mice. Total RNA was extracted separately from each tumor for analysis and used for library preparation prior to sequencing.",,,,854727,GPL24247,Mus musculus,GSE,Expression profiling by high throughput sequencing,2024/04/15,19,ftp://ftp.ncbi.nlm.nih.gov/geo/series/GSE263nnn/GSE263655/,,,,,OSD-421|RR9_TMS_GC_G5,Ground Control
54,GSM6589704,0.9930930733680725,GSE213606,LCK-mediated RIPK3 Activation Controls Double-Positive Thymocyte Proliferation and Restrains Thymic Lymphoma by Regulating the PP2A-ERK Axis,,,"Receptor-interacting protein kinase 3 (RIPK3) is the primary regulator of necroptotic cell death. RIPK3 expression is often silenced in various cancer cells, which suggests that it may have tumor suppressor properties. However, the exact mechanism by which RIPK3 negatively regulates cancer development and progression remains unclear. This report indicates that RIPK3 acts as a potent regulator of homeostatic proliferation of CD4+CD8+ double-positive (DP) thymocytes. Abnormal proliferation of RIPK3-deficient DP thymocytes occurs independently of the well-known role for RIPK3 in necroptosis (upstream of MLKL activation), and is associated with an incidental thymic mass, likely thymic hyperplasia. In addition, Ripk3-null mice developed increased thymic tumor formation accompanied by reduced host survival in the context of a N-ethyl-N-nitrosourea (ENU)-induced tumor model. Moreover, RIPK3 deficiency in p53-null mice promoted thymic lymphoma development via upregulated ERK signaling, which correlated with markedly reduced survival rates. Mechanistically, lymphocyte-specific protein tyrosine kinase (LCK) activates RIPK3, which in turn leads to increases in the phosphatase activity of protein phosphatase 2 (PP2A), thereby suppressing hyper-activation of ERK in DP thymocytes. Overall, these findings suggest that a RIPK3-PP2A-ERK signaling axis regulates DP thymocyte homeostasis and may provide a potential therapeutic target to improve thymic lymphoma therapies.",RNA-seq of thymus with p53 or Ripk3 KO,36161785,,,679541,GPL19057,Mus musculus,GSE,Expression profiling by high throughput sequencing,2022/09/18,6,ftp://ftp.ncbi.nlm.nih.gov/geo/series/GSE213nnn/GSE213606/,LCK-Mediated RIPK3 Activation Controls Double-Positive Thymocyte Proliferation and Restrains Thymic Lymphoma by Regulating the PP2A-ERK Axis.,"Advanced science (Weinheim, Baden-Wurttemberg, Germany)",2022 Nov,10.1002/advs.202204522,OSD-421|RR9_TMS_GC_G5,Ground Control
55,GSM8196070,0.9929386377334595,GSE263655,Apobec-Mediated Retroviral Hypermutation In Vivo is Dependent on Mouse Strain [RNA-seq],,,"Retroviruses cause lifelong infections resulting from their ability to thwart innate immunity. The Apobec family of cytidine deaminases are part of the innate immune response that recognizes and mutates foreign nucleic acids, including those from multiple viruses. Multiple retroviral antagonists of Apobecs have been identified, including mouse mammary tumor virus (MMTV)-encoded Rem protein. Previous experiments have shown that Rem-null MMTV or closely related TBLV proviruses from BALB/c tumors accumulate G-to-A and C-to-T mutations typical of Apobecs compared to wild-type proviruses expressing Rem. The difference in mutations between Rem-expressing and non-expressing MMTV strains largely disappeared in mice lacking the Apobec family member, activation-induced cytidine deaminase (AID). These results suggested that Rem is an AID antagonist. In this study, we attempted to study AID-mediated mutations of TBLV proviruses lacking Rem expression obtained from tumors in C57BL/6 (B6) wild-type and AID-knockout backgrounds. Surprisingly, no differences in G-to-A mutations were observed in TBLV proviruses regardless of Rem expression, yet such mutations were significantly reduced in proviruses obtained from mA3/AID-double knockout mice relative to those from wild-type B6 or AID-knockout mice. Many cellular mRNAs involving the innate immune response, but not Apobecs, were elevated in the absence relative to the presence of Rem expression on the B6 AID-knockout background. These results revealed that Apobec-mediated mutagenesis is dependent on mouse strain and suggested a second means of Rem-dependent immune evasion.","Each of two mouse mammary tumor virus (MMTV) strains (TBLV-WT = Rem-expressing or TBLV-SD = lacks Rem expression) was used to generate tumors in C57BL/6 (B6) mice or AID-knockout B6 mice. For RNAseq, we extracted four or five tumors induced by infection with TBLV-WT (Rem+) or TBLV-SD (Rem-) either in wild-type B6 mice or AID-knockout mice. Total RNA was extracted separately from each tumor for analysis and used for library preparation prior to sequencing.",,,,854738,GPL24247,Mus musculus,GSE,Expression profiling by high throughput sequencing,2024/04/15,19,ftp://ftp.ncbi.nlm.nih.gov/geo/series/GSE263nnn/GSE263655/,,,,,OSD-421|RR9_TMS_GC_G5,Ground Control
56,GSM8196066,0.9929359555244446,GSE263655,Apobec-Mediated Retroviral Hypermutation In Vivo is Dependent on Mouse Strain [RNA-seq],,,"Retroviruses cause lifelong infections resulting from their ability to thwart innate immunity. The Apobec family of cytidine deaminases are part of the innate immune response that recognizes and mutates foreign nucleic acids, including those from multiple viruses. Multiple retroviral antagonists of Apobecs have been identified, including mouse mammary tumor virus (MMTV)-encoded Rem protein. Previous experiments have shown that Rem-null MMTV or closely related TBLV proviruses from BALB/c tumors accumulate G-to-A and C-to-T mutations typical of Apobecs compared to wild-type proviruses expressing Rem. The difference in mutations between Rem-expressing and non-expressing MMTV strains largely disappeared in mice lacking the Apobec family member, activation-induced cytidine deaminase (AID). These results suggested that Rem is an AID antagonist. In this study, we attempted to study AID-mediated mutations of TBLV proviruses lacking Rem expression obtained from tumors in C57BL/6 (B6) wild-type and AID-knockout backgrounds. Surprisingly, no differences in G-to-A mutations were observed in TBLV proviruses regardless of Rem expression, yet such mutations were significantly reduced in proviruses obtained from mA3/AID-double knockout mice relative to those from wild-type B6 or AID-knockout mice. Many cellular mRNAs involving the innate immune response, but not Apobecs, were elevated in the absence relative to the presence of Rem expression on the B6 AID-knockout background. These results revealed that Apobec-mediated mutagenesis is dependent on mouse strain and suggested a second means of Rem-dependent immune evasion.","Each of two mouse mammary tumor virus (MMTV) strains (TBLV-WT = Rem-expressing or TBLV-SD = lacks Rem expression) was used to generate tumors in C57BL/6 (B6) mice or AID-knockout B6 mice. For RNAseq, we extracted four or five tumors induced by infection with TBLV-WT (Rem+) or TBLV-SD (Rem-) either in wild-type B6 mice or AID-knockout mice. Total RNA was extracted separately from each tumor for analysis and used for library preparation prior to sequencing.",,,,854734,GPL24247,Mus musculus,GSE,Expression profiling by high throughput sequencing,2024/04/15,19,ftp://ftp.ncbi.nlm.nih.gov/geo/series/GSE263nnn/GSE263655/,,,,,OSD-421|RR9_TMS_GC_G5,Ground Control
57,GSM2816837,0.992911696434021,GSE105049,Overcoming Wnt-β-catenin dependent anticancer therapy resistance in leukaemia stem cells.,,,"Leukaemia stem cells (LSCs) underlie cancer therapy resistance but targeting these cells remains difficult. The Wnt–β-catenin and PI3K–Akt pathways cooperate to promote tumorigenesis and resistance to therapy. In a mouse model in which both pathways are activated in stem and progenitor cells, LSCs expanded under chemotherapy-induced stress. Since Akt can activate β-catenin, inhibiting this interaction might target therapy-resistant LSCs. High-throughput screening identified doxorubicin (DXR) as an inhibitor of the Akt–β-catenin interaction at low doses. Here we repurposed DXR as a targeted inhibitor rather than a broadly cytotoxic chemotherapy. Targeted DXR reduced Akt-activated β-catenin levels in chemoresistant LSCs and reduced LSC tumorigenic activity. Mechanistically, β-catenin binds multiple immune-checkpoint gene loci, and targeted DXR treatment inhibited expression of multiple immune checkpoints specifically in LSCs, including PD-L1, TIM3 and CD24. Overall, LSCs exhibit distinct properties of immune resistance that are reduced by inhibiting Akt-activated β-catenin. These findings suggest a strategy for overcoming cancer therapy resistance and immune escape.","Cohorts of leukemic mice were treated with vehicle, chemotherapy, [Low]DXR, clinical-dose DXR or chemotherapy + [Low]DXR as in Figure S4. At 10 days post-treatment (day 1 = start of treatment), blast cells, LSCs, and HSPCs were sorted using stringent gates (see Figure 5A) for these populations. For each population, two biological replicates were made with 1-3 technical replicates each.  Each biological replicate was a pool of sorted cells from 4-5 male and 4-5 female mice.  Technical replicates were samples of sorted cells from each biological replicate. 1,000 cells per sample were sorted into 96-well plates with 7 ul lysis buffer containing RNase inhibitor (2 U/μl) from BM. First-strand cDNA synthesis and cDNA libraries were constructed using the SMARTer ultra low input RNA kit for sequencing - v3 (Clontech) following the manufacturer’s instructions. cDNA quality was determined by Agilent high sensitivity DNA kit on Agilent 2100 BioAnalyzer (Agilent Technologies). Libraries were sequenced at 50bp on the Illumina HiSeq 2500.  Reads were aligned to UCSC mm10 with Tophat 2.1.1 [Kim et al 2013], using gene models from Ensembl 80.  Read counts per gene were obtained with HTSeq-count 0.6.0 [Simon et al 2014].  Analysis was done in R with the EdgeR package [Robinson et al 2010] using default methods. Significantly changed genes were determined at FDR<1e-3 and fold change exceeding ±1.5. GO analysis was generated using significantly changed genes by Metascape (www.metascape.org). Kim D, Pertea G, Trapnell C, Pimentel H, Kelley R, Salzberg SL. TopHat2: accurate alignment of transcriptomes in the presence of insertions, deletions and gene fusions. . Genome Biology 2013, 14:R36 Simon Anders, Paul Theodor Pyl, Wolfgang Huber. HTSeq — A Python framework to work with high-throughput sequencing data. Bioinformatics (2014), in print, online at doi:10.1093/bioinformatics/btu638 Robinson MD, McCarthy DJ and Smyth GK (2010). “edgeR: a Bioconductor package for differential expression analysis of digital gene expression data.” Bioinformatics, 26, pp. -1.",32313104,,,134619,GPL19057; GPL17021,Mus musculus,GSE,Expression profiling by high throughput sequencing; Genome binding/occupancy profiling by high throughput sequencing,2020/04/01,87,ftp://ftp.ncbi.nlm.nih.gov/geo/series/GSE105nnn/GSE105049/,Overcoming Wnt-β-catenin dependent anticancer therapy resistance in leukaemia stem cells.,Nature cell biology,2020 Jun,10.1038/s41556-020-0507-y,OSD-421|RR9_TMS_GC_G5,Ground Control
58,GSM2816898,0.992861270904541,GSE105049,Overcoming Wnt-β-catenin dependent anticancer therapy resistance in leukaemia stem cells.,,,"Leukaemia stem cells (LSCs) underlie cancer therapy resistance but targeting these cells remains difficult. The Wnt–β-catenin and PI3K–Akt pathways cooperate to promote tumorigenesis and resistance to therapy. In a mouse model in which both pathways are activated in stem and progenitor cells, LSCs expanded under chemotherapy-induced stress. Since Akt can activate β-catenin, inhibiting this interaction might target therapy-resistant LSCs. High-throughput screening identified doxorubicin (DXR) as an inhibitor of the Akt–β-catenin interaction at low doses. Here we repurposed DXR as a targeted inhibitor rather than a broadly cytotoxic chemotherapy. Targeted DXR reduced Akt-activated β-catenin levels in chemoresistant LSCs and reduced LSC tumorigenic activity. Mechanistically, β-catenin binds multiple immune-checkpoint gene loci, and targeted DXR treatment inhibited expression of multiple immune checkpoints specifically in LSCs, including PD-L1, TIM3 and CD24. Overall, LSCs exhibit distinct properties of immune resistance that are reduced by inhibiting Akt-activated β-catenin. These findings suggest a strategy for overcoming cancer therapy resistance and immune escape.","Cohorts of leukemic mice were treated with vehicle, chemotherapy, [Low]DXR, clinical-dose DXR or chemotherapy + [Low]DXR as in Figure S4. At 10 days post-treatment (day 1 = start of treatment), blast cells, LSCs, and HSPCs were sorted using stringent gates (see Figure 5A) for these populations. For each population, two biological replicates were made with 1-3 technical replicates each.  Each biological replicate was a pool of sorted cells from 4-5 male and 4-5 female mice.  Technical replicates were samples of sorted cells from each biological replicate. 1,000 cells per sample were sorted into 96-well plates with 7 ul lysis buffer containing RNase inhibitor (2 U/μl) from BM. First-strand cDNA synthesis and cDNA libraries were constructed using the SMARTer ultra low input RNA kit for sequencing - v3 (Clontech) following the manufacturer’s instructions. cDNA quality was determined by Agilent high sensitivity DNA kit on Agilent 2100 BioAnalyzer (Agilent Technologies). Libraries were sequenced at 50bp on the Illumina HiSeq 2500.  Reads were aligned to UCSC mm10 with Tophat 2.1.1 [Kim et al 2013], using gene models from Ensembl 80.  Read counts per gene were obtained with HTSeq-count 0.6.0 [Simon et al 2014].  Analysis was done in R with the EdgeR package [Robinson et al 2010] using default methods. Significantly changed genes were determined at FDR<1e-3 and fold change exceeding ±1.5. GO analysis was generated using significantly changed genes by Metascape (www.metascape.org). Kim D, Pertea G, Trapnell C, Pimentel H, Kelley R, Salzberg SL. TopHat2: accurate alignment of transcriptomes in the presence of insertions, deletions and gene fusions. . Genome Biology 2013, 14:R36 Simon Anders, Paul Theodor Pyl, Wolfgang Huber. HTSeq — A Python framework to work with high-throughput sequencing data. Bioinformatics (2014), in print, online at doi:10.1093/bioinformatics/btu638 Robinson MD, McCarthy DJ and Smyth GK (2010). “edgeR: a Bioconductor package for differential expression analysis of digital gene expression data.” Bioinformatics, 26, pp. -1.",32313104,,,134678,GPL19057; GPL17021,Mus musculus,GSE,Expression profiling by high throughput sequencing; Genome binding/occupancy profiling by high throughput sequencing,2020/04/01,87,ftp://ftp.ncbi.nlm.nih.gov/geo/series/GSE105nnn/GSE105049/,Overcoming Wnt-β-catenin dependent anticancer therapy resistance in leukaemia stem cells.,Nature cell biology,2020 Jun,10.1038/s41556-020-0507-y,OSD-421|RR9_TMS_GC_G5,Ground Control
59,GSM8196057,0.9927858710289001,GSE263655,Apobec-Mediated Retroviral Hypermutation In Vivo is Dependent on Mouse Strain [RNA-seq],,,"Retroviruses cause lifelong infections resulting from their ability to thwart innate immunity. The Apobec family of cytidine deaminases are part of the innate immune response that recognizes and mutates foreign nucleic acids, including those from multiple viruses. Multiple retroviral antagonists of Apobecs have been identified, including mouse mammary tumor virus (MMTV)-encoded Rem protein. Previous experiments have shown that Rem-null MMTV or closely related TBLV proviruses from BALB/c tumors accumulate G-to-A and C-to-T mutations typical of Apobecs compared to wild-type proviruses expressing Rem. The difference in mutations between Rem-expressing and non-expressing MMTV strains largely disappeared in mice lacking the Apobec family member, activation-induced cytidine deaminase (AID). These results suggested that Rem is an AID antagonist. In this study, we attempted to study AID-mediated mutations of TBLV proviruses lacking Rem expression obtained from tumors in C57BL/6 (B6) wild-type and AID-knockout backgrounds. Surprisingly, no differences in G-to-A mutations were observed in TBLV proviruses regardless of Rem expression, yet such mutations were significantly reduced in proviruses obtained from mA3/AID-double knockout mice relative to those from wild-type B6 or AID-knockout mice. Many cellular mRNAs involving the innate immune response, but not Apobecs, were elevated in the absence relative to the presence of Rem expression on the B6 AID-knockout background. These results revealed that Apobec-mediated mutagenesis is dependent on mouse strain and suggested a second means of Rem-dependent immune evasion.","Each of two mouse mammary tumor virus (MMTV) strains (TBLV-WT = Rem-expressing or TBLV-SD = lacks Rem expression) was used to generate tumors in C57BL/6 (B6) mice or AID-knockout B6 mice. For RNAseq, we extracted four or five tumors induced by infection with TBLV-WT (Rem+) or TBLV-SD (Rem-) either in wild-type B6 mice or AID-knockout mice. Total RNA was extracted separately from each tumor for analysis and used for library preparation prior to sequencing.",,,,854725,GPL24247,Mus musculus,GSE,Expression profiling by high throughput sequencing,2024/04/15,19,ftp://ftp.ncbi.nlm.nih.gov/geo/series/GSE263nnn/GSE263655/,,,,,OSD-421|RR9_TMS_GC_G5,Ground Control
60,GSM4200072,0.9932087659835815,GSE141259,Longitudinal single-cell transcriptomics analysis of mouse lung upon bleomycin-induced injury,,,"Two single-cell RNA sequencing data sets were generated called ""Whole lung"" and ""High Resolution"". The ""Whole lung"" single-cell mRNAseq libraries were generated with Drop-Seq from whole mouse lungs upon bleomycin-induced injury and followed over time. Samples were taken at days 3 (n = 3), 7 (n = 5), 10 (n = 3), 14 (n = 4), 21 (n = 4) and 28 (n = 2). Control samples (n = 7) were administered saline only, also indicated with PBS or day0. The ""High resolution"" single-cell mRNAseq libraries were generated with Drop-Seq from the epithelial compartment of mouse lungs upon bleomycin-induced injury and followed over time. Samples were taken daily for two weeks and at days 21, 28, 36, 54 after injury. Control samples (n = 2) were administered saline only, also indicated with PBS or day0.",Single-cell transcriptomics time-course experiment.,32678092,,,315253,GPL21103,Mus musculus,GSE,Expression profiling by high throughput sequencing,2019/12/02,60,ftp://ftp.ncbi.nlm.nih.gov/geo/series/GSE141nnn/GSE141259/,Alveolar regeneration through a Krt8+ transitional stem cell state that persists in human lung fibrosis.,Nature communications,2020 Jul 16,10.1038/s41467-020-17358-3,OSD-421|RR9_TMS_GC_G6,Ground Control
61,GSM7014081,0.9927619695663452,GSE224146,A pairwise cytokine code explains the organism-wide response to sepsis,,,This SuperSeries is composed of the SubSeries listed below.,Refer to individual Series,38191855;42065235,,,733159,GPL21626; GPL24247; GPL30172,Mus musculus,GSE,Expression profiling by high throughput sequencing; Other,2024/01/08,2196,ftp://ftp.ncbi.nlm.nih.gov/geo/series/GSE224nnn/GSE224146/,A pairwise cytokine code explains the organism-wide response to sepsis.,Nature immunology,2024 Feb,10.1038/s41590-023-01722-8,OSD-421|RR9_TMS_GC_G6,Ground Control
62,GSM8196053,0.9911419153213501,GSE263655,Apobec-Mediated Retroviral Hypermutation In Vivo is Dependent on Mouse Strain [RNA-seq],,,"Retroviruses cause lifelong infections resulting from their ability to thwart innate immunity. The Apobec family of cytidine deaminases are part of the innate immune response that recognizes and mutates foreign nucleic acids, including those from multiple viruses. Multiple retroviral antagonists of Apobecs have been identified, including mouse mammary tumor virus (MMTV)-encoded Rem protein. Previous experiments have shown that Rem-null MMTV or closely related TBLV proviruses from BALB/c tumors accumulate G-to-A and C-to-T mutations typical of Apobecs compared to wild-type proviruses expressing Rem. The difference in mutations between Rem-expressing and non-expressing MMTV strains largely disappeared in mice lacking the Apobec family member, activation-induced cytidine deaminase (AID). These results suggested that Rem is an AID antagonist. In this study, we attempted to study AID-mediated mutations of TBLV proviruses lacking Rem expression obtained from tumors in C57BL/6 (B6) wild-type and AID-knockout backgrounds. Surprisingly, no differences in G-to-A mutations were observed in TBLV proviruses regardless of Rem expression, yet such mutations were significantly reduced in proviruses obtained from mA3/AID-double knockout mice relative to those from wild-type B6 or AID-knockout mice. Many cellular mRNAs involving the innate immune response, but not Apobecs, were elevated in the absence relative to the presence of Rem expression on the B6 AID-knockout background. These results revealed that Apobec-mediated mutagenesis is dependent on mouse strain and suggested a second means of Rem-dependent immune evasion.","Each of two mouse mammary tumor virus (MMTV) strains (TBLV-WT = Rem-expressing or TBLV-SD = lacks Rem expression) was used to generate tumors in C57BL/6 (B6) mice or AID-knockout B6 mice. For RNAseq, we extracted four or five tumors induced by infection with TBLV-WT (Rem+) or TBLV-SD (Rem-) either in wild-type B6 mice or AID-knockout mice. Total RNA was extracted separately from each tumor for analysis and used for library preparation prior to sequencing.",,,,854721,GPL24247,Mus musculus,GSE,Expression profiling by high throughput sequencing,2024/04/15,19,ftp://ftp.ncbi.nlm.nih.gov/geo/series/GSE263nnn/GSE263655/,,,,,OSD-421|RR9_TMS_GC_G6,Ground Control
63,GSM8196070,0.9911041259765625,GSE263655,Apobec-Mediated Retroviral Hypermutation In Vivo is Dependent on Mouse Strain [RNA-seq],,,"Retroviruses cause lifelong infections resulting from their ability to thwart innate immunity. The Apobec family of cytidine deaminases are part of the innate immune response that recognizes and mutates foreign nucleic acids, including those from multiple viruses. Multiple retroviral antagonists of Apobecs have been identified, including mouse mammary tumor virus (MMTV)-encoded Rem protein. Previous experiments have shown that Rem-null MMTV or closely related TBLV proviruses from BALB/c tumors accumulate G-to-A and C-to-T mutations typical of Apobecs compared to wild-type proviruses expressing Rem. The difference in mutations between Rem-expressing and non-expressing MMTV strains largely disappeared in mice lacking the Apobec family member, activation-induced cytidine deaminase (AID). These results suggested that Rem is an AID antagonist. In this study, we attempted to study AID-mediated mutations of TBLV proviruses lacking Rem expression obtained from tumors in C57BL/6 (B6) wild-type and AID-knockout backgrounds. Surprisingly, no differences in G-to-A mutations were observed in TBLV proviruses regardless of Rem expression, yet such mutations were significantly reduced in proviruses obtained from mA3/AID-double knockout mice relative to those from wild-type B6 or AID-knockout mice. Many cellular mRNAs involving the innate immune response, but not Apobecs, were elevated in the absence relative to the presence of Rem expression on the B6 AID-knockout background. These results revealed that Apobec-mediated mutagenesis is dependent on mouse strain and suggested a second means of Rem-dependent immune evasion.","Each of two mouse mammary tumor virus (MMTV) strains (TBLV-WT = Rem-expressing or TBLV-SD = lacks Rem expression) was used to generate tumors in C57BL/6 (B6) mice or AID-knockout B6 mice. For RNAseq, we extracted four or five tumors induced by infection with TBLV-WT (Rem+) or TBLV-SD (Rem-) either in wild-type B6 mice or AID-knockout mice. Total RNA was extracted separately from each tumor for analysis and used for library preparation prior to sequencing.",,,,854738,GPL24247,Mus musculus,GSE,Expression profiling by high throughput sequencing,2024/04/15,19,ftp://ftp.ncbi.nlm.nih.gov/geo/series/GSE263nnn/GSE263655/,,,,,OSD-421|RR9_TMS_GC_G6,Ground Control
64,GSM2816898,0.9909088611602783,GSE105049,Overcoming Wnt-β-catenin dependent anticancer therapy resistance in leukaemia stem cells.,,,"Leukaemia stem cells (LSCs) underlie cancer therapy resistance but targeting these cells remains difficult. The Wnt–β-catenin and PI3K–Akt pathways cooperate to promote tumorigenesis and resistance to therapy. In a mouse model in which both pathways are activated in stem and progenitor cells, LSCs expanded under chemotherapy-induced stress. Since Akt can activate β-catenin, inhibiting this interaction might target therapy-resistant LSCs. High-throughput screening identified doxorubicin (DXR) as an inhibitor of the Akt–β-catenin interaction at low doses. Here we repurposed DXR as a targeted inhibitor rather than a broadly cytotoxic chemotherapy. Targeted DXR reduced Akt-activated β-catenin levels in chemoresistant LSCs and reduced LSC tumorigenic activity. Mechanistically, β-catenin binds multiple immune-checkpoint gene loci, and targeted DXR treatment inhibited expression of multiple immune checkpoints specifically in LSCs, including PD-L1, TIM3 and CD24. Overall, LSCs exhibit distinct properties of immune resistance that are reduced by inhibiting Akt-activated β-catenin. These findings suggest a strategy for overcoming cancer therapy resistance and immune escape.","Cohorts of leukemic mice were treated with vehicle, chemotherapy, [Low]DXR, clinical-dose DXR or chemotherapy + [Low]DXR as in Figure S4. At 10 days post-treatment (day 1 = start of treatment), blast cells, LSCs, and HSPCs were sorted using stringent gates (see Figure 5A) for these populations. For each population, two biological replicates were made with 1-3 technical replicates each.  Each biological replicate was a pool of sorted cells from 4-5 male and 4-5 female mice.  Technical replicates were samples of sorted cells from each biological replicate. 1,000 cells per sample were sorted into 96-well plates with 7 ul lysis buffer containing RNase inhibitor (2 U/μl) from BM. First-strand cDNA synthesis and cDNA libraries were constructed using the SMARTer ultra low input RNA kit for sequencing - v3 (Clontech) following the manufacturer’s instructions. cDNA quality was determined by Agilent high sensitivity DNA kit on Agilent 2100 BioAnalyzer (Agilent Technologies). Libraries were sequenced at 50bp on the Illumina HiSeq 2500.  Reads were aligned to UCSC mm10 with Tophat 2.1.1 [Kim et al 2013], using gene models from Ensembl 80.  Read counts per gene were obtained with HTSeq-count 0.6.0 [Simon et al 2014].  Analysis was done in R with the EdgeR package [Robinson et al 2010] using default methods. Significantly changed genes were determined at FDR<1e-3 and fold change exceeding ±1.5. GO analysis was generated using significantly changed genes by Metascape (www.metascape.org). Kim D, Pertea G, Trapnell C, Pimentel H, Kelley R, Salzberg SL. TopHat2: accurate alignment of transcriptomes in the presence of insertions, deletions and gene fusions. . Genome Biology 2013, 14:R36 Simon Anders, Paul Theodor Pyl, Wolfgang Huber. HTSeq — A Python framework to work with high-throughput sequencing data. Bioinformatics (2014), in print, online at doi:10.1093/bioinformatics/btu638 Robinson MD, McCarthy DJ and Smyth GK (2010). “edgeR: a Bioconductor package for differential expression analysis of digital gene expression data.” Bioinformatics, 26, pp. -1.",32313104,,,134678,GPL19057; GPL17021,Mus musculus,GSE,Expression profiling by high throughput sequencing; Genome binding/occupancy profiling by high throughput sequencing,2020/04/01,87,ftp://ftp.ncbi.nlm.nih.gov/geo/series/GSE105nnn/GSE105049/,Overcoming Wnt-β-catenin dependent anticancer therapy resistance in leukaemia stem cells.,Nature cell biology,2020 Jun,10.1038/s41556-020-0507-y,OSD-421|RR9_TMS_GC_G6,Ground Control
65,GSM3464183,0.9903610944747925,GSE122336,Single-cell profiling guided combinatorial immunotherapy for breast cancer resistance to Her2/neu and CDK4/6 targeted therapy,,,"Trastuzumab (Herceptin™), a humanized monoclonal antibody targeting the extracellular domain of human epidermal growth factor receptor-2 (HER2), is one of the most successful examples of targeted therapies for HER2-positive breast cancer. However, drug resistance remains daunting challenges. New combinatorial regimen of CDK4/6 inhibitors plus trastuzumab is currently under active clinical investigations. In this study, we seek to prospectively model the in vivo response to CDK4/6 inhibitor Palbociclib (Pal) plus trastuzumab (Ab) using transgenic Her2/Neu mouse model in parallel with the current clinical trial scenario. We performed single cell RNA-seqencing (Drop-seq) to profile and compare tumor cells and infiltrated immune cells derived from control, Ab+Pal sensitive/residual (APS) and resistant/progressive (APR) tumors. We revealed that although Ab+Pal treatment enhanced antigen processing, presentation and interferon signaling on tumor cells, a distinct immunosuppressive immature myeloid cells (IMCs) infiltrated in the resistant tumor microenvironment to promote resistant phenotype. Based on single cell gene set enrichment analysis (profiling) guided drug screening, we identified and evaluated a combinatorial immunotherapy regimen. We found that combinatorial immunotherapy with receptor tyrosine kinase inhibitor Cabozantinib and immune checkpoint blockades overcome Ab+Pal resistance by inhibiting IMCs and enhancing anti-tumor immunity. Moreover, our rationally designed sequential combinatorial regimens enabled durable response and sustained controlling of the emergence of acquired resistance, thus significantly improved outcomes of rapidly evolving Her2/Neu positive breast cancers. Our results implicate that single-cell RNA sequencing profiling guided combinatorial immunotherapy as a strategy to mitigate the emergence of resistance and to achieve long-term therapeutic benefit merits clinical translation.",Drop-seq of tumor cells and tumor infiltrating immune cells derived from FVB/N MMTV-neu202Mul mice with different treatment/phenotypes (sensitive and resistant tumors).,31444334,,,214561,GPL19057; GPL17021,Mus musculus,GSE,Expression profiling by high throughput sequencing,2019/06/19,21,ftp://ftp.ncbi.nlm.nih.gov/geo/series/GSE122nnn/GSE122336/,Single-cell profiling guided combinatorial immunotherapy for fast-evolving CDK4/6 inhibitor-resistant HER2-positive breast cancer.,Nature communications,2019 Aug 23,10.1038/s41467-019-11729-1,OSD-421|RR9_TMS_GC_G6,Ground Control
66,GSM2816837,0.990156888961792,GSE105049,Overcoming Wnt-β-catenin dependent anticancer therapy resistance in leukaemia stem cells.,,,"Leukaemia stem cells (LSCs) underlie cancer therapy resistance but targeting these cells remains difficult. The Wnt–β-catenin and PI3K–Akt pathways cooperate to promote tumorigenesis and resistance to therapy. In a mouse model in which both pathways are activated in stem and progenitor cells, LSCs expanded under chemotherapy-induced stress. Since Akt can activate β-catenin, inhibiting this interaction might target therapy-resistant LSCs. High-throughput screening identified doxorubicin (DXR) as an inhibitor of the Akt–β-catenin interaction at low doses. Here we repurposed DXR as a targeted inhibitor rather than a broadly cytotoxic chemotherapy. Targeted DXR reduced Akt-activated β-catenin levels in chemoresistant LSCs and reduced LSC tumorigenic activity. Mechanistically, β-catenin binds multiple immune-checkpoint gene loci, and targeted DXR treatment inhibited expression of multiple immune checkpoints specifically in LSCs, including PD-L1, TIM3 and CD24. Overall, LSCs exhibit distinct properties of immune resistance that are reduced by inhibiting Akt-activated β-catenin. These findings suggest a strategy for overcoming cancer therapy resistance and immune escape.","Cohorts of leukemic mice were treated with vehicle, chemotherapy, [Low]DXR, clinical-dose DXR or chemotherapy + [Low]DXR as in Figure S4. At 10 days post-treatment (day 1 = start of treatment), blast cells, LSCs, and HSPCs were sorted using stringent gates (see Figure 5A) for these populations. For each population, two biological replicates were made with 1-3 technical replicates each.  Each biological replicate was a pool of sorted cells from 4-5 male and 4-5 female mice.  Technical replicates were samples of sorted cells from each biological replicate. 1,000 cells per sample were sorted into 96-well plates with 7 ul lysis buffer containing RNase inhibitor (2 U/μl) from BM. First-strand cDNA synthesis and cDNA libraries were constructed using the SMARTer ultra low input RNA kit for sequencing - v3 (Clontech) following the manufacturer’s instructions. cDNA quality was determined by Agilent high sensitivity DNA kit on Agilent 2100 BioAnalyzer (Agilent Technologies). Libraries were sequenced at 50bp on the Illumina HiSeq 2500.  Reads were aligned to UCSC mm10 with Tophat 2.1.1 [Kim et al 2013], using gene models from Ensembl 80.  Read counts per gene were obtained with HTSeq-count 0.6.0 [Simon et al 2014].  Analysis was done in R with the EdgeR package [Robinson et al 2010] using default methods. Significantly changed genes were determined at FDR<1e-3 and fold change exceeding ±1.5. GO analysis was generated using significantly changed genes by Metascape (www.metascape.org). Kim D, Pertea G, Trapnell C, Pimentel H, Kelley R, Salzberg SL. TopHat2: accurate alignment of transcriptomes in the presence of insertions, deletions and gene fusions. . Genome Biology 2013, 14:R36 Simon Anders, Paul Theodor Pyl, Wolfgang Huber. HTSeq — A Python framework to work with high-throughput sequencing data. Bioinformatics (2014), in print, online at doi:10.1093/bioinformatics/btu638 Robinson MD, McCarthy DJ and Smyth GK (2010). “edgeR: a Bioconductor package for differential expression analysis of digital gene expression data.” Bioinformatics, 26, pp. -1.",32313104,,,134619,GPL19057; GPL17021,Mus musculus,GSE,Expression profiling by high throughput sequencing; Genome binding/occupancy profiling by high throughput sequencing,2020/04/01,87,ftp://ftp.ncbi.nlm.nih.gov/geo/series/GSE105nnn/GSE105049/,Overcoming Wnt-β-catenin dependent anticancer therapy resistance in leukaemia stem cells.,Nature cell biology,2020 Jun,10.1038/s41556-020-0507-y,OSD-421|RR9_TMS_GC_G6,Ground Control
67,GSM2816836,0.9900761246681213,GSE105049,Overcoming Wnt-β-catenin dependent anticancer therapy resistance in leukaemia stem cells.,,,"Leukaemia stem cells (LSCs) underlie cancer therapy resistance but targeting these cells remains difficult. The Wnt–β-catenin and PI3K–Akt pathways cooperate to promote tumorigenesis and resistance to therapy. In a mouse model in which both pathways are activated in stem and progenitor cells, LSCs expanded under chemotherapy-induced stress. Since Akt can activate β-catenin, inhibiting this interaction might target therapy-resistant LSCs. High-throughput screening identified doxorubicin (DXR) as an inhibitor of the Akt–β-catenin interaction at low doses. Here we repurposed DXR as a targeted inhibitor rather than a broadly cytotoxic chemotherapy. Targeted DXR reduced Akt-activated β-catenin levels in chemoresistant LSCs and reduced LSC tumorigenic activity. Mechanistically, β-catenin binds multiple immune-checkpoint gene loci, and targeted DXR treatment inhibited expression of multiple immune checkpoints specifically in LSCs, including PD-L1, TIM3 and CD24. Overall, LSCs exhibit distinct properties of immune resistance that are reduced by inhibiting Akt-activated β-catenin. These findings suggest a strategy for overcoming cancer therapy resistance and immune escape.","Cohorts of leukemic mice were treated with vehicle, chemotherapy, [Low]DXR, clinical-dose DXR or chemotherapy + [Low]DXR as in Figure S4. At 10 days post-treatment (day 1 = start of treatment), blast cells, LSCs, and HSPCs were sorted using stringent gates (see Figure 5A) for these populations. For each population, two biological replicates were made with 1-3 technical replicates each.  Each biological replicate was a pool of sorted cells from 4-5 male and 4-5 female mice.  Technical replicates were samples of sorted cells from each biological replicate. 1,000 cells per sample were sorted into 96-well plates with 7 ul lysis buffer containing RNase inhibitor (2 U/μl) from BM. First-strand cDNA synthesis and cDNA libraries were constructed using the SMARTer ultra low input RNA kit for sequencing - v3 (Clontech) following the manufacturer’s instructions. cDNA quality was determined by Agilent high sensitivity DNA kit on Agilent 2100 BioAnalyzer (Agilent Technologies). Libraries were sequenced at 50bp on the Illumina HiSeq 2500.  Reads were aligned to UCSC mm10 with Tophat 2.1.1 [Kim et al 2013], using gene models from Ensembl 80.  Read counts per gene were obtained with HTSeq-count 0.6.0 [Simon et al 2014].  Analysis was done in R with the EdgeR package [Robinson et al 2010] using default methods. Significantly changed genes were determined at FDR<1e-3 and fold change exceeding ±1.5. GO analysis was generated using significantly changed genes by Metascape (www.metascape.org). Kim D, Pertea G, Trapnell C, Pimentel H, Kelley R, Salzberg SL. TopHat2: accurate alignment of transcriptomes in the presence of insertions, deletions and gene fusions. . Genome Biology 2013, 14:R36 Simon Anders, Paul Theodor Pyl, Wolfgang Huber. HTSeq — A Python framework to work with high-throughput sequencing data. Bioinformatics (2014), in print, online at doi:10.1093/bioinformatics/btu638 Robinson MD, McCarthy DJ and Smyth GK (2010). “edgeR: a Bioconductor package for differential expression analysis of digital gene expression data.” Bioinformatics, 26, pp. -1.",32313104,,,134618,GPL19057; GPL17021,Mus musculus,GSE,Expression profiling by high throughput sequencing; Genome binding/occupancy profiling by high throughput sequencing,2020/04/01,87,ftp://ftp.ncbi.nlm.nih.gov/geo/series/GSE105nnn/GSE105049/,Overcoming Wnt-β-catenin dependent anticancer therapy resistance in leukaemia stem cells.,Nature cell biology,2020 Jun,10.1038/s41556-020-0507-y,OSD-421|RR9_TMS_GC_G6,Ground Control
68,GSM2816835,0.9899790287017822,GSE105049,Overcoming Wnt-β-catenin dependent anticancer therapy resistance in leukaemia stem cells.,,,"Leukaemia stem cells (LSCs) underlie cancer therapy resistance but targeting these cells remains difficult. The Wnt–β-catenin and PI3K–Akt pathways cooperate to promote tumorigenesis and resistance to therapy. In a mouse model in which both pathways are activated in stem and progenitor cells, LSCs expanded under chemotherapy-induced stress. Since Akt can activate β-catenin, inhibiting this interaction might target therapy-resistant LSCs. High-throughput screening identified doxorubicin (DXR) as an inhibitor of the Akt–β-catenin interaction at low doses. Here we repurposed DXR as a targeted inhibitor rather than a broadly cytotoxic chemotherapy. Targeted DXR reduced Akt-activated β-catenin levels in chemoresistant LSCs and reduced LSC tumorigenic activity. Mechanistically, β-catenin binds multiple immune-checkpoint gene loci, and targeted DXR treatment inhibited expression of multiple immune checkpoints specifically in LSCs, including PD-L1, TIM3 and CD24. Overall, LSCs exhibit distinct properties of immune resistance that are reduced by inhibiting Akt-activated β-catenin. These findings suggest a strategy for overcoming cancer therapy resistance and immune escape.","Cohorts of leukemic mice were treated with vehicle, chemotherapy, [Low]DXR, clinical-dose DXR or chemotherapy + [Low]DXR as in Figure S4. At 10 days post-treatment (day 1 = start of treatment), blast cells, LSCs, and HSPCs were sorted using stringent gates (see Figure 5A) for these populations. For each population, two biological replicates were made with 1-3 technical replicates each.  Each biological replicate was a pool of sorted cells from 4-5 male and 4-5 female mice.  Technical replicates were samples of sorted cells from each biological replicate. 1,000 cells per sample were sorted into 96-well plates with 7 ul lysis buffer containing RNase inhibitor (2 U/μl) from BM. First-strand cDNA synthesis and cDNA libraries were constructed using the SMARTer ultra low input RNA kit for sequencing - v3 (Clontech) following the manufacturer’s instructions. cDNA quality was determined by Agilent high sensitivity DNA kit on Agilent 2100 BioAnalyzer (Agilent Technologies). Libraries were sequenced at 50bp on the Illumina HiSeq 2500.  Reads were aligned to UCSC mm10 with Tophat 2.1.1 [Kim et al 2013], using gene models from Ensembl 80.  Read counts per gene were obtained with HTSeq-count 0.6.0 [Simon et al 2014].  Analysis was done in R with the EdgeR package [Robinson et al 2010] using default methods. Significantly changed genes were determined at FDR<1e-3 and fold change exceeding ±1.5. GO analysis was generated using significantly changed genes by Metascape (www.metascape.org). Kim D, Pertea G, Trapnell C, Pimentel H, Kelley R, Salzberg SL. TopHat2: accurate alignment of transcriptomes in the presence of insertions, deletions and gene fusions. . Genome Biology 2013, 14:R36 Simon Anders, Paul Theodor Pyl, Wolfgang Huber. HTSeq — A Python framework to work with high-throughput sequencing data. Bioinformatics (2014), in print, online at doi:10.1093/bioinformatics/btu638 Robinson MD, McCarthy DJ and Smyth GK (2010). “edgeR: a Bioconductor package for differential expression analysis of digital gene expression data.” Bioinformatics, 26, pp. -1.",32313104,,,134617,GPL19057; GPL17021,Mus musculus,GSE,Expression profiling by high throughput sequencing; Genome binding/occupancy profiling by high throughput sequencing,2020/04/01,87,ftp://ftp.ncbi.nlm.nih.gov/geo/series/GSE105nnn/GSE105049/,Overcoming Wnt-β-catenin dependent anticancer therapy resistance in leukaemia stem cells.,Nature cell biology,2020 Jun,10.1038/s41556-020-0507-y,OSD-421|RR9_TMS_GC_G6,Ground Control
69,GSM8196067,0.9899435043334961,GSE263655,Apobec-Mediated Retroviral Hypermutation In Vivo is Dependent on Mouse Strain [RNA-seq],,,"Retroviruses cause lifelong infections resulting from their ability to thwart innate immunity. The Apobec family of cytidine deaminases are part of the innate immune response that recognizes and mutates foreign nucleic acids, including those from multiple viruses. Multiple retroviral antagonists of Apobecs have been identified, including mouse mammary tumor virus (MMTV)-encoded Rem protein. Previous experiments have shown that Rem-null MMTV or closely related TBLV proviruses from BALB/c tumors accumulate G-to-A and C-to-T mutations typical of Apobecs compared to wild-type proviruses expressing Rem. The difference in mutations between Rem-expressing and non-expressing MMTV strains largely disappeared in mice lacking the Apobec family member, activation-induced cytidine deaminase (AID). These results suggested that Rem is an AID antagonist. In this study, we attempted to study AID-mediated mutations of TBLV proviruses lacking Rem expression obtained from tumors in C57BL/6 (B6) wild-type and AID-knockout backgrounds. Surprisingly, no differences in G-to-A mutations were observed in TBLV proviruses regardless of Rem expression, yet such mutations were significantly reduced in proviruses obtained from mA3/AID-double knockout mice relative to those from wild-type B6 or AID-knockout mice. Many cellular mRNAs involving the innate immune response, but not Apobecs, were elevated in the absence relative to the presence of Rem expression on the B6 AID-knockout background. These results revealed that Apobec-mediated mutagenesis is dependent on mouse strain and suggested a second means of Rem-dependent immune evasion.","Each of two mouse mammary tumor virus (MMTV) strains (TBLV-WT = Rem-expressing or TBLV-SD = lacks Rem expression) was used to generate tumors in C57BL/6 (B6) mice or AID-knockout B6 mice. For RNAseq, we extracted four or five tumors induced by infection with TBLV-WT (Rem+) or TBLV-SD (Rem-) either in wild-type B6 mice or AID-knockout mice. Total RNA was extracted separately from each tumor for analysis and used for library preparation prior to sequencing.",,,,854735,GPL24247,Mus musculus,GSE,Expression profiling by high throughput sequencing,2024/04/15,19,ftp://ftp.ncbi.nlm.nih.gov/geo/series/GSE263nnn/GSE263655/,,,,,OSD-421|RR9_TMS_GC_G6,Ground Control
70,GSM7014081,0.9944524765014648,GSE224146,A pairwise cytokine code explains the organism-wide response to sepsis,,,This SuperSeries is composed of the SubSeries listed below.,Refer to individual Series,38191855;42065235,,,733159,GPL21626; GPL24247; GPL30172,Mus musculus,GSE,Expression profiling by high throughput sequencing; Other,2024/01/08,2196,ftp://ftp.ncbi.nlm.nih.gov/geo/series/GSE224nnn/GSE224146/,A pairwise cytokine code explains the organism-wide response to sepsis.,Nature immunology,2024 Feb,10.1038/s41590-023-01722-8,OSD-421|RR9_TMS_GC_G7,Ground Control
71,GSM8196052,0.9936202168464661,GSE263655,Apobec-Mediated Retroviral Hypermutation In Vivo is Dependent on Mouse Strain [RNA-seq],,,"Retroviruses cause lifelong infections resulting from their ability to thwart innate immunity. The Apobec family of cytidine deaminases are part of the innate immune response that recognizes and mutates foreign nucleic acids, including those from multiple viruses. Multiple retroviral antagonists of Apobecs have been identified, including mouse mammary tumor virus (MMTV)-encoded Rem protein. Previous experiments have shown that Rem-null MMTV or closely related TBLV proviruses from BALB/c tumors accumulate G-to-A and C-to-T mutations typical of Apobecs compared to wild-type proviruses expressing Rem. The difference in mutations between Rem-expressing and non-expressing MMTV strains largely disappeared in mice lacking the Apobec family member, activation-induced cytidine deaminase (AID). These results suggested that Rem is an AID antagonist. In this study, we attempted to study AID-mediated mutations of TBLV proviruses lacking Rem expression obtained from tumors in C57BL/6 (B6) wild-type and AID-knockout backgrounds. Surprisingly, no differences in G-to-A mutations were observed in TBLV proviruses regardless of Rem expression, yet such mutations were significantly reduced in proviruses obtained from mA3/AID-double knockout mice relative to those from wild-type B6 or AID-knockout mice. Many cellular mRNAs involving the innate immune response, but not Apobecs, were elevated in the absence relative to the presence of Rem expression on the B6 AID-knockout background. These results revealed that Apobec-mediated mutagenesis is dependent on mouse strain and suggested a second means of Rem-dependent immune evasion.","Each of two mouse mammary tumor virus (MMTV) strains (TBLV-WT = Rem-expressing or TBLV-SD = lacks Rem expression) was used to generate tumors in C57BL/6 (B6) mice or AID-knockout B6 mice. For RNAseq, we extracted four or five tumors induced by infection with TBLV-WT (Rem+) or TBLV-SD (Rem-) either in wild-type B6 mice or AID-knockout mice. Total RNA was extracted separately from each tumor for analysis and used for library preparation prior to sequencing.",,,,854720,GPL24247,Mus musculus,GSE,Expression profiling by high throughput sequencing,2024/04/15,19,ftp://ftp.ncbi.nlm.nih.gov/geo/series/GSE263nnn/GSE263655/,,,,,OSD-421|RR9_TMS_GC_G7,Ground Control
72,GSM3985854,0.993533730506897,GSE135096,Profound discrepancies between cell autonomous and systemic Akt isoform deletions have uncovered new roles for Akt isoforms in breast cancer development and metastasis,,,Here we study the effect on cell autonomous and systemic Akt isoform deletions in breast cancer,Investigating role of Akt isoforms in breast cancer using single cell RNA-seq,,,,277866,GPL19057,Mus musculus,GSE,Expression profiling by high throughput sequencing,2020/08/21,14,ftp://ftp.ncbi.nlm.nih.gov/geo/series/GSE135nnn/GSE135096/,,,,,OSD-421|RR9_TMS_GC_G7,Ground Control
73,GSM5530575,0.9934118986129761,GSE198612,Runx3 drives a tissue-residency program that is absent in CD4+ T cells,,,This SuperSeries is composed of the SubSeries listed below.,Refer to individual Series,,,,534644,GPL24247,Mus musculus,GSE,Expression profiling by high throughput sequencing; Genome binding/occupancy profiling by high throughput sequencing,2022/05/24,20,ftp://ftp.ncbi.nlm.nih.gov/geo/series/GSE198nnn/GSE198612/,,,,,OSD-421|RR9_TMS_GC_G7,Ground Control
74,GSM8196053,0.9933416843414307,GSE263655,Apobec-Mediated Retroviral Hypermutation In Vivo is Dependent on Mouse Strain [RNA-seq],,,"Retroviruses cause lifelong infections resulting from their ability to thwart innate immunity. The Apobec family of cytidine deaminases are part of the innate immune response that recognizes and mutates foreign nucleic acids, including those from multiple viruses. Multiple retroviral antagonists of Apobecs have been identified, including mouse mammary tumor virus (MMTV)-encoded Rem protein. Previous experiments have shown that Rem-null MMTV or closely related TBLV proviruses from BALB/c tumors accumulate G-to-A and C-to-T mutations typical of Apobecs compared to wild-type proviruses expressing Rem. The difference in mutations between Rem-expressing and non-expressing MMTV strains largely disappeared in mice lacking the Apobec family member, activation-induced cytidine deaminase (AID). These results suggested that Rem is an AID antagonist. In this study, we attempted to study AID-mediated mutations of TBLV proviruses lacking Rem expression obtained from tumors in C57BL/6 (B6) wild-type and AID-knockout backgrounds. Surprisingly, no differences in G-to-A mutations were observed in TBLV proviruses regardless of Rem expression, yet such mutations were significantly reduced in proviruses obtained from mA3/AID-double knockout mice relative to those from wild-type B6 or AID-knockout mice. Many cellular mRNAs involving the innate immune response, but not Apobecs, were elevated in the absence relative to the presence of Rem expression on the B6 AID-knockout background. These results revealed that Apobec-mediated mutagenesis is dependent on mouse strain and suggested a second means of Rem-dependent immune evasion.","Each of two mouse mammary tumor virus (MMTV) strains (TBLV-WT = Rem-expressing or TBLV-SD = lacks Rem expression) was used to generate tumors in C57BL/6 (B6) mice or AID-knockout B6 mice. For RNAseq, we extracted four or five tumors induced by infection with TBLV-WT (Rem+) or TBLV-SD (Rem-) either in wild-type B6 mice or AID-knockout mice. Total RNA was extracted separately from each tumor for analysis and used for library preparation prior to sequencing.",,,,854721,GPL24247,Mus musculus,GSE,Expression profiling by high throughput sequencing,2024/04/15,19,ftp://ftp.ncbi.nlm.nih.gov/geo/series/GSE263nnn/GSE263655/,,,,,OSD-421|RR9_TMS_GC_G7,Ground Control
75,GSM3464183,0.9932789206504822,GSE122336,Single-cell profiling guided combinatorial immunotherapy for breast cancer resistance to Her2/neu and CDK4/6 targeted therapy,,,"Trastuzumab (Herceptin™), a humanized monoclonal antibody targeting the extracellular domain of human epidermal growth factor receptor-2 (HER2), is one of the most successful examples of targeted therapies for HER2-positive breast cancer. However, drug resistance remains daunting challenges. New combinatorial regimen of CDK4/6 inhibitors plus trastuzumab is currently under active clinical investigations. In this study, we seek to prospectively model the in vivo response to CDK4/6 inhibitor Palbociclib (Pal) plus trastuzumab (Ab) using transgenic Her2/Neu mouse model in parallel with the current clinical trial scenario. We performed single cell RNA-seqencing (Drop-seq) to profile and compare tumor cells and infiltrated immune cells derived from control, Ab+Pal sensitive/residual (APS) and resistant/progressive (APR) tumors. We revealed that although Ab+Pal treatment enhanced antigen processing, presentation and interferon signaling on tumor cells, a distinct immunosuppressive immature myeloid cells (IMCs) infiltrated in the resistant tumor microenvironment to promote resistant phenotype. Based on single cell gene set enrichment analysis (profiling) guided drug screening, we identified and evaluated a combinatorial immunotherapy regimen. We found that combinatorial immunotherapy with receptor tyrosine kinase inhibitor Cabozantinib and immune checkpoint blockades overcome Ab+Pal resistance by inhibiting IMCs and enhancing anti-tumor immunity. Moreover, our rationally designed sequential combinatorial regimens enabled durable response and sustained controlling of the emergence of acquired resistance, thus significantly improved outcomes of rapidly evolving Her2/Neu positive breast cancers. Our results implicate that single-cell RNA sequencing profiling guided combinatorial immunotherapy as a strategy to mitigate the emergence of resistance and to achieve long-term therapeutic benefit merits clinical translation.",Drop-seq of tumor cells and tumor infiltrating immune cells derived from FVB/N MMTV-neu202Mul mice with different treatment/phenotypes (sensitive and resistant tumors).,31444334,,,214561,GPL19057; GPL17021,Mus musculus,GSE,Expression profiling by high throughput sequencing,2019/06/19,21,ftp://ftp.ncbi.nlm.nih.gov/geo/series/GSE122nnn/GSE122336/,Single-cell profiling guided combinatorial immunotherapy for fast-evolving CDK4/6 inhibitor-resistant HER2-positive breast cancer.,Nature communications,2019 Aug 23,10.1038/s41467-019-11729-1,OSD-421|RR9_TMS_GC_G7,Ground Control
76,GSM2465750,0.9932296276092529,GSE93961,Sub-populations in the mammary repopulating units,,,"Elucidating the top of the mammary epithelial cell hierarchy is highly important for understanding its regeneration capabilities and identifying target cells for transformation. Aiming for enriched mammary epithelial stem cell population, CD200highCD200R1high epithelial cells were identified. These cells represent ~50% of the mammary repopulating units (MRUs, CD49fhigh CD24med ) and termed MRUCD200/CD200R1. Gene expression of these cells was compared to all other MRU cells, termed MRUnot CD200/CD200R1, as well as individual CD200+ population (MRU-CD200R1-) and CD200R1+ population (MRU-CD200-).","Gene expression from mammary epithelial cells carrying sorted by CD200, CD200R1 markers and MRU markers. Four populations were sequenced: MRU-positive CD200 positive and CD200R1 positive; MRU-positive and not CD200 positive CD200R1 positive; not MRU CD200 positive CD200R1 negative; not MRU CD200 negative CD200R1 positive. There are 5 replicates from 5 individual mice.",29937142,,,95188,GPL17021,Mus musculus,GSE,Expression profiling by high throughput sequencing,2018/12/21,20,ftp://ftp.ncbi.nlm.nih.gov/geo/series/GSE93nnn/GSE93961/,High Expression of CD200 and CD200R1 Distinguishes Stem and Progenitor Cell Populations within Mammary Repopulating Units.,Stem cell reports,2018 Jul 10,10.1016/j.stemcr.2018.05.013,OSD-421|RR9_TMS_GC_G7,Ground Control
77,GSM3162629,0.9930553436279297,GSE115005,Ribonucleotide excision repair is essential to prevent skin cancer,,,This SuperSeries is composed of the SubSeries listed below.,Refer to individual Series,30154151,,,175425,GPL17021,Mus musculus,GSE,Expression profiling by high throughput sequencing,2019/05/29,19,ftp://ftp.ncbi.nlm.nih.gov/geo/series/GSE115nnn/GSE115005/,Ribonucleotide Excision Repair Is Essential to Prevent Squamous Cell Carcinoma of the Skin.,Cancer research,2018 Oct 15,10.1158/0008-5472.CAN-18-1099,OSD-421|RR9_TMS_GC_G7,Ground Control
78,GSM2816837,0.9927283525466919,GSE105049,Overcoming Wnt-β-catenin dependent anticancer therapy resistance in leukaemia stem cells.,,,"Leukaemia stem cells (LSCs) underlie cancer therapy resistance but targeting these cells remains difficult. The Wnt–β-catenin and PI3K–Akt pathways cooperate to promote tumorigenesis and resistance to therapy. In a mouse model in which both pathways are activated in stem and progenitor cells, LSCs expanded under chemotherapy-induced stress. Since Akt can activate β-catenin, inhibiting this interaction might target therapy-resistant LSCs. High-throughput screening identified doxorubicin (DXR) as an inhibitor of the Akt–β-catenin interaction at low doses. Here we repurposed DXR as a targeted inhibitor rather than a broadly cytotoxic chemotherapy. Targeted DXR reduced Akt-activated β-catenin levels in chemoresistant LSCs and reduced LSC tumorigenic activity. Mechanistically, β-catenin binds multiple immune-checkpoint gene loci, and targeted DXR treatment inhibited expression of multiple immune checkpoints specifically in LSCs, including PD-L1, TIM3 and CD24. Overall, LSCs exhibit distinct properties of immune resistance that are reduced by inhibiting Akt-activated β-catenin. These findings suggest a strategy for overcoming cancer therapy resistance and immune escape.","Cohorts of leukemic mice were treated with vehicle, chemotherapy, [Low]DXR, clinical-dose DXR or chemotherapy + [Low]DXR as in Figure S4. At 10 days post-treatment (day 1 = start of treatment), blast cells, LSCs, and HSPCs were sorted using stringent gates (see Figure 5A) for these populations. For each population, two biological replicates were made with 1-3 technical replicates each.  Each biological replicate was a pool of sorted cells from 4-5 male and 4-5 female mice.  Technical replicates were samples of sorted cells from each biological replicate. 1,000 cells per sample were sorted into 96-well plates with 7 ul lysis buffer containing RNase inhibitor (2 U/μl) from BM. First-strand cDNA synthesis and cDNA libraries were constructed using the SMARTer ultra low input RNA kit for sequencing - v3 (Clontech) following the manufacturer’s instructions. cDNA quality was determined by Agilent high sensitivity DNA kit on Agilent 2100 BioAnalyzer (Agilent Technologies). Libraries were sequenced at 50bp on the Illumina HiSeq 2500.  Reads were aligned to UCSC mm10 with Tophat 2.1.1 [Kim et al 2013], using gene models from Ensembl 80.  Read counts per gene were obtained with HTSeq-count 0.6.0 [Simon et al 2014].  Analysis was done in R with the EdgeR package [Robinson et al 2010] using default methods. Significantly changed genes were determined at FDR<1e-3 and fold change exceeding ±1.5. GO analysis was generated using significantly changed genes by Metascape (www.metascape.org). Kim D, Pertea G, Trapnell C, Pimentel H, Kelley R, Salzberg SL. TopHat2: accurate alignment of transcriptomes in the presence of insertions, deletions and gene fusions. . Genome Biology 2013, 14:R36 Simon Anders, Paul Theodor Pyl, Wolfgang Huber. HTSeq — A Python framework to work with high-throughput sequencing data. Bioinformatics (2014), in print, online at doi:10.1093/bioinformatics/btu638 Robinson MD, McCarthy DJ and Smyth GK (2010). “edgeR: a Bioconductor package for differential expression analysis of digital gene expression data.” Bioinformatics, 26, pp. -1.",32313104,,,134619,GPL19057; GPL17021,Mus musculus,GSE,Expression profiling by high throughput sequencing; Genome binding/occupancy profiling by high throughput sequencing,2020/04/01,87,ftp://ftp.ncbi.nlm.nih.gov/geo/series/GSE105nnn/GSE105049/,Overcoming Wnt-β-catenin dependent anticancer therapy resistance in leukaemia stem cells.,Nature cell biology,2020 Jun,10.1038/s41556-020-0507-y,OSD-421|RR9_TMS_GC_G7,Ground Control
79,GSM5530581,0.9926517009735107,GSE198612,Runx3 drives a tissue-residency program that is absent in CD4+ T cells,,,This SuperSeries is composed of the SubSeries listed below.,Refer to individual Series,,,,534650,GPL24247,Mus musculus,GSE,Expression profiling by high throughput sequencing; Genome binding/occupancy profiling by high throughput sequencing,2022/05/24,20,ftp://ftp.ncbi.nlm.nih.gov/geo/series/GSE198nnn/GSE198612/,,,,,OSD-421|RR9_TMS_GC_G7,Ground Control
80,GSM8196067,0.9930069446563721,GSE263655,Apobec-Mediated Retroviral Hypermutation In Vivo is Dependent on Mouse Strain [RNA-seq],,,"Retroviruses cause lifelong infections resulting from their ability to thwart innate immunity. The Apobec family of cytidine deaminases are part of the innate immune response that recognizes and mutates foreign nucleic acids, including those from multiple viruses. Multiple retroviral antagonists of Apobecs have been identified, including mouse mammary tumor virus (MMTV)-encoded Rem protein. Previous experiments have shown that Rem-null MMTV or closely related TBLV proviruses from BALB/c tumors accumulate G-to-A and C-to-T mutations typical of Apobecs compared to wild-type proviruses expressing Rem. The difference in mutations between Rem-expressing and non-expressing MMTV strains largely disappeared in mice lacking the Apobec family member, activation-induced cytidine deaminase (AID). These results suggested that Rem is an AID antagonist. In this study, we attempted to study AID-mediated mutations of TBLV proviruses lacking Rem expression obtained from tumors in C57BL/6 (B6) wild-type and AID-knockout backgrounds. Surprisingly, no differences in G-to-A mutations were observed in TBLV proviruses regardless of Rem expression, yet such mutations were significantly reduced in proviruses obtained from mA3/AID-double knockout mice relative to those from wild-type B6 or AID-knockout mice. Many cellular mRNAs involving the innate immune response, but not Apobecs, were elevated in the absence relative to the presence of Rem expression on the B6 AID-knockout background. These results revealed that Apobec-mediated mutagenesis is dependent on mouse strain and suggested a second means of Rem-dependent immune evasion.","Each of two mouse mammary tumor virus (MMTV) strains (TBLV-WT = Rem-expressing or TBLV-SD = lacks Rem expression) was used to generate tumors in C57BL/6 (B6) mice or AID-knockout B6 mice. For RNAseq, we extracted four or five tumors induced by infection with TBLV-WT (Rem+) or TBLV-SD (Rem-) either in wild-type B6 mice or AID-knockout mice. Total RNA was extracted separately from each tumor for analysis and used for library preparation prior to sequencing.",,,,854735,GPL24247,Mus musculus,GSE,Expression profiling by high throughput sequencing,2024/04/15,19,ftp://ftp.ncbi.nlm.nih.gov/geo/series/GSE263nnn/GSE263655/,,,,,OSD-421|RR9_TMS_GC_G8,Ground Control
81,GSM8196070,0.9916818141937256,GSE263655,Apobec-Mediated Retroviral Hypermutation In Vivo is Dependent on Mouse Strain [RNA-seq],,,"Retroviruses cause lifelong infections resulting from their ability to thwart innate immunity. The Apobec family of cytidine deaminases are part of the innate immune response that recognizes and mutates foreign nucleic acids, including those from multiple viruses. Multiple retroviral antagonists of Apobecs have been identified, including mouse mammary tumor virus (MMTV)-encoded Rem protein. Previous experiments have shown that Rem-null MMTV or closely related TBLV proviruses from BALB/c tumors accumulate G-to-A and C-to-T mutations typical of Apobecs compared to wild-type proviruses expressing Rem. The difference in mutations between Rem-expressing and non-expressing MMTV strains largely disappeared in mice lacking the Apobec family member, activation-induced cytidine deaminase (AID). These results suggested that Rem is an AID antagonist. In this study, we attempted to study AID-mediated mutations of TBLV proviruses lacking Rem expression obtained from tumors in C57BL/6 (B6) wild-type and AID-knockout backgrounds. Surprisingly, no differences in G-to-A mutations were observed in TBLV proviruses regardless of Rem expression, yet such mutations were significantly reduced in proviruses obtained from mA3/AID-double knockout mice relative to those from wild-type B6 or AID-knockout mice. Many cellular mRNAs involving the innate immune response, but not Apobecs, were elevated in the absence relative to the presence of Rem expression on the B6 AID-knockout background. These results revealed that Apobec-mediated mutagenesis is dependent on mouse strain and suggested a second means of Rem-dependent immune evasion.","Each of two mouse mammary tumor virus (MMTV) strains (TBLV-WT = Rem-expressing or TBLV-SD = lacks Rem expression) was used to generate tumors in C57BL/6 (B6) mice or AID-knockout B6 mice. For RNAseq, we extracted four or five tumors induced by infection with TBLV-WT (Rem+) or TBLV-SD (Rem-) either in wild-type B6 mice or AID-knockout mice. Total RNA was extracted separately from each tumor for analysis and used for library preparation prior to sequencing.",,,,854738,GPL24247,Mus musculus,GSE,Expression profiling by high throughput sequencing,2024/04/15,19,ftp://ftp.ncbi.nlm.nih.gov/geo/series/GSE263nnn/GSE263655/,,,,,OSD-421|RR9_TMS_GC_G8,Ground Control
82,GSM8196069,0.9915387034416199,GSE263655,Apobec-Mediated Retroviral Hypermutation In Vivo is Dependent on Mouse Strain [RNA-seq],,,"Retroviruses cause lifelong infections resulting from their ability to thwart innate immunity. The Apobec family of cytidine deaminases are part of the innate immune response that recognizes and mutates foreign nucleic acids, including those from multiple viruses. Multiple retroviral antagonists of Apobecs have been identified, including mouse mammary tumor virus (MMTV)-encoded Rem protein. Previous experiments have shown that Rem-null MMTV or closely related TBLV proviruses from BALB/c tumors accumulate G-to-A and C-to-T mutations typical of Apobecs compared to wild-type proviruses expressing Rem. The difference in mutations between Rem-expressing and non-expressing MMTV strains largely disappeared in mice lacking the Apobec family member, activation-induced cytidine deaminase (AID). These results suggested that Rem is an AID antagonist. In this study, we attempted to study AID-mediated mutations of TBLV proviruses lacking Rem expression obtained from tumors in C57BL/6 (B6) wild-type and AID-knockout backgrounds. Surprisingly, no differences in G-to-A mutations were observed in TBLV proviruses regardless of Rem expression, yet such mutations were significantly reduced in proviruses obtained from mA3/AID-double knockout mice relative to those from wild-type B6 or AID-knockout mice. Many cellular mRNAs involving the innate immune response, but not Apobecs, were elevated in the absence relative to the presence of Rem expression on the B6 AID-knockout background. These results revealed that Apobec-mediated mutagenesis is dependent on mouse strain and suggested a second means of Rem-dependent immune evasion.","Each of two mouse mammary tumor virus (MMTV) strains (TBLV-WT = Rem-expressing or TBLV-SD = lacks Rem expression) was used to generate tumors in C57BL/6 (B6) mice or AID-knockout B6 mice. For RNAseq, we extracted four or five tumors induced by infection with TBLV-WT (Rem+) or TBLV-SD (Rem-) either in wild-type B6 mice or AID-knockout mice. Total RNA was extracted separately from each tumor for analysis and used for library preparation prior to sequencing.",,,,854737,GPL24247,Mus musculus,GSE,Expression profiling by high throughput sequencing,2024/04/15,19,ftp://ftp.ncbi.nlm.nih.gov/geo/series/GSE263nnn/GSE263655/,,,,,OSD-421|RR9_TMS_GC_G8,Ground Control
83,GSM6998470,0.9910852909088135,GSE223894,Spontaneous Development of an Autoimmune Hepatitis – Primary Biliary Cirrhosis Overlap Syndrome in dnTGFβRII Aire-/- mice,,,"Autoimmune regulator (Aire) and TGF-β signaling play an important role in central tolerance and peripheral tolerance respectively, by eliminating or suppressing the activity of autoreactive T cells. We have previously demonstrated that dnTGFβRII mice develop a defect in peripheral tolerance and a primary biliary cirrhosis (PBC) like disease. We hypothesized that by introducing the AIRE gene to this model, we would observe a more severe PBC phenotype. Interestingly, however, we demonstrate that while dnTGFβRII Aire-/- mice do manifest key histologic and serologic features of autoimmune cholangitis, they also develop mild to moderate interface hepatitis and show high levels of alanine transaminase (ALT) and antinuclear antibodies (ANA), characteristics of autoimmune hepatitis (AIH). To further understand this unique phenotype, we performed RNA-seq and flow cytometry to explore the functional pathways and immune cell pathways in the liver of dnTGFβRII Aire-/- mice. Our data revealed enrichments of programmed cell death pathways and predominant CD8+ T cell infiltrates. Depleting CD8+ T cells using an anti-CD8α antibody significantly alleviated hepatic inflammation and prolonged the lifespan of these mice. Finally, RNA-seq data indicated the clonal expansion of hepatic CD8+ T cells. In conclusion, these mice develop an autoreactive CD8+ T cell mediated autoimmune cholangitis with concurrent hepatitis that exhibits key histological and serological features of the AIH-PBC overlap syndrome, representing a novel model for the study of tolerance and autoimmune liver disease.","To explore the function state of hepatic cells in different groups, we extracted the total RNA of liver and thymus tissues or 5×10^5 hepatic CD8+ T cells from dnTGFβRII Aire-/- mice and their control littermates, then we build the cDNA library and performed the bulk RNA sequencing.",36853094,,,732337,GPL24247; GPL23479,Mus musculus,GSE,Expression profiling by high throughput sequencing,2023/02/21,22,ftp://ftp.ncbi.nlm.nih.gov/geo/series/GSE223nnn/GSE223894/,Spontaneous development of an autoimmune hepatitis - primary biliary cholangitis overlap syndrome in dnTGFβRII Aire(-/-) mice.,The Journal of pathology,2023 Jun,10.1002/path.6077,OSD-421|RR9_TMS_GC_G8,Ground Control
84,GSM6202441,0.9910609722137451,GSE204925,The C-terminus of p53 Confers Liver-Specific Gene Regulation and Radio-Resistance in vivo,,,This SuperSeries is composed of the SubSeries listed below.,Refer to individual Series,36924496,,,650285,GPL17021,Mus musculus,GSE,Expression profiling by high throughput sequencing; Genome binding/occupancy profiling by high throughput sequencing,2022/06/30,51,ftp://ftp.ncbi.nlm.nih.gov/geo/series/GSE204nnn/GSE204925/,In vivo RNA-seq and ChIP-seq analyses show an obligatory role for the C terminus of p53 in conferring tissue-specific radiation sensitivity.,Cell reports,2023 Mar 28,10.1016/j.celrep.2023.112216,OSD-421|RR9_TMS_GC_G8,Ground Control
85,GSM8196060,0.990886926651001,GSE263655,Apobec-Mediated Retroviral Hypermutation In Vivo is Dependent on Mouse Strain [RNA-seq],,,"Retroviruses cause lifelong infections resulting from their ability to thwart innate immunity. The Apobec family of cytidine deaminases are part of the innate immune response that recognizes and mutates foreign nucleic acids, including those from multiple viruses. Multiple retroviral antagonists of Apobecs have been identified, including mouse mammary tumor virus (MMTV)-encoded Rem protein. Previous experiments have shown that Rem-null MMTV or closely related TBLV proviruses from BALB/c tumors accumulate G-to-A and C-to-T mutations typical of Apobecs compared to wild-type proviruses expressing Rem. The difference in mutations between Rem-expressing and non-expressing MMTV strains largely disappeared in mice lacking the Apobec family member, activation-induced cytidine deaminase (AID). These results suggested that Rem is an AID antagonist. In this study, we attempted to study AID-mediated mutations of TBLV proviruses lacking Rem expression obtained from tumors in C57BL/6 (B6) wild-type and AID-knockout backgrounds. Surprisingly, no differences in G-to-A mutations were observed in TBLV proviruses regardless of Rem expression, yet such mutations were significantly reduced in proviruses obtained from mA3/AID-double knockout mice relative to those from wild-type B6 or AID-knockout mice. Many cellular mRNAs involving the innate immune response, but not Apobecs, were elevated in the absence relative to the presence of Rem expression on the B6 AID-knockout background. These results revealed that Apobec-mediated mutagenesis is dependent on mouse strain and suggested a second means of Rem-dependent immune evasion.","Each of two mouse mammary tumor virus (MMTV) strains (TBLV-WT = Rem-expressing or TBLV-SD = lacks Rem expression) was used to generate tumors in C57BL/6 (B6) mice or AID-knockout B6 mice. For RNAseq, we extracted four or five tumors induced by infection with TBLV-WT (Rem+) or TBLV-SD (Rem-) either in wild-type B6 mice or AID-knockout mice. Total RNA was extracted separately from each tumor for analysis and used for library preparation prior to sequencing.",,,,854728,GPL24247,Mus musculus,GSE,Expression profiling by high throughput sequencing,2024/04/15,19,ftp://ftp.ncbi.nlm.nih.gov/geo/series/GSE263nnn/GSE263655/,,,,,OSD-421|RR9_TMS_GC_G8,Ground Control
86,GSM4200072,0.9908835291862488,GSE141259,Longitudinal single-cell transcriptomics analysis of mouse lung upon bleomycin-induced injury,,,"Two single-cell RNA sequencing data sets were generated called ""Whole lung"" and ""High Resolution"". The ""Whole lung"" single-cell mRNAseq libraries were generated with Drop-Seq from whole mouse lungs upon bleomycin-induced injury and followed over time. Samples were taken at days 3 (n = 3), 7 (n = 5), 10 (n = 3), 14 (n = 4), 21 (n = 4) and 28 (n = 2). Control samples (n = 7) were administered saline only, also indicated with PBS or day0. The ""High resolution"" single-cell mRNAseq libraries were generated with Drop-Seq from the epithelial compartment of mouse lungs upon bleomycin-induced injury and followed over time. Samples were taken daily for two weeks and at days 21, 28, 36, 54 after injury. Control samples (n = 2) were administered saline only, also indicated with PBS or day0.",Single-cell transcriptomics time-course experiment.,32678092,,,315253,GPL21103,Mus musculus,GSE,Expression profiling by high throughput sequencing,2019/12/02,60,ftp://ftp.ncbi.nlm.nih.gov/geo/series/GSE141nnn/GSE141259/,Alveolar regeneration through a Krt8+ transitional stem cell state that persists in human lung fibrosis.,Nature communications,2020 Jul 16,10.1038/s41467-020-17358-3,OSD-421|RR9_TMS_GC_G8,Ground Control
87,GSM2816898,0.9907800555229187,GSE105049,Overcoming Wnt-β-catenin dependent anticancer therapy resistance in leukaemia stem cells.,,,"Leukaemia stem cells (LSCs) underlie cancer therapy resistance but targeting these cells remains difficult. The Wnt–β-catenin and PI3K–Akt pathways cooperate to promote tumorigenesis and resistance to therapy. In a mouse model in which both pathways are activated in stem and progenitor cells, LSCs expanded under chemotherapy-induced stress. Since Akt can activate β-catenin, inhibiting this interaction might target therapy-resistant LSCs. High-throughput screening identified doxorubicin (DXR) as an inhibitor of the Akt–β-catenin interaction at low doses. Here we repurposed DXR as a targeted inhibitor rather than a broadly cytotoxic chemotherapy. Targeted DXR reduced Akt-activated β-catenin levels in chemoresistant LSCs and reduced LSC tumorigenic activity. Mechanistically, β-catenin binds multiple immune-checkpoint gene loci, and targeted DXR treatment inhibited expression of multiple immune checkpoints specifically in LSCs, including PD-L1, TIM3 and CD24. Overall, LSCs exhibit distinct properties of immune resistance that are reduced by inhibiting Akt-activated β-catenin. These findings suggest a strategy for overcoming cancer therapy resistance and immune escape.","Cohorts of leukemic mice were treated with vehicle, chemotherapy, [Low]DXR, clinical-dose DXR or chemotherapy + [Low]DXR as in Figure S4. At 10 days post-treatment (day 1 = start of treatment), blast cells, LSCs, and HSPCs were sorted using stringent gates (see Figure 5A) for these populations. For each population, two biological replicates were made with 1-3 technical replicates each.  Each biological replicate was a pool of sorted cells from 4-5 male and 4-5 female mice.  Technical replicates were samples of sorted cells from each biological replicate. 1,000 cells per sample were sorted into 96-well plates with 7 ul lysis buffer containing RNase inhibitor (2 U/μl) from BM. First-strand cDNA synthesis and cDNA libraries were constructed using the SMARTer ultra low input RNA kit for sequencing - v3 (Clontech) following the manufacturer’s instructions. cDNA quality was determined by Agilent high sensitivity DNA kit on Agilent 2100 BioAnalyzer (Agilent Technologies). Libraries were sequenced at 50bp on the Illumina HiSeq 2500.  Reads were aligned to UCSC mm10 with Tophat 2.1.1 [Kim et al 2013], using gene models from Ensembl 80.  Read counts per gene were obtained with HTSeq-count 0.6.0 [Simon et al 2014].  Analysis was done in R with the EdgeR package [Robinson et al 2010] using default methods. Significantly changed genes were determined at FDR<1e-3 and fold change exceeding ±1.5. GO analysis was generated using significantly changed genes by Metascape (www.metascape.org). Kim D, Pertea G, Trapnell C, Pimentel H, Kelley R, Salzberg SL. TopHat2: accurate alignment of transcriptomes in the presence of insertions, deletions and gene fusions. . Genome Biology 2013, 14:R36 Simon Anders, Paul Theodor Pyl, Wolfgang Huber. HTSeq — A Python framework to work with high-throughput sequencing data. Bioinformatics (2014), in print, online at doi:10.1093/bioinformatics/btu638 Robinson MD, McCarthy DJ and Smyth GK (2010). “edgeR: a Bioconductor package for differential expression analysis of digital gene expression data.” Bioinformatics, 26, pp. -1.",32313104,,,134678,GPL19057; GPL17021,Mus musculus,GSE,Expression profiling by high throughput sequencing; Genome binding/occupancy profiling by high throughput sequencing,2020/04/01,87,ftp://ftp.ncbi.nlm.nih.gov/geo/series/GSE105nnn/GSE105049/,Overcoming Wnt-β-catenin dependent anticancer therapy resistance in leukaemia stem cells.,Nature cell biology,2020 Jun,10.1038/s41556-020-0507-y,OSD-421|RR9_TMS_GC_G8,Ground Control
88,GSM6589703,0.9906119704246521,GSE213606,LCK-mediated RIPK3 Activation Controls Double-Positive Thymocyte Proliferation and Restrains Thymic Lymphoma by Regulating the PP2A-ERK Axis,,,"Receptor-interacting protein kinase 3 (RIPK3) is the primary regulator of necroptotic cell death. RIPK3 expression is often silenced in various cancer cells, which suggests that it may have tumor suppressor properties. However, the exact mechanism by which RIPK3 negatively regulates cancer development and progression remains unclear. This report indicates that RIPK3 acts as a potent regulator of homeostatic proliferation of CD4+CD8+ double-positive (DP) thymocytes. Abnormal proliferation of RIPK3-deficient DP thymocytes occurs independently of the well-known role for RIPK3 in necroptosis (upstream of MLKL activation), and is associated with an incidental thymic mass, likely thymic hyperplasia. In addition, Ripk3-null mice developed increased thymic tumor formation accompanied by reduced host survival in the context of a N-ethyl-N-nitrosourea (ENU)-induced tumor model. Moreover, RIPK3 deficiency in p53-null mice promoted thymic lymphoma development via upregulated ERK signaling, which correlated with markedly reduced survival rates. Mechanistically, lymphocyte-specific protein tyrosine kinase (LCK) activates RIPK3, which in turn leads to increases in the phosphatase activity of protein phosphatase 2 (PP2A), thereby suppressing hyper-activation of ERK in DP thymocytes. Overall, these findings suggest that a RIPK3-PP2A-ERK signaling axis regulates DP thymocyte homeostasis and may provide a potential therapeutic target to improve thymic lymphoma therapies.",RNA-seq of thymus with p53 or Ripk3 KO,36161785,,,679540,GPL19057,Mus musculus,GSE,Expression profiling by high throughput sequencing,2022/09/18,6,ftp://ftp.ncbi.nlm.nih.gov/geo/series/GSE213nnn/GSE213606/,LCK-Mediated RIPK3 Activation Controls Double-Positive Thymocyte Proliferation and Restrains Thymic Lymphoma by Regulating the PP2A-ERK Axis.,"Advanced science (Weinheim, Baden-Wurttemberg, Germany)",2022 Nov,10.1002/advs.202204522,OSD-421|RR9_TMS_GC_G8,Ground Control
89,GSM8196055,0.990534782409668,GSE263655,Apobec-Mediated Retroviral Hypermutation In Vivo is Dependent on Mouse Strain [RNA-seq],,,"Retroviruses cause lifelong infections resulting from their ability to thwart innate immunity. The Apobec family of cytidine deaminases are part of the innate immune response that recognizes and mutates foreign nucleic acids, including those from multiple viruses. Multiple retroviral antagonists of Apobecs have been identified, including mouse mammary tumor virus (MMTV)-encoded Rem protein. Previous experiments have shown that Rem-null MMTV or closely related TBLV proviruses from BALB/c tumors accumulate G-to-A and C-to-T mutations typical of Apobecs compared to wild-type proviruses expressing Rem. The difference in mutations between Rem-expressing and non-expressing MMTV strains largely disappeared in mice lacking the Apobec family member, activation-induced cytidine deaminase (AID). These results suggested that Rem is an AID antagonist. In this study, we attempted to study AID-mediated mutations of TBLV proviruses lacking Rem expression obtained from tumors in C57BL/6 (B6) wild-type and AID-knockout backgrounds. Surprisingly, no differences in G-to-A mutations were observed in TBLV proviruses regardless of Rem expression, yet such mutations were significantly reduced in proviruses obtained from mA3/AID-double knockout mice relative to those from wild-type B6 or AID-knockout mice. Many cellular mRNAs involving the innate immune response, but not Apobecs, were elevated in the absence relative to the presence of Rem expression on the B6 AID-knockout background. These results revealed that Apobec-mediated mutagenesis is dependent on mouse strain and suggested a second means of Rem-dependent immune evasion.","Each of two mouse mammary tumor virus (MMTV) strains (TBLV-WT = Rem-expressing or TBLV-SD = lacks Rem expression) was used to generate tumors in C57BL/6 (B6) mice or AID-knockout B6 mice. For RNAseq, we extracted four or five tumors induced by infection with TBLV-WT (Rem+) or TBLV-SD (Rem-) either in wild-type B6 mice or AID-knockout mice. Total RNA was extracted separately from each tumor for analysis and used for library preparation prior to sequencing.",,,,854723,GPL24247,Mus musculus,GSE,Expression profiling by high throughput sequencing,2024/04/15,19,ftp://ftp.ncbi.nlm.nih.gov/geo/series/GSE263nnn/GSE263655/,,,,,OSD-421|RR9_TMS_GC_G8,Ground Control
90,GSM3985854,0.9943287968635559,GSE135096,Profound discrepancies between cell autonomous and systemic Akt isoform deletions have uncovered new roles for Akt isoforms in breast cancer development and metastasis,,,Here we study the effect on cell autonomous and systemic Akt isoform deletions in breast cancer,Investigating role of Akt isoforms in breast cancer using single cell RNA-seq,,,,277866,GPL19057,Mus musculus,GSE,Expression profiling by high throughput sequencing,2020/08/21,14,ftp://ftp.ncbi.nlm.nih.gov/geo/series/GSE135nnn/GSE135096/,,,,,OSD-421|RR9_TMS_GC_G9,Ground Control
91,GSM5530581,0.9939143657684326,GSE198612,Runx3 drives a tissue-residency program that is absent in CD4+ T cells,,,This SuperSeries is composed of the SubSeries listed below.,Refer to individual Series,,,,534650,GPL24247,Mus musculus,GSE,Expression profiling by high throughput sequencing; Genome binding/occupancy profiling by high throughput sequencing,2022/05/24,20,ftp://ftp.ncbi.nlm.nih.gov/geo/series/GSE198nnn/GSE198612/,,,,,OSD-421|RR9_TMS_GC_G9,Ground Control
92,GSM3386299,0.993791937828064,GSE119884,"Novel MVA Vector Expressing Anti-apoptotic gene, B13R, Delays Apoptosis and Enhances Humoral Responses",,,"Modified vaccinia virus Ankara (MVA) has been explored as a vaccine vector for use against infectious diseases and cancer. MVA is an immunogenic, attenuated poxvirus capable of eliciting robust cellular and humoral responses in pre-clinical animal models and in patients. However, upon infection with MVA, cells undergo rapid apoptosis leading to faster clearance of recombinant antigens. The fragmentation of the anti-apoptotic gene B13R in MVA could contribute to this effect. Here, we replaced the fragmented B13R with a functional version and observed that MVA-B13R infected HeLa cells and muscle cell lines delayed caspase 3 activation compared to MVA indicating slower progression of apoptosis. For immunogenicity studies, mice were intramuscularly immunized with recombinant MVA or MVA-B13R expressing SIV Gag, Pol and HIV Env (SHIV). We observed higher Env-specific humoral responses from MVA-B13R SHIV compared to MVA SHIV mice. To determine differences in the innate immune response that may have contributed to the augmented humoral response, we performed RNA-Seq analysis on draining lymph node cells after immunization. Gene set enrichment analysis from day 1 after immunization showed that MVA-B13R SHIV immunizations were associated with a negative enrichment for type I and II interferon responses compared to MVA SHIV mice indicating MVA-B13R SHIV induces a delayed anti-viral interferon response that may lead to the enhanced humoral response observed. Taken together, these results demonstrate that restoring B13R functionality in MVA significantly delays MVA-induced apoptosis, augments Env-specific antibody responses, and is associated with reduced interferon-alpha and interferon-gamma responses induced after vaccination.","Female BALB/c mice were intramuscularly immunized at 10^7 pfu/dose with MVA expressing SHIV antigens or MVA-B13R expressing SHIV. At days 1, 2, and 6 post immunization, draining inguinal lymph node cells were harvested for RNA extraction. 5 animals per group per time point including 5 naive mice as a control group.",,,,197467,GPL21493,Mus musculus,GSE,Expression profiling by high throughput sequencing,2018/11/27,35,ftp://ftp.ncbi.nlm.nih.gov/geo/series/GSE119nnn/GSE119884/,,,,,OSD-421|RR9_TMS_GC_G9,Ground Control
93,GSM5530575,0.9934660196304321,GSE198612,Runx3 drives a tissue-residency program that is absent in CD4+ T cells,,,This SuperSeries is composed of the SubSeries listed below.,Refer to individual Series,,,,534644,GPL24247,Mus musculus,GSE,Expression profiling by high throughput sequencing; Genome binding/occupancy profiling by high throughput sequencing,2022/05/24,20,ftp://ftp.ncbi.nlm.nih.gov/geo/series/GSE198nnn/GSE198612/,,,,,OSD-421|RR9_TMS_GC_G9,Ground Control
94,GSM2593773,0.9933075904846191,GSE87633,Organism-level analysis of vaccination reveals networks of protection across tissues,,,"Whole organs or CD8+ T cell populations sorted by FACS from tissues were isolated at various time points following vaccination with Vaccinia virus strain Modified Vaccinia Ankara (MVA; subcutaneously) and/or infection with strain Western Reserve (WR; intranasally). Total RNA was extracted from whole organs or sorted cell populations, RNA-seq libraries were prepared with a custom protocol, and sequenced at an average depth of ~5M/sample.","We compared three types of immune responses in vivo: (1) vaccinating (MVA only; 10^7 PFUs subcutaneously), (2) lethal (WR only; 10^7 PFUs intranasally), and (3) protective (MVA followed by WR challenge; same doses and routes as in 1 and 2, respectively). Overall, 6 datasets were generated from the following experiments and samples: (i) Whole-tissue samples from MVA, WR, MVA+WR cohorts with WR challenge at day 7, 21 (Exp. 1), or 80 (Exp. 2) in wild-type mice; (ii) Whole-tissue samples from MVA+WR at day 21 in wild-type versus knockout animals: Tcra-/- (Exp. 3), and Ifng-/-, Il22-/-, and Csf2-/- (Exp. 5); (iii) Sorted CD8+ T cell populations profiled from tissues of MVA-vaccinated (day 21) and control mice with (Exp. 6) or without (Exp. 4) intravascular staining (anti-CD45-PE antibody) to distinguish parenchyma-associated from vasculature-associated cells.",28942919,,,111267,GPL13112; GPL19057; GPL17021,Mus musculus,GSE,Expression profiling by high throughput sequencing,2017/09/21,737,ftp://ftp.ncbi.nlm.nih.gov/geo/series/GSE87nnn/GSE87633/,Organism-Level Analysis of Vaccination Reveals Networks of Protection across Tissues.,Cell,2017 Oct 5,10.1016/j.cell.2017.08.024,OSD-421|RR9_TMS_GC_G9,Ground Control
95,GSM5530573,0.993241548538208,GSE198612,Runx3 drives a tissue-residency program that is absent in CD4+ T cells,,,This SuperSeries is composed of the SubSeries listed below.,Refer to individual Series,,,,534642,GPL24247,Mus musculus,GSE,Expression profiling by high throughput sequencing; Genome binding/occupancy profiling by high throughput sequencing,2022/05/24,20,ftp://ftp.ncbi.nlm.nih.gov/geo/series/GSE198nnn/GSE198612/,,,,,OSD-421|RR9_TMS_GC_G9,Ground Control
96,GSM3141019,0.9931530952453613,GSE114398,Cutaneous T effector transcriptomic responses triggered by early colonization of Staphylococcus species in new-born mice,,,We used the next generation sequencing method to profile gene expression changes in cutaneous T effectors isolated from mice with early colonization with Staphylococcus aureus or Staphylococcus epidermidis,"Whole transcriptomic RNAseq profile of cutaneous CD4+ T effector cells isolated from specific pathogen free (SPF) mice with early colonization of S. aureus(SA+SPF), S. epidermidis(SE+SPF) or no additional colonization(SPF).",30185226,,,173473,GPL17021,Mus musculus,GSE,Expression profiling by high throughput sequencing,2018/12/25,15,ftp://ftp.ncbi.nlm.nih.gov/geo/series/GSE114nnn/GSE114398/,Alteration of the cutaneous microbiome in psoriasis and potential role in Th17 polarization.,Microbiome,2018 Sep 5,10.1186/s40168-018-0533-1,OSD-421|RR9_TMS_GC_G9,Ground Control
97,GSM2593805,0.9931159615516663,GSE87633,Organism-level analysis of vaccination reveals networks of protection across tissues,,,"Whole organs or CD8+ T cell populations sorted by FACS from tissues were isolated at various time points following vaccination with Vaccinia virus strain Modified Vaccinia Ankara (MVA; subcutaneously) and/or infection with strain Western Reserve (WR; intranasally). Total RNA was extracted from whole organs or sorted cell populations, RNA-seq libraries were prepared with a custom protocol, and sequenced at an average depth of ~5M/sample.","We compared three types of immune responses in vivo: (1) vaccinating (MVA only; 10^7 PFUs subcutaneously), (2) lethal (WR only; 10^7 PFUs intranasally), and (3) protective (MVA followed by WR challenge; same doses and routes as in 1 and 2, respectively). Overall, 6 datasets were generated from the following experiments and samples: (i) Whole-tissue samples from MVA, WR, MVA+WR cohorts with WR challenge at day 7, 21 (Exp. 1), or 80 (Exp. 2) in wild-type mice; (ii) Whole-tissue samples from MVA+WR at day 21 in wild-type versus knockout animals: Tcra-/- (Exp. 3), and Ifng-/-, Il22-/-, and Csf2-/- (Exp. 5); (iii) Sorted CD8+ T cell populations profiled from tissues of MVA-vaccinated (day 21) and control mice with (Exp. 6) or without (Exp. 4) intravascular staining (anti-CD45-PE antibody) to distinguish parenchyma-associated from vasculature-associated cells.",28942919,,,111297,GPL13112; GPL19057; GPL17021,Mus musculus,GSE,Expression profiling by high throughput sequencing,2017/09/21,737,ftp://ftp.ncbi.nlm.nih.gov/geo/series/GSE87nnn/GSE87633/,Organism-Level Analysis of Vaccination Reveals Networks of Protection across Tissues.,Cell,2017 Oct 5,10.1016/j.cell.2017.08.024,OSD-421|RR9_TMS_GC_G9,Ground Control
98,GSM5530577,0.9930378198623657,GSE198612,Runx3 drives a tissue-residency program that is absent in CD4+ T cells,,,This SuperSeries is composed of the SubSeries listed below.,Refer to individual Series,,,,534646,GPL24247,Mus musculus,GSE,Expression profiling by high throughput sequencing; Genome binding/occupancy profiling by high throughput sequencing,2022/05/24,20,ftp://ftp.ncbi.nlm.nih.gov/geo/series/GSE198nnn/GSE198612/,,,,,OSD-421|RR9_TMS_GC_G9,Ground Control
99,GSM3447618,0.9930269718170166,GSE121838,Sex-specific adipose tissue imprinting of regulatory T cells,,,This SuperSeries is composed of the SubSeries listed below.,Refer to individual Series,32103173,,,213458,GPL19057,Mus musculus,GSE,Expression profiling by high throughput sequencing; Genome binding/occupancy profiling by high throughput sequencing,2020/02/28,53,ftp://ftp.ncbi.nlm.nih.gov/geo/series/GSE121nnn/GSE121838/,Sex-specific adipose tissue imprinting of regulatory T cells.,Nature,2020 Mar,10.1038/s41586-020-2040-3,OSD-421|RR9_TMS_GC_G9,Ground Control
100,GSM7014081,0.9929549694061279,GSE224146,A pairwise cytokine code explains the organism-wide response to sepsis,,,This SuperSeries is composed of the SubSeries listed below.,Refer to individual Series,38191855;42065235,,,733159,GPL21626; GPL24247; GPL30172,Mus musculus,GSE,Expression profiling by high throughput sequencing; Other,2024/01/08,2196,ftp://ftp.ncbi.nlm.nih.gov/geo/series/GSE224nnn/GSE224146/,A pairwise cytokine code explains the organism-wide response to sepsis.,Nature immunology,2024 Feb,10.1038/s41590-023-01722-8,OSD-421|RR9_TMS_FLT_F1,Space Flight
101,GSM3464183,0.9918026924133301,GSE122336,Single-cell profiling guided combinatorial immunotherapy for breast cancer resistance to Her2/neu and CDK4/6 targeted therapy,,,"Trastuzumab (Herceptin™), a humanized monoclonal antibody targeting the extracellular domain of human epidermal growth factor receptor-2 (HER2), is one of the most successful examples of targeted therapies for HER2-positive breast cancer. However, drug resistance remains daunting challenges. New combinatorial regimen of CDK4/6 inhibitors plus trastuzumab is currently under active clinical investigations. In this study, we seek to prospectively model the in vivo response to CDK4/6 inhibitor Palbociclib (Pal) plus trastuzumab (Ab) using transgenic Her2/Neu mouse model in parallel with the current clinical trial scenario. We performed single cell RNA-seqencing (Drop-seq) to profile and compare tumor cells and infiltrated immune cells derived from control, Ab+Pal sensitive/residual (APS) and resistant/progressive (APR) tumors. We revealed that although Ab+Pal treatment enhanced antigen processing, presentation and interferon signaling on tumor cells, a distinct immunosuppressive immature myeloid cells (IMCs) infiltrated in the resistant tumor microenvironment to promote resistant phenotype. Based on single cell gene set enrichment analysis (profiling) guided drug screening, we identified and evaluated a combinatorial immunotherapy regimen. We found that combinatorial immunotherapy with receptor tyrosine kinase inhibitor Cabozantinib and immune checkpoint blockades overcome Ab+Pal resistance by inhibiting IMCs and enhancing anti-tumor immunity. Moreover, our rationally designed sequential combinatorial regimens enabled durable response and sustained controlling of the emergence of acquired resistance, thus significantly improved outcomes of rapidly evolving Her2/Neu positive breast cancers. Our results implicate that single-cell RNA sequencing profiling guided combinatorial immunotherapy as a strategy to mitigate the emergence of resistance and to achieve long-term therapeutic benefit merits clinical translation.",Drop-seq of tumor cells and tumor infiltrating immune cells derived from FVB/N MMTV-neu202Mul mice with different treatment/phenotypes (sensitive and resistant tumors).,31444334,,,214561,GPL19057; GPL17021,Mus musculus,GSE,Expression profiling by high throughput sequencing,2019/06/19,21,ftp://ftp.ncbi.nlm.nih.gov/geo/series/GSE122nnn/GSE122336/,Single-cell profiling guided combinatorial immunotherapy for fast-evolving CDK4/6 inhibitor-resistant HER2-positive breast cancer.,Nature communications,2019 Aug 23,10.1038/s41467-019-11729-1,OSD-421|RR9_TMS_FLT_F1,Space Flight
102,GSM7013990,0.9915143251419067,GSE224146,A pairwise cytokine code explains the organism-wide response to sepsis,,,This SuperSeries is composed of the SubSeries listed below.,Refer to individual Series,38191855;42065235,,,733155,GPL21626; GPL24247; GPL30172,Mus musculus,GSE,Expression profiling by high throughput sequencing; Other,2024/01/08,2196,ftp://ftp.ncbi.nlm.nih.gov/geo/series/GSE224nnn/GSE224146/,A pairwise cytokine code explains the organism-wide response to sepsis.,Nature immunology,2024 Feb,10.1038/s41590-023-01722-8,OSD-421|RR9_TMS_FLT_F1,Space Flight
103,GSM3386299,0.9914955496788025,GSE119884,"Novel MVA Vector Expressing Anti-apoptotic gene, B13R, Delays Apoptosis and Enhances Humoral Responses",,,"Modified vaccinia virus Ankara (MVA) has been explored as a vaccine vector for use against infectious diseases and cancer. MVA is an immunogenic, attenuated poxvirus capable of eliciting robust cellular and humoral responses in pre-clinical animal models and in patients. However, upon infection with MVA, cells undergo rapid apoptosis leading to faster clearance of recombinant antigens. The fragmentation of the anti-apoptotic gene B13R in MVA could contribute to this effect. Here, we replaced the fragmented B13R with a functional version and observed that MVA-B13R infected HeLa cells and muscle cell lines delayed caspase 3 activation compared to MVA indicating slower progression of apoptosis. For immunogenicity studies, mice were intramuscularly immunized with recombinant MVA or MVA-B13R expressing SIV Gag, Pol and HIV Env (SHIV). We observed higher Env-specific humoral responses from MVA-B13R SHIV compared to MVA SHIV mice. To determine differences in the innate immune response that may have contributed to the augmented humoral response, we performed RNA-Seq analysis on draining lymph node cells after immunization. Gene set enrichment analysis from day 1 after immunization showed that MVA-B13R SHIV immunizations were associated with a negative enrichment for type I and II interferon responses compared to MVA SHIV mice indicating MVA-B13R SHIV induces a delayed anti-viral interferon response that may lead to the enhanced humoral response observed. Taken together, these results demonstrate that restoring B13R functionality in MVA significantly delays MVA-induced apoptosis, augments Env-specific antibody responses, and is associated with reduced interferon-alpha and interferon-gamma responses induced after vaccination.","Female BALB/c mice were intramuscularly immunized at 10^7 pfu/dose with MVA expressing SHIV antigens or MVA-B13R expressing SHIV. At days 1, 2, and 6 post immunization, draining inguinal lymph node cells were harvested for RNA extraction. 5 animals per group per time point including 5 naive mice as a control group.",,,,197467,GPL21493,Mus musculus,GSE,Expression profiling by high throughput sequencing,2018/11/27,35,ftp://ftp.ncbi.nlm.nih.gov/geo/series/GSE119nnn/GSE119884/,,,,,OSD-421|RR9_TMS_FLT_F1,Space Flight
104,GSM4200072,0.9914736747741699,GSE141259,Longitudinal single-cell transcriptomics analysis of mouse lung upon bleomycin-induced injury,,,"Two single-cell RNA sequencing data sets were generated called ""Whole lung"" and ""High Resolution"". The ""Whole lung"" single-cell mRNAseq libraries were generated with Drop-Seq from whole mouse lungs upon bleomycin-induced injury and followed over time. Samples were taken at days 3 (n = 3), 7 (n = 5), 10 (n = 3), 14 (n = 4), 21 (n = 4) and 28 (n = 2). Control samples (n = 7) were administered saline only, also indicated with PBS or day0. The ""High resolution"" single-cell mRNAseq libraries were generated with Drop-Seq from the epithelial compartment of mouse lungs upon bleomycin-induced injury and followed over time. Samples were taken daily for two weeks and at days 21, 28, 36, 54 after injury. Control samples (n = 2) were administered saline only, also indicated with PBS or day0.",Single-cell transcriptomics time-course experiment.,32678092,,,315253,GPL21103,Mus musculus,GSE,Expression profiling by high throughput sequencing,2019/12/02,60,ftp://ftp.ncbi.nlm.nih.gov/geo/series/GSE141nnn/GSE141259/,Alveolar regeneration through a Krt8+ transitional stem cell state that persists in human lung fibrosis.,Nature communications,2020 Jul 16,10.1038/s41467-020-17358-3,OSD-421|RR9_TMS_FLT_F1,Space Flight
105,GSM2465750,0.9911394715309143,GSE93961,Sub-populations in the mammary repopulating units,,,"Elucidating the top of the mammary epithelial cell hierarchy is highly important for understanding its regeneration capabilities and identifying target cells for transformation. Aiming for enriched mammary epithelial stem cell population, CD200highCD200R1high epithelial cells were identified. These cells represent ~50% of the mammary repopulating units (MRUs, CD49fhigh CD24med ) and termed MRUCD200/CD200R1. Gene expression of these cells was compared to all other MRU cells, termed MRUnot CD200/CD200R1, as well as individual CD200+ population (MRU-CD200R1-) and CD200R1+ population (MRU-CD200-).","Gene expression from mammary epithelial cells carrying sorted by CD200, CD200R1 markers and MRU markers. Four populations were sequenced: MRU-positive CD200 positive and CD200R1 positive; MRU-positive and not CD200 positive CD200R1 positive; not MRU CD200 positive CD200R1 negative; not MRU CD200 negative CD200R1 positive. There are 5 replicates from 5 individual mice.",29937142,,,95188,GPL17021,Mus musculus,GSE,Expression profiling by high throughput sequencing,2018/12/21,20,ftp://ftp.ncbi.nlm.nih.gov/geo/series/GSE93nnn/GSE93961/,High Expression of CD200 and CD200R1 Distinguishes Stem and Progenitor Cell Populations within Mammary Repopulating Units.,Stem cell reports,2018 Jul 10,10.1016/j.stemcr.2018.05.013,OSD-421|RR9_TMS_FLT_F1,Space Flight
106,GSM5117982,0.9910000562667847,GSE167975,Macrophages of embryonic origin function during early life to determine host iNKT cell levels at barrier surfaces,,,This SuperSeries is composed of the SubSeries listed below.,Refer to individual Series,34040226,,,472976,GPL19057,Mus musculus,GSE,Expression profiling by high throughput sequencing,2021/03/31,21,ftp://ftp.ncbi.nlm.nih.gov/geo/series/GSE167nnn/GSE167975/,Embryonic macrophages function during early life to determine invariant natural killer T cell levels at barrier surfaces.,Nature immunology,2021 Jun,10.1038/s41590-021-00934-0,OSD-421|RR9_TMS_FLT_F1,Space Flight
107,GSM3985858,0.9908664226531982,GSE135096,Profound discrepancies between cell autonomous and systemic Akt isoform deletions have uncovered new roles for Akt isoforms in breast cancer development and metastasis,,,Here we study the effect on cell autonomous and systemic Akt isoform deletions in breast cancer,Investigating role of Akt isoforms in breast cancer using single cell RNA-seq,,,,277868,GPL19057,Mus musculus,GSE,Expression profiling by high throughput sequencing,2020/08/21,14,ftp://ftp.ncbi.nlm.nih.gov/geo/series/GSE135nnn/GSE135096/,,,,,OSD-421|RR9_TMS_FLT_F1,Space Flight
108,GSM2465746,0.990839958190918,GSE93961,Sub-populations in the mammary repopulating units,,,"Elucidating the top of the mammary epithelial cell hierarchy is highly important for understanding its regeneration capabilities and identifying target cells for transformation. Aiming for enriched mammary epithelial stem cell population, CD200highCD200R1high epithelial cells were identified. These cells represent ~50% of the mammary repopulating units (MRUs, CD49fhigh CD24med ) and termed MRUCD200/CD200R1. Gene expression of these cells was compared to all other MRU cells, termed MRUnot CD200/CD200R1, as well as individual CD200+ population (MRU-CD200R1-) and CD200R1+ population (MRU-CD200-).","Gene expression from mammary epithelial cells carrying sorted by CD200, CD200R1 markers and MRU markers. Four populations were sequenced: MRU-positive CD200 positive and CD200R1 positive; MRU-positive and not CD200 positive CD200R1 positive; not MRU CD200 positive CD200R1 negative; not MRU CD200 negative CD200R1 positive. There are 5 replicates from 5 individual mice.",29937142,,,95184,GPL17021,Mus musculus,GSE,Expression profiling by high throughput sequencing,2018/12/21,20,ftp://ftp.ncbi.nlm.nih.gov/geo/series/GSE93nnn/GSE93961/,High Expression of CD200 and CD200R1 Distinguishes Stem and Progenitor Cell Populations within Mammary Repopulating Units.,Stem cell reports,2018 Jul 10,10.1016/j.stemcr.2018.05.013,OSD-421|RR9_TMS_FLT_F1,Space Flight
109,GSM1974944,0.9906191229820251,GSE76138,Transcriptional profiling of Regulatory T-cells isolated from adult skin and skin draining lymph nodes (SDLNs),,,Purpose: The goals of this study were to identify preferential gene expression signatures that are unique to telogen skin resident Tregs relative to peripheral Tregs Methods: Tregs from telogen skin and SDLNs were purified by cell sorting (using the Treg GFP reporter mouse line Foxp3-DTR/GFP) to generate mRNA transcription profiles. Results: Transcriptional profiling revealed a unique Skin treg signature relative to SDLN Tregs Conclusion: Our study represents the first detailed analysis of the skin Treg transcriptome.,mRNA profiles of skin and SDLN Tregs isolated from 6 week old Foxp3-DTR/GFP mice.,,,,53430,GPL17021,Mus musculus,GSE,Expression profiling by high throughput sequencing,2017/04/28,7,ftp://ftp.ncbi.nlm.nih.gov/geo/series/GSE76nnn/GSE76138/,,,,,OSD-421|RR9_TMS_FLT_F1,Space Flight
110,GSM3386299,0.993723452091217,GSE119884,"Novel MVA Vector Expressing Anti-apoptotic gene, B13R, Delays Apoptosis and Enhances Humoral Responses",,,"Modified vaccinia virus Ankara (MVA) has been explored as a vaccine vector for use against infectious diseases and cancer. MVA is an immunogenic, attenuated poxvirus capable of eliciting robust cellular and humoral responses in pre-clinical animal models and in patients. However, upon infection with MVA, cells undergo rapid apoptosis leading to faster clearance of recombinant antigens. The fragmentation of the anti-apoptotic gene B13R in MVA could contribute to this effect. Here, we replaced the fragmented B13R with a functional version and observed that MVA-B13R infected HeLa cells and muscle cell lines delayed caspase 3 activation compared to MVA indicating slower progression of apoptosis. For immunogenicity studies, mice were intramuscularly immunized with recombinant MVA or MVA-B13R expressing SIV Gag, Pol and HIV Env (SHIV). We observed higher Env-specific humoral responses from MVA-B13R SHIV compared to MVA SHIV mice. To determine differences in the innate immune response that may have contributed to the augmented humoral response, we performed RNA-Seq analysis on draining lymph node cells after immunization. Gene set enrichment analysis from day 1 after immunization showed that MVA-B13R SHIV immunizations were associated with a negative enrichment for type I and II interferon responses compared to MVA SHIV mice indicating MVA-B13R SHIV induces a delayed anti-viral interferon response that may lead to the enhanced humoral response observed. Taken together, these results demonstrate that restoring B13R functionality in MVA significantly delays MVA-induced apoptosis, augments Env-specific antibody responses, and is associated with reduced interferon-alpha and interferon-gamma responses induced after vaccination.","Female BALB/c mice were intramuscularly immunized at 10^7 pfu/dose with MVA expressing SHIV antigens or MVA-B13R expressing SHIV. At days 1, 2, and 6 post immunization, draining inguinal lymph node cells were harvested for RNA extraction. 5 animals per group per time point including 5 naive mice as a control group.",,,,197467,GPL21493,Mus musculus,GSE,Expression profiling by high throughput sequencing,2018/11/27,35,ftp://ftp.ncbi.nlm.nih.gov/geo/series/GSE119nnn/GSE119884/,,,,,OSD-421|RR9_TMS_FLT_F10,Space Flight
111,GSM3985854,0.9926432371139526,GSE135096,Profound discrepancies between cell autonomous and systemic Akt isoform deletions have uncovered new roles for Akt isoforms in breast cancer development and metastasis,,,Here we study the effect on cell autonomous and systemic Akt isoform deletions in breast cancer,Investigating role of Akt isoforms in breast cancer using single cell RNA-seq,,,,277866,GPL19057,Mus musculus,GSE,Expression profiling by high throughput sequencing,2020/08/21,14,ftp://ftp.ncbi.nlm.nih.gov/geo/series/GSE135nnn/GSE135096/,,,,,OSD-421|RR9_TMS_FLT_F10,Space Flight
112,GSM2465750,0.9923676252365112,GSE93961,Sub-populations in the mammary repopulating units,,,"Elucidating the top of the mammary epithelial cell hierarchy is highly important for understanding its regeneration capabilities and identifying target cells for transformation. Aiming for enriched mammary epithelial stem cell population, CD200highCD200R1high epithelial cells were identified. These cells represent ~50% of the mammary repopulating units (MRUs, CD49fhigh CD24med ) and termed MRUCD200/CD200R1. Gene expression of these cells was compared to all other MRU cells, termed MRUnot CD200/CD200R1, as well as individual CD200+ population (MRU-CD200R1-) and CD200R1+ population (MRU-CD200-).","Gene expression from mammary epithelial cells carrying sorted by CD200, CD200R1 markers and MRU markers. Four populations were sequenced: MRU-positive CD200 positive and CD200R1 positive; MRU-positive and not CD200 positive CD200R1 positive; not MRU CD200 positive CD200R1 negative; not MRU CD200 negative CD200R1 positive. There are 5 replicates from 5 individual mice.",29937142,,,95188,GPL17021,Mus musculus,GSE,Expression profiling by high throughput sequencing,2018/12/21,20,ftp://ftp.ncbi.nlm.nih.gov/geo/series/GSE93nnn/GSE93961/,High Expression of CD200 and CD200R1 Distinguishes Stem and Progenitor Cell Populations within Mammary Repopulating Units.,Stem cell reports,2018 Jul 10,10.1016/j.stemcr.2018.05.013,OSD-421|RR9_TMS_FLT_F10,Space Flight
113,GSM3464183,0.9922157526016235,GSE122336,Single-cell profiling guided combinatorial immunotherapy for breast cancer resistance to Her2/neu and CDK4/6 targeted therapy,,,"Trastuzumab (Herceptin™), a humanized monoclonal antibody targeting the extracellular domain of human epidermal growth factor receptor-2 (HER2), is one of the most successful examples of targeted therapies for HER2-positive breast cancer. However, drug resistance remains daunting challenges. New combinatorial regimen of CDK4/6 inhibitors plus trastuzumab is currently under active clinical investigations. In this study, we seek to prospectively model the in vivo response to CDK4/6 inhibitor Palbociclib (Pal) plus trastuzumab (Ab) using transgenic Her2/Neu mouse model in parallel with the current clinical trial scenario. We performed single cell RNA-seqencing (Drop-seq) to profile and compare tumor cells and infiltrated immune cells derived from control, Ab+Pal sensitive/residual (APS) and resistant/progressive (APR) tumors. We revealed that although Ab+Pal treatment enhanced antigen processing, presentation and interferon signaling on tumor cells, a distinct immunosuppressive immature myeloid cells (IMCs) infiltrated in the resistant tumor microenvironment to promote resistant phenotype. Based on single cell gene set enrichment analysis (profiling) guided drug screening, we identified and evaluated a combinatorial immunotherapy regimen. We found that combinatorial immunotherapy with receptor tyrosine kinase inhibitor Cabozantinib and immune checkpoint blockades overcome Ab+Pal resistance by inhibiting IMCs and enhancing anti-tumor immunity. Moreover, our rationally designed sequential combinatorial regimens enabled durable response and sustained controlling of the emergence of acquired resistance, thus significantly improved outcomes of rapidly evolving Her2/Neu positive breast cancers. Our results implicate that single-cell RNA sequencing profiling guided combinatorial immunotherapy as a strategy to mitigate the emergence of resistance and to achieve long-term therapeutic benefit merits clinical translation.",Drop-seq of tumor cells and tumor infiltrating immune cells derived from FVB/N MMTV-neu202Mul mice with different treatment/phenotypes (sensitive and resistant tumors).,31444334,,,214561,GPL19057; GPL17021,Mus musculus,GSE,Expression profiling by high throughput sequencing,2019/06/19,21,ftp://ftp.ncbi.nlm.nih.gov/geo/series/GSE122nnn/GSE122336/,Single-cell profiling guided combinatorial immunotherapy for fast-evolving CDK4/6 inhibitor-resistant HER2-positive breast cancer.,Nature communications,2019 Aug 23,10.1038/s41467-019-11729-1,OSD-421|RR9_TMS_FLT_F10,Space Flight
114,GSM7014081,0.9921956062316895,GSE224146,A pairwise cytokine code explains the organism-wide response to sepsis,,,This SuperSeries is composed of the SubSeries listed below.,Refer to individual Series,38191855;42065235,,,733159,GPL21626; GPL24247; GPL30172,Mus musculus,GSE,Expression profiling by high throughput sequencing; Other,2024/01/08,2196,ftp://ftp.ncbi.nlm.nih.gov/geo/series/GSE224nnn/GSE224146/,A pairwise cytokine code explains the organism-wide response to sepsis.,Nature immunology,2024 Feb,10.1038/s41590-023-01722-8,OSD-421|RR9_TMS_FLT_F10,Space Flight
115,GSM5530575,0.9920597672462463,GSE198612,Runx3 drives a tissue-residency program that is absent in CD4+ T cells,,,This SuperSeries is composed of the SubSeries listed below.,Refer to individual Series,,,,534644,GPL24247,Mus musculus,GSE,Expression profiling by high throughput sequencing; Genome binding/occupancy profiling by high throughput sequencing,2022/05/24,20,ftp://ftp.ncbi.nlm.nih.gov/geo/series/GSE198nnn/GSE198612/,,,,,OSD-421|RR9_TMS_FLT_F10,Space Flight
116,GSM3985858,0.991772472858429,GSE135096,Profound discrepancies between cell autonomous and systemic Akt isoform deletions have uncovered new roles for Akt isoforms in breast cancer development and metastasis,,,Here we study the effect on cell autonomous and systemic Akt isoform deletions in breast cancer,Investigating role of Akt isoforms in breast cancer using single cell RNA-seq,,,,277868,GPL19057,Mus musculus,GSE,Expression profiling by high throughput sequencing,2020/08/21,14,ftp://ftp.ncbi.nlm.nih.gov/geo/series/GSE135nnn/GSE135096/,,,,,OSD-421|RR9_TMS_FLT_F10,Space Flight
117,GSM3162629,0.9916455745697021,GSE115005,Ribonucleotide excision repair is essential to prevent skin cancer,,,This SuperSeries is composed of the SubSeries listed below.,Refer to individual Series,30154151,,,175425,GPL17021,Mus musculus,GSE,Expression profiling by high throughput sequencing,2019/05/29,19,ftp://ftp.ncbi.nlm.nih.gov/geo/series/GSE115nnn/GSE115005/,Ribonucleotide Excision Repair Is Essential to Prevent Squamous Cell Carcinoma of the Skin.,Cancer research,2018 Oct 15,10.1158/0008-5472.CAN-18-1099,OSD-421|RR9_TMS_FLT_F10,Space Flight
118,GSM5765746,0.9915602207183838,GSE160903,Physical interaction with antigen presenting cells primes a T helper tumor lineage,,,"Cellular interactions in the tumor microenvironment (TME) drive T cell effector function, or dysfunction, and define a primary mechanism to target anti-tumor T cell immunity. Currently, the interactions that shape T cell function in the TME remain poorly understood. Here, we mapped the molecular programs of T and antigen-presenting cell interactions in human early non-small cell lung carcinoma lesions by physically interacting cell (PIC) sequencing. PIC-seq and imaging identified that in the TME, but not normal lung, PICs are enriched in clonally expanded CD4+PD-1+CXCL13+ T cells, expressing a unique combination of checkpoint molecules, transcription-factors, and cytokines, defining a novel T helper tumor-specific (Tht) program, conserved across cancer types. In vitro and in vivo genetic models of antigen specificity confirmed that the Tht prevalence in TME PICs is driven by tumor-antigen presentation of dendritic cells. Our study highlights CD4+ T-dendritic cell physical interaction as a key factor regulating the TME.",Transcriptional profiling of thousands of single cells and doublets (PIC) of interacting T and dendritic cells from both human tumors and mouse tumor models,35241835,,,590690,GPL18573; GPL24676; GPL19057; GPL24247,Mus musculus; Homo sapiens,GSE,Expression profiling by high throughput sequencing,2022/01/11,268,ftp://ftp.ncbi.nlm.nih.gov/geo/series/GSE160nnn/GSE160903/,The interaction of CD4(+) helper T cells with dendritic cells shapes the tumor microenvironment and immune checkpoint blockade response.,Nature cancer,2022 Mar,10.1038/s43018-022-00338-5,OSD-421|RR9_TMS_FLT_F10,Space Flight
119,GSM5530581,0.9915413856506348,GSE198612,Runx3 drives a tissue-residency program that is absent in CD4+ T cells,,,This SuperSeries is composed of the SubSeries listed below.,Refer to individual Series,,,,534650,GPL24247,Mus musculus,GSE,Expression profiling by high throughput sequencing; Genome binding/occupancy profiling by high throughput sequencing,2022/05/24,20,ftp://ftp.ncbi.nlm.nih.gov/geo/series/GSE198nnn/GSE198612/,,,,,OSD-421|RR9_TMS_FLT_F10,Space Flight
120,GSM4200072,0.9917619228363037,GSE141259,Longitudinal single-cell transcriptomics analysis of mouse lung upon bleomycin-induced injury,,,"Two single-cell RNA sequencing data sets were generated called ""Whole lung"" and ""High Resolution"". The ""Whole lung"" single-cell mRNAseq libraries were generated with Drop-Seq from whole mouse lungs upon bleomycin-induced injury and followed over time. Samples were taken at days 3 (n = 3), 7 (n = 5), 10 (n = 3), 14 (n = 4), 21 (n = 4) and 28 (n = 2). Control samples (n = 7) were administered saline only, also indicated with PBS or day0. The ""High resolution"" single-cell mRNAseq libraries were generated with Drop-Seq from the epithelial compartment of mouse lungs upon bleomycin-induced injury and followed over time. Samples were taken daily for two weeks and at days 21, 28, 36, 54 after injury. Control samples (n = 2) were administered saline only, also indicated with PBS or day0.",Single-cell transcriptomics time-course experiment.,32678092,,,315253,GPL21103,Mus musculus,GSE,Expression profiling by high throughput sequencing,2019/12/02,60,ftp://ftp.ncbi.nlm.nih.gov/geo/series/GSE141nnn/GSE141259/,Alveolar regeneration through a Krt8+ transitional stem cell state that persists in human lung fibrosis.,Nature communications,2020 Jul 16,10.1038/s41467-020-17358-3,OSD-421|RR9_TMS_FLT_F2,Space Flight
121,GSM7014081,0.9905032515525818,GSE224146,A pairwise cytokine code explains the organism-wide response to sepsis,,,This SuperSeries is composed of the SubSeries listed below.,Refer to individual Series,38191855;42065235,,,733159,GPL21626; GPL24247; GPL30172,Mus musculus,GSE,Expression profiling by high throughput sequencing; Other,2024/01/08,2196,ftp://ftp.ncbi.nlm.nih.gov/geo/series/GSE224nnn/GSE224146/,A pairwise cytokine code explains the organism-wide response to sepsis.,Nature immunology,2024 Feb,10.1038/s41590-023-01722-8,OSD-421|RR9_TMS_FLT_F2,Space Flight
122,GSM5117982,0.9903414845466614,GSE167975,Macrophages of embryonic origin function during early life to determine host iNKT cell levels at barrier surfaces,,,This SuperSeries is composed of the SubSeries listed below.,Refer to individual Series,34040226,,,472976,GPL19057,Mus musculus,GSE,Expression profiling by high throughput sequencing,2021/03/31,21,ftp://ftp.ncbi.nlm.nih.gov/geo/series/GSE167nnn/GSE167975/,Embryonic macrophages function during early life to determine invariant natural killer T cell levels at barrier surfaces.,Nature immunology,2021 Jun,10.1038/s41590-021-00934-0,OSD-421|RR9_TMS_FLT_F2,Space Flight
123,GSM6808694,0.9901138544082642,GSE220665,The Transcriptional Cofactor SKI Regulates Medullary Thymic Epithelial Cell Differentiation and Peripheral T Cell Responses,,,"The thymus is an important site for the establishment and maintenance of an appropriate immune response through positive and negative selection of developing T cells. During selection, developing T cells interact with cortical and medullary thymic epithelial cells (TECs), termed cTECs and mTECs respectively. Our lab found that TEC-specific deletion of Ski decreased the mTEC compartment in the thymus and that tissue restricted antigen (TRA) expression in mTECs was also altered. Interestingly, these mice were significantly protected from developing experimental autoimmune encephalomyelitis (EAE) disease compared to the control mice and naïve CD4 T cells purified from Ski-deleted mice showed a defect in proliferation in vitro after global T cell receptor (TCR) stimulation.  Overall, our findings suggest that SKI signaling in the thymus regulates mTEC differentiation and function as well as downstream peripheral T cell responses and provide evidence for targeting SKI in T cell driven autoimmune diseases such as multiple sclerosis.",comparison of mTECs amd cTECS regarding TEC specific deletion of SKI,38767415,,,715584,GPL17021,Mus musculus,GSE,Expression profiling by high throughput sequencing,2024/06/26,42,ftp://ftp.ncbi.nlm.nih.gov/geo/series/GSE220nnn/GSE220665/,SKI Regulates Medullary Thymic Epithelial Cell Differentiation to Control Peripheral T Cell Responses in Mice.,"Journal of immunology (Baltimore, Md. : 1950)",2024 Jul 1,10.4049/jimmunol.2300262,OSD-421|RR9_TMS_FLT_F2,Space Flight
124,GSM1974944,0.9895766973495483,GSE76138,Transcriptional profiling of Regulatory T-cells isolated from adult skin and skin draining lymph nodes (SDLNs),,,Purpose: The goals of this study were to identify preferential gene expression signatures that are unique to telogen skin resident Tregs relative to peripheral Tregs Methods: Tregs from telogen skin and SDLNs were purified by cell sorting (using the Treg GFP reporter mouse line Foxp3-DTR/GFP) to generate mRNA transcription profiles. Results: Transcriptional profiling revealed a unique Skin treg signature relative to SDLN Tregs Conclusion: Our study represents the first detailed analysis of the skin Treg transcriptome.,mRNA profiles of skin and SDLN Tregs isolated from 6 week old Foxp3-DTR/GFP mice.,,,,53430,GPL17021,Mus musculus,GSE,Expression profiling by high throughput sequencing,2017/04/28,7,ftp://ftp.ncbi.nlm.nih.gov/geo/series/GSE76nnn/GSE76138/,,,,,OSD-421|RR9_TMS_FLT_F2,Space Flight
125,GSM4109021,0.9893912672996521,GSE138457,Early Life Programming of Mesenteric Lymph Node Stromal Cell Identity by the Lymphotoxin Pathway Regulates Mucosal Immune Responses in the Adult,,,This SuperSeries is composed of the SubSeries listed below.,Refer to individual Series,31862865,,,296792,GPL19057,Mus musculus,GSE,Expression profiling by high throughput sequencing,2019/10/05,14,ftp://ftp.ncbi.nlm.nih.gov/geo/series/GSE138nnn/GSE138457/,Early-life programming of mesenteric lymph node stromal cell identity by the lymphotoxin pathway regulates adult mucosal immunity.,Science immunology,2019 Dec 20,10.1126/sciimmunol.aax1027,OSD-421|RR9_TMS_FLT_F2,Space Flight
126,GSM5767808,0.9886816143989563,GSE192875,Transcriptional regulation of the thymus master regulator Foxn1,,,This SuperSeries is composed of the SubSeries listed below.,Refer to individual Series,36026441,,,590738,GPL19057; GPL13112,Mus musculus,GSE,Genome binding/occupancy profiling by high throughput sequencing; Methylation profiling by high throughput sequencing,2022/08/03,72,ftp://ftp.ncbi.nlm.nih.gov/geo/series/GSE192nnn/GSE192875/,Transcriptional regulation of the thymus master regulator Foxn1.,Science immunology,2022 Aug 26,10.1126/sciimmunol.abn8144,OSD-421|RR9_TMS_FLT_F2,Space Flight
127,GSM4293854,0.9886114597320557,GSE144687,PD-1 signaling in intestinal lymphoid tissue inducer cells facilitates gut homeostasis,,,"PD-1/PD-L1 signaling play inhibiting role in CD4+ effector T cells. Innate lymphoid cells (ILCs) represent the innate counterparts of the CD4+ T helper cells, the role of PD-1/PD-L1 signaling on ILCs is still need more study. We found high PD-1 expression on Lymphoid tissue inducer (LTi) cells by experiment. RNA-sequencing analysis suggests different gene expression feature in the PD-1high and PD-1- LTi cells from Pdcd1hu/+ or Pdcd1hu/- mice. PD-1-expressing LTi are more prominent in cytokine production and Pdcd1 deficit could downregulate LTi cytokine production. In addition, metabolic pathways analysis showed the most dramatic downstream change of PD-1 signaling was from lipid metabolism-related genes. Thus, PD-1/PD-L1 signaling promotes LTi effector function and the mechanism may through regulating lipid metabolism. Meanwhile, the RNA-seq data of LTi cultured in presence or absence of palmitic acid also revealed the regulatory function of fatty acid oxidation on LTi. Meanwhile, the RNA-seq data of LTi cultured in presence or absence of  palmitic acid also revealed the regulatory function of fatty acid oxidation on LTi.","We want to identify unique genes expressed by PD-1high LTi  and PD-1- LTi from Pdcd1hu/+ and Pdcd1hu/- mice with RNA-Seq, and to identify gene expression changes between LTi cultured in presence or absence of palmitic acid with RNA-Seq. To further investigate the relationship between activation and metabolism, we conducted sc-RNA-Seq experiment with all ILCs and retained ILC3s (Nkp46+ ILC3 and LTi) for downstream analysis.",,,,334551,GPL24247,Mus musculus,GSE,Expression profiling by high throughput sequencing,2021/01/11,17,ftp://ftp.ncbi.nlm.nih.gov/geo/series/GSE144nnn/GSE144687/,,,,,OSD-421|RR9_TMS_FLT_F2,Space Flight
128,GSM3394055,0.9884082078933716,GSE120130,ATAC-sequencing and RNA-sequencing of innate lymphoid cells that were sorted from mouse skin,,,This SuperSeries is composed of the SubSeries listed below.,Refer to individual Series,,,,198618,GPL17021,Mus musculus,GSE,Expression profiling by high throughput sequencing; Genome binding/occupancy profiling by high throughput sequencing,2018/09/19,16,ftp://ftp.ncbi.nlm.nih.gov/geo/series/GSE120nnn/GSE120130/,,,,,OSD-421|RR9_TMS_FLT_F2,Space Flight
129,GSM3464183,0.9883604645729065,GSE122336,Single-cell profiling guided combinatorial immunotherapy for breast cancer resistance to Her2/neu and CDK4/6 targeted therapy,,,"Trastuzumab (Herceptin™), a humanized monoclonal antibody targeting the extracellular domain of human epidermal growth factor receptor-2 (HER2), is one of the most successful examples of targeted therapies for HER2-positive breast cancer. However, drug resistance remains daunting challenges. New combinatorial regimen of CDK4/6 inhibitors plus trastuzumab is currently under active clinical investigations. In this study, we seek to prospectively model the in vivo response to CDK4/6 inhibitor Palbociclib (Pal) plus trastuzumab (Ab) using transgenic Her2/Neu mouse model in parallel with the current clinical trial scenario. We performed single cell RNA-seqencing (Drop-seq) to profile and compare tumor cells and infiltrated immune cells derived from control, Ab+Pal sensitive/residual (APS) and resistant/progressive (APR) tumors. We revealed that although Ab+Pal treatment enhanced antigen processing, presentation and interferon signaling on tumor cells, a distinct immunosuppressive immature myeloid cells (IMCs) infiltrated in the resistant tumor microenvironment to promote resistant phenotype. Based on single cell gene set enrichment analysis (profiling) guided drug screening, we identified and evaluated a combinatorial immunotherapy regimen. We found that combinatorial immunotherapy with receptor tyrosine kinase inhibitor Cabozantinib and immune checkpoint blockades overcome Ab+Pal resistance by inhibiting IMCs and enhancing anti-tumor immunity. Moreover, our rationally designed sequential combinatorial regimens enabled durable response and sustained controlling of the emergence of acquired resistance, thus significantly improved outcomes of rapidly evolving Her2/Neu positive breast cancers. Our results implicate that single-cell RNA sequencing profiling guided combinatorial immunotherapy as a strategy to mitigate the emergence of resistance and to achieve long-term therapeutic benefit merits clinical translation.",Drop-seq of tumor cells and tumor infiltrating immune cells derived from FVB/N MMTV-neu202Mul mice with different treatment/phenotypes (sensitive and resistant tumors).,31444334,,,214561,GPL19057; GPL17021,Mus musculus,GSE,Expression profiling by high throughput sequencing,2019/06/19,21,ftp://ftp.ncbi.nlm.nih.gov/geo/series/GSE122nnn/GSE122336/,Single-cell profiling guided combinatorial immunotherapy for fast-evolving CDK4/6 inhibitor-resistant HER2-positive breast cancer.,Nature communications,2019 Aug 23,10.1038/s41467-019-11729-1,OSD-421|RR9_TMS_FLT_F2,Space Flight
130,GSM3447618,0.9945640563964844,GSE121838,Sex-specific adipose tissue imprinting of regulatory T cells,,,This SuperSeries is composed of the SubSeries listed below.,Refer to individual Series,32103173,,,213458,GPL19057,Mus musculus,GSE,Expression profiling by high throughput sequencing; Genome binding/occupancy profiling by high throughput sequencing,2020/02/28,53,ftp://ftp.ncbi.nlm.nih.gov/geo/series/GSE121nnn/GSE121838/,Sex-specific adipose tissue imprinting of regulatory T cells.,Nature,2020 Mar,10.1038/s41586-020-2040-3,OSD-421|RR9_TMS_FLT_F3,Space Flight
131,GSM3447619,0.9932525157928467,GSE121838,Sex-specific adipose tissue imprinting of regulatory T cells,,,This SuperSeries is composed of the SubSeries listed below.,Refer to individual Series,32103173,,,213459,GPL19057,Mus musculus,GSE,Expression profiling by high throughput sequencing; Genome binding/occupancy profiling by high throughput sequencing,2020/02/28,53,ftp://ftp.ncbi.nlm.nih.gov/geo/series/GSE121nnn/GSE121838/,Sex-specific adipose tissue imprinting of regulatory T cells.,Nature,2020 Mar,10.1038/s41586-020-2040-3,OSD-421|RR9_TMS_FLT_F3,Space Flight
132,GSM7589208,0.9932057857513428,GSE236962,The b-carboline harmine is an immunomodulator in cutaneous leishmaniasis favoring the balance towards a protective immune response,,,"Here, we investigated the impact of synthetic b-carboline harmine (ACB1801),  on the immune response and pathology resulting from infection with a drug-resistant Leishmania major strain causing non-healing cutaneous lesion.  Exposure to ACB1801 impacted only slightly parasite viability and parasite burden in host macrophages in vitro. However, it significantly increased MHC-II and co stimulatory molecules expression on infected DCs, suggesting enhanced immune response. Accordingly, ACB1801 monotherapy significantly decreased lesion development and parasite burden in Leishmania infected C57BL/6 mice, with similar efficacy than the widely used Amphotericin B therapy. ACB1801 impact on the immune response was validated by transcriptomics analysis showing enrichment of TNF-a, IFN-g and MHC-II Ag presentation signatures in the draining lymph nodes of treated mice. Increased frequency of protective CD4+IFN-g+TNF-α+ T cells and reduced suppressive IL-10+FoxP3- T cells was observed by flow cytometry. ACB1801 was further shown to act via the downregulation of Aryl hydroxyl receptor (AhR) signaling, decreasing immunosuppressive cytokines. Thus, these results suggest a potential use for ACB1801 alone or in combination therapy.","C57BL/6 mice were injected with 2x105 LmSd metacyclic promastigotes into the ear dermis (i.d.). The treatments with ACB1801 or vehicle were started at day 12 post infection for 10 consecutive days. Draining lymph nodes were recovered in RLT plus buffer, homogenized using tissue lyzer. mRNA was extracted using Qiagen RNAeasy mini kit. Contralateral LNs were used as non-infected controls.",37852357,,,797458,GPL24247,Mus musculus,GSE,Expression profiling by high throughput sequencing,2023/10/24,16,ftp://ftp.ncbi.nlm.nih.gov/geo/series/GSE236nnn/GSE236962/,The β-Carboline Harmine Has a Protective Immunomodulatory Role in Nonhealing Cutaneous Leishmaniasis.,The Journal of investigative dermatology,2024 Apr,10.1016/j.jid.2023.09.280,OSD-421|RR9_TMS_FLT_F3,Space Flight
133,GSM3377401,0.993141233921051,GSE119549,"mRNA-seq of bypass grafts in mice, utilizing the vena cava  as carotid artery bypass graft",,,"Surgical interventions on blood vessels bear a risk for intimal hyperplasia and atherosclerosis as a consequence of injury. A specific feature of intimal hyperplasia is the loss of vascular smooth muscle cell (VSMC) differentiation gene expression. We hypothesized that immediate responses following injury induce vascular remodeling. To differentiate injury due to trauma, reperfusion and pressure changes we analyzed vascular responses to carotid artery bypass grafting in mice compared to transient ligation. As a control, the carotid artery was surgically laid open only. In both, bypass or ligation models, the inflammatory responses were transient, peaking after 6h, whereas the loss of VSMC differentiation gene expression persisted. Extended time kinetics showed that transient carotid artery ligation was sufficient to induce a persistent VSMC phenotype change throughout 28 days. Transient arterial ligation in ApoE knockout mice resulted in atherosclerosis in the transiently ligated vascular segment but not on the not-ligated contralateral side. The VSMC phenotype change could not be prevented by anti-TNF antibodies, Sorafenib, Cytosporone B or N-acetylcysteine treatment. Surgical interventions involving hypoxia/reperfusion are sufficient to induce VSMC phenotype changes and vascular remodeling. In situations of a perturbed lipid metabolism this bears the risk to precipitate atherosclerosis.","Comparison of mRNA changes between control tissue and bypass grafts perfused for 1, 6 and 24h. Number of replicated per group =4-5",30289932,,,196149,GPL13112,Mus musculus,GSE,Expression profiling by high throughput sequencing,2018/09/06,17,ftp://ftp.ncbi.nlm.nih.gov/geo/series/GSE119nnn/GSE119549/,Hypoxia/reperfusion predisposes to atherosclerosis.,PloS one,2018,10.1371/journal.pone.0205067,OSD-421|RR9_TMS_FLT_F3,Space Flight
134,GSM2593773,0.9931008219718933,GSE87633,Organism-level analysis of vaccination reveals networks of protection across tissues,,,"Whole organs or CD8+ T cell populations sorted by FACS from tissues were isolated at various time points following vaccination with Vaccinia virus strain Modified Vaccinia Ankara (MVA; subcutaneously) and/or infection with strain Western Reserve (WR; intranasally). Total RNA was extracted from whole organs or sorted cell populations, RNA-seq libraries were prepared with a custom protocol, and sequenced at an average depth of ~5M/sample.","We compared three types of immune responses in vivo: (1) vaccinating (MVA only; 10^7 PFUs subcutaneously), (2) lethal (WR only; 10^7 PFUs intranasally), and (3) protective (MVA followed by WR challenge; same doses and routes as in 1 and 2, respectively). Overall, 6 datasets were generated from the following experiments and samples: (i) Whole-tissue samples from MVA, WR, MVA+WR cohorts with WR challenge at day 7, 21 (Exp. 1), or 80 (Exp. 2) in wild-type mice; (ii) Whole-tissue samples from MVA+WR at day 21 in wild-type versus knockout animals: Tcra-/- (Exp. 3), and Ifng-/-, Il22-/-, and Csf2-/- (Exp. 5); (iii) Sorted CD8+ T cell populations profiled from tissues of MVA-vaccinated (day 21) and control mice with (Exp. 6) or without (Exp. 4) intravascular staining (anti-CD45-PE antibody) to distinguish parenchyma-associated from vasculature-associated cells.",28942919,,,111267,GPL13112; GPL19057; GPL17021,Mus musculus,GSE,Expression profiling by high throughput sequencing,2017/09/21,737,ftp://ftp.ncbi.nlm.nih.gov/geo/series/GSE87nnn/GSE87633/,Organism-Level Analysis of Vaccination Reveals Networks of Protection across Tissues.,Cell,2017 Oct 5,10.1016/j.cell.2017.08.024,OSD-421|RR9_TMS_FLT_F3,Space Flight
135,GSM3985854,0.9929664134979248,GSE135096,Profound discrepancies between cell autonomous and systemic Akt isoform deletions have uncovered new roles for Akt isoforms in breast cancer development and metastasis,,,Here we study the effect on cell autonomous and systemic Akt isoform deletions in breast cancer,Investigating role of Akt isoforms in breast cancer using single cell RNA-seq,,,,277866,GPL19057,Mus musculus,GSE,Expression profiling by high throughput sequencing,2020/08/21,14,ftp://ftp.ncbi.nlm.nih.gov/geo/series/GSE135nnn/GSE135096/,,,,,OSD-421|RR9_TMS_FLT_F3,Space Flight
136,GSM3377406,0.9924802780151367,GSE119549,"mRNA-seq of bypass grafts in mice, utilizing the vena cava  as carotid artery bypass graft",,,"Surgical interventions on blood vessels bear a risk for intimal hyperplasia and atherosclerosis as a consequence of injury. A specific feature of intimal hyperplasia is the loss of vascular smooth muscle cell (VSMC) differentiation gene expression. We hypothesized that immediate responses following injury induce vascular remodeling. To differentiate injury due to trauma, reperfusion and pressure changes we analyzed vascular responses to carotid artery bypass grafting in mice compared to transient ligation. As a control, the carotid artery was surgically laid open only. In both, bypass or ligation models, the inflammatory responses were transient, peaking after 6h, whereas the loss of VSMC differentiation gene expression persisted. Extended time kinetics showed that transient carotid artery ligation was sufficient to induce a persistent VSMC phenotype change throughout 28 days. Transient arterial ligation in ApoE knockout mice resulted in atherosclerosis in the transiently ligated vascular segment but not on the not-ligated contralateral side. The VSMC phenotype change could not be prevented by anti-TNF antibodies, Sorafenib, Cytosporone B or N-acetylcysteine treatment. Surgical interventions involving hypoxia/reperfusion are sufficient to induce VSMC phenotype changes and vascular remodeling. In situations of a perturbed lipid metabolism this bears the risk to precipitate atherosclerosis.","Comparison of mRNA changes between control tissue and bypass grafts perfused for 1, 6 and 24h. Number of replicated per group =4-5",30289932,,,196154,GPL13112,Mus musculus,GSE,Expression profiling by high throughput sequencing,2018/09/06,17,ftp://ftp.ncbi.nlm.nih.gov/geo/series/GSE119nnn/GSE119549/,Hypoxia/reperfusion predisposes to atherosclerosis.,PloS one,2018,10.1371/journal.pone.0205067,OSD-421|RR9_TMS_FLT_F3,Space Flight
137,GSM2594030,0.9923824071884155,GSE87633,Organism-level analysis of vaccination reveals networks of protection across tissues,,,"Whole organs or CD8+ T cell populations sorted by FACS from tissues were isolated at various time points following vaccination with Vaccinia virus strain Modified Vaccinia Ankara (MVA; subcutaneously) and/or infection with strain Western Reserve (WR; intranasally). Total RNA was extracted from whole organs or sorted cell populations, RNA-seq libraries were prepared with a custom protocol, and sequenced at an average depth of ~5M/sample.","We compared three types of immune responses in vivo: (1) vaccinating (MVA only; 10^7 PFUs subcutaneously), (2) lethal (WR only; 10^7 PFUs intranasally), and (3) protective (MVA followed by WR challenge; same doses and routes as in 1 and 2, respectively). Overall, 6 datasets were generated from the following experiments and samples: (i) Whole-tissue samples from MVA, WR, MVA+WR cohorts with WR challenge at day 7, 21 (Exp. 1), or 80 (Exp. 2) in wild-type mice; (ii) Whole-tissue samples from MVA+WR at day 21 in wild-type versus knockout animals: Tcra-/- (Exp. 3), and Ifng-/-, Il22-/-, and Csf2-/- (Exp. 5); (iii) Sorted CD8+ T cell populations profiled from tissues of MVA-vaccinated (day 21) and control mice with (Exp. 6) or without (Exp. 4) intravascular staining (anti-CD45-PE antibody) to distinguish parenchyma-associated from vasculature-associated cells.",28942919,,,111389,GPL13112; GPL19057; GPL17021,Mus musculus,GSE,Expression profiling by high throughput sequencing,2017/09/21,737,ftp://ftp.ncbi.nlm.nih.gov/geo/series/GSE87nnn/GSE87633/,Organism-Level Analysis of Vaccination Reveals Networks of Protection across Tissues.,Cell,2017 Oct 5,10.1016/j.cell.2017.08.024,OSD-421|RR9_TMS_FLT_F3,Space Flight
138,GSM7589215,0.9923816323280334,GSE236962,The b-carboline harmine is an immunomodulator in cutaneous leishmaniasis favoring the balance towards a protective immune response,,,"Here, we investigated the impact of synthetic b-carboline harmine (ACB1801),  on the immune response and pathology resulting from infection with a drug-resistant Leishmania major strain causing non-healing cutaneous lesion.  Exposure to ACB1801 impacted only slightly parasite viability and parasite burden in host macrophages in vitro. However, it significantly increased MHC-II and co stimulatory molecules expression on infected DCs, suggesting enhanced immune response. Accordingly, ACB1801 monotherapy significantly decreased lesion development and parasite burden in Leishmania infected C57BL/6 mice, with similar efficacy than the widely used Amphotericin B therapy. ACB1801 impact on the immune response was validated by transcriptomics analysis showing enrichment of TNF-a, IFN-g and MHC-II Ag presentation signatures in the draining lymph nodes of treated mice. Increased frequency of protective CD4+IFN-g+TNF-α+ T cells and reduced suppressive IL-10+FoxP3- T cells was observed by flow cytometry. ACB1801 was further shown to act via the downregulation of Aryl hydroxyl receptor (AhR) signaling, decreasing immunosuppressive cytokines. Thus, these results suggest a potential use for ACB1801 alone or in combination therapy.","C57BL/6 mice were injected with 2x105 LmSd metacyclic promastigotes into the ear dermis (i.d.). The treatments with ACB1801 or vehicle were started at day 12 post infection for 10 consecutive days. Draining lymph nodes were recovered in RLT plus buffer, homogenized using tissue lyzer. mRNA was extracted using Qiagen RNAeasy mini kit. Contralateral LNs were used as non-infected controls.",37852357,,,797464,GPL24247,Mus musculus,GSE,Expression profiling by high throughput sequencing,2023/10/24,16,ftp://ftp.ncbi.nlm.nih.gov/geo/series/GSE236nnn/GSE236962/,The β-Carboline Harmine Has a Protective Immunomodulatory Role in Nonhealing Cutaneous Leishmaniasis.,The Journal of investigative dermatology,2024 Apr,10.1016/j.jid.2023.09.280,OSD-421|RR9_TMS_FLT_F3,Space Flight
139,GSM2594033,0.9923626184463501,GSE87633,Organism-level analysis of vaccination reveals networks of protection across tissues,,,"Whole organs or CD8+ T cell populations sorted by FACS from tissues were isolated at various time points following vaccination with Vaccinia virus strain Modified Vaccinia Ankara (MVA; subcutaneously) and/or infection with strain Western Reserve (WR; intranasally). Total RNA was extracted from whole organs or sorted cell populations, RNA-seq libraries were prepared with a custom protocol, and sequenced at an average depth of ~5M/sample.","We compared three types of immune responses in vivo: (1) vaccinating (MVA only; 10^7 PFUs subcutaneously), (2) lethal (WR only; 10^7 PFUs intranasally), and (3) protective (MVA followed by WR challenge; same doses and routes as in 1 and 2, respectively). Overall, 6 datasets were generated from the following experiments and samples: (i) Whole-tissue samples from MVA, WR, MVA+WR cohorts with WR challenge at day 7, 21 (Exp. 1), or 80 (Exp. 2) in wild-type mice; (ii) Whole-tissue samples from MVA+WR at day 21 in wild-type versus knockout animals: Tcra-/- (Exp. 3), and Ifng-/-, Il22-/-, and Csf2-/- (Exp. 5); (iii) Sorted CD8+ T cell populations profiled from tissues of MVA-vaccinated (day 21) and control mice with (Exp. 6) or without (Exp. 4) intravascular staining (anti-CD45-PE antibody) to distinguish parenchyma-associated from vasculature-associated cells.",28942919,,,111392,GPL13112; GPL19057; GPL17021,Mus musculus,GSE,Expression profiling by high throughput sequencing,2017/09/21,737,ftp://ftp.ncbi.nlm.nih.gov/geo/series/GSE87nnn/GSE87633/,Organism-Level Analysis of Vaccination Reveals Networks of Protection across Tissues.,Cell,2017 Oct 5,10.1016/j.cell.2017.08.024,OSD-421|RR9_TMS_FLT_F3,Space Flight
140,GSM7014081,0.9928343892097473,GSE224146,A pairwise cytokine code explains the organism-wide response to sepsis,,,This SuperSeries is composed of the SubSeries listed below.,Refer to individual Series,38191855;42065235,,,733159,GPL21626; GPL24247; GPL30172,Mus musculus,GSE,Expression profiling by high throughput sequencing; Other,2024/01/08,2196,ftp://ftp.ncbi.nlm.nih.gov/geo/series/GSE224nnn/GSE224146/,A pairwise cytokine code explains the organism-wide response to sepsis.,Nature immunology,2024 Feb,10.1038/s41590-023-01722-8,OSD-421|RR9_TMS_FLT_F4,Space Flight
141,GSM7013990,0.9925009608268738,GSE224146,A pairwise cytokine code explains the organism-wide response to sepsis,,,This SuperSeries is composed of the SubSeries listed below.,Refer to individual Series,38191855;42065235,,,733155,GPL21626; GPL24247; GPL30172,Mus musculus,GSE,Expression profiling by high throughput sequencing; Other,2024/01/08,2196,ftp://ftp.ncbi.nlm.nih.gov/geo/series/GSE224nnn/GSE224146/,A pairwise cytokine code explains the organism-wide response to sepsis.,Nature immunology,2024 Feb,10.1038/s41590-023-01722-8,OSD-421|RR9_TMS_FLT_F4,Space Flight
142,GSM3386299,0.9924131631851196,GSE119884,"Novel MVA Vector Expressing Anti-apoptotic gene, B13R, Delays Apoptosis and Enhances Humoral Responses",,,"Modified vaccinia virus Ankara (MVA) has been explored as a vaccine vector for use against infectious diseases and cancer. MVA is an immunogenic, attenuated poxvirus capable of eliciting robust cellular and humoral responses in pre-clinical animal models and in patients. However, upon infection with MVA, cells undergo rapid apoptosis leading to faster clearance of recombinant antigens. The fragmentation of the anti-apoptotic gene B13R in MVA could contribute to this effect. Here, we replaced the fragmented B13R with a functional version and observed that MVA-B13R infected HeLa cells and muscle cell lines delayed caspase 3 activation compared to MVA indicating slower progression of apoptosis. For immunogenicity studies, mice were intramuscularly immunized with recombinant MVA or MVA-B13R expressing SIV Gag, Pol and HIV Env (SHIV). We observed higher Env-specific humoral responses from MVA-B13R SHIV compared to MVA SHIV mice. To determine differences in the innate immune response that may have contributed to the augmented humoral response, we performed RNA-Seq analysis on draining lymph node cells after immunization. Gene set enrichment analysis from day 1 after immunization showed that MVA-B13R SHIV immunizations were associated with a negative enrichment for type I and II interferon responses compared to MVA SHIV mice indicating MVA-B13R SHIV induces a delayed anti-viral interferon response that may lead to the enhanced humoral response observed. Taken together, these results demonstrate that restoring B13R functionality in MVA significantly delays MVA-induced apoptosis, augments Env-specific antibody responses, and is associated with reduced interferon-alpha and interferon-gamma responses induced after vaccination.","Female BALB/c mice were intramuscularly immunized at 10^7 pfu/dose with MVA expressing SHIV antigens or MVA-B13R expressing SHIV. At days 1, 2, and 6 post immunization, draining inguinal lymph node cells were harvested for RNA extraction. 5 animals per group per time point including 5 naive mice as a control group.",,,,197467,GPL21493,Mus musculus,GSE,Expression profiling by high throughput sequencing,2018/11/27,35,ftp://ftp.ncbi.nlm.nih.gov/geo/series/GSE119nnn/GSE119884/,,,,,OSD-421|RR9_TMS_FLT_F4,Space Flight
143,GSM3985858,0.9923872351646423,GSE135096,Profound discrepancies between cell autonomous and systemic Akt isoform deletions have uncovered new roles for Akt isoforms in breast cancer development and metastasis,,,Here we study the effect on cell autonomous and systemic Akt isoform deletions in breast cancer,Investigating role of Akt isoforms in breast cancer using single cell RNA-seq,,,,277868,GPL19057,Mus musculus,GSE,Expression profiling by high throughput sequencing,2020/08/21,14,ftp://ftp.ncbi.nlm.nih.gov/geo/series/GSE135nnn/GSE135096/,,,,,OSD-421|RR9_TMS_FLT_F4,Space Flight
144,GSM4396020,0.9921171069145203,GSE134663,Structural cells are key regulators of organ-specific immune response,,,This SuperSeries is composed of the SubSeries listed below.,Refer to individual Series,32612232,,,351772,GPL21103,Mus musculus,GSE,Expression profiling by high throughput sequencing; Genome binding/occupancy profiling by high throughput sequencing,2020/06/30,579,ftp://ftp.ncbi.nlm.nih.gov/geo/series/GSE134nnn/GSE134663/,Structural cells are key regulators of organ-specific immune responses.,Nature,2020 Jul,10.1038/s41586-020-2424-4,OSD-421|RR9_TMS_FLT_F4,Space Flight
145,GSM2465750,0.9919792413711548,GSE93961,Sub-populations in the mammary repopulating units,,,"Elucidating the top of the mammary epithelial cell hierarchy is highly important for understanding its regeneration capabilities and identifying target cells for transformation. Aiming for enriched mammary epithelial stem cell population, CD200highCD200R1high epithelial cells were identified. These cells represent ~50% of the mammary repopulating units (MRUs, CD49fhigh CD24med ) and termed MRUCD200/CD200R1. Gene expression of these cells was compared to all other MRU cells, termed MRUnot CD200/CD200R1, as well as individual CD200+ population (MRU-CD200R1-) and CD200R1+ population (MRU-CD200-).","Gene expression from mammary epithelial cells carrying sorted by CD200, CD200R1 markers and MRU markers. Four populations were sequenced: MRU-positive CD200 positive and CD200R1 positive; MRU-positive and not CD200 positive CD200R1 positive; not MRU CD200 positive CD200R1 negative; not MRU CD200 negative CD200R1 positive. There are 5 replicates from 5 individual mice.",29937142,,,95188,GPL17021,Mus musculus,GSE,Expression profiling by high throughput sequencing,2018/12/21,20,ftp://ftp.ncbi.nlm.nih.gov/geo/series/GSE93nnn/GSE93961/,High Expression of CD200 and CD200R1 Distinguishes Stem and Progenitor Cell Populations within Mammary Repopulating Units.,Stem cell reports,2018 Jul 10,10.1016/j.stemcr.2018.05.013,OSD-421|RR9_TMS_FLT_F4,Space Flight
146,GSM3464183,0.9918757081031799,GSE122336,Single-cell profiling guided combinatorial immunotherapy for breast cancer resistance to Her2/neu and CDK4/6 targeted therapy,,,"Trastuzumab (Herceptin™), a humanized monoclonal antibody targeting the extracellular domain of human epidermal growth factor receptor-2 (HER2), is one of the most successful examples of targeted therapies for HER2-positive breast cancer. However, drug resistance remains daunting challenges. New combinatorial regimen of CDK4/6 inhibitors plus trastuzumab is currently under active clinical investigations. In this study, we seek to prospectively model the in vivo response to CDK4/6 inhibitor Palbociclib (Pal) plus trastuzumab (Ab) using transgenic Her2/Neu mouse model in parallel with the current clinical trial scenario. We performed single cell RNA-seqencing (Drop-seq) to profile and compare tumor cells and infiltrated immune cells derived from control, Ab+Pal sensitive/residual (APS) and resistant/progressive (APR) tumors. We revealed that although Ab+Pal treatment enhanced antigen processing, presentation and interferon signaling on tumor cells, a distinct immunosuppressive immature myeloid cells (IMCs) infiltrated in the resistant tumor microenvironment to promote resistant phenotype. Based on single cell gene set enrichment analysis (profiling) guided drug screening, we identified and evaluated a combinatorial immunotherapy regimen. We found that combinatorial immunotherapy with receptor tyrosine kinase inhibitor Cabozantinib and immune checkpoint blockades overcome Ab+Pal resistance by inhibiting IMCs and enhancing anti-tumor immunity. Moreover, our rationally designed sequential combinatorial regimens enabled durable response and sustained controlling of the emergence of acquired resistance, thus significantly improved outcomes of rapidly evolving Her2/Neu positive breast cancers. Our results implicate that single-cell RNA sequencing profiling guided combinatorial immunotherapy as a strategy to mitigate the emergence of resistance and to achieve long-term therapeutic benefit merits clinical translation.",Drop-seq of tumor cells and tumor infiltrating immune cells derived from FVB/N MMTV-neu202Mul mice with different treatment/phenotypes (sensitive and resistant tumors).,31444334,,,214561,GPL19057; GPL17021,Mus musculus,GSE,Expression profiling by high throughput sequencing,2019/06/19,21,ftp://ftp.ncbi.nlm.nih.gov/geo/series/GSE122nnn/GSE122336/,Single-cell profiling guided combinatorial immunotherapy for fast-evolving CDK4/6 inhibitor-resistant HER2-positive breast cancer.,Nature communications,2019 Aug 23,10.1038/s41467-019-11729-1,OSD-421|RR9_TMS_FLT_F4,Space Flight
147,GSM3758285,0.9918596744537354,GSE130987,RNA sequencing of Tregs from skin and whole skin from neonatal mice colonized with Staphlyococcus epidermidis versus Staphylococcus aureus,,,This SuperSeries is composed of the SubSeries listed below.,Refer to individual Series,,,,255788,GPL17021,Mus musculus,GSE,Expression profiling by high throughput sequencing,2019/11/11,20,ftp://ftp.ncbi.nlm.nih.gov/geo/series/GSE130nnn/GSE130987/,,,,,OSD-421|RR9_TMS_FLT_F4,Space Flight
148,GSM3985854,0.9917421936988831,GSE135096,Profound discrepancies between cell autonomous and systemic Akt isoform deletions have uncovered new roles for Akt isoforms in breast cancer development and metastasis,,,Here we study the effect on cell autonomous and systemic Akt isoform deletions in breast cancer,Investigating role of Akt isoforms in breast cancer using single cell RNA-seq,,,,277866,GPL19057,Mus musculus,GSE,Expression profiling by high throughput sequencing,2020/08/21,14,ftp://ftp.ncbi.nlm.nih.gov/geo/series/GSE135nnn/GSE135096/,,,,,OSD-421|RR9_TMS_FLT_F4,Space Flight
149,GSM2898263,0.9915621280670166,GSE108447,AMPK promotes survival of c-Myc positive melanoma cells by suppressing oxidative stress,,,"Although c-Myc is essential for melanocyte development, its role in cutaneous melanoma, the most aggressive skin cancer, is only partly understood. Here we used the NrasQ61KINK4a-/- mouse melanoma model to show that c-Myc is essential for tumor initiation, maintenance and metastasis. c-Myc expressing melanoma cells were preferentially found at metastatic sites, correlated with increased tumor aggressiveness and high tumor initiation potential. Abrogation of c-Myc caused apoptosis in primary murine and human melanoma cells. Mechanistically, c-Myc positive melanoma cells activated and became dependent on the metabolic energy sensor AMP-activated protein kinase (AMPK), a metabolic checkpoint kinase that plays an important role in energy and redox homeostasis under stress conditions.  AMPK pathway inhibition caused apoptosis of c-Myc expressing melanoma cells, while AMPK activation protected against cell death of c-Myc depleted melanoma cells through suppression of oxidative stress. Furthermore, TCGA database analysis of early stage human melanoma samples revealed an inverse correlation between c-Myc and patient survival, suggesting that c-Myc expression levels could serve as a prognostic marker for early stage disease.",RNA-seq on primary versus metastatic c-Myc high melanoma cells,29440228,,,150060,GPL17021,Mus musculus,GSE,Expression profiling by high throughput sequencing,2018/03/01,10,ftp://ftp.ncbi.nlm.nih.gov/geo/series/GSE108nnn/GSE108447/,AMPK promotes survival of c-Myc-positive melanoma cells by suppressing oxidative stress.,The EMBO journal,2018 Mar 1,10.15252/embj.201797673,OSD-421|RR9_TMS_FLT_F4,Space Flight
150,GSM3386299,0.9931483268737793,GSE119884,"Novel MVA Vector Expressing Anti-apoptotic gene, B13R, Delays Apoptosis and Enhances Humoral Responses",,,"Modified vaccinia virus Ankara (MVA) has been explored as a vaccine vector for use against infectious diseases and cancer. MVA is an immunogenic, attenuated poxvirus capable of eliciting robust cellular and humoral responses in pre-clinical animal models and in patients. However, upon infection with MVA, cells undergo rapid apoptosis leading to faster clearance of recombinant antigens. The fragmentation of the anti-apoptotic gene B13R in MVA could contribute to this effect. Here, we replaced the fragmented B13R with a functional version and observed that MVA-B13R infected HeLa cells and muscle cell lines delayed caspase 3 activation compared to MVA indicating slower progression of apoptosis. For immunogenicity studies, mice were intramuscularly immunized with recombinant MVA or MVA-B13R expressing SIV Gag, Pol and HIV Env (SHIV). We observed higher Env-specific humoral responses from MVA-B13R SHIV compared to MVA SHIV mice. To determine differences in the innate immune response that may have contributed to the augmented humoral response, we performed RNA-Seq analysis on draining lymph node cells after immunization. Gene set enrichment analysis from day 1 after immunization showed that MVA-B13R SHIV immunizations were associated with a negative enrichment for type I and II interferon responses compared to MVA SHIV mice indicating MVA-B13R SHIV induces a delayed anti-viral interferon response that may lead to the enhanced humoral response observed. Taken together, these results demonstrate that restoring B13R functionality in MVA significantly delays MVA-induced apoptosis, augments Env-specific antibody responses, and is associated with reduced interferon-alpha and interferon-gamma responses induced after vaccination.","Female BALB/c mice were intramuscularly immunized at 10^7 pfu/dose with MVA expressing SHIV antigens or MVA-B13R expressing SHIV. At days 1, 2, and 6 post immunization, draining inguinal lymph node cells were harvested for RNA extraction. 5 animals per group per time point including 5 naive mice as a control group.",,,,197467,GPL21493,Mus musculus,GSE,Expression profiling by high throughput sequencing,2018/11/27,35,ftp://ftp.ncbi.nlm.nih.gov/geo/series/GSE119nnn/GSE119884/,,,,,OSD-421|RR9_TMS_FLT_F5,Space Flight
151,GSM3985854,0.9926556348800659,GSE135096,Profound discrepancies between cell autonomous and systemic Akt isoform deletions have uncovered new roles for Akt isoforms in breast cancer development and metastasis,,,Here we study the effect on cell autonomous and systemic Akt isoform deletions in breast cancer,Investigating role of Akt isoforms in breast cancer using single cell RNA-seq,,,,277866,GPL19057,Mus musculus,GSE,Expression profiling by high throughput sequencing,2020/08/21,14,ftp://ftp.ncbi.nlm.nih.gov/geo/series/GSE135nnn/GSE135096/,,,,,OSD-421|RR9_TMS_FLT_F5,Space Flight
152,GSM5765746,0.9921169281005859,GSE160903,Physical interaction with antigen presenting cells primes a T helper tumor lineage,,,"Cellular interactions in the tumor microenvironment (TME) drive T cell effector function, or dysfunction, and define a primary mechanism to target anti-tumor T cell immunity. Currently, the interactions that shape T cell function in the TME remain poorly understood. Here, we mapped the molecular programs of T and antigen-presenting cell interactions in human early non-small cell lung carcinoma lesions by physically interacting cell (PIC) sequencing. PIC-seq and imaging identified that in the TME, but not normal lung, PICs are enriched in clonally expanded CD4+PD-1+CXCL13+ T cells, expressing a unique combination of checkpoint molecules, transcription-factors, and cytokines, defining a novel T helper tumor-specific (Tht) program, conserved across cancer types. In vitro and in vivo genetic models of antigen specificity confirmed that the Tht prevalence in TME PICs is driven by tumor-antigen presentation of dendritic cells. Our study highlights CD4+ T-dendritic cell physical interaction as a key factor regulating the TME.",Transcriptional profiling of thousands of single cells and doublets (PIC) of interacting T and dendritic cells from both human tumors and mouse tumor models,35241835,,,590690,GPL18573; GPL24676; GPL19057; GPL24247,Mus musculus; Homo sapiens,GSE,Expression profiling by high throughput sequencing,2022/01/11,268,ftp://ftp.ncbi.nlm.nih.gov/geo/series/GSE160nnn/GSE160903/,The interaction of CD4(+) helper T cells with dendritic cells shapes the tumor microenvironment and immune checkpoint blockade response.,Nature cancer,2022 Mar,10.1038/s43018-022-00338-5,OSD-421|RR9_TMS_FLT_F5,Space Flight
153,GSM3141019,0.9919360280036926,GSE114398,Cutaneous T effector transcriptomic responses triggered by early colonization of Staphylococcus species in new-born mice,,,We used the next generation sequencing method to profile gene expression changes in cutaneous T effectors isolated from mice with early colonization with Staphylococcus aureus or Staphylococcus epidermidis,"Whole transcriptomic RNAseq profile of cutaneous CD4+ T effector cells isolated from specific pathogen free (SPF) mice with early colonization of S. aureus(SA+SPF), S. epidermidis(SE+SPF) or no additional colonization(SPF).",30185226,,,173473,GPL17021,Mus musculus,GSE,Expression profiling by high throughput sequencing,2018/12/25,15,ftp://ftp.ncbi.nlm.nih.gov/geo/series/GSE114nnn/GSE114398/,Alteration of the cutaneous microbiome in psoriasis and potential role in Th17 polarization.,Microbiome,2018 Sep 5,10.1186/s40168-018-0533-1,OSD-421|RR9_TMS_FLT_F5,Space Flight
154,GSM4396020,0.991931140422821,GSE134663,Structural cells are key regulators of organ-specific immune response,,,This SuperSeries is composed of the SubSeries listed below.,Refer to individual Series,32612232,,,351772,GPL21103,Mus musculus,GSE,Expression profiling by high throughput sequencing; Genome binding/occupancy profiling by high throughput sequencing,2020/06/30,579,ftp://ftp.ncbi.nlm.nih.gov/geo/series/GSE134nnn/GSE134663/,Structural cells are key regulators of organ-specific immune responses.,Nature,2020 Jul,10.1038/s41586-020-2424-4,OSD-421|RR9_TMS_FLT_F5,Space Flight
155,GSM3985858,0.9918018579483032,GSE135096,Profound discrepancies between cell autonomous and systemic Akt isoform deletions have uncovered new roles for Akt isoforms in breast cancer development and metastasis,,,Here we study the effect on cell autonomous and systemic Akt isoform deletions in breast cancer,Investigating role of Akt isoforms in breast cancer using single cell RNA-seq,,,,277868,GPL19057,Mus musculus,GSE,Expression profiling by high throughput sequencing,2020/08/21,14,ftp://ftp.ncbi.nlm.nih.gov/geo/series/GSE135nnn/GSE135096/,,,,,OSD-421|RR9_TMS_FLT_F5,Space Flight
156,GSM3447618,0.9917765855789185,GSE121838,Sex-specific adipose tissue imprinting of regulatory T cells,,,This SuperSeries is composed of the SubSeries listed below.,Refer to individual Series,32103173,,,213458,GPL19057,Mus musculus,GSE,Expression profiling by high throughput sequencing; Genome binding/occupancy profiling by high throughput sequencing,2020/02/28,53,ftp://ftp.ncbi.nlm.nih.gov/geo/series/GSE121nnn/GSE121838/,Sex-specific adipose tissue imprinting of regulatory T cells.,Nature,2020 Mar,10.1038/s41586-020-2040-3,OSD-421|RR9_TMS_FLT_F5,Space Flight
157,GSM2593801,0.9916409254074097,GSE87633,Organism-level analysis of vaccination reveals networks of protection across tissues,,,"Whole organs or CD8+ T cell populations sorted by FACS from tissues were isolated at various time points following vaccination with Vaccinia virus strain Modified Vaccinia Ankara (MVA; subcutaneously) and/or infection with strain Western Reserve (WR; intranasally). Total RNA was extracted from whole organs or sorted cell populations, RNA-seq libraries were prepared with a custom protocol, and sequenced at an average depth of ~5M/sample.","We compared three types of immune responses in vivo: (1) vaccinating (MVA only; 10^7 PFUs subcutaneously), (2) lethal (WR only; 10^7 PFUs intranasally), and (3) protective (MVA followed by WR challenge; same doses and routes as in 1 and 2, respectively). Overall, 6 datasets were generated from the following experiments and samples: (i) Whole-tissue samples from MVA, WR, MVA+WR cohorts with WR challenge at day 7, 21 (Exp. 1), or 80 (Exp. 2) in wild-type mice; (ii) Whole-tissue samples from MVA+WR at day 21 in wild-type versus knockout animals: Tcra-/- (Exp. 3), and Ifng-/-, Il22-/-, and Csf2-/- (Exp. 5); (iii) Sorted CD8+ T cell populations profiled from tissues of MVA-vaccinated (day 21) and control mice with (Exp. 6) or without (Exp. 4) intravascular staining (anti-CD45-PE antibody) to distinguish parenchyma-associated from vasculature-associated cells.",28942919,,,111293,GPL13112; GPL19057; GPL17021,Mus musculus,GSE,Expression profiling by high throughput sequencing,2017/09/21,737,ftp://ftp.ncbi.nlm.nih.gov/geo/series/GSE87nnn/GSE87633/,Organism-Level Analysis of Vaccination Reveals Networks of Protection across Tissues.,Cell,2017 Oct 5,10.1016/j.cell.2017.08.024,OSD-421|RR9_TMS_FLT_F5,Space Flight
158,GSM2898263,0.9915210008621216,GSE108447,AMPK promotes survival of c-Myc positive melanoma cells by suppressing oxidative stress,,,"Although c-Myc is essential for melanocyte development, its role in cutaneous melanoma, the most aggressive skin cancer, is only partly understood. Here we used the NrasQ61KINK4a-/- mouse melanoma model to show that c-Myc is essential for tumor initiation, maintenance and metastasis. c-Myc expressing melanoma cells were preferentially found at metastatic sites, correlated with increased tumor aggressiveness and high tumor initiation potential. Abrogation of c-Myc caused apoptosis in primary murine and human melanoma cells. Mechanistically, c-Myc positive melanoma cells activated and became dependent on the metabolic energy sensor AMP-activated protein kinase (AMPK), a metabolic checkpoint kinase that plays an important role in energy and redox homeostasis under stress conditions.  AMPK pathway inhibition caused apoptosis of c-Myc expressing melanoma cells, while AMPK activation protected against cell death of c-Myc depleted melanoma cells through suppression of oxidative stress. Furthermore, TCGA database analysis of early stage human melanoma samples revealed an inverse correlation between c-Myc and patient survival, suggesting that c-Myc expression levels could serve as a prognostic marker for early stage disease.",RNA-seq on primary versus metastatic c-Myc high melanoma cells,29440228,,,150060,GPL17021,Mus musculus,GSE,Expression profiling by high throughput sequencing,2018/03/01,10,ftp://ftp.ncbi.nlm.nih.gov/geo/series/GSE108nnn/GSE108447/,AMPK promotes survival of c-Myc-positive melanoma cells by suppressing oxidative stress.,The EMBO journal,2018 Mar 1,10.15252/embj.201797673,OSD-421|RR9_TMS_FLT_F5,Space Flight
159,GSM5842352,0.9914214611053467,GSE195647,Progressive Senescence Programs Elicit Intrinsic Vulnerability to Ageing-related Cancer,,,"Cancer incidence escalates exponentially with advancing age, the mechanism of which remains obscure. Here we built up a chronological molecular clock at the single cell level for the mammary stem cell enriched population to depict the physiological ageing dynamics. We found the mammary ageing process was asynchronous and progressive, determined by the relative proportions of four distinct cellular states. The mammary ageing was initiated by a light senescence state with elevated NFkb, P53 signals, followed by a deep senescence state with reduced NFkb, P53 and enhanced PI3K-Akt-mTOR, Wnt, Notch and pluripotency activities succumb to cancer predisposition. Both of these senescence programs were regulated by a master mammary stem cell factor Bcl11b through modulation of multiple stress, longevity and pluripotency associated pathways. Depletion of Bcl11b triggered morphological, functional and molecular ageing-like phenotypes, and drastically enhanced DMBA-induced tumor formation. We further screened out a drug TPCA-1 that can elevate Bcl11b activity, rejuvenate mammary cells transcriptomically and significantly reduce the ageing-related cancer incidence. Our findings established a molecular portrait of progressive mammary cell ageing and elucidated the regulatory network bridging mammary ageing and cancer predisposition that can be modulated to control the cancer initiation, which has potential implications in management of cancer prevalence.","Single cell RNA profiles of mammary gland basal cells from different age, Bcl11b ko mice and mammary gland tumor",38886378,,,595341,GPL24247,Mus musculus,GSE,Expression profiling by high throughput sequencing; Genome binding/occupancy profiling by high throughput sequencing,2024/04/02,43,ftp://ftp.ncbi.nlm.nih.gov/geo/series/GSE195nnn/GSE195647/,Progressive senescence programs induce intrinsic vulnerability to aging-related female breast cancer.,Nature communications,2024 Jun 17,10.1038/s41467-024-49106-2,OSD-421|RR9_TMS_FLT_F5,Space Flight
160,GSM4200072,0.9928190112113953,GSE141259,Longitudinal single-cell transcriptomics analysis of mouse lung upon bleomycin-induced injury,,,"Two single-cell RNA sequencing data sets were generated called ""Whole lung"" and ""High Resolution"". The ""Whole lung"" single-cell mRNAseq libraries were generated with Drop-Seq from whole mouse lungs upon bleomycin-induced injury and followed over time. Samples were taken at days 3 (n = 3), 7 (n = 5), 10 (n = 3), 14 (n = 4), 21 (n = 4) and 28 (n = 2). Control samples (n = 7) were administered saline only, also indicated with PBS or day0. The ""High resolution"" single-cell mRNAseq libraries were generated with Drop-Seq from the epithelial compartment of mouse lungs upon bleomycin-induced injury and followed over time. Samples were taken daily for two weeks and at days 21, 28, 36, 54 after injury. Control samples (n = 2) were administered saline only, also indicated with PBS or day0.",Single-cell transcriptomics time-course experiment.,32678092,,,315253,GPL21103,Mus musculus,GSE,Expression profiling by high throughput sequencing,2019/12/02,60,ftp://ftp.ncbi.nlm.nih.gov/geo/series/GSE141nnn/GSE141259/,Alveolar regeneration through a Krt8+ transitional stem cell state that persists in human lung fibrosis.,Nature communications,2020 Jul 16,10.1038/s41467-020-17358-3,OSD-421|RR9_TMS_FLT_F6,Space Flight
161,GSM7014081,0.9921952486038208,GSE224146,A pairwise cytokine code explains the organism-wide response to sepsis,,,This SuperSeries is composed of the SubSeries listed below.,Refer to individual Series,38191855;42065235,,,733159,GPL21626; GPL24247; GPL30172,Mus musculus,GSE,Expression profiling by high throughput sequencing; Other,2024/01/08,2196,ftp://ftp.ncbi.nlm.nih.gov/geo/series/GSE224nnn/GSE224146/,A pairwise cytokine code explains the organism-wide response to sepsis.,Nature immunology,2024 Feb,10.1038/s41590-023-01722-8,OSD-421|RR9_TMS_FLT_F6,Space Flight
162,GSM6808694,0.9908607006072998,GSE220665,The Transcriptional Cofactor SKI Regulates Medullary Thymic Epithelial Cell Differentiation and Peripheral T Cell Responses,,,"The thymus is an important site for the establishment and maintenance of an appropriate immune response through positive and negative selection of developing T cells. During selection, developing T cells interact with cortical and medullary thymic epithelial cells (TECs), termed cTECs and mTECs respectively. Our lab found that TEC-specific deletion of Ski decreased the mTEC compartment in the thymus and that tissue restricted antigen (TRA) expression in mTECs was also altered. Interestingly, these mice were significantly protected from developing experimental autoimmune encephalomyelitis (EAE) disease compared to the control mice and naïve CD4 T cells purified from Ski-deleted mice showed a defect in proliferation in vitro after global T cell receptor (TCR) stimulation.  Overall, our findings suggest that SKI signaling in the thymus regulates mTEC differentiation and function as well as downstream peripheral T cell responses and provide evidence for targeting SKI in T cell driven autoimmune diseases such as multiple sclerosis.",comparison of mTECs amd cTECS regarding TEC specific deletion of SKI,38767415,,,715584,GPL17021,Mus musculus,GSE,Expression profiling by high throughput sequencing,2024/06/26,42,ftp://ftp.ncbi.nlm.nih.gov/geo/series/GSE220nnn/GSE220665/,SKI Regulates Medullary Thymic Epithelial Cell Differentiation to Control Peripheral T Cell Responses in Mice.,"Journal of immunology (Baltimore, Md. : 1950)",2024 Jul 1,10.4049/jimmunol.2300262,OSD-421|RR9_TMS_FLT_F6,Space Flight
163,GSM1974944,0.9906216859817505,GSE76138,Transcriptional profiling of Regulatory T-cells isolated from adult skin and skin draining lymph nodes (SDLNs),,,Purpose: The goals of this study were to identify preferential gene expression signatures that are unique to telogen skin resident Tregs relative to peripheral Tregs Methods: Tregs from telogen skin and SDLNs were purified by cell sorting (using the Treg GFP reporter mouse line Foxp3-DTR/GFP) to generate mRNA transcription profiles. Results: Transcriptional profiling revealed a unique Skin treg signature relative to SDLN Tregs Conclusion: Our study represents the first detailed analysis of the skin Treg transcriptome.,mRNA profiles of skin and SDLN Tregs isolated from 6 week old Foxp3-DTR/GFP mice.,,,,53430,GPL17021,Mus musculus,GSE,Expression profiling by high throughput sequencing,2017/04/28,7,ftp://ftp.ncbi.nlm.nih.gov/geo/series/GSE76nnn/GSE76138/,,,,,OSD-421|RR9_TMS_FLT_F6,Space Flight
164,GSM2816898,0.9898529052734375,GSE105049,Overcoming Wnt-β-catenin dependent anticancer therapy resistance in leukaemia stem cells.,,,"Leukaemia stem cells (LSCs) underlie cancer therapy resistance but targeting these cells remains difficult. The Wnt–β-catenin and PI3K–Akt pathways cooperate to promote tumorigenesis and resistance to therapy. In a mouse model in which both pathways are activated in stem and progenitor cells, LSCs expanded under chemotherapy-induced stress. Since Akt can activate β-catenin, inhibiting this interaction might target therapy-resistant LSCs. High-throughput screening identified doxorubicin (DXR) as an inhibitor of the Akt–β-catenin interaction at low doses. Here we repurposed DXR as a targeted inhibitor rather than a broadly cytotoxic chemotherapy. Targeted DXR reduced Akt-activated β-catenin levels in chemoresistant LSCs and reduced LSC tumorigenic activity. Mechanistically, β-catenin binds multiple immune-checkpoint gene loci, and targeted DXR treatment inhibited expression of multiple immune checkpoints specifically in LSCs, including PD-L1, TIM3 and CD24. Overall, LSCs exhibit distinct properties of immune resistance that are reduced by inhibiting Akt-activated β-catenin. These findings suggest a strategy for overcoming cancer therapy resistance and immune escape.","Cohorts of leukemic mice were treated with vehicle, chemotherapy, [Low]DXR, clinical-dose DXR or chemotherapy + [Low]DXR as in Figure S4. At 10 days post-treatment (day 1 = start of treatment), blast cells, LSCs, and HSPCs were sorted using stringent gates (see Figure 5A) for these populations. For each population, two biological replicates were made with 1-3 technical replicates each.  Each biological replicate was a pool of sorted cells from 4-5 male and 4-5 female mice.  Technical replicates were samples of sorted cells from each biological replicate. 1,000 cells per sample were sorted into 96-well plates with 7 ul lysis buffer containing RNase inhibitor (2 U/μl) from BM. First-strand cDNA synthesis and cDNA libraries were constructed using the SMARTer ultra low input RNA kit for sequencing - v3 (Clontech) following the manufacturer’s instructions. cDNA quality was determined by Agilent high sensitivity DNA kit on Agilent 2100 BioAnalyzer (Agilent Technologies). Libraries were sequenced at 50bp on the Illumina HiSeq 2500.  Reads were aligned to UCSC mm10 with Tophat 2.1.1 [Kim et al 2013], using gene models from Ensembl 80.  Read counts per gene were obtained with HTSeq-count 0.6.0 [Simon et al 2014].  Analysis was done in R with the EdgeR package [Robinson et al 2010] using default methods. Significantly changed genes were determined at FDR<1e-3 and fold change exceeding ±1.5. GO analysis was generated using significantly changed genes by Metascape (www.metascape.org). Kim D, Pertea G, Trapnell C, Pimentel H, Kelley R, Salzberg SL. TopHat2: accurate alignment of transcriptomes in the presence of insertions, deletions and gene fusions. . Genome Biology 2013, 14:R36 Simon Anders, Paul Theodor Pyl, Wolfgang Huber. HTSeq — A Python framework to work with high-throughput sequencing data. Bioinformatics (2014), in print, online at doi:10.1093/bioinformatics/btu638 Robinson MD, McCarthy DJ and Smyth GK (2010). “edgeR: a Bioconductor package for differential expression analysis of digital gene expression data.” Bioinformatics, 26, pp. -1.",32313104,,,134678,GPL19057; GPL17021,Mus musculus,GSE,Expression profiling by high throughput sequencing; Genome binding/occupancy profiling by high throughput sequencing,2020/04/01,87,ftp://ftp.ncbi.nlm.nih.gov/geo/series/GSE105nnn/GSE105049/,Overcoming Wnt-β-catenin dependent anticancer therapy resistance in leukaemia stem cells.,Nature cell biology,2020 Jun,10.1038/s41556-020-0507-y,OSD-421|RR9_TMS_FLT_F6,Space Flight
165,GSM8196070,0.9896899461746216,GSE263655,Apobec-Mediated Retroviral Hypermutation In Vivo is Dependent on Mouse Strain [RNA-seq],,,"Retroviruses cause lifelong infections resulting from their ability to thwart innate immunity. The Apobec family of cytidine deaminases are part of the innate immune response that recognizes and mutates foreign nucleic acids, including those from multiple viruses. Multiple retroviral antagonists of Apobecs have been identified, including mouse mammary tumor virus (MMTV)-encoded Rem protein. Previous experiments have shown that Rem-null MMTV or closely related TBLV proviruses from BALB/c tumors accumulate G-to-A and C-to-T mutations typical of Apobecs compared to wild-type proviruses expressing Rem. The difference in mutations between Rem-expressing and non-expressing MMTV strains largely disappeared in mice lacking the Apobec family member, activation-induced cytidine deaminase (AID). These results suggested that Rem is an AID antagonist. In this study, we attempted to study AID-mediated mutations of TBLV proviruses lacking Rem expression obtained from tumors in C57BL/6 (B6) wild-type and AID-knockout backgrounds. Surprisingly, no differences in G-to-A mutations were observed in TBLV proviruses regardless of Rem expression, yet such mutations were significantly reduced in proviruses obtained from mA3/AID-double knockout mice relative to those from wild-type B6 or AID-knockout mice. Many cellular mRNAs involving the innate immune response, but not Apobecs, were elevated in the absence relative to the presence of Rem expression on the B6 AID-knockout background. These results revealed that Apobec-mediated mutagenesis is dependent on mouse strain and suggested a second means of Rem-dependent immune evasion.","Each of two mouse mammary tumor virus (MMTV) strains (TBLV-WT = Rem-expressing or TBLV-SD = lacks Rem expression) was used to generate tumors in C57BL/6 (B6) mice or AID-knockout B6 mice. For RNAseq, we extracted four or five tumors induced by infection with TBLV-WT (Rem+) or TBLV-SD (Rem-) either in wild-type B6 mice or AID-knockout mice. Total RNA was extracted separately from each tumor for analysis and used for library preparation prior to sequencing.",,,,854738,GPL24247,Mus musculus,GSE,Expression profiling by high throughput sequencing,2024/04/15,19,ftp://ftp.ncbi.nlm.nih.gov/geo/series/GSE263nnn/GSE263655/,,,,,OSD-421|RR9_TMS_FLT_F6,Space Flight
166,GSM8196053,0.9896214008331299,GSE263655,Apobec-Mediated Retroviral Hypermutation In Vivo is Dependent on Mouse Strain [RNA-seq],,,"Retroviruses cause lifelong infections resulting from their ability to thwart innate immunity. The Apobec family of cytidine deaminases are part of the innate immune response that recognizes and mutates foreign nucleic acids, including those from multiple viruses. Multiple retroviral antagonists of Apobecs have been identified, including mouse mammary tumor virus (MMTV)-encoded Rem protein. Previous experiments have shown that Rem-null MMTV or closely related TBLV proviruses from BALB/c tumors accumulate G-to-A and C-to-T mutations typical of Apobecs compared to wild-type proviruses expressing Rem. The difference in mutations between Rem-expressing and non-expressing MMTV strains largely disappeared in mice lacking the Apobec family member, activation-induced cytidine deaminase (AID). These results suggested that Rem is an AID antagonist. In this study, we attempted to study AID-mediated mutations of TBLV proviruses lacking Rem expression obtained from tumors in C57BL/6 (B6) wild-type and AID-knockout backgrounds. Surprisingly, no differences in G-to-A mutations were observed in TBLV proviruses regardless of Rem expression, yet such mutations were significantly reduced in proviruses obtained from mA3/AID-double knockout mice relative to those from wild-type B6 or AID-knockout mice. Many cellular mRNAs involving the innate immune response, but not Apobecs, were elevated in the absence relative to the presence of Rem expression on the B6 AID-knockout background. These results revealed that Apobec-mediated mutagenesis is dependent on mouse strain and suggested a second means of Rem-dependent immune evasion.","Each of two mouse mammary tumor virus (MMTV) strains (TBLV-WT = Rem-expressing or TBLV-SD = lacks Rem expression) was used to generate tumors in C57BL/6 (B6) mice or AID-knockout B6 mice. For RNAseq, we extracted four or five tumors induced by infection with TBLV-WT (Rem+) or TBLV-SD (Rem-) either in wild-type B6 mice or AID-knockout mice. Total RNA was extracted separately from each tumor for analysis and used for library preparation prior to sequencing.",,,,854721,GPL24247,Mus musculus,GSE,Expression profiling by high throughput sequencing,2024/04/15,19,ftp://ftp.ncbi.nlm.nih.gov/geo/series/GSE263nnn/GSE263655/,,,,,OSD-421|RR9_TMS_FLT_F6,Space Flight
167,GSM2816837,0.9892385005950928,GSE105049,Overcoming Wnt-β-catenin dependent anticancer therapy resistance in leukaemia stem cells.,,,"Leukaemia stem cells (LSCs) underlie cancer therapy resistance but targeting these cells remains difficult. The Wnt–β-catenin and PI3K–Akt pathways cooperate to promote tumorigenesis and resistance to therapy. In a mouse model in which both pathways are activated in stem and progenitor cells, LSCs expanded under chemotherapy-induced stress. Since Akt can activate β-catenin, inhibiting this interaction might target therapy-resistant LSCs. High-throughput screening identified doxorubicin (DXR) as an inhibitor of the Akt–β-catenin interaction at low doses. Here we repurposed DXR as a targeted inhibitor rather than a broadly cytotoxic chemotherapy. Targeted DXR reduced Akt-activated β-catenin levels in chemoresistant LSCs and reduced LSC tumorigenic activity. Mechanistically, β-catenin binds multiple immune-checkpoint gene loci, and targeted DXR treatment inhibited expression of multiple immune checkpoints specifically in LSCs, including PD-L1, TIM3 and CD24. Overall, LSCs exhibit distinct properties of immune resistance that are reduced by inhibiting Akt-activated β-catenin. These findings suggest a strategy for overcoming cancer therapy resistance and immune escape.","Cohorts of leukemic mice were treated with vehicle, chemotherapy, [Low]DXR, clinical-dose DXR or chemotherapy + [Low]DXR as in Figure S4. At 10 days post-treatment (day 1 = start of treatment), blast cells, LSCs, and HSPCs were sorted using stringent gates (see Figure 5A) for these populations. For each population, two biological replicates were made with 1-3 technical replicates each.  Each biological replicate was a pool of sorted cells from 4-5 male and 4-5 female mice.  Technical replicates were samples of sorted cells from each biological replicate. 1,000 cells per sample were sorted into 96-well plates with 7 ul lysis buffer containing RNase inhibitor (2 U/μl) from BM. First-strand cDNA synthesis and cDNA libraries were constructed using the SMARTer ultra low input RNA kit for sequencing - v3 (Clontech) following the manufacturer’s instructions. cDNA quality was determined by Agilent high sensitivity DNA kit on Agilent 2100 BioAnalyzer (Agilent Technologies). Libraries were sequenced at 50bp on the Illumina HiSeq 2500.  Reads were aligned to UCSC mm10 with Tophat 2.1.1 [Kim et al 2013], using gene models from Ensembl 80.  Read counts per gene were obtained with HTSeq-count 0.6.0 [Simon et al 2014].  Analysis was done in R with the EdgeR package [Robinson et al 2010] using default methods. Significantly changed genes were determined at FDR<1e-3 and fold change exceeding ±1.5. GO analysis was generated using significantly changed genes by Metascape (www.metascape.org). Kim D, Pertea G, Trapnell C, Pimentel H, Kelley R, Salzberg SL. TopHat2: accurate alignment of transcriptomes in the presence of insertions, deletions and gene fusions. . Genome Biology 2013, 14:R36 Simon Anders, Paul Theodor Pyl, Wolfgang Huber. HTSeq — A Python framework to work with high-throughput sequencing data. Bioinformatics (2014), in print, online at doi:10.1093/bioinformatics/btu638 Robinson MD, McCarthy DJ and Smyth GK (2010). “edgeR: a Bioconductor package for differential expression analysis of digital gene expression data.” Bioinformatics, 26, pp. -1.",32313104,,,134619,GPL19057; GPL17021,Mus musculus,GSE,Expression profiling by high throughput sequencing; Genome binding/occupancy profiling by high throughput sequencing,2020/04/01,87,ftp://ftp.ncbi.nlm.nih.gov/geo/series/GSE105nnn/GSE105049/,Overcoming Wnt-β-catenin dependent anticancer therapy resistance in leukaemia stem cells.,Nature cell biology,2020 Jun,10.1038/s41556-020-0507-y,OSD-421|RR9_TMS_FLT_F6,Space Flight
168,GSM2816897,0.9891921281814575,GSE105049,Overcoming Wnt-β-catenin dependent anticancer therapy resistance in leukaemia stem cells.,,,"Leukaemia stem cells (LSCs) underlie cancer therapy resistance but targeting these cells remains difficult. The Wnt–β-catenin and PI3K–Akt pathways cooperate to promote tumorigenesis and resistance to therapy. In a mouse model in which both pathways are activated in stem and progenitor cells, LSCs expanded under chemotherapy-induced stress. Since Akt can activate β-catenin, inhibiting this interaction might target therapy-resistant LSCs. High-throughput screening identified doxorubicin (DXR) as an inhibitor of the Akt–β-catenin interaction at low doses. Here we repurposed DXR as a targeted inhibitor rather than a broadly cytotoxic chemotherapy. Targeted DXR reduced Akt-activated β-catenin levels in chemoresistant LSCs and reduced LSC tumorigenic activity. Mechanistically, β-catenin binds multiple immune-checkpoint gene loci, and targeted DXR treatment inhibited expression of multiple immune checkpoints specifically in LSCs, including PD-L1, TIM3 and CD24. Overall, LSCs exhibit distinct properties of immune resistance that are reduced by inhibiting Akt-activated β-catenin. These findings suggest a strategy for overcoming cancer therapy resistance and immune escape.","Cohorts of leukemic mice were treated with vehicle, chemotherapy, [Low]DXR, clinical-dose DXR or chemotherapy + [Low]DXR as in Figure S4. At 10 days post-treatment (day 1 = start of treatment), blast cells, LSCs, and HSPCs were sorted using stringent gates (see Figure 5A) for these populations. For each population, two biological replicates were made with 1-3 technical replicates each.  Each biological replicate was a pool of sorted cells from 4-5 male and 4-5 female mice.  Technical replicates were samples of sorted cells from each biological replicate. 1,000 cells per sample were sorted into 96-well plates with 7 ul lysis buffer containing RNase inhibitor (2 U/μl) from BM. First-strand cDNA synthesis and cDNA libraries were constructed using the SMARTer ultra low input RNA kit for sequencing - v3 (Clontech) following the manufacturer’s instructions. cDNA quality was determined by Agilent high sensitivity DNA kit on Agilent 2100 BioAnalyzer (Agilent Technologies). Libraries were sequenced at 50bp on the Illumina HiSeq 2500.  Reads were aligned to UCSC mm10 with Tophat 2.1.1 [Kim et al 2013], using gene models from Ensembl 80.  Read counts per gene were obtained with HTSeq-count 0.6.0 [Simon et al 2014].  Analysis was done in R with the EdgeR package [Robinson et al 2010] using default methods. Significantly changed genes were determined at FDR<1e-3 and fold change exceeding ±1.5. GO analysis was generated using significantly changed genes by Metascape (www.metascape.org). Kim D, Pertea G, Trapnell C, Pimentel H, Kelley R, Salzberg SL. TopHat2: accurate alignment of transcriptomes in the presence of insertions, deletions and gene fusions. . Genome Biology 2013, 14:R36 Simon Anders, Paul Theodor Pyl, Wolfgang Huber. HTSeq — A Python framework to work with high-throughput sequencing data. Bioinformatics (2014), in print, online at doi:10.1093/bioinformatics/btu638 Robinson MD, McCarthy DJ and Smyth GK (2010). “edgeR: a Bioconductor package for differential expression analysis of digital gene expression data.” Bioinformatics, 26, pp. -1.",32313104,,,134677,GPL19057; GPL17021,Mus musculus,GSE,Expression profiling by high throughput sequencing; Genome binding/occupancy profiling by high throughput sequencing,2020/04/01,87,ftp://ftp.ncbi.nlm.nih.gov/geo/series/GSE105nnn/GSE105049/,Overcoming Wnt-β-catenin dependent anticancer therapy resistance in leukaemia stem cells.,Nature cell biology,2020 Jun,10.1038/s41556-020-0507-y,OSD-421|RR9_TMS_FLT_F6,Space Flight
169,GSM2816836,0.9890912771224976,GSE105049,Overcoming Wnt-β-catenin dependent anticancer therapy resistance in leukaemia stem cells.,,,"Leukaemia stem cells (LSCs) underlie cancer therapy resistance but targeting these cells remains difficult. The Wnt–β-catenin and PI3K–Akt pathways cooperate to promote tumorigenesis and resistance to therapy. In a mouse model in which both pathways are activated in stem and progenitor cells, LSCs expanded under chemotherapy-induced stress. Since Akt can activate β-catenin, inhibiting this interaction might target therapy-resistant LSCs. High-throughput screening identified doxorubicin (DXR) as an inhibitor of the Akt–β-catenin interaction at low doses. Here we repurposed DXR as a targeted inhibitor rather than a broadly cytotoxic chemotherapy. Targeted DXR reduced Akt-activated β-catenin levels in chemoresistant LSCs and reduced LSC tumorigenic activity. Mechanistically, β-catenin binds multiple immune-checkpoint gene loci, and targeted DXR treatment inhibited expression of multiple immune checkpoints specifically in LSCs, including PD-L1, TIM3 and CD24. Overall, LSCs exhibit distinct properties of immune resistance that are reduced by inhibiting Akt-activated β-catenin. These findings suggest a strategy for overcoming cancer therapy resistance and immune escape.","Cohorts of leukemic mice were treated with vehicle, chemotherapy, [Low]DXR, clinical-dose DXR or chemotherapy + [Low]DXR as in Figure S4. At 10 days post-treatment (day 1 = start of treatment), blast cells, LSCs, and HSPCs were sorted using stringent gates (see Figure 5A) for these populations. For each population, two biological replicates were made with 1-3 technical replicates each.  Each biological replicate was a pool of sorted cells from 4-5 male and 4-5 female mice.  Technical replicates were samples of sorted cells from each biological replicate. 1,000 cells per sample were sorted into 96-well plates with 7 ul lysis buffer containing RNase inhibitor (2 U/μl) from BM. First-strand cDNA synthesis and cDNA libraries were constructed using the SMARTer ultra low input RNA kit for sequencing - v3 (Clontech) following the manufacturer’s instructions. cDNA quality was determined by Agilent high sensitivity DNA kit on Agilent 2100 BioAnalyzer (Agilent Technologies). Libraries were sequenced at 50bp on the Illumina HiSeq 2500.  Reads were aligned to UCSC mm10 with Tophat 2.1.1 [Kim et al 2013], using gene models from Ensembl 80.  Read counts per gene were obtained with HTSeq-count 0.6.0 [Simon et al 2014].  Analysis was done in R with the EdgeR package [Robinson et al 2010] using default methods. Significantly changed genes were determined at FDR<1e-3 and fold change exceeding ±1.5. GO analysis was generated using significantly changed genes by Metascape (www.metascape.org). Kim D, Pertea G, Trapnell C, Pimentel H, Kelley R, Salzberg SL. TopHat2: accurate alignment of transcriptomes in the presence of insertions, deletions and gene fusions. . Genome Biology 2013, 14:R36 Simon Anders, Paul Theodor Pyl, Wolfgang Huber. HTSeq — A Python framework to work with high-throughput sequencing data. Bioinformatics (2014), in print, online at doi:10.1093/bioinformatics/btu638 Robinson MD, McCarthy DJ and Smyth GK (2010). “edgeR: a Bioconductor package for differential expression analysis of digital gene expression data.” Bioinformatics, 26, pp. -1.",32313104,,,134618,GPL19057; GPL17021,Mus musculus,GSE,Expression profiling by high throughput sequencing; Genome binding/occupancy profiling by high throughput sequencing,2020/04/01,87,ftp://ftp.ncbi.nlm.nih.gov/geo/series/GSE105nnn/GSE105049/,Overcoming Wnt-β-catenin dependent anticancer therapy resistance in leukaemia stem cells.,Nature cell biology,2020 Jun,10.1038/s41556-020-0507-y,OSD-421|RR9_TMS_FLT_F6,Space Flight
170,GSM7014081,0.9961578249931335,GSE224146,A pairwise cytokine code explains the organism-wide response to sepsis,,,This SuperSeries is composed of the SubSeries listed below.,Refer to individual Series,38191855;42065235,,,733159,GPL21626; GPL24247; GPL30172,Mus musculus,GSE,Expression profiling by high throughput sequencing; Other,2024/01/08,2196,ftp://ftp.ncbi.nlm.nih.gov/geo/series/GSE224nnn/GSE224146/,A pairwise cytokine code explains the organism-wide response to sepsis.,Nature immunology,2024 Feb,10.1038/s41590-023-01722-8,OSD-421|RR9_TMS_FLT_F7,Space Flight
171,GSM7013990,0.9948185682296753,GSE224146,A pairwise cytokine code explains the organism-wide response to sepsis,,,This SuperSeries is composed of the SubSeries listed below.,Refer to individual Series,38191855;42065235,,,733155,GPL21626; GPL24247; GPL30172,Mus musculus,GSE,Expression profiling by high throughput sequencing; Other,2024/01/08,2196,ftp://ftp.ncbi.nlm.nih.gov/geo/series/GSE224nnn/GSE224146/,A pairwise cytokine code explains the organism-wide response to sepsis.,Nature immunology,2024 Feb,10.1038/s41590-023-01722-8,OSD-421|RR9_TMS_FLT_F7,Space Flight
172,GSM3464183,0.9937158823013306,GSE122336,Single-cell profiling guided combinatorial immunotherapy for breast cancer resistance to Her2/neu and CDK4/6 targeted therapy,,,"Trastuzumab (Herceptin™), a humanized monoclonal antibody targeting the extracellular domain of human epidermal growth factor receptor-2 (HER2), is one of the most successful examples of targeted therapies for HER2-positive breast cancer. However, drug resistance remains daunting challenges. New combinatorial regimen of CDK4/6 inhibitors plus trastuzumab is currently under active clinical investigations. In this study, we seek to prospectively model the in vivo response to CDK4/6 inhibitor Palbociclib (Pal) plus trastuzumab (Ab) using transgenic Her2/Neu mouse model in parallel with the current clinical trial scenario. We performed single cell RNA-seqencing (Drop-seq) to profile and compare tumor cells and infiltrated immune cells derived from control, Ab+Pal sensitive/residual (APS) and resistant/progressive (APR) tumors. We revealed that although Ab+Pal treatment enhanced antigen processing, presentation and interferon signaling on tumor cells, a distinct immunosuppressive immature myeloid cells (IMCs) infiltrated in the resistant tumor microenvironment to promote resistant phenotype. Based on single cell gene set enrichment analysis (profiling) guided drug screening, we identified and evaluated a combinatorial immunotherapy regimen. We found that combinatorial immunotherapy with receptor tyrosine kinase inhibitor Cabozantinib and immune checkpoint blockades overcome Ab+Pal resistance by inhibiting IMCs and enhancing anti-tumor immunity. Moreover, our rationally designed sequential combinatorial regimens enabled durable response and sustained controlling of the emergence of acquired resistance, thus significantly improved outcomes of rapidly evolving Her2/Neu positive breast cancers. Our results implicate that single-cell RNA sequencing profiling guided combinatorial immunotherapy as a strategy to mitigate the emergence of resistance and to achieve long-term therapeutic benefit merits clinical translation.",Drop-seq of tumor cells and tumor infiltrating immune cells derived from FVB/N MMTV-neu202Mul mice with different treatment/phenotypes (sensitive and resistant tumors).,31444334,,,214561,GPL19057; GPL17021,Mus musculus,GSE,Expression profiling by high throughput sequencing,2019/06/19,21,ftp://ftp.ncbi.nlm.nih.gov/geo/series/GSE122nnn/GSE122336/,Single-cell profiling guided combinatorial immunotherapy for fast-evolving CDK4/6 inhibitor-resistant HER2-positive breast cancer.,Nature communications,2019 Aug 23,10.1038/s41467-019-11729-1,OSD-421|RR9_TMS_FLT_F7,Space Flight
173,GSM7013994,0.9936617016792297,GSE224146,A pairwise cytokine code explains the organism-wide response to sepsis,,,This SuperSeries is composed of the SubSeries listed below.,Refer to individual Series,38191855;42065235,,,733156,GPL21626; GPL24247; GPL30172,Mus musculus,GSE,Expression profiling by high throughput sequencing; Other,2024/01/08,2196,ftp://ftp.ncbi.nlm.nih.gov/geo/series/GSE224nnn/GSE224146/,A pairwise cytokine code explains the organism-wide response to sepsis.,Nature immunology,2024 Feb,10.1038/s41590-023-01722-8,OSD-421|RR9_TMS_FLT_F7,Space Flight
174,GSM2465750,0.9935004711151123,GSE93961,Sub-populations in the mammary repopulating units,,,"Elucidating the top of the mammary epithelial cell hierarchy is highly important for understanding its regeneration capabilities and identifying target cells for transformation. Aiming for enriched mammary epithelial stem cell population, CD200highCD200R1high epithelial cells were identified. These cells represent ~50% of the mammary repopulating units (MRUs, CD49fhigh CD24med ) and termed MRUCD200/CD200R1. Gene expression of these cells was compared to all other MRU cells, termed MRUnot CD200/CD200R1, as well as individual CD200+ population (MRU-CD200R1-) and CD200R1+ population (MRU-CD200-).","Gene expression from mammary epithelial cells carrying sorted by CD200, CD200R1 markers and MRU markers. Four populations were sequenced: MRU-positive CD200 positive and CD200R1 positive; MRU-positive and not CD200 positive CD200R1 positive; not MRU CD200 positive CD200R1 negative; not MRU CD200 negative CD200R1 positive. There are 5 replicates from 5 individual mice.",29937142,,,95188,GPL17021,Mus musculus,GSE,Expression profiling by high throughput sequencing,2018/12/21,20,ftp://ftp.ncbi.nlm.nih.gov/geo/series/GSE93nnn/GSE93961/,High Expression of CD200 and CD200R1 Distinguishes Stem and Progenitor Cell Populations within Mammary Repopulating Units.,Stem cell reports,2018 Jul 10,10.1016/j.stemcr.2018.05.013,OSD-421|RR9_TMS_FLT_F7,Space Flight
175,GSM8036722,0.9934912323951721,GSE224146,A pairwise cytokine code explains the organism-wide response to sepsis,,,This SuperSeries is composed of the SubSeries listed below.,Refer to individual Series,38191855;42065235,,,839118,GPL21626; GPL24247; GPL30172,Mus musculus,GSE,Expression profiling by high throughput sequencing; Other,2024/01/08,2196,ftp://ftp.ncbi.nlm.nih.gov/geo/series/GSE224nnn/GSE224146/,A pairwise cytokine code explains the organism-wide response to sepsis.,Nature immunology,2024 Feb,10.1038/s41590-023-01722-8,OSD-421|RR9_TMS_FLT_F7,Space Flight
176,GSM2465746,0.9933472871780396,GSE93961,Sub-populations in the mammary repopulating units,,,"Elucidating the top of the mammary epithelial cell hierarchy is highly important for understanding its regeneration capabilities and identifying target cells for transformation. Aiming for enriched mammary epithelial stem cell population, CD200highCD200R1high epithelial cells were identified. These cells represent ~50% of the mammary repopulating units (MRUs, CD49fhigh CD24med ) and termed MRUCD200/CD200R1. Gene expression of these cells was compared to all other MRU cells, termed MRUnot CD200/CD200R1, as well as individual CD200+ population (MRU-CD200R1-) and CD200R1+ population (MRU-CD200-).","Gene expression from mammary epithelial cells carrying sorted by CD200, CD200R1 markers and MRU markers. Four populations were sequenced: MRU-positive CD200 positive and CD200R1 positive; MRU-positive and not CD200 positive CD200R1 positive; not MRU CD200 positive CD200R1 negative; not MRU CD200 negative CD200R1 positive. There are 5 replicates from 5 individual mice.",29937142,,,95184,GPL17021,Mus musculus,GSE,Expression profiling by high throughput sequencing,2018/12/21,20,ftp://ftp.ncbi.nlm.nih.gov/geo/series/GSE93nnn/GSE93961/,High Expression of CD200 and CD200R1 Distinguishes Stem and Progenitor Cell Populations within Mammary Repopulating Units.,Stem cell reports,2018 Jul 10,10.1016/j.stemcr.2018.05.013,OSD-421|RR9_TMS_FLT_F7,Space Flight
177,GSM3758287,0.9929499626159668,GSE130987,RNA sequencing of Tregs from skin and whole skin from neonatal mice colonized with Staphlyococcus epidermidis versus Staphylococcus aureus,,,This SuperSeries is composed of the SubSeries listed below.,Refer to individual Series,,,,255790,GPL17021,Mus musculus,GSE,Expression profiling by high throughput sequencing,2019/11/11,20,ftp://ftp.ncbi.nlm.nih.gov/geo/series/GSE130nnn/GSE130987/,,,,,OSD-421|RR9_TMS_FLT_F7,Space Flight
178,GSM2465749,0.9928157329559326,GSE93961,Sub-populations in the mammary repopulating units,,,"Elucidating the top of the mammary epithelial cell hierarchy is highly important for understanding its regeneration capabilities and identifying target cells for transformation. Aiming for enriched mammary epithelial stem cell population, CD200highCD200R1high epithelial cells were identified. These cells represent ~50% of the mammary repopulating units (MRUs, CD49fhigh CD24med ) and termed MRUCD200/CD200R1. Gene expression of these cells was compared to all other MRU cells, termed MRUnot CD200/CD200R1, as well as individual CD200+ population (MRU-CD200R1-) and CD200R1+ population (MRU-CD200-).","Gene expression from mammary epithelial cells carrying sorted by CD200, CD200R1 markers and MRU markers. Four populations were sequenced: MRU-positive CD200 positive and CD200R1 positive; MRU-positive and not CD200 positive CD200R1 positive; not MRU CD200 positive CD200R1 negative; not MRU CD200 negative CD200R1 positive. There are 5 replicates from 5 individual mice.",29937142,,,95187,GPL17021,Mus musculus,GSE,Expression profiling by high throughput sequencing,2018/12/21,20,ftp://ftp.ncbi.nlm.nih.gov/geo/series/GSE93nnn/GSE93961/,High Expression of CD200 and CD200R1 Distinguishes Stem and Progenitor Cell Populations within Mammary Repopulating Units.,Stem cell reports,2018 Jul 10,10.1016/j.stemcr.2018.05.013,OSD-421|RR9_TMS_FLT_F7,Space Flight
179,GSM2465747,0.992573618888855,GSE93961,Sub-populations in the mammary repopulating units,,,"Elucidating the top of the mammary epithelial cell hierarchy is highly important for understanding its regeneration capabilities and identifying target cells for transformation. Aiming for enriched mammary epithelial stem cell population, CD200highCD200R1high epithelial cells were identified. These cells represent ~50% of the mammary repopulating units (MRUs, CD49fhigh CD24med ) and termed MRUCD200/CD200R1. Gene expression of these cells was compared to all other MRU cells, termed MRUnot CD200/CD200R1, as well as individual CD200+ population (MRU-CD200R1-) and CD200R1+ population (MRU-CD200-).","Gene expression from mammary epithelial cells carrying sorted by CD200, CD200R1 markers and MRU markers. Four populations were sequenced: MRU-positive CD200 positive and CD200R1 positive; MRU-positive and not CD200 positive CD200R1 positive; not MRU CD200 positive CD200R1 negative; not MRU CD200 negative CD200R1 positive. There are 5 replicates from 5 individual mice.",29937142,,,95185,GPL17021,Mus musculus,GSE,Expression profiling by high throughput sequencing,2018/12/21,20,ftp://ftp.ncbi.nlm.nih.gov/geo/series/GSE93nnn/GSE93961/,High Expression of CD200 and CD200R1 Distinguishes Stem and Progenitor Cell Populations within Mammary Repopulating Units.,Stem cell reports,2018 Jul 10,10.1016/j.stemcr.2018.05.013,OSD-421|RR9_TMS_FLT_F7,Space Flight
180,GSM7014081,0.9930568337440491,GSE224146,A pairwise cytokine code explains the organism-wide response to sepsis,,,This SuperSeries is composed of the SubSeries listed below.,Refer to individual Series,38191855;42065235,,,733159,GPL21626; GPL24247; GPL30172,Mus musculus,GSE,Expression profiling by high throughput sequencing; Other,2024/01/08,2196,ftp://ftp.ncbi.nlm.nih.gov/geo/series/GSE224nnn/GSE224146/,A pairwise cytokine code explains the organism-wide response to sepsis.,Nature immunology,2024 Feb,10.1038/s41590-023-01722-8,OSD-421|RR9_TMS_FLT_F8,Space Flight
181,GSM3386299,0.993004322052002,GSE119884,"Novel MVA Vector Expressing Anti-apoptotic gene, B13R, Delays Apoptosis and Enhances Humoral Responses",,,"Modified vaccinia virus Ankara (MVA) has been explored as a vaccine vector for use against infectious diseases and cancer. MVA is an immunogenic, attenuated poxvirus capable of eliciting robust cellular and humoral responses in pre-clinical animal models and in patients. However, upon infection with MVA, cells undergo rapid apoptosis leading to faster clearance of recombinant antigens. The fragmentation of the anti-apoptotic gene B13R in MVA could contribute to this effect. Here, we replaced the fragmented B13R with a functional version and observed that MVA-B13R infected HeLa cells and muscle cell lines delayed caspase 3 activation compared to MVA indicating slower progression of apoptosis. For immunogenicity studies, mice were intramuscularly immunized with recombinant MVA or MVA-B13R expressing SIV Gag, Pol and HIV Env (SHIV). We observed higher Env-specific humoral responses from MVA-B13R SHIV compared to MVA SHIV mice. To determine differences in the innate immune response that may have contributed to the augmented humoral response, we performed RNA-Seq analysis on draining lymph node cells after immunization. Gene set enrichment analysis from day 1 after immunization showed that MVA-B13R SHIV immunizations were associated with a negative enrichment for type I and II interferon responses compared to MVA SHIV mice indicating MVA-B13R SHIV induces a delayed anti-viral interferon response that may lead to the enhanced humoral response observed. Taken together, these results demonstrate that restoring B13R functionality in MVA significantly delays MVA-induced apoptosis, augments Env-specific antibody responses, and is associated with reduced interferon-alpha and interferon-gamma responses induced after vaccination.","Female BALB/c mice were intramuscularly immunized at 10^7 pfu/dose with MVA expressing SHIV antigens or MVA-B13R expressing SHIV. At days 1, 2, and 6 post immunization, draining inguinal lymph node cells were harvested for RNA extraction. 5 animals per group per time point including 5 naive mice as a control group.",,,,197467,GPL21493,Mus musculus,GSE,Expression profiling by high throughput sequencing,2018/11/27,35,ftp://ftp.ncbi.nlm.nih.gov/geo/series/GSE119nnn/GSE119884/,,,,,OSD-421|RR9_TMS_FLT_F8,Space Flight
182,GSM5765746,0.9924720525741577,GSE160903,Physical interaction with antigen presenting cells primes a T helper tumor lineage,,,"Cellular interactions in the tumor microenvironment (TME) drive T cell effector function, or dysfunction, and define a primary mechanism to target anti-tumor T cell immunity. Currently, the interactions that shape T cell function in the TME remain poorly understood. Here, we mapped the molecular programs of T and antigen-presenting cell interactions in human early non-small cell lung carcinoma lesions by physically interacting cell (PIC) sequencing. PIC-seq and imaging identified that in the TME, but not normal lung, PICs are enriched in clonally expanded CD4+PD-1+CXCL13+ T cells, expressing a unique combination of checkpoint molecules, transcription-factors, and cytokines, defining a novel T helper tumor-specific (Tht) program, conserved across cancer types. In vitro and in vivo genetic models of antigen specificity confirmed that the Tht prevalence in TME PICs is driven by tumor-antigen presentation of dendritic cells. Our study highlights CD4+ T-dendritic cell physical interaction as a key factor regulating the TME.",Transcriptional profiling of thousands of single cells and doublets (PIC) of interacting T and dendritic cells from both human tumors and mouse tumor models,35241835,,,590690,GPL18573; GPL24676; GPL19057; GPL24247,Mus musculus; Homo sapiens,GSE,Expression profiling by high throughput sequencing,2022/01/11,268,ftp://ftp.ncbi.nlm.nih.gov/geo/series/GSE160nnn/GSE160903/,The interaction of CD4(+) helper T cells with dendritic cells shapes the tumor microenvironment and immune checkpoint blockade response.,Nature cancer,2022 Mar,10.1038/s43018-022-00338-5,OSD-421|RR9_TMS_FLT_F8,Space Flight
183,GSM3985854,0.9924517273902893,GSE135096,Profound discrepancies between cell autonomous and systemic Akt isoform deletions have uncovered new roles for Akt isoforms in breast cancer development and metastasis,,,Here we study the effect on cell autonomous and systemic Akt isoform deletions in breast cancer,Investigating role of Akt isoforms in breast cancer using single cell RNA-seq,,,,277866,GPL19057,Mus musculus,GSE,Expression profiling by high throughput sequencing,2020/08/21,14,ftp://ftp.ncbi.nlm.nih.gov/geo/series/GSE135nnn/GSE135096/,,,,,OSD-421|RR9_TMS_FLT_F8,Space Flight
184,GSM3985858,0.9923569560050964,GSE135096,Profound discrepancies between cell autonomous and systemic Akt isoform deletions have uncovered new roles for Akt isoforms in breast cancer development and metastasis,,,Here we study the effect on cell autonomous and systemic Akt isoform deletions in breast cancer,Investigating role of Akt isoforms in breast cancer using single cell RNA-seq,,,,277868,GPL19057,Mus musculus,GSE,Expression profiling by high throughput sequencing,2020/08/21,14,ftp://ftp.ncbi.nlm.nih.gov/geo/series/GSE135nnn/GSE135096/,,,,,OSD-421|RR9_TMS_FLT_F8,Space Flight
185,GSM3464183,0.9923283457756042,GSE122336,Single-cell profiling guided combinatorial immunotherapy for breast cancer resistance to Her2/neu and CDK4/6 targeted therapy,,,"Trastuzumab (Herceptin™), a humanized monoclonal antibody targeting the extracellular domain of human epidermal growth factor receptor-2 (HER2), is one of the most successful examples of targeted therapies for HER2-positive breast cancer. However, drug resistance remains daunting challenges. New combinatorial regimen of CDK4/6 inhibitors plus trastuzumab is currently under active clinical investigations. In this study, we seek to prospectively model the in vivo response to CDK4/6 inhibitor Palbociclib (Pal) plus trastuzumab (Ab) using transgenic Her2/Neu mouse model in parallel with the current clinical trial scenario. We performed single cell RNA-seqencing (Drop-seq) to profile and compare tumor cells and infiltrated immune cells derived from control, Ab+Pal sensitive/residual (APS) and resistant/progressive (APR) tumors. We revealed that although Ab+Pal treatment enhanced antigen processing, presentation and interferon signaling on tumor cells, a distinct immunosuppressive immature myeloid cells (IMCs) infiltrated in the resistant tumor microenvironment to promote resistant phenotype. Based on single cell gene set enrichment analysis (profiling) guided drug screening, we identified and evaluated a combinatorial immunotherapy regimen. We found that combinatorial immunotherapy with receptor tyrosine kinase inhibitor Cabozantinib and immune checkpoint blockades overcome Ab+Pal resistance by inhibiting IMCs and enhancing anti-tumor immunity. Moreover, our rationally designed sequential combinatorial regimens enabled durable response and sustained controlling of the emergence of acquired resistance, thus significantly improved outcomes of rapidly evolving Her2/Neu positive breast cancers. Our results implicate that single-cell RNA sequencing profiling guided combinatorial immunotherapy as a strategy to mitigate the emergence of resistance and to achieve long-term therapeutic benefit merits clinical translation.",Drop-seq of tumor cells and tumor infiltrating immune cells derived from FVB/N MMTV-neu202Mul mice with different treatment/phenotypes (sensitive and resistant tumors).,31444334,,,214561,GPL19057; GPL17021,Mus musculus,GSE,Expression profiling by high throughput sequencing,2019/06/19,21,ftp://ftp.ncbi.nlm.nih.gov/geo/series/GSE122nnn/GSE122336/,Single-cell profiling guided combinatorial immunotherapy for fast-evolving CDK4/6 inhibitor-resistant HER2-positive breast cancer.,Nature communications,2019 Aug 23,10.1038/s41467-019-11729-1,OSD-421|RR9_TMS_FLT_F8,Space Flight
186,GSM7013990,0.992251992225647,GSE224146,A pairwise cytokine code explains the organism-wide response to sepsis,,,This SuperSeries is composed of the SubSeries listed below.,Refer to individual Series,38191855;42065235,,,733155,GPL21626; GPL24247; GPL30172,Mus musculus,GSE,Expression profiling by high throughput sequencing; Other,2024/01/08,2196,ftp://ftp.ncbi.nlm.nih.gov/geo/series/GSE224nnn/GSE224146/,A pairwise cytokine code explains the organism-wide response to sepsis.,Nature immunology,2024 Feb,10.1038/s41590-023-01722-8,OSD-421|RR9_TMS_FLT_F8,Space Flight
187,GSM3758281,0.9920385479927063,GSE130987,RNA sequencing of Tregs from skin and whole skin from neonatal mice colonized with Staphlyococcus epidermidis versus Staphylococcus aureus,,,This SuperSeries is composed of the SubSeries listed below.,Refer to individual Series,,,,255784,GPL17021,Mus musculus,GSE,Expression profiling by high throughput sequencing,2019/11/11,20,ftp://ftp.ncbi.nlm.nih.gov/geo/series/GSE130nnn/GSE130987/,,,,,OSD-421|RR9_TMS_FLT_F8,Space Flight
188,GSM4396020,0.9920084476470947,GSE134663,Structural cells are key regulators of organ-specific immune response,,,This SuperSeries is composed of the SubSeries listed below.,Refer to individual Series,32612232,,,351772,GPL21103,Mus musculus,GSE,Expression profiling by high throughput sequencing; Genome binding/occupancy profiling by high throughput sequencing,2020/06/30,579,ftp://ftp.ncbi.nlm.nih.gov/geo/series/GSE134nnn/GSE134663/,Structural cells are key regulators of organ-specific immune responses.,Nature,2020 Jul,10.1038/s41586-020-2424-4,OSD-421|RR9_TMS_FLT_F8,Space Flight
189,GSM3758285,0.9918808937072754,GSE130987,RNA sequencing of Tregs from skin and whole skin from neonatal mice colonized with Staphlyococcus epidermidis versus Staphylococcus aureus,,,This SuperSeries is composed of the SubSeries listed below.,Refer to individual Series,,,,255788,GPL17021,Mus musculus,GSE,Expression profiling by high throughput sequencing,2019/11/11,20,ftp://ftp.ncbi.nlm.nih.gov/geo/series/GSE130nnn/GSE130987/,,,,,OSD-421|RR9_TMS_FLT_F8,Space Flight
190,GSM6808669,0.9918246269226074,GSE220665,The Transcriptional Cofactor SKI Regulates Medullary Thymic Epithelial Cell Differentiation and Peripheral T Cell Responses,,,"The thymus is an important site for the establishment and maintenance of an appropriate immune response through positive and negative selection of developing T cells. During selection, developing T cells interact with cortical and medullary thymic epithelial cells (TECs), termed cTECs and mTECs respectively. Our lab found that TEC-specific deletion of Ski decreased the mTEC compartment in the thymus and that tissue restricted antigen (TRA) expression in mTECs was also altered. Interestingly, these mice were significantly protected from developing experimental autoimmune encephalomyelitis (EAE) disease compared to the control mice and naïve CD4 T cells purified from Ski-deleted mice showed a defect in proliferation in vitro after global T cell receptor (TCR) stimulation.  Overall, our findings suggest that SKI signaling in the thymus regulates mTEC differentiation and function as well as downstream peripheral T cell responses and provide evidence for targeting SKI in T cell driven autoimmune diseases such as multiple sclerosis.",comparison of mTECs amd cTECS regarding TEC specific deletion of SKI,38767415,,,715564,GPL17021,Mus musculus,GSE,Expression profiling by high throughput sequencing,2024/06/26,42,ftp://ftp.ncbi.nlm.nih.gov/geo/series/GSE220nnn/GSE220665/,SKI Regulates Medullary Thymic Epithelial Cell Differentiation to Control Peripheral T Cell Responses in Mice.,"Journal of immunology (Baltimore, Md. : 1950)",2024 Jul 1,10.4049/jimmunol.2300262,OSD-421|RR9_TMS_FLT_F9,Space Flight
191,GSM7014081,0.9915108680725098,GSE224146,A pairwise cytokine code explains the organism-wide response to sepsis,,,This SuperSeries is composed of the SubSeries listed below.,Refer to individual Series,38191855;42065235,,,733159,GPL21626; GPL24247; GPL30172,Mus musculus,GSE,Expression profiling by high throughput sequencing; Other,2024/01/08,2196,ftp://ftp.ncbi.nlm.nih.gov/geo/series/GSE224nnn/GSE224146/,A pairwise cytokine code explains the organism-wide response to sepsis.,Nature immunology,2024 Feb,10.1038/s41590-023-01722-8,OSD-421|RR9_TMS_FLT_F9,Space Flight
192,GSM3048873,0.99113529920578,GSE111999,Transcriptome analysis of cells in mouse hairy melanocytic nevi,,,"RNA-seq data was obtained from different skin cell types at two time points: postnatal day P30, when WT dorsal hair follicles are in actively growing state (aka anagen) and P56, when WT hair follicles are in resting state (aka telogen). Cell types include: Bulge stem cells (B), dermal papilla fibroblasts (DP), secondary hair germ cells (HG), melanocytes (Melan), myeloid cells (Myel) and CD45-positive immune cells (I). All cell were FACS sorted and only live single cells were collected for RNA extraction.",Whole transcriptome profiling of different skin and hair follicle cell types in normal versus hairy nevus mouse model skin,37344645,,,158360,GPL19057,Mus musculus,GSE,Expression profiling by high throughput sequencing,2023/03/14,38,ftp://ftp.ncbi.nlm.nih.gov/geo/series/GSE111nnn/GSE111999/,Signalling by senescent melanocytes hyperactivates hair growth.,Nature,2023 Jun,10.1038/s41586-023-06172-8,OSD-421|RR9_TMS_FLT_F9,Space Flight
193,GSM4200072,0.9910857677459717,GSE141259,Longitudinal single-cell transcriptomics analysis of mouse lung upon bleomycin-induced injury,,,"Two single-cell RNA sequencing data sets were generated called ""Whole lung"" and ""High Resolution"". The ""Whole lung"" single-cell mRNAseq libraries were generated with Drop-Seq from whole mouse lungs upon bleomycin-induced injury and followed over time. Samples were taken at days 3 (n = 3), 7 (n = 5), 10 (n = 3), 14 (n = 4), 21 (n = 4) and 28 (n = 2). Control samples (n = 7) were administered saline only, also indicated with PBS or day0. The ""High resolution"" single-cell mRNAseq libraries were generated with Drop-Seq from the epithelial compartment of mouse lungs upon bleomycin-induced injury and followed over time. Samples were taken daily for two weeks and at days 21, 28, 36, 54 after injury. Control samples (n = 2) were administered saline only, also indicated with PBS or day0.",Single-cell transcriptomics time-course experiment.,32678092,,,315253,GPL21103,Mus musculus,GSE,Expression profiling by high throughput sequencing,2019/12/02,60,ftp://ftp.ncbi.nlm.nih.gov/geo/series/GSE141nnn/GSE141259/,Alveolar regeneration through a Krt8+ transitional stem cell state that persists in human lung fibrosis.,Nature communications,2020 Jul 16,10.1038/s41467-020-17358-3,OSD-421|RR9_TMS_FLT_F9,Space Flight
194,GSM3048874,0.9909778237342834,GSE111999,Transcriptome analysis of cells in mouse hairy melanocytic nevi,,,"RNA-seq data was obtained from different skin cell types at two time points: postnatal day P30, when WT dorsal hair follicles are in actively growing state (aka anagen) and P56, when WT hair follicles are in resting state (aka telogen). Cell types include: Bulge stem cells (B), dermal papilla fibroblasts (DP), secondary hair germ cells (HG), melanocytes (Melan), myeloid cells (Myel) and CD45-positive immune cells (I). All cell were FACS sorted and only live single cells were collected for RNA extraction.",Whole transcriptome profiling of different skin and hair follicle cell types in normal versus hairy nevus mouse model skin,37344645,,,158361,GPL19057,Mus musculus,GSE,Expression profiling by high throughput sequencing,2023/03/14,38,ftp://ftp.ncbi.nlm.nih.gov/geo/series/GSE111nnn/GSE111999/,Signalling by senescent melanocytes hyperactivates hair growth.,Nature,2023 Jun,10.1038/s41586-023-06172-8,OSD-421|RR9_TMS_FLT_F9,Space Flight
195,GSM6808694,0.9905590415000916,GSE220665,The Transcriptional Cofactor SKI Regulates Medullary Thymic Epithelial Cell Differentiation and Peripheral T Cell Responses,,,"The thymus is an important site for the establishment and maintenance of an appropriate immune response through positive and negative selection of developing T cells. During selection, developing T cells interact with cortical and medullary thymic epithelial cells (TECs), termed cTECs and mTECs respectively. Our lab found that TEC-specific deletion of Ski decreased the mTEC compartment in the thymus and that tissue restricted antigen (TRA) expression in mTECs was also altered. Interestingly, these mice were significantly protected from developing experimental autoimmune encephalomyelitis (EAE) disease compared to the control mice and naïve CD4 T cells purified from Ski-deleted mice showed a defect in proliferation in vitro after global T cell receptor (TCR) stimulation.  Overall, our findings suggest that SKI signaling in the thymus regulates mTEC differentiation and function as well as downstream peripheral T cell responses and provide evidence for targeting SKI in T cell driven autoimmune diseases such as multiple sclerosis.",comparison of mTECs amd cTECS regarding TEC specific deletion of SKI,38767415,,,715584,GPL17021,Mus musculus,GSE,Expression profiling by high throughput sequencing,2024/06/26,42,ftp://ftp.ncbi.nlm.nih.gov/geo/series/GSE220nnn/GSE220665/,SKI Regulates Medullary Thymic Epithelial Cell Differentiation to Control Peripheral T Cell Responses in Mice.,"Journal of immunology (Baltimore, Md. : 1950)",2024 Jul 1,10.4049/jimmunol.2300262,OSD-421|RR9_TMS_FLT_F9,Space Flight
196,GSM6808697,0.9904804229736328,GSE220665,The Transcriptional Cofactor SKI Regulates Medullary Thymic Epithelial Cell Differentiation and Peripheral T Cell Responses,,,"The thymus is an important site for the establishment and maintenance of an appropriate immune response through positive and negative selection of developing T cells. During selection, developing T cells interact with cortical and medullary thymic epithelial cells (TECs), termed cTECs and mTECs respectively. Our lab found that TEC-specific deletion of Ski decreased the mTEC compartment in the thymus and that tissue restricted antigen (TRA) expression in mTECs was also altered. Interestingly, these mice were significantly protected from developing experimental autoimmune encephalomyelitis (EAE) disease compared to the control mice and naïve CD4 T cells purified from Ski-deleted mice showed a defect in proliferation in vitro after global T cell receptor (TCR) stimulation.  Overall, our findings suggest that SKI signaling in the thymus regulates mTEC differentiation and function as well as downstream peripheral T cell responses and provide evidence for targeting SKI in T cell driven autoimmune diseases such as multiple sclerosis.",comparison of mTECs amd cTECS regarding TEC specific deletion of SKI,38767415,,,715587,GPL17021,Mus musculus,GSE,Expression profiling by high throughput sequencing,2024/06/26,42,ftp://ftp.ncbi.nlm.nih.gov/geo/series/GSE220nnn/GSE220665/,SKI Regulates Medullary Thymic Epithelial Cell Differentiation to Control Peripheral T Cell Responses in Mice.,"Journal of immunology (Baltimore, Md. : 1950)",2024 Jul 1,10.4049/jimmunol.2300262,OSD-421|RR9_TMS_FLT_F9,Space Flight
197,GSM3386314,0.9904646873474121,GSE119884,"Novel MVA Vector Expressing Anti-apoptotic gene, B13R, Delays Apoptosis and Enhances Humoral Responses",,,"Modified vaccinia virus Ankara (MVA) has been explored as a vaccine vector for use against infectious diseases and cancer. MVA is an immunogenic, attenuated poxvirus capable of eliciting robust cellular and humoral responses in pre-clinical animal models and in patients. However, upon infection with MVA, cells undergo rapid apoptosis leading to faster clearance of recombinant antigens. The fragmentation of the anti-apoptotic gene B13R in MVA could contribute to this effect. Here, we replaced the fragmented B13R with a functional version and observed that MVA-B13R infected HeLa cells and muscle cell lines delayed caspase 3 activation compared to MVA indicating slower progression of apoptosis. For immunogenicity studies, mice were intramuscularly immunized with recombinant MVA or MVA-B13R expressing SIV Gag, Pol and HIV Env (SHIV). We observed higher Env-specific humoral responses from MVA-B13R SHIV compared to MVA SHIV mice. To determine differences in the innate immune response that may have contributed to the augmented humoral response, we performed RNA-Seq analysis on draining lymph node cells after immunization. Gene set enrichment analysis from day 1 after immunization showed that MVA-B13R SHIV immunizations were associated with a negative enrichment for type I and II interferon responses compared to MVA SHIV mice indicating MVA-B13R SHIV induces a delayed anti-viral interferon response that may lead to the enhanced humoral response observed. Taken together, these results demonstrate that restoring B13R functionality in MVA significantly delays MVA-induced apoptosis, augments Env-specific antibody responses, and is associated with reduced interferon-alpha and interferon-gamma responses induced after vaccination.","Female BALB/c mice were intramuscularly immunized at 10^7 pfu/dose with MVA expressing SHIV antigens or MVA-B13R expressing SHIV. At days 1, 2, and 6 post immunization, draining inguinal lymph node cells were harvested for RNA extraction. 5 animals per group per time point including 5 naive mice as a control group.",,,,197482,GPL21493,Mus musculus,GSE,Expression profiling by high throughput sequencing,2018/11/27,35,ftp://ftp.ncbi.nlm.nih.gov/geo/series/GSE119nnn/GSE119884/,,,,,OSD-421|RR9_TMS_FLT_F9,Space Flight
198,GSM3394061,0.9903793334960938,GSE120130,ATAC-sequencing and RNA-sequencing of innate lymphoid cells that were sorted from mouse skin,,,This SuperSeries is composed of the SubSeries listed below.,Refer to individual Series,,,,198624,GPL17021,Mus musculus,GSE,Expression profiling by high throughput sequencing; Genome binding/occupancy profiling by high throughput sequencing,2018/09/19,16,ftp://ftp.ncbi.nlm.nih.gov/geo/series/GSE120nnn/GSE120130/,,,,,OSD-421|RR9_TMS_FLT_F9,Space Flight
199,GSM5526801,0.990368664264679,GSE182322,Transcriptional profiling of mouse ST2+ and ST2- Tregs across tissues,,,"Foxp3+ regulatory T cells (Tregs) are critical mediators of peripheral tolerance and immune homeostasis. Tregs that express the IL-33 receptor ST2 are enriched in peripheral nonlymphoid tissues and can exert a variety of tissue-specific functions from metabolic regulation within adipose tissue to skeletal muscle repair. However, the relationship between ST2+ and ST2- Tregs within and across different tissues remains unclear. To compare murine ST2- and ST2+ Tregs within and across tissues, we performed RNA sequencing (RNAseq) of ST2-CD44hi and ST2+CD44hi Tregs from blood, spleen, lungs, visceral adipose tissue (VAT), colon, and skin. RNAseq was also performed on ST2- CD44lo CD62L+ Tregs from the spleen and lungs. We found that the tissue microenvironment was the major factor shaping the transcriptome of Tregs across tissues. Across the tissues studied, Treg transcriptomes displayed an ordered hierarchy that may represent graded levels of activation or differentiation across tissues. We also identified a core signature that distinguished ST2+ Tregs from ST2- Tregs across tissues and a large number of differentially expressed genes between ST2- and ST2+ Tregs within individual tissues that could support the tissue-specific adaptation and function of ST2+ Tregs. In summary, our work highlights the unique, tissue-specific phenotype of ST2+ Tregs and reveals a core ST2+ Treg transcriptional signature shared across tissues.","Single cell suspensions were prepared from the blood, spleen, lungs, abdominal visceral adipose tissue (VAT), colonic lamina propria, and back skin of five Foxp3YFP-cre mice. ST2+CD44hi Tregs and ST2-CD44hi Tregs were flow sorted from all tissues; ST2-CD44loCD62L+ Tregs were sorted from spleen and lungs. RNAseq was performed on libraries prepared from amplified cDNA prepared from the sorted populations. Mouse IDs are provided so that samples from a single mouse can be identified.",36093048,,,534138,GPL17021,Mus musculus,GSE,Expression profiling by high throughput sequencing,2022/07/24,70,ftp://ftp.ncbi.nlm.nih.gov/geo/series/GSE182nnn/GSE182322/,Profiling of Tregs across tissues reveals plasticity in ST2 expression and hierarchies in tissue-specific phenotypes.,iScience,2022 Sep 16,10.1016/j.isci.2022.104998,OSD-421|RR9_TMS_FLT_F9,Space Flight
