,gsm,score,gse,title,source_name,characteristics,geo_summary,geo_design,pubmed_ids,tissue,species,archs4_index,geo_platform_biopython,geo_taxon_biopython,geo_entry_type_biopython,geo_gds_type_biopython,geo_pdat_biopython,geo_n_samples_biopython,geo_ftp_link_biopython,pubmed_title_biopython,pubmed_journal_biopython,pubmed_pub_date_biopython,pubmed_doi_biopython,sample_name,spaceflight
0,GSM2696413,0.9971173405647278,GSE100918,Mechanisms of the innate defense regulator peptide 1002 anti-inflammatory activity in a sterile inflammation mouse model,,,"Innate defense regulator (IDR) peptide-1002 is a synthetic host defense peptide derivative with strong anti-inflammatory properties.To investigate the anti-inflammatory mechanisms of IDR-1002 in vivo, the phorbol 12-myristate 13-acetate (PMA)-induced mouse ear inflammation model was used. Topical IDR-1002 treatment successfully dampened PMA-induced ear edema, proinflammatory cytokine production, reactive oxygen and nitrogen species release, and neutrophil recruitment in the ears of CD1 mice. Advanced RNA-Seq analysis on the mouse ear transcriptome revealed that IDR-1002 reduced sterile inflammation by suppressing the expression of transmembrane G-protein coupled receptors (Class A/1 rhodopsin-like), including receptors for chemokines, prostaglandins, histamine, platelet activating factor and anaphylatoxin. IDR-1002 also dampened IFNγ response and repressed the Interferon regulatory factor (Irf) 8-regulated network that controls central inflammatory pathways.",RNA-Seq profiling of gene expression in mouse ear tissue exposed to three treatment conditions,28993516,,,116880,GPL17021,Mus musculus,GSE,Expression profiling by high throughput sequencing,2018/01/31,15,ftp://ftp.ncbi.nlm.nih.gov/geo/series/GSE100nnn/GSE100918/,Mechanisms of the Innate Defense Regulator Peptide-1002 Anti-Inflammatory Activity in a Sterile Inflammation Mouse Model.,"Journal of immunology (Baltimore, Md. : 1950)",2017 Nov 15,10.4049/jimmunol.1700985,OSD-241|Mmus_BAL-TAL_FSKN_GC_Rep10_G10,Ground Control
1,GSM2696415,0.9958295822143555,GSE100918,Mechanisms of the innate defense regulator peptide 1002 anti-inflammatory activity in a sterile inflammation mouse model,,,"Innate defense regulator (IDR) peptide-1002 is a synthetic host defense peptide derivative with strong anti-inflammatory properties.To investigate the anti-inflammatory mechanisms of IDR-1002 in vivo, the phorbol 12-myristate 13-acetate (PMA)-induced mouse ear inflammation model was used. Topical IDR-1002 treatment successfully dampened PMA-induced ear edema, proinflammatory cytokine production, reactive oxygen and nitrogen species release, and neutrophil recruitment in the ears of CD1 mice. Advanced RNA-Seq analysis on the mouse ear transcriptome revealed that IDR-1002 reduced sterile inflammation by suppressing the expression of transmembrane G-protein coupled receptors (Class A/1 rhodopsin-like), including receptors for chemokines, prostaglandins, histamine, platelet activating factor and anaphylatoxin. IDR-1002 also dampened IFNγ response and repressed the Interferon regulatory factor (Irf) 8-regulated network that controls central inflammatory pathways.",RNA-Seq profiling of gene expression in mouse ear tissue exposed to three treatment conditions,28993516,,,116882,GPL17021,Mus musculus,GSE,Expression profiling by high throughput sequencing,2018/01/31,15,ftp://ftp.ncbi.nlm.nih.gov/geo/series/GSE100nnn/GSE100918/,Mechanisms of the Innate Defense Regulator Peptide-1002 Anti-Inflammatory Activity in a Sterile Inflammation Mouse Model.,"Journal of immunology (Baltimore, Md. : 1950)",2017 Nov 15,10.4049/jimmunol.1700985,OSD-241|Mmus_BAL-TAL_FSKN_GC_Rep10_G10,Ground Control
2,GSM7798808,0.9957592487335205,GSE243950,Suture-anchored cutaneous tension induces persistent hypertrophic scarring in a novel murine model,,,This SuperSeries is composed of the SubSeries listed below.,Refer to individual Series,,,,817849,GPL24247; GPL21103,Mus musculus,GSE,Non-coding RNA profiling by high throughput sequencing; Expression profiling by high throughput sequencing,2023/09/28,12,ftp://ftp.ncbi.nlm.nih.gov/geo/series/GSE243nnn/GSE243950/,,,,,OSD-241|Mmus_BAL-TAL_FSKN_GC_Rep10_G10,Ground Control
3,GSM7432051,0.9956901669502258,GSE233658,Adiponectin in the mammalian host influences ticks' acquisition of the Lyme disease pathogen Borrelia,,,To understand the global gene expression profile at the tick bite site of adiponectin wildtype and knockout mice,We utilized RNA-seq to compare the transcriptome of adiponectin wildtype and knockout murine skin during tick feeding,,,,791462,GPL17021,Mus musculus,GSE,Expression profiling by high throughput sequencing,2023/09/06,6,ftp://ftp.ncbi.nlm.nih.gov/geo/series/GSE233nnn/GSE233658/,,,,,OSD-241|Mmus_BAL-TAL_FSKN_GC_Rep10_G10,Ground Control
4,GSM3851981,0.9955723285675049,GSE132173,RNA-seq of tissues from MC903- and Ethanol-treated mice,,,"We report transcript abundance in skin, spinal_cord, and trigeminal ganglia from animals treated with MC903 to induce a mouse model of atopic dermatitis across different genotypes, time points, and treatments","Examination of gene expression in TSLPR.KO, wild-type, and neutrophil-depleted animals. For differential expression analysis, comparisons were performed between MC903 and ethanol treatments for the same condition (genotype, timepoint, etc.)",31631836,,,258761,GPL21103,Mus musculus,GSE,Expression profiling by high throughput sequencing,2019/11/13,162,ftp://ftp.ncbi.nlm.nih.gov/geo/series/GSE132nnn/GSE132173/,Neutrophils promote CXCR3-dependent itch in the development of atopic dermatitis.,eLife,2019 Oct 21,10.7554/eLife.48448,OSD-241|Mmus_BAL-TAL_FSKN_GC_Rep10_G10,Ground Control
5,GSM2696412,0.9952878952026367,GSE100918,Mechanisms of the innate defense regulator peptide 1002 anti-inflammatory activity in a sterile inflammation mouse model,,,"Innate defense regulator (IDR) peptide-1002 is a synthetic host defense peptide derivative with strong anti-inflammatory properties.To investigate the anti-inflammatory mechanisms of IDR-1002 in vivo, the phorbol 12-myristate 13-acetate (PMA)-induced mouse ear inflammation model was used. Topical IDR-1002 treatment successfully dampened PMA-induced ear edema, proinflammatory cytokine production, reactive oxygen and nitrogen species release, and neutrophil recruitment in the ears of CD1 mice. Advanced RNA-Seq analysis on the mouse ear transcriptome revealed that IDR-1002 reduced sterile inflammation by suppressing the expression of transmembrane G-protein coupled receptors (Class A/1 rhodopsin-like), including receptors for chemokines, prostaglandins, histamine, platelet activating factor and anaphylatoxin. IDR-1002 also dampened IFNγ response and repressed the Interferon regulatory factor (Irf) 8-regulated network that controls central inflammatory pathways.",RNA-Seq profiling of gene expression in mouse ear tissue exposed to three treatment conditions,28993516,,,116879,GPL17021,Mus musculus,GSE,Expression profiling by high throughput sequencing,2018/01/31,15,ftp://ftp.ncbi.nlm.nih.gov/geo/series/GSE100nnn/GSE100918/,Mechanisms of the Innate Defense Regulator Peptide-1002 Anti-Inflammatory Activity in a Sterile Inflammation Mouse Model.,"Journal of immunology (Baltimore, Md. : 1950)",2017 Nov 15,10.4049/jimmunol.1700985,OSD-241|Mmus_BAL-TAL_FSKN_GC_Rep10_G10,Ground Control
6,GSM2696414,0.9946292042732239,GSE100918,Mechanisms of the innate defense regulator peptide 1002 anti-inflammatory activity in a sterile inflammation mouse model,,,"Innate defense regulator (IDR) peptide-1002 is a synthetic host defense peptide derivative with strong anti-inflammatory properties.To investigate the anti-inflammatory mechanisms of IDR-1002 in vivo, the phorbol 12-myristate 13-acetate (PMA)-induced mouse ear inflammation model was used. Topical IDR-1002 treatment successfully dampened PMA-induced ear edema, proinflammatory cytokine production, reactive oxygen and nitrogen species release, and neutrophil recruitment in the ears of CD1 mice. Advanced RNA-Seq analysis on the mouse ear transcriptome revealed that IDR-1002 reduced sterile inflammation by suppressing the expression of transmembrane G-protein coupled receptors (Class A/1 rhodopsin-like), including receptors for chemokines, prostaglandins, histamine, platelet activating factor and anaphylatoxin. IDR-1002 also dampened IFNγ response and repressed the Interferon regulatory factor (Irf) 8-regulated network that controls central inflammatory pathways.",RNA-Seq profiling of gene expression in mouse ear tissue exposed to three treatment conditions,28993516,,,116881,GPL17021,Mus musculus,GSE,Expression profiling by high throughput sequencing,2018/01/31,15,ftp://ftp.ncbi.nlm.nih.gov/geo/series/GSE100nnn/GSE100918/,Mechanisms of the Innate Defense Regulator Peptide-1002 Anti-Inflammatory Activity in a Sterile Inflammation Mouse Model.,"Journal of immunology (Baltimore, Md. : 1950)",2017 Nov 15,10.4049/jimmunol.1700985,OSD-241|Mmus_BAL-TAL_FSKN_GC_Rep10_G10,Ground Control
7,GSM2817084,0.994623064994812,GSE102007,Gene expression profiling of murine skin transgenically generated to express HPV16 E7 oncoprotein,,,A validated animal model would assist with research on the immunological consequences of the chronic expression of HPV16 E7 oncoprotein expression. Here we performed RNA-seq analysis of normal C57BL/6 skin versus mouse transgenically generated to express HPV16 E7 oncogene under the keratin 14 promoter (K14E7). Mice present with epithelial hyperplasia and increased immune cell infiltrate associated with immune suppression.,"Ear skin (n=6) 8-week old C57BL/6 and K14E7 mice Grafted samples (n=18) of donor C57BL/6, K14E7 and CD1d-/-xK14E7 skin on C57BL6 recipients",27333029,,,134709,GPL13112,Mus musculus,GSE,Expression profiling by high throughput sequencing,2017/10/30,24,ftp://ftp.ncbi.nlm.nih.gov/geo/series/GSE102nnn/GSE102007/,A Mouse Model of Hyperproliferative Human Epithelium Validated by Keratin Profiling Shows an Aberrant Cytoskeletal Response to Injury.,EBioMedicine,2016 Jul,10.1016/j.ebiom.2016.06.011,OSD-241|Mmus_BAL-TAL_FSKN_GC_Rep10_G10,Ground Control
8,GSM8073690,0.9945821762084961,GSE255519,The interferon-rich skin environment regulates Langerhans cell ADAM17 to promote photosensitivity in lupus,,,"The autoimmune disease lupus erythematosus (lupus) is characterized in part by photosensitivity, where patients can develop inflammatory skin lesions with even ambient ultraviolet radiation (UVR) exposure. Evidence points to a role for type I interferon (IFN-I) in photosensitivity, but mechanistic understanding remains limited. We have shown that photosensitivity in lupus models is at least in part attributable to Langerhans cell (LC) dysfunction. Healthy LCs limit photosensitivity via a disintegrin and metalloprotease 17 (ADAM17), a sheddase that normally limits UVR-induced skin inflammation by releasing soluble epidermal growth factor receptor (EGFR) ligands to support keratinocyte survival. On the other hand, LCs from lesional and even non-lesional lupus model skin show reduced ADAM17 activity and mRNA expression. Non-lesional human lupus skin also showed evidence of LC dysfunction, and, here, we asked how the lupus skin environment contributes to this dysfunction. We show that non-lesional skin in human CLE and multiple photosensitive lupus models share gene expression patterns consistent with a high IFN environment and LC dysfunction. IFN-I inhibits murine and human LC ADAM17 activity, and anti-IFNAR1 in lupus models restores LC ADAM17 function and reduces photosensitivity in EGFR and LC ADAM17-dependent manners. Reactive oxygen species (ROS) are a mediator of ADAM17 activity, and we show that lupus models have reduced UVR-induced LC ROS generation that is restored by anti-IFNAR1. Our findings suggest shared pathogenic mechanisms of photosensitivity in human and murine lupus skin and a model whereby the IFN-I-rich microenvironment in non-lesional lupus skin inhibits UVR-induced ADAM17 activity, predisposing to photosensitivity. Our data also suggest that the beneficial effects of the recently FDA-approved anifrolumab (anti-IFNAR1) on human lupus skin could act in part by restoring LC function.",Comparative gene expression profiling analysis of RNA-seq data for,38860651,,,850742,GPL24247,Mus musculus,GSE,Expression profiling by high throughput sequencing,2024/02/23,19,ftp://ftp.ncbi.nlm.nih.gov/geo/series/GSE255nnn/GSE255519/,The interferon-rich skin environment regulates Langerhans cell ADAM17 to promote photosensitivity in lupus.,eLife,2024 Jun 11,10.7554/eLife.85914,OSD-241|Mmus_BAL-TAL_FSKN_GC_Rep10_G10,Ground Control
9,GSM7432049,0.9945003986358643,GSE233658,Adiponectin in the mammalian host influences ticks' acquisition of the Lyme disease pathogen Borrelia,,,To understand the global gene expression profile at the tick bite site of adiponectin wildtype and knockout mice,We utilized RNA-seq to compare the transcriptome of adiponectin wildtype and knockout murine skin during tick feeding,,,,791460,GPL17021,Mus musculus,GSE,Expression profiling by high throughput sequencing,2023/09/06,6,ftp://ftp.ncbi.nlm.nih.gov/geo/series/GSE233nnn/GSE233658/,,,,,OSD-241|Mmus_BAL-TAL_FSKN_GC_Rep10_G10,Ground Control
10,GSM7798808,0.9966570138931274,GSE243950,Suture-anchored cutaneous tension induces persistent hypertrophic scarring in a novel murine model,,,This SuperSeries is composed of the SubSeries listed below.,Refer to individual Series,,,,817849,GPL24247; GPL21103,Mus musculus,GSE,Non-coding RNA profiling by high throughput sequencing; Expression profiling by high throughput sequencing,2023/09/28,12,ftp://ftp.ncbi.nlm.nih.gov/geo/series/GSE243nnn/GSE243950/,,,,,OSD-241|Mmus_BAL-TAL_FSKN_GC_Rep1_G1,Ground Control
11,GSM2696413,0.9959438443183899,GSE100918,Mechanisms of the innate defense regulator peptide 1002 anti-inflammatory activity in a sterile inflammation mouse model,,,"Innate defense regulator (IDR) peptide-1002 is a synthetic host defense peptide derivative with strong anti-inflammatory properties.To investigate the anti-inflammatory mechanisms of IDR-1002 in vivo, the phorbol 12-myristate 13-acetate (PMA)-induced mouse ear inflammation model was used. Topical IDR-1002 treatment successfully dampened PMA-induced ear edema, proinflammatory cytokine production, reactive oxygen and nitrogen species release, and neutrophil recruitment in the ears of CD1 mice. Advanced RNA-Seq analysis on the mouse ear transcriptome revealed that IDR-1002 reduced sterile inflammation by suppressing the expression of transmembrane G-protein coupled receptors (Class A/1 rhodopsin-like), including receptors for chemokines, prostaglandins, histamine, platelet activating factor and anaphylatoxin. IDR-1002 also dampened IFNγ response and repressed the Interferon regulatory factor (Irf) 8-regulated network that controls central inflammatory pathways.",RNA-Seq profiling of gene expression in mouse ear tissue exposed to three treatment conditions,28993516,,,116880,GPL17021,Mus musculus,GSE,Expression profiling by high throughput sequencing,2018/01/31,15,ftp://ftp.ncbi.nlm.nih.gov/geo/series/GSE100nnn/GSE100918/,Mechanisms of the Innate Defense Regulator Peptide-1002 Anti-Inflammatory Activity in a Sterile Inflammation Mouse Model.,"Journal of immunology (Baltimore, Md. : 1950)",2017 Nov 15,10.4049/jimmunol.1700985,OSD-241|Mmus_BAL-TAL_FSKN_GC_Rep1_G1,Ground Control
12,GSM3851976,0.9958583116531372,GSE132173,RNA-seq of tissues from MC903- and Ethanol-treated mice,,,"We report transcript abundance in skin, spinal_cord, and trigeminal ganglia from animals treated with MC903 to induce a mouse model of atopic dermatitis across different genotypes, time points, and treatments","Examination of gene expression in TSLPR.KO, wild-type, and neutrophil-depleted animals. For differential expression analysis, comparisons were performed between MC903 and ethanol treatments for the same condition (genotype, timepoint, etc.)",31631836,,,258756,GPL21103,Mus musculus,GSE,Expression profiling by high throughput sequencing,2019/11/13,162,ftp://ftp.ncbi.nlm.nih.gov/geo/series/GSE132nnn/GSE132173/,Neutrophils promote CXCR3-dependent itch in the development of atopic dermatitis.,eLife,2019 Oct 21,10.7554/eLife.48448,OSD-241|Mmus_BAL-TAL_FSKN_GC_Rep1_G1,Ground Control
13,GSM3851981,0.9958181381225586,GSE132173,RNA-seq of tissues from MC903- and Ethanol-treated mice,,,"We report transcript abundance in skin, spinal_cord, and trigeminal ganglia from animals treated with MC903 to induce a mouse model of atopic dermatitis across different genotypes, time points, and treatments","Examination of gene expression in TSLPR.KO, wild-type, and neutrophil-depleted animals. For differential expression analysis, comparisons were performed between MC903 and ethanol treatments for the same condition (genotype, timepoint, etc.)",31631836,,,258761,GPL21103,Mus musculus,GSE,Expression profiling by high throughput sequencing,2019/11/13,162,ftp://ftp.ncbi.nlm.nih.gov/geo/series/GSE132nnn/GSE132173/,Neutrophils promote CXCR3-dependent itch in the development of atopic dermatitis.,eLife,2019 Oct 21,10.7554/eLife.48448,OSD-241|Mmus_BAL-TAL_FSKN_GC_Rep1_G1,Ground Control
14,GSM7798807,0.9957032203674316,GSE243950,Suture-anchored cutaneous tension induces persistent hypertrophic scarring in a novel murine model,,,This SuperSeries is composed of the SubSeries listed below.,Refer to individual Series,,,,817848,GPL24247; GPL21103,Mus musculus,GSE,Non-coding RNA profiling by high throughput sequencing; Expression profiling by high throughput sequencing,2023/09/28,12,ftp://ftp.ncbi.nlm.nih.gov/geo/series/GSE243nnn/GSE243950/,,,,,OSD-241|Mmus_BAL-TAL_FSKN_GC_Rep1_G1,Ground Control
15,GSM3851979,0.9956027269363403,GSE132173,RNA-seq of tissues from MC903- and Ethanol-treated mice,,,"We report transcript abundance in skin, spinal_cord, and trigeminal ganglia from animals treated with MC903 to induce a mouse model of atopic dermatitis across different genotypes, time points, and treatments","Examination of gene expression in TSLPR.KO, wild-type, and neutrophil-depleted animals. For differential expression analysis, comparisons were performed between MC903 and ethanol treatments for the same condition (genotype, timepoint, etc.)",31631836,,,258759,GPL21103,Mus musculus,GSE,Expression profiling by high throughput sequencing,2019/11/13,162,ftp://ftp.ncbi.nlm.nih.gov/geo/series/GSE132nnn/GSE132173/,Neutrophils promote CXCR3-dependent itch in the development of atopic dermatitis.,eLife,2019 Oct 21,10.7554/eLife.48448,OSD-241|Mmus_BAL-TAL_FSKN_GC_Rep1_G1,Ground Control
16,GSM2137013,0.9952732920646667,GSE80784,“Transcriptomics Analysis Of SOCS3-deficient keratinocytes: Reveled Insights Into Progression of Chronic Skin Disease,,,"We analyzed time series transcriptomics data of SOCS3 conditional knockout keratinocytes mice at 2, 8 and 10 week by using RNA-Sequencing technology to gain a basic understanding on the role of SOCS3 in epidermal homeostasis and what are the key regulatory genes and interactions that are important for skin hemostasis. We identified the top altered genes profile and associated biological pathways and investigated how loss of SOCS3 from keratinocytes leads to chronic skin diseases. We also validated our RNA-seq analysis results on a human derived cultured keratinocyte cells. Our results suggest a novel function of SOCS3 gene that not only controls immune hemostasis but also plays an important role in epidermal hemostasis. We believe that establishing a regulatory model to explain the dynamics of SOCS3 that controls multiple cellular processes in keratinocyte will provide a detailed knowledge to elucidate the molecular mechanisms underlying epidermal homeostasis and the development of chronic epidermal diseases.","Socs3 cKO mice mRNA profiles of 2, 8 and 10 week wild type (WT)  C57BL/6 mice were generated by sequencing using HiSeq 1000 system (Illumina) machine  which could read a 50 bp sequence.",,,,70232,GPL15103,Mus musculus,GSE,Expression profiling by high throughput sequencing,2019/04/28,22,ftp://ftp.ncbi.nlm.nih.gov/geo/series/GSE80nnn/GSE80784/,,,,,OSD-241|Mmus_BAL-TAL_FSKN_GC_Rep1_G1,Ground Control
17,GSM2481951,0.9952732920646667,GSE94743,Insights into gene expression profiles induced by Socs3 depletion in Keratinocytes,,,"Specific deletion of suppressor of cytokine signaling 3 (Socs3) in keratinocytes can cause severe skin inflammation with infiltration of immune cells, however the molecular mechanisms and key regulatory pathways involved remains poorly understood. To investigate the role of Socs3 in keratinocytes, we generated and analyzed global RNA-Seq profiles in Socs3 conditional knockout (cKO) mice at two different stages (2- and 10- weeks). Over 400 shared genes were found to be significantly regulated at both time points. Two week samples were marked by initial skin barrier dysfunction established by the downregulation of keratin associated genes and upregulation of genes regulating lipid metabolism. Subsequent increase in expression level of multiple chemokines and cytokines at 10 week were observed representing response to skin inflammation caused by the disruption of skin barrier function. A group of activator protein-1 related genes were to found to be highly elevated in Socs3 cKO mice at both time points. This observation was duly validated using qRT-PCR in Socs3 depleted human keratinocyte–derived HaCaT cells. Overall this study reveals an important regulatory dynamics of Socs3 in skin barrier dysfunction.",Socs3 cKO mice mRNA profiles of 2  and 10 week wild type (WT)  C57BL/6 mice were generated by sequencing using HiSeq 1000 system (Illumina) machine  which could read a 50 bp sequence.,29158586,,,96312,GPL15103,Mus musculus,GSE,Expression profiling by high throughput sequencing,2018/02/01,15,ftp://ftp.ncbi.nlm.nih.gov/geo/series/GSE94nnn/GSE94743/,Insights into gene expression profiles induced by Socs3 depletion in keratinocytes.,Scientific reports,2017 Nov 20,10.1038/s41598-017-16155-1,OSD-241|Mmus_BAL-TAL_FSKN_GC_Rep1_G1,Ground Control
18,GSM3851982,0.9952104091644287,GSE132173,RNA-seq of tissues from MC903- and Ethanol-treated mice,,,"We report transcript abundance in skin, spinal_cord, and trigeminal ganglia from animals treated with MC903 to induce a mouse model of atopic dermatitis across different genotypes, time points, and treatments","Examination of gene expression in TSLPR.KO, wild-type, and neutrophil-depleted animals. For differential expression analysis, comparisons were performed between MC903 and ethanol treatments for the same condition (genotype, timepoint, etc.)",31631836,,,258762,GPL21103,Mus musculus,GSE,Expression profiling by high throughput sequencing,2019/11/13,162,ftp://ftp.ncbi.nlm.nih.gov/geo/series/GSE132nnn/GSE132173/,Neutrophils promote CXCR3-dependent itch in the development of atopic dermatitis.,eLife,2019 Oct 21,10.7554/eLife.48448,OSD-241|Mmus_BAL-TAL_FSKN_GC_Rep1_G1,Ground Control
19,GSM7798809,0.9951106309890747,GSE243950,Suture-anchored cutaneous tension induces persistent hypertrophic scarring in a novel murine model,,,This SuperSeries is composed of the SubSeries listed below.,Refer to individual Series,,,,817850,GPL24247; GPL21103,Mus musculus,GSE,Non-coding RNA profiling by high throughput sequencing; Expression profiling by high throughput sequencing,2023/09/28,12,ftp://ftp.ncbi.nlm.nih.gov/geo/series/GSE243nnn/GSE243950/,,,,,OSD-241|Mmus_BAL-TAL_FSKN_GC_Rep1_G1,Ground Control
20,GSM5015064,0.9967288374900818,GSE164623,Alteration of the whole skin gene expression as a result of Flg deficiency,,,"Defects of filaggrin (FLG) compromise epidermal barrier function and represent an important known genetic risk factor for atopic dermatitis (AD), but also for systemic atopy, including allergic sensitization and asthma. A loss of epidermal barrier integrity can provide a significant stress for the cells in both the epidermis as well as the underlying dermal layer of the skin, either due to the increased moisture evaporation from the skin or increased penetration of the antigens and microflora into the lower layers. This analysis was therefore designed to understand the effect of this loss of barrier integrity on the total skin transcriptional profile.",Total shaved back skin tissue samples were collected from 8 week old Flg-deficient mice and wt ctrls  Total RNA was isolated using the RNeasy Mini Kit+ (Qiagen). mRNA libraries were prepared using a SMART protocol and subjected to deep sequencing on an Illumina NextSeq 500.,,,,454810,GPL19057,Mus musculus,GSE,Expression profiling by high throughput sequencing,2021/05/01,8,ftp://ftp.ncbi.nlm.nih.gov/geo/series/GSE164nnn/GSE164623/,,,,,OSD-241|Mmus_BAL-TAL_FSKN_GC_Rep2_G2,Ground Control
21,GSM5015059,0.996306300163269,GSE164623,Alteration of the whole skin gene expression as a result of Flg deficiency,,,"Defects of filaggrin (FLG) compromise epidermal barrier function and represent an important known genetic risk factor for atopic dermatitis (AD), but also for systemic atopy, including allergic sensitization and asthma. A loss of epidermal barrier integrity can provide a significant stress for the cells in both the epidermis as well as the underlying dermal layer of the skin, either due to the increased moisture evaporation from the skin or increased penetration of the antigens and microflora into the lower layers. This analysis was therefore designed to understand the effect of this loss of barrier integrity on the total skin transcriptional profile.",Total shaved back skin tissue samples were collected from 8 week old Flg-deficient mice and wt ctrls  Total RNA was isolated using the RNeasy Mini Kit+ (Qiagen). mRNA libraries were prepared using a SMART protocol and subjected to deep sequencing on an Illumina NextSeq 500.,,,,454805,GPL19057,Mus musculus,GSE,Expression profiling by high throughput sequencing,2021/05/01,8,ftp://ftp.ncbi.nlm.nih.gov/geo/series/GSE164nnn/GSE164623/,,,,,OSD-241|Mmus_BAL-TAL_FSKN_GC_Rep2_G2,Ground Control
22,GSM2696413,0.9960266947746277,GSE100918,Mechanisms of the innate defense regulator peptide 1002 anti-inflammatory activity in a sterile inflammation mouse model,,,"Innate defense regulator (IDR) peptide-1002 is a synthetic host defense peptide derivative with strong anti-inflammatory properties.To investigate the anti-inflammatory mechanisms of IDR-1002 in vivo, the phorbol 12-myristate 13-acetate (PMA)-induced mouse ear inflammation model was used. Topical IDR-1002 treatment successfully dampened PMA-induced ear edema, proinflammatory cytokine production, reactive oxygen and nitrogen species release, and neutrophil recruitment in the ears of CD1 mice. Advanced RNA-Seq analysis on the mouse ear transcriptome revealed that IDR-1002 reduced sterile inflammation by suppressing the expression of transmembrane G-protein coupled receptors (Class A/1 rhodopsin-like), including receptors for chemokines, prostaglandins, histamine, platelet activating factor and anaphylatoxin. IDR-1002 also dampened IFNγ response and repressed the Interferon regulatory factor (Irf) 8-regulated network that controls central inflammatory pathways.",RNA-Seq profiling of gene expression in mouse ear tissue exposed to three treatment conditions,28993516,,,116880,GPL17021,Mus musculus,GSE,Expression profiling by high throughput sequencing,2018/01/31,15,ftp://ftp.ncbi.nlm.nih.gov/geo/series/GSE100nnn/GSE100918/,Mechanisms of the Innate Defense Regulator Peptide-1002 Anti-Inflammatory Activity in a Sterile Inflammation Mouse Model.,"Journal of immunology (Baltimore, Md. : 1950)",2017 Nov 15,10.4049/jimmunol.1700985,OSD-241|Mmus_BAL-TAL_FSKN_GC_Rep2_G2,Ground Control
23,GSM8073690,0.9958463907241821,GSE255519,The interferon-rich skin environment regulates Langerhans cell ADAM17 to promote photosensitivity in lupus,,,"The autoimmune disease lupus erythematosus (lupus) is characterized in part by photosensitivity, where patients can develop inflammatory skin lesions with even ambient ultraviolet radiation (UVR) exposure. Evidence points to a role for type I interferon (IFN-I) in photosensitivity, but mechanistic understanding remains limited. We have shown that photosensitivity in lupus models is at least in part attributable to Langerhans cell (LC) dysfunction. Healthy LCs limit photosensitivity via a disintegrin and metalloprotease 17 (ADAM17), a sheddase that normally limits UVR-induced skin inflammation by releasing soluble epidermal growth factor receptor (EGFR) ligands to support keratinocyte survival. On the other hand, LCs from lesional and even non-lesional lupus model skin show reduced ADAM17 activity and mRNA expression. Non-lesional human lupus skin also showed evidence of LC dysfunction, and, here, we asked how the lupus skin environment contributes to this dysfunction. We show that non-lesional skin in human CLE and multiple photosensitive lupus models share gene expression patterns consistent with a high IFN environment and LC dysfunction. IFN-I inhibits murine and human LC ADAM17 activity, and anti-IFNAR1 in lupus models restores LC ADAM17 function and reduces photosensitivity in EGFR and LC ADAM17-dependent manners. Reactive oxygen species (ROS) are a mediator of ADAM17 activity, and we show that lupus models have reduced UVR-induced LC ROS generation that is restored by anti-IFNAR1. Our findings suggest shared pathogenic mechanisms of photosensitivity in human and murine lupus skin and a model whereby the IFN-I-rich microenvironment in non-lesional lupus skin inhibits UVR-induced ADAM17 activity, predisposing to photosensitivity. Our data also suggest that the beneficial effects of the recently FDA-approved anifrolumab (anti-IFNAR1) on human lupus skin could act in part by restoring LC function.",Comparative gene expression profiling analysis of RNA-seq data for,38860651,,,850742,GPL24247,Mus musculus,GSE,Expression profiling by high throughput sequencing,2024/02/23,19,ftp://ftp.ncbi.nlm.nih.gov/geo/series/GSE255nnn/GSE255519/,The interferon-rich skin environment regulates Langerhans cell ADAM17 to promote photosensitivity in lupus.,eLife,2024 Jun 11,10.7554/eLife.85914,OSD-241|Mmus_BAL-TAL_FSKN_GC_Rep2_G2,Ground Control
24,GSM5610971,0.9956519603729248,GSE185340,Next Generation Sequencing Facilitates Quantitative Analysis of Stat3f/f K5cre Skin Keratinocytes Transcriptomes,,,"Atopic dermatitis (AD) is the most common inflammatory skin disease. Stat3 mutation is a major cause of hyper IgE syndrome (HIES), which consistently represent AD like eczematous dermatitis. Based on multi-dimensional transcriptome analysis in pre- and post-flares skin, dermatitis phenotype was controlled by sequential two steps of Stat3 deficiency and environmental pathogenic stimuli. The Stat3 deficiency determined the barrier integrity that lowered threshold of inflammation, but this step was not sufficient to form pathogenicity. Transcriptome data indicated that emergence of dermatitis phenotype need to trigger robust activation of NFB pathway and TH2 cells. Continuous colonization of Staphylococcus aureus was an environmental stimulus to lower the activation threshold of TH2 inflammation in the skin.",Kinetical transcriptome analysis in cultured skin keratinocyte and ear skin of specific Stat3 deficient mice,34867936,,,552833,GPL18480,Mus musculus,GSE,Expression profiling by high throughput sequencing,2021/10/12,41,ftp://ftp.ncbi.nlm.nih.gov/geo/series/GSE185nnn/GSE185340/,Essential Role of STAT3 Signaling in Hair Follicle Homeostasis.,Frontiers in immunology,2021,10.3389/fimmu.2021.663177,OSD-241|Mmus_BAL-TAL_FSKN_GC_Rep2_G2,Ground Control
25,GSM2696412,0.9956077933311462,GSE100918,Mechanisms of the innate defense regulator peptide 1002 anti-inflammatory activity in a sterile inflammation mouse model,,,"Innate defense regulator (IDR) peptide-1002 is a synthetic host defense peptide derivative with strong anti-inflammatory properties.To investigate the anti-inflammatory mechanisms of IDR-1002 in vivo, the phorbol 12-myristate 13-acetate (PMA)-induced mouse ear inflammation model was used. Topical IDR-1002 treatment successfully dampened PMA-induced ear edema, proinflammatory cytokine production, reactive oxygen and nitrogen species release, and neutrophil recruitment in the ears of CD1 mice. Advanced RNA-Seq analysis on the mouse ear transcriptome revealed that IDR-1002 reduced sterile inflammation by suppressing the expression of transmembrane G-protein coupled receptors (Class A/1 rhodopsin-like), including receptors for chemokines, prostaglandins, histamine, platelet activating factor and anaphylatoxin. IDR-1002 also dampened IFNγ response and repressed the Interferon regulatory factor (Irf) 8-regulated network that controls central inflammatory pathways.",RNA-Seq profiling of gene expression in mouse ear tissue exposed to three treatment conditions,28993516,,,116879,GPL17021,Mus musculus,GSE,Expression profiling by high throughput sequencing,2018/01/31,15,ftp://ftp.ncbi.nlm.nih.gov/geo/series/GSE100nnn/GSE100918/,Mechanisms of the Innate Defense Regulator Peptide-1002 Anti-Inflammatory Activity in a Sterile Inflammation Mouse Model.,"Journal of immunology (Baltimore, Md. : 1950)",2017 Nov 15,10.4049/jimmunol.1700985,OSD-241|Mmus_BAL-TAL_FSKN_GC_Rep2_G2,Ground Control
26,GSM2817084,0.9954032301902771,GSE102007,Gene expression profiling of murine skin transgenically generated to express HPV16 E7 oncoprotein,,,A validated animal model would assist with research on the immunological consequences of the chronic expression of HPV16 E7 oncoprotein expression. Here we performed RNA-seq analysis of normal C57BL/6 skin versus mouse transgenically generated to express HPV16 E7 oncogene under the keratin 14 promoter (K14E7). Mice present with epithelial hyperplasia and increased immune cell infiltrate associated with immune suppression.,"Ear skin (n=6) 8-week old C57BL/6 and K14E7 mice Grafted samples (n=18) of donor C57BL/6, K14E7 and CD1d-/-xK14E7 skin on C57BL6 recipients",27333029,,,134709,GPL13112,Mus musculus,GSE,Expression profiling by high throughput sequencing,2017/10/30,24,ftp://ftp.ncbi.nlm.nih.gov/geo/series/GSE102nnn/GSE102007/,A Mouse Model of Hyperproliferative Human Epithelium Validated by Keratin Profiling Shows an Aberrant Cytoskeletal Response to Injury.,EBioMedicine,2016 Jul,10.1016/j.ebiom.2016.06.011,OSD-241|Mmus_BAL-TAL_FSKN_GC_Rep2_G2,Ground Control
27,GSM2696415,0.9952775239944458,GSE100918,Mechanisms of the innate defense regulator peptide 1002 anti-inflammatory activity in a sterile inflammation mouse model,,,"Innate defense regulator (IDR) peptide-1002 is a synthetic host defense peptide derivative with strong anti-inflammatory properties.To investigate the anti-inflammatory mechanisms of IDR-1002 in vivo, the phorbol 12-myristate 13-acetate (PMA)-induced mouse ear inflammation model was used. Topical IDR-1002 treatment successfully dampened PMA-induced ear edema, proinflammatory cytokine production, reactive oxygen and nitrogen species release, and neutrophil recruitment in the ears of CD1 mice. Advanced RNA-Seq analysis on the mouse ear transcriptome revealed that IDR-1002 reduced sterile inflammation by suppressing the expression of transmembrane G-protein coupled receptors (Class A/1 rhodopsin-like), including receptors for chemokines, prostaglandins, histamine, platelet activating factor and anaphylatoxin. IDR-1002 also dampened IFNγ response and repressed the Interferon regulatory factor (Irf) 8-regulated network that controls central inflammatory pathways.",RNA-Seq profiling of gene expression in mouse ear tissue exposed to three treatment conditions,28993516,,,116882,GPL17021,Mus musculus,GSE,Expression profiling by high throughput sequencing,2018/01/31,15,ftp://ftp.ncbi.nlm.nih.gov/geo/series/GSE100nnn/GSE100918/,Mechanisms of the Innate Defense Regulator Peptide-1002 Anti-Inflammatory Activity in a Sterile Inflammation Mouse Model.,"Journal of immunology (Baltimore, Md. : 1950)",2017 Nov 15,10.4049/jimmunol.1700985,OSD-241|Mmus_BAL-TAL_FSKN_GC_Rep2_G2,Ground Control
28,GSM8073691,0.9952045679092407,GSE255519,The interferon-rich skin environment regulates Langerhans cell ADAM17 to promote photosensitivity in lupus,,,"The autoimmune disease lupus erythematosus (lupus) is characterized in part by photosensitivity, where patients can develop inflammatory skin lesions with even ambient ultraviolet radiation (UVR) exposure. Evidence points to a role for type I interferon (IFN-I) in photosensitivity, but mechanistic understanding remains limited. We have shown that photosensitivity in lupus models is at least in part attributable to Langerhans cell (LC) dysfunction. Healthy LCs limit photosensitivity via a disintegrin and metalloprotease 17 (ADAM17), a sheddase that normally limits UVR-induced skin inflammation by releasing soluble epidermal growth factor receptor (EGFR) ligands to support keratinocyte survival. On the other hand, LCs from lesional and even non-lesional lupus model skin show reduced ADAM17 activity and mRNA expression. Non-lesional human lupus skin also showed evidence of LC dysfunction, and, here, we asked how the lupus skin environment contributes to this dysfunction. We show that non-lesional skin in human CLE and multiple photosensitive lupus models share gene expression patterns consistent with a high IFN environment and LC dysfunction. IFN-I inhibits murine and human LC ADAM17 activity, and anti-IFNAR1 in lupus models restores LC ADAM17 function and reduces photosensitivity in EGFR and LC ADAM17-dependent manners. Reactive oxygen species (ROS) are a mediator of ADAM17 activity, and we show that lupus models have reduced UVR-induced LC ROS generation that is restored by anti-IFNAR1. Our findings suggest shared pathogenic mechanisms of photosensitivity in human and murine lupus skin and a model whereby the IFN-I-rich microenvironment in non-lesional lupus skin inhibits UVR-induced ADAM17 activity, predisposing to photosensitivity. Our data also suggest that the beneficial effects of the recently FDA-approved anifrolumab (anti-IFNAR1) on human lupus skin could act in part by restoring LC function.",Comparative gene expression profiling analysis of RNA-seq data for,38860651,,,850743,GPL24247,Mus musculus,GSE,Expression profiling by high throughput sequencing,2024/02/23,19,ftp://ftp.ncbi.nlm.nih.gov/geo/series/GSE255nnn/GSE255519/,The interferon-rich skin environment regulates Langerhans cell ADAM17 to promote photosensitivity in lupus.,eLife,2024 Jun 11,10.7554/eLife.85914,OSD-241|Mmus_BAL-TAL_FSKN_GC_Rep2_G2,Ground Control
29,GSM4486795,0.9950926303863525,GSE148969,Repeat tick exposure elicits distinct immune responses in guinea pigs and mice,,,This SuperSeries is composed of the SubSeries listed below.,Refer to individual Series,,,,358878,GPL24247; GPL28437,Cavia porcellus; Mus musculus,GSE,Expression profiling by high throughput sequencing,2023/04/20,25,ftp://ftp.ncbi.nlm.nih.gov/geo/series/GSE148nnn/GSE148969/,,,,,OSD-241|Mmus_BAL-TAL_FSKN_GC_Rep2_G2,Ground Control
30,GSM5015059,0.9960012435913086,GSE164623,Alteration of the whole skin gene expression as a result of Flg deficiency,,,"Defects of filaggrin (FLG) compromise epidermal barrier function and represent an important known genetic risk factor for atopic dermatitis (AD), but also for systemic atopy, including allergic sensitization and asthma. A loss of epidermal barrier integrity can provide a significant stress for the cells in both the epidermis as well as the underlying dermal layer of the skin, either due to the increased moisture evaporation from the skin or increased penetration of the antigens and microflora into the lower layers. This analysis was therefore designed to understand the effect of this loss of barrier integrity on the total skin transcriptional profile.",Total shaved back skin tissue samples were collected from 8 week old Flg-deficient mice and wt ctrls  Total RNA was isolated using the RNeasy Mini Kit+ (Qiagen). mRNA libraries were prepared using a SMART protocol and subjected to deep sequencing on an Illumina NextSeq 500.,,,,454805,GPL19057,Mus musculus,GSE,Expression profiling by high throughput sequencing,2021/05/01,8,ftp://ftp.ncbi.nlm.nih.gov/geo/series/GSE164nnn/GSE164623/,,,,,OSD-241|Mmus_BAL-TAL_FSKN_GC_Rep3_G3,Ground Control
31,GSM5015064,0.9958844184875488,GSE164623,Alteration of the whole skin gene expression as a result of Flg deficiency,,,"Defects of filaggrin (FLG) compromise epidermal barrier function and represent an important known genetic risk factor for atopic dermatitis (AD), but also for systemic atopy, including allergic sensitization and asthma. A loss of epidermal barrier integrity can provide a significant stress for the cells in both the epidermis as well as the underlying dermal layer of the skin, either due to the increased moisture evaporation from the skin or increased penetration of the antigens and microflora into the lower layers. This analysis was therefore designed to understand the effect of this loss of barrier integrity on the total skin transcriptional profile.",Total shaved back skin tissue samples were collected from 8 week old Flg-deficient mice and wt ctrls  Total RNA was isolated using the RNeasy Mini Kit+ (Qiagen). mRNA libraries were prepared using a SMART protocol and subjected to deep sequencing on an Illumina NextSeq 500.,,,,454810,GPL19057,Mus musculus,GSE,Expression profiling by high throughput sequencing,2021/05/01,8,ftp://ftp.ncbi.nlm.nih.gov/geo/series/GSE164nnn/GSE164623/,,,,,OSD-241|Mmus_BAL-TAL_FSKN_GC_Rep3_G3,Ground Control
32,GSM2219786,0.9956846833229065,GSE83855,Time-restricted feeding shifts the skin circadian clock and alters UVB-induced DNA damage,,,"The epidermis is as a highly regenerative barrier protecting organisms from environmental insults, including ultraviolet radiation, the main cause of skin cancer and skin aging. Here we show that time-restricted feeding (RF) shifts the phase and alters the amplitude of the skin circadian clock and affects the expression of approximately 10% of the skin transcriptome. Furthermore, a strikingly large number of skin-expressed genes are acutely regulated by food intake. While the circadian clock is required for daily rhythms in DNA synthesis in epidermal stem cells, RF-induced shifts in clock phase do not alter the phase of DNA synthesis. However, both the expression of the key DNA repair gene Xpa, and the diurnal sensitivity to UVB-induced DNA damage, are altered by RF. Together our findings indicate an unexpected regulation of skin function by time of feeding and emphasize the important link between circadian rhythm, food intake, and skin health.",Totally 24 samples were sequenced. One sample for each time point and 8 time points for each feeding group. Each sample was pooled from 2-4 biological replicates.,28768192,,,73219,GPL17021,Mus musculus,GSE,Expression profiling by high throughput sequencing,2017/08/01,24,ftp://ftp.ncbi.nlm.nih.gov/geo/series/GSE83nnn/GSE83855/,Time-Restricted Feeding Shifts the Skin Circadian Clock and Alters UVB-Induced DNA Damage.,Cell reports,2017 Aug 1,10.1016/j.celrep.2017.07.022,OSD-241|Mmus_BAL-TAL_FSKN_GC_Rep3_G3,Ground Control
33,GSM2219785,0.9951423406600952,GSE83855,Time-restricted feeding shifts the skin circadian clock and alters UVB-induced DNA damage,,,"The epidermis is as a highly regenerative barrier protecting organisms from environmental insults, including ultraviolet radiation, the main cause of skin cancer and skin aging. Here we show that time-restricted feeding (RF) shifts the phase and alters the amplitude of the skin circadian clock and affects the expression of approximately 10% of the skin transcriptome. Furthermore, a strikingly large number of skin-expressed genes are acutely regulated by food intake. While the circadian clock is required for daily rhythms in DNA synthesis in epidermal stem cells, RF-induced shifts in clock phase do not alter the phase of DNA synthesis. However, both the expression of the key DNA repair gene Xpa, and the diurnal sensitivity to UVB-induced DNA damage, are altered by RF. Together our findings indicate an unexpected regulation of skin function by time of feeding and emphasize the important link between circadian rhythm, food intake, and skin health.",Totally 24 samples were sequenced. One sample for each time point and 8 time points for each feeding group. Each sample was pooled from 2-4 biological replicates.,28768192,,,73218,GPL17021,Mus musculus,GSE,Expression profiling by high throughput sequencing,2017/08/01,24,ftp://ftp.ncbi.nlm.nih.gov/geo/series/GSE83nnn/GSE83855/,Time-Restricted Feeding Shifts the Skin Circadian Clock and Alters UVB-Induced DNA Damage.,Cell reports,2017 Aug 1,10.1016/j.celrep.2017.07.022,OSD-241|Mmus_BAL-TAL_FSKN_GC_Rep3_G3,Ground Control
34,GSM2219781,0.9950438737869263,GSE83855,Time-restricted feeding shifts the skin circadian clock and alters UVB-induced DNA damage,,,"The epidermis is as a highly regenerative barrier protecting organisms from environmental insults, including ultraviolet radiation, the main cause of skin cancer and skin aging. Here we show that time-restricted feeding (RF) shifts the phase and alters the amplitude of the skin circadian clock and affects the expression of approximately 10% of the skin transcriptome. Furthermore, a strikingly large number of skin-expressed genes are acutely regulated by food intake. While the circadian clock is required for daily rhythms in DNA synthesis in epidermal stem cells, RF-induced shifts in clock phase do not alter the phase of DNA synthesis. However, both the expression of the key DNA repair gene Xpa, and the diurnal sensitivity to UVB-induced DNA damage, are altered by RF. Together our findings indicate an unexpected regulation of skin function by time of feeding and emphasize the important link between circadian rhythm, food intake, and skin health.",Totally 24 samples were sequenced. One sample for each time point and 8 time points for each feeding group. Each sample was pooled from 2-4 biological replicates.,28768192,,,73214,GPL17021,Mus musculus,GSE,Expression profiling by high throughput sequencing,2017/08/01,24,ftp://ftp.ncbi.nlm.nih.gov/geo/series/GSE83nnn/GSE83855/,Time-Restricted Feeding Shifts the Skin Circadian Clock and Alters UVB-Induced DNA Damage.,Cell reports,2017 Aug 1,10.1016/j.celrep.2017.07.022,OSD-241|Mmus_BAL-TAL_FSKN_GC_Rep3_G3,Ground Control
35,GSM2219784,0.994967520236969,GSE83855,Time-restricted feeding shifts the skin circadian clock and alters UVB-induced DNA damage,,,"The epidermis is as a highly regenerative barrier protecting organisms from environmental insults, including ultraviolet radiation, the main cause of skin cancer and skin aging. Here we show that time-restricted feeding (RF) shifts the phase and alters the amplitude of the skin circadian clock and affects the expression of approximately 10% of the skin transcriptome. Furthermore, a strikingly large number of skin-expressed genes are acutely regulated by food intake. While the circadian clock is required for daily rhythms in DNA synthesis in epidermal stem cells, RF-induced shifts in clock phase do not alter the phase of DNA synthesis. However, both the expression of the key DNA repair gene Xpa, and the diurnal sensitivity to UVB-induced DNA damage, are altered by RF. Together our findings indicate an unexpected regulation of skin function by time of feeding and emphasize the important link between circadian rhythm, food intake, and skin health.",Totally 24 samples were sequenced. One sample for each time point and 8 time points for each feeding group. Each sample was pooled from 2-4 biological replicates.,28768192,,,73217,GPL17021,Mus musculus,GSE,Expression profiling by high throughput sequencing,2017/08/01,24,ftp://ftp.ncbi.nlm.nih.gov/geo/series/GSE83nnn/GSE83855/,Time-Restricted Feeding Shifts the Skin Circadian Clock and Alters UVB-Induced DNA Damage.,Cell reports,2017 Aug 1,10.1016/j.celrep.2017.07.022,OSD-241|Mmus_BAL-TAL_FSKN_GC_Rep3_G3,Ground Control
36,GSM2219787,0.9949363470077515,GSE83855,Time-restricted feeding shifts the skin circadian clock and alters UVB-induced DNA damage,,,"The epidermis is as a highly regenerative barrier protecting organisms from environmental insults, including ultraviolet radiation, the main cause of skin cancer and skin aging. Here we show that time-restricted feeding (RF) shifts the phase and alters the amplitude of the skin circadian clock and affects the expression of approximately 10% of the skin transcriptome. Furthermore, a strikingly large number of skin-expressed genes are acutely regulated by food intake. While the circadian clock is required for daily rhythms in DNA synthesis in epidermal stem cells, RF-induced shifts in clock phase do not alter the phase of DNA synthesis. However, both the expression of the key DNA repair gene Xpa, and the diurnal sensitivity to UVB-induced DNA damage, are altered by RF. Together our findings indicate an unexpected regulation of skin function by time of feeding and emphasize the important link between circadian rhythm, food intake, and skin health.",Totally 24 samples were sequenced. One sample for each time point and 8 time points for each feeding group. Each sample was pooled from 2-4 biological replicates.,28768192,,,73220,GPL17021,Mus musculus,GSE,Expression profiling by high throughput sequencing,2017/08/01,24,ftp://ftp.ncbi.nlm.nih.gov/geo/series/GSE83nnn/GSE83855/,Time-Restricted Feeding Shifts the Skin Circadian Clock and Alters UVB-Induced DNA Damage.,Cell reports,2017 Aug 1,10.1016/j.celrep.2017.07.022,OSD-241|Mmus_BAL-TAL_FSKN_GC_Rep3_G3,Ground Control
37,GSM2219794,0.994830846786499,GSE83855,Time-restricted feeding shifts the skin circadian clock and alters UVB-induced DNA damage,,,"The epidermis is as a highly regenerative barrier protecting organisms from environmental insults, including ultraviolet radiation, the main cause of skin cancer and skin aging. Here we show that time-restricted feeding (RF) shifts the phase and alters the amplitude of the skin circadian clock and affects the expression of approximately 10% of the skin transcriptome. Furthermore, a strikingly large number of skin-expressed genes are acutely regulated by food intake. While the circadian clock is required for daily rhythms in DNA synthesis in epidermal stem cells, RF-induced shifts in clock phase do not alter the phase of DNA synthesis. However, both the expression of the key DNA repair gene Xpa, and the diurnal sensitivity to UVB-induced DNA damage, are altered by RF. Together our findings indicate an unexpected regulation of skin function by time of feeding and emphasize the important link between circadian rhythm, food intake, and skin health.",Totally 24 samples were sequenced. One sample for each time point and 8 time points for each feeding group. Each sample was pooled from 2-4 biological replicates.,28768192,,,73227,GPL17021,Mus musculus,GSE,Expression profiling by high throughput sequencing,2017/08/01,24,ftp://ftp.ncbi.nlm.nih.gov/geo/series/GSE83nnn/GSE83855/,Time-Restricted Feeding Shifts the Skin Circadian Clock and Alters UVB-Induced DNA Damage.,Cell reports,2017 Aug 1,10.1016/j.celrep.2017.07.022,OSD-241|Mmus_BAL-TAL_FSKN_GC_Rep3_G3,Ground Control
38,GSM2219788,0.9947896003723145,GSE83855,Time-restricted feeding shifts the skin circadian clock and alters UVB-induced DNA damage,,,"The epidermis is as a highly regenerative barrier protecting organisms from environmental insults, including ultraviolet radiation, the main cause of skin cancer and skin aging. Here we show that time-restricted feeding (RF) shifts the phase and alters the amplitude of the skin circadian clock and affects the expression of approximately 10% of the skin transcriptome. Furthermore, a strikingly large number of skin-expressed genes are acutely regulated by food intake. While the circadian clock is required for daily rhythms in DNA synthesis in epidermal stem cells, RF-induced shifts in clock phase do not alter the phase of DNA synthesis. However, both the expression of the key DNA repair gene Xpa, and the diurnal sensitivity to UVB-induced DNA damage, are altered by RF. Together our findings indicate an unexpected regulation of skin function by time of feeding and emphasize the important link between circadian rhythm, food intake, and skin health.",Totally 24 samples were sequenced. One sample for each time point and 8 time points for each feeding group. Each sample was pooled from 2-4 biological replicates.,28768192,,,73221,GPL17021,Mus musculus,GSE,Expression profiling by high throughput sequencing,2017/08/01,24,ftp://ftp.ncbi.nlm.nih.gov/geo/series/GSE83nnn/GSE83855/,Time-Restricted Feeding Shifts the Skin Circadian Clock and Alters UVB-Induced DNA Damage.,Cell reports,2017 Aug 1,10.1016/j.celrep.2017.07.022,OSD-241|Mmus_BAL-TAL_FSKN_GC_Rep3_G3,Ground Control
39,GSM2219783,0.9945613145828247,GSE83855,Time-restricted feeding shifts the skin circadian clock and alters UVB-induced DNA damage,,,"The epidermis is as a highly regenerative barrier protecting organisms from environmental insults, including ultraviolet radiation, the main cause of skin cancer and skin aging. Here we show that time-restricted feeding (RF) shifts the phase and alters the amplitude of the skin circadian clock and affects the expression of approximately 10% of the skin transcriptome. Furthermore, a strikingly large number of skin-expressed genes are acutely regulated by food intake. While the circadian clock is required for daily rhythms in DNA synthesis in epidermal stem cells, RF-induced shifts in clock phase do not alter the phase of DNA synthesis. However, both the expression of the key DNA repair gene Xpa, and the diurnal sensitivity to UVB-induced DNA damage, are altered by RF. Together our findings indicate an unexpected regulation of skin function by time of feeding and emphasize the important link between circadian rhythm, food intake, and skin health.",Totally 24 samples were sequenced. One sample for each time point and 8 time points for each feeding group. Each sample was pooled from 2-4 biological replicates.,28768192,,,73216,GPL17021,Mus musculus,GSE,Expression profiling by high throughput sequencing,2017/08/01,24,ftp://ftp.ncbi.nlm.nih.gov/geo/series/GSE83nnn/GSE83855/,Time-Restricted Feeding Shifts the Skin Circadian Clock and Alters UVB-Induced DNA Damage.,Cell reports,2017 Aug 1,10.1016/j.celrep.2017.07.022,OSD-241|Mmus_BAL-TAL_FSKN_GC_Rep3_G3,Ground Control
40,GSM2696413,0.9947130084037781,GSE100918,Mechanisms of the innate defense regulator peptide 1002 anti-inflammatory activity in a sterile inflammation mouse model,,,"Innate defense regulator (IDR) peptide-1002 is a synthetic host defense peptide derivative with strong anti-inflammatory properties.To investigate the anti-inflammatory mechanisms of IDR-1002 in vivo, the phorbol 12-myristate 13-acetate (PMA)-induced mouse ear inflammation model was used. Topical IDR-1002 treatment successfully dampened PMA-induced ear edema, proinflammatory cytokine production, reactive oxygen and nitrogen species release, and neutrophil recruitment in the ears of CD1 mice. Advanced RNA-Seq analysis on the mouse ear transcriptome revealed that IDR-1002 reduced sterile inflammation by suppressing the expression of transmembrane G-protein coupled receptors (Class A/1 rhodopsin-like), including receptors for chemokines, prostaglandins, histamine, platelet activating factor and anaphylatoxin. IDR-1002 also dampened IFNγ response and repressed the Interferon regulatory factor (Irf) 8-regulated network that controls central inflammatory pathways.",RNA-Seq profiling of gene expression in mouse ear tissue exposed to three treatment conditions,28993516,,,116880,GPL17021,Mus musculus,GSE,Expression profiling by high throughput sequencing,2018/01/31,15,ftp://ftp.ncbi.nlm.nih.gov/geo/series/GSE100nnn/GSE100918/,Mechanisms of the Innate Defense Regulator Peptide-1002 Anti-Inflammatory Activity in a Sterile Inflammation Mouse Model.,"Journal of immunology (Baltimore, Md. : 1950)",2017 Nov 15,10.4049/jimmunol.1700985,OSD-241|Mmus_BAL-TAL_FSKN_GC_Rep4_G4,Ground Control
41,GSM7563101,0.9929634928703308,GSE236603,Profiling whole-tissue metabolic reprogramming during cutaneous poxvirus infection and clearance,,,"Background Vaccinia virus (VACV) infection induces prominent changes in host cell metabolism. Little is known about the global metabolic reprogramming that takes place in the whole tissue during viral infection. Here, we performed an unbiased longitudinal metabolomics study in VACV-infected mice to investigate metabolic changes in the tissue during infection. We assessed metabolites in homogenized skin over time in the presence or absence of antigen-specific T cells using untargeted mass spectrometry. VACV infection induced several significant metabolic changes, including in the levels of nucleic acid metabolites (reflecting the impact of viral replication on the skin metabolome). Furthermore, monocyte- and antiviral T cell-produced metabolites, including itaconic acid, glutamine, and glutathione, were significantly increased following infection, highlighting the immune response’s contribution to the global skin metabolome. Additional RNA-Seq of infected skin tissue recapitulated transcriptional changes identified via metabolomics. Overall, our study reveals the metabolic balance of viral replication and the antiviral immune response in the skin and identifies metabolic pathways that could contribute to cutaneous poxvirus control in vivo.","Ears were collected on indicated day post-infection (dpi) and immediately placed in buffer RLT (Qiagen). Tissues were homogenized, and RNA was isolated using Lysing Matrix S (1/8”) metal beads (MPBiomedicals) and a FastPrep-24 Instrument (MPBiomedicals). RNA was then purified using a Qiagen RNAEasy Mini Kit (Qiagen) according to the manufacturer’s protocol. An on-column DNAse digestion was performed prior to RNA elution. RNA concentration and purity were accessed using an Agilent TapeStation 4200. Samples were sequenced on a NovoSeq 6000 S1 using Illumina® Stranded Total RNA Prep, Ligation with Ribo-Zero Plus and paired-end sequencing.",38009914,,,796769,GPL13112,Mus musculus,GSE,Expression profiling by high throughput sequencing,2023/11/09,15,ftp://ftp.ncbi.nlm.nih.gov/geo/series/GSE236nnn/GSE236603/,Profiling whole-tissue metabolic reprogramming during cutaneous poxvirus infection and clearance.,Journal of virology,2023 Dec 21,10.1128/jvi.01272-23,OSD-241|Mmus_BAL-TAL_FSKN_GC_Rep4_G4,Ground Control
42,GSM7432051,0.9926225543022156,GSE233658,Adiponectin in the mammalian host influences ticks' acquisition of the Lyme disease pathogen Borrelia,,,To understand the global gene expression profile at the tick bite site of adiponectin wildtype and knockout mice,We utilized RNA-seq to compare the transcriptome of adiponectin wildtype and knockout murine skin during tick feeding,,,,791462,GPL17021,Mus musculus,GSE,Expression profiling by high throughput sequencing,2023/09/06,6,ftp://ftp.ncbi.nlm.nih.gov/geo/series/GSE233nnn/GSE233658/,,,,,OSD-241|Mmus_BAL-TAL_FSKN_GC_Rep4_G4,Ground Control
43,GSM2696415,0.9925656318664551,GSE100918,Mechanisms of the innate defense regulator peptide 1002 anti-inflammatory activity in a sterile inflammation mouse model,,,"Innate defense regulator (IDR) peptide-1002 is a synthetic host defense peptide derivative with strong anti-inflammatory properties.To investigate the anti-inflammatory mechanisms of IDR-1002 in vivo, the phorbol 12-myristate 13-acetate (PMA)-induced mouse ear inflammation model was used. Topical IDR-1002 treatment successfully dampened PMA-induced ear edema, proinflammatory cytokine production, reactive oxygen and nitrogen species release, and neutrophil recruitment in the ears of CD1 mice. Advanced RNA-Seq analysis on the mouse ear transcriptome revealed that IDR-1002 reduced sterile inflammation by suppressing the expression of transmembrane G-protein coupled receptors (Class A/1 rhodopsin-like), including receptors for chemokines, prostaglandins, histamine, platelet activating factor and anaphylatoxin. IDR-1002 also dampened IFNγ response and repressed the Interferon regulatory factor (Irf) 8-regulated network that controls central inflammatory pathways.",RNA-Seq profiling of gene expression in mouse ear tissue exposed to three treatment conditions,28993516,,,116882,GPL17021,Mus musculus,GSE,Expression profiling by high throughput sequencing,2018/01/31,15,ftp://ftp.ncbi.nlm.nih.gov/geo/series/GSE100nnn/GSE100918/,Mechanisms of the Innate Defense Regulator Peptide-1002 Anti-Inflammatory Activity in a Sterile Inflammation Mouse Model.,"Journal of immunology (Baltimore, Md. : 1950)",2017 Nov 15,10.4049/jimmunol.1700985,OSD-241|Mmus_BAL-TAL_FSKN_GC_Rep4_G4,Ground Control
44,GSM2696412,0.9919695258140564,GSE100918,Mechanisms of the innate defense regulator peptide 1002 anti-inflammatory activity in a sterile inflammation mouse model,,,"Innate defense regulator (IDR) peptide-1002 is a synthetic host defense peptide derivative with strong anti-inflammatory properties.To investigate the anti-inflammatory mechanisms of IDR-1002 in vivo, the phorbol 12-myristate 13-acetate (PMA)-induced mouse ear inflammation model was used. Topical IDR-1002 treatment successfully dampened PMA-induced ear edema, proinflammatory cytokine production, reactive oxygen and nitrogen species release, and neutrophil recruitment in the ears of CD1 mice. Advanced RNA-Seq analysis on the mouse ear transcriptome revealed that IDR-1002 reduced sterile inflammation by suppressing the expression of transmembrane G-protein coupled receptors (Class A/1 rhodopsin-like), including receptors for chemokines, prostaglandins, histamine, platelet activating factor and anaphylatoxin. IDR-1002 also dampened IFNγ response and repressed the Interferon regulatory factor (Irf) 8-regulated network that controls central inflammatory pathways.",RNA-Seq profiling of gene expression in mouse ear tissue exposed to three treatment conditions,28993516,,,116879,GPL17021,Mus musculus,GSE,Expression profiling by high throughput sequencing,2018/01/31,15,ftp://ftp.ncbi.nlm.nih.gov/geo/series/GSE100nnn/GSE100918/,Mechanisms of the Innate Defense Regulator Peptide-1002 Anti-Inflammatory Activity in a Sterile Inflammation Mouse Model.,"Journal of immunology (Baltimore, Md. : 1950)",2017 Nov 15,10.4049/jimmunol.1700985,OSD-241|Mmus_BAL-TAL_FSKN_GC_Rep4_G4,Ground Control
45,GSM8073690,0.9919050931930542,GSE255519,The interferon-rich skin environment regulates Langerhans cell ADAM17 to promote photosensitivity in lupus,,,"The autoimmune disease lupus erythematosus (lupus) is characterized in part by photosensitivity, where patients can develop inflammatory skin lesions with even ambient ultraviolet radiation (UVR) exposure. Evidence points to a role for type I interferon (IFN-I) in photosensitivity, but mechanistic understanding remains limited. We have shown that photosensitivity in lupus models is at least in part attributable to Langerhans cell (LC) dysfunction. Healthy LCs limit photosensitivity via a disintegrin and metalloprotease 17 (ADAM17), a sheddase that normally limits UVR-induced skin inflammation by releasing soluble epidermal growth factor receptor (EGFR) ligands to support keratinocyte survival. On the other hand, LCs from lesional and even non-lesional lupus model skin show reduced ADAM17 activity and mRNA expression. Non-lesional human lupus skin also showed evidence of LC dysfunction, and, here, we asked how the lupus skin environment contributes to this dysfunction. We show that non-lesional skin in human CLE and multiple photosensitive lupus models share gene expression patterns consistent with a high IFN environment and LC dysfunction. IFN-I inhibits murine and human LC ADAM17 activity, and anti-IFNAR1 in lupus models restores LC ADAM17 function and reduces photosensitivity in EGFR and LC ADAM17-dependent manners. Reactive oxygen species (ROS) are a mediator of ADAM17 activity, and we show that lupus models have reduced UVR-induced LC ROS generation that is restored by anti-IFNAR1. Our findings suggest shared pathogenic mechanisms of photosensitivity in human and murine lupus skin and a model whereby the IFN-I-rich microenvironment in non-lesional lupus skin inhibits UVR-induced ADAM17 activity, predisposing to photosensitivity. Our data also suggest that the beneficial effects of the recently FDA-approved anifrolumab (anti-IFNAR1) on human lupus skin could act in part by restoring LC function.",Comparative gene expression profiling analysis of RNA-seq data for,38860651,,,850742,GPL24247,Mus musculus,GSE,Expression profiling by high throughput sequencing,2024/02/23,19,ftp://ftp.ncbi.nlm.nih.gov/geo/series/GSE255nnn/GSE255519/,The interferon-rich skin environment regulates Langerhans cell ADAM17 to promote photosensitivity in lupus.,eLife,2024 Jun 11,10.7554/eLife.85914,OSD-241|Mmus_BAL-TAL_FSKN_GC_Rep4_G4,Ground Control
46,GSM7798808,0.991770327091217,GSE243950,Suture-anchored cutaneous tension induces persistent hypertrophic scarring in a novel murine model,,,This SuperSeries is composed of the SubSeries listed below.,Refer to individual Series,,,,817849,GPL24247; GPL21103,Mus musculus,GSE,Non-coding RNA profiling by high throughput sequencing; Expression profiling by high throughput sequencing,2023/09/28,12,ftp://ftp.ncbi.nlm.nih.gov/geo/series/GSE243nnn/GSE243950/,,,,,OSD-241|Mmus_BAL-TAL_FSKN_GC_Rep4_G4,Ground Control
47,GSM8073691,0.9917216300964355,GSE255519,The interferon-rich skin environment regulates Langerhans cell ADAM17 to promote photosensitivity in lupus,,,"The autoimmune disease lupus erythematosus (lupus) is characterized in part by photosensitivity, where patients can develop inflammatory skin lesions with even ambient ultraviolet radiation (UVR) exposure. Evidence points to a role for type I interferon (IFN-I) in photosensitivity, but mechanistic understanding remains limited. We have shown that photosensitivity in lupus models is at least in part attributable to Langerhans cell (LC) dysfunction. Healthy LCs limit photosensitivity via a disintegrin and metalloprotease 17 (ADAM17), a sheddase that normally limits UVR-induced skin inflammation by releasing soluble epidermal growth factor receptor (EGFR) ligands to support keratinocyte survival. On the other hand, LCs from lesional and even non-lesional lupus model skin show reduced ADAM17 activity and mRNA expression. Non-lesional human lupus skin also showed evidence of LC dysfunction, and, here, we asked how the lupus skin environment contributes to this dysfunction. We show that non-lesional skin in human CLE and multiple photosensitive lupus models share gene expression patterns consistent with a high IFN environment and LC dysfunction. IFN-I inhibits murine and human LC ADAM17 activity, and anti-IFNAR1 in lupus models restores LC ADAM17 function and reduces photosensitivity in EGFR and LC ADAM17-dependent manners. Reactive oxygen species (ROS) are a mediator of ADAM17 activity, and we show that lupus models have reduced UVR-induced LC ROS generation that is restored by anti-IFNAR1. Our findings suggest shared pathogenic mechanisms of photosensitivity in human and murine lupus skin and a model whereby the IFN-I-rich microenvironment in non-lesional lupus skin inhibits UVR-induced ADAM17 activity, predisposing to photosensitivity. Our data also suggest that the beneficial effects of the recently FDA-approved anifrolumab (anti-IFNAR1) on human lupus skin could act in part by restoring LC function.",Comparative gene expression profiling analysis of RNA-seq data for,38860651,,,850743,GPL24247,Mus musculus,GSE,Expression profiling by high throughput sequencing,2024/02/23,19,ftp://ftp.ncbi.nlm.nih.gov/geo/series/GSE255nnn/GSE255519/,The interferon-rich skin environment regulates Langerhans cell ADAM17 to promote photosensitivity in lupus.,eLife,2024 Jun 11,10.7554/eLife.85914,OSD-241|Mmus_BAL-TAL_FSKN_GC_Rep4_G4,Ground Control
48,GSM5345172,0.9917139410972595,GSE175732,Establishment of an intradermal ear injection model of IL-17A and IL-36γ as a tool to investigate the psoriatic cytokine network,,,The aim of this study was to establish an intradermal ear injection model to evaluate the effects of IL-36γ and IL-17A in psoriasis.The cytokines IL-36γ and IL-17A were injected intradermally alone or in combination into the ear pinnae of C57BL/6 mice. Ear thickness measurement was performed daily. After 4 days mice were euthanized and a gene expression profiling was conducted.,"12 samples were analyzed: Comparison between a PBS control group and groups that were treated with either IL-17A, IL-36γ or the combination of both (3 samples of each group were analyzed).",34440590,,,499320,GPL19057,Mus musculus,GSE,Expression profiling by high throughput sequencing,2021/09/01,12,ftp://ftp.ncbi.nlm.nih.gov/geo/series/GSE175nnn/GSE175732/,Establishment of an Intradermal Ear Injection Model of IL-17A and IL-36γ as a Tool to Investigate the Psoriatic Cytokine Network.,"Life (Basel, Switzerland)",2021 Aug 19,10.3390/life11080846,OSD-241|Mmus_BAL-TAL_FSKN_GC_Rep4_G4,Ground Control
49,GSM5345174,0.9916747808456421,GSE175732,Establishment of an intradermal ear injection model of IL-17A and IL-36γ as a tool to investigate the psoriatic cytokine network,,,The aim of this study was to establish an intradermal ear injection model to evaluate the effects of IL-36γ and IL-17A in psoriasis.The cytokines IL-36γ and IL-17A were injected intradermally alone or in combination into the ear pinnae of C57BL/6 mice. Ear thickness measurement was performed daily. After 4 days mice were euthanized and a gene expression profiling was conducted.,"12 samples were analyzed: Comparison between a PBS control group and groups that were treated with either IL-17A, IL-36γ or the combination of both (3 samples of each group were analyzed).",34440590,,,499322,GPL19057,Mus musculus,GSE,Expression profiling by high throughput sequencing,2021/09/01,12,ftp://ftp.ncbi.nlm.nih.gov/geo/series/GSE175nnn/GSE175732/,Establishment of an Intradermal Ear Injection Model of IL-17A and IL-36γ as a Tool to Investigate the Psoriatic Cytokine Network.,"Life (Basel, Switzerland)",2021 Aug 19,10.3390/life11080846,OSD-241|Mmus_BAL-TAL_FSKN_GC_Rep4_G4,Ground Control
50,GSM2696413,0.9968565702438354,GSE100918,Mechanisms of the innate defense regulator peptide 1002 anti-inflammatory activity in a sterile inflammation mouse model,,,"Innate defense regulator (IDR) peptide-1002 is a synthetic host defense peptide derivative with strong anti-inflammatory properties.To investigate the anti-inflammatory mechanisms of IDR-1002 in vivo, the phorbol 12-myristate 13-acetate (PMA)-induced mouse ear inflammation model was used. Topical IDR-1002 treatment successfully dampened PMA-induced ear edema, proinflammatory cytokine production, reactive oxygen and nitrogen species release, and neutrophil recruitment in the ears of CD1 mice. Advanced RNA-Seq analysis on the mouse ear transcriptome revealed that IDR-1002 reduced sterile inflammation by suppressing the expression of transmembrane G-protein coupled receptors (Class A/1 rhodopsin-like), including receptors for chemokines, prostaglandins, histamine, platelet activating factor and anaphylatoxin. IDR-1002 also dampened IFNγ response and repressed the Interferon regulatory factor (Irf) 8-regulated network that controls central inflammatory pathways.",RNA-Seq profiling of gene expression in mouse ear tissue exposed to three treatment conditions,28993516,,,116880,GPL17021,Mus musculus,GSE,Expression profiling by high throughput sequencing,2018/01/31,15,ftp://ftp.ncbi.nlm.nih.gov/geo/series/GSE100nnn/GSE100918/,Mechanisms of the Innate Defense Regulator Peptide-1002 Anti-Inflammatory Activity in a Sterile Inflammation Mouse Model.,"Journal of immunology (Baltimore, Md. : 1950)",2017 Nov 15,10.4049/jimmunol.1700985,OSD-241|Mmus_BAL-TAL_FSKN_GC_Rep5_G5,Ground Control
51,GSM2696415,0.9951677918434143,GSE100918,Mechanisms of the innate defense regulator peptide 1002 anti-inflammatory activity in a sterile inflammation mouse model,,,"Innate defense regulator (IDR) peptide-1002 is a synthetic host defense peptide derivative with strong anti-inflammatory properties.To investigate the anti-inflammatory mechanisms of IDR-1002 in vivo, the phorbol 12-myristate 13-acetate (PMA)-induced mouse ear inflammation model was used. Topical IDR-1002 treatment successfully dampened PMA-induced ear edema, proinflammatory cytokine production, reactive oxygen and nitrogen species release, and neutrophil recruitment in the ears of CD1 mice. Advanced RNA-Seq analysis on the mouse ear transcriptome revealed that IDR-1002 reduced sterile inflammation by suppressing the expression of transmembrane G-protein coupled receptors (Class A/1 rhodopsin-like), including receptors for chemokines, prostaglandins, histamine, platelet activating factor and anaphylatoxin. IDR-1002 also dampened IFNγ response and repressed the Interferon regulatory factor (Irf) 8-regulated network that controls central inflammatory pathways.",RNA-Seq profiling of gene expression in mouse ear tissue exposed to three treatment conditions,28993516,,,116882,GPL17021,Mus musculus,GSE,Expression profiling by high throughput sequencing,2018/01/31,15,ftp://ftp.ncbi.nlm.nih.gov/geo/series/GSE100nnn/GSE100918/,Mechanisms of the Innate Defense Regulator Peptide-1002 Anti-Inflammatory Activity in a Sterile Inflammation Mouse Model.,"Journal of immunology (Baltimore, Md. : 1950)",2017 Nov 15,10.4049/jimmunol.1700985,OSD-241|Mmus_BAL-TAL_FSKN_GC_Rep5_G5,Ground Control
52,GSM2696412,0.9951557517051697,GSE100918,Mechanisms of the innate defense regulator peptide 1002 anti-inflammatory activity in a sterile inflammation mouse model,,,"Innate defense regulator (IDR) peptide-1002 is a synthetic host defense peptide derivative with strong anti-inflammatory properties.To investigate the anti-inflammatory mechanisms of IDR-1002 in vivo, the phorbol 12-myristate 13-acetate (PMA)-induced mouse ear inflammation model was used. Topical IDR-1002 treatment successfully dampened PMA-induced ear edema, proinflammatory cytokine production, reactive oxygen and nitrogen species release, and neutrophil recruitment in the ears of CD1 mice. Advanced RNA-Seq analysis on the mouse ear transcriptome revealed that IDR-1002 reduced sterile inflammation by suppressing the expression of transmembrane G-protein coupled receptors (Class A/1 rhodopsin-like), including receptors for chemokines, prostaglandins, histamine, platelet activating factor and anaphylatoxin. IDR-1002 also dampened IFNγ response and repressed the Interferon regulatory factor (Irf) 8-regulated network that controls central inflammatory pathways.",RNA-Seq profiling of gene expression in mouse ear tissue exposed to three treatment conditions,28993516,,,116879,GPL17021,Mus musculus,GSE,Expression profiling by high throughput sequencing,2018/01/31,15,ftp://ftp.ncbi.nlm.nih.gov/geo/series/GSE100nnn/GSE100918/,Mechanisms of the Innate Defense Regulator Peptide-1002 Anti-Inflammatory Activity in a Sterile Inflammation Mouse Model.,"Journal of immunology (Baltimore, Md. : 1950)",2017 Nov 15,10.4049/jimmunol.1700985,OSD-241|Mmus_BAL-TAL_FSKN_GC_Rep5_G5,Ground Control
53,GSM2817084,0.994976818561554,GSE102007,Gene expression profiling of murine skin transgenically generated to express HPV16 E7 oncoprotein,,,A validated animal model would assist with research on the immunological consequences of the chronic expression of HPV16 E7 oncoprotein expression. Here we performed RNA-seq analysis of normal C57BL/6 skin versus mouse transgenically generated to express HPV16 E7 oncogene under the keratin 14 promoter (K14E7). Mice present with epithelial hyperplasia and increased immune cell infiltrate associated with immune suppression.,"Ear skin (n=6) 8-week old C57BL/6 and K14E7 mice Grafted samples (n=18) of donor C57BL/6, K14E7 and CD1d-/-xK14E7 skin on C57BL6 recipients",27333029,,,134709,GPL13112,Mus musculus,GSE,Expression profiling by high throughput sequencing,2017/10/30,24,ftp://ftp.ncbi.nlm.nih.gov/geo/series/GSE102nnn/GSE102007/,A Mouse Model of Hyperproliferative Human Epithelium Validated by Keratin Profiling Shows an Aberrant Cytoskeletal Response to Injury.,EBioMedicine,2016 Jul,10.1016/j.ebiom.2016.06.011,OSD-241|Mmus_BAL-TAL_FSKN_GC_Rep5_G5,Ground Control
54,GSM8073690,0.9949226975440979,GSE255519,The interferon-rich skin environment regulates Langerhans cell ADAM17 to promote photosensitivity in lupus,,,"The autoimmune disease lupus erythematosus (lupus) is characterized in part by photosensitivity, where patients can develop inflammatory skin lesions with even ambient ultraviolet radiation (UVR) exposure. Evidence points to a role for type I interferon (IFN-I) in photosensitivity, but mechanistic understanding remains limited. We have shown that photosensitivity in lupus models is at least in part attributable to Langerhans cell (LC) dysfunction. Healthy LCs limit photosensitivity via a disintegrin and metalloprotease 17 (ADAM17), a sheddase that normally limits UVR-induced skin inflammation by releasing soluble epidermal growth factor receptor (EGFR) ligands to support keratinocyte survival. On the other hand, LCs from lesional and even non-lesional lupus model skin show reduced ADAM17 activity and mRNA expression. Non-lesional human lupus skin also showed evidence of LC dysfunction, and, here, we asked how the lupus skin environment contributes to this dysfunction. We show that non-lesional skin in human CLE and multiple photosensitive lupus models share gene expression patterns consistent with a high IFN environment and LC dysfunction. IFN-I inhibits murine and human LC ADAM17 activity, and anti-IFNAR1 in lupus models restores LC ADAM17 function and reduces photosensitivity in EGFR and LC ADAM17-dependent manners. Reactive oxygen species (ROS) are a mediator of ADAM17 activity, and we show that lupus models have reduced UVR-induced LC ROS generation that is restored by anti-IFNAR1. Our findings suggest shared pathogenic mechanisms of photosensitivity in human and murine lupus skin and a model whereby the IFN-I-rich microenvironment in non-lesional lupus skin inhibits UVR-induced ADAM17 activity, predisposing to photosensitivity. Our data also suggest that the beneficial effects of the recently FDA-approved anifrolumab (anti-IFNAR1) on human lupus skin could act in part by restoring LC function.",Comparative gene expression profiling analysis of RNA-seq data for,38860651,,,850742,GPL24247,Mus musculus,GSE,Expression profiling by high throughput sequencing,2024/02/23,19,ftp://ftp.ncbi.nlm.nih.gov/geo/series/GSE255nnn/GSE255519/,The interferon-rich skin environment regulates Langerhans cell ADAM17 to promote photosensitivity in lupus.,eLife,2024 Jun 11,10.7554/eLife.85914,OSD-241|Mmus_BAL-TAL_FSKN_GC_Rep5_G5,Ground Control
55,GSM8073691,0.9946253299713135,GSE255519,The interferon-rich skin environment regulates Langerhans cell ADAM17 to promote photosensitivity in lupus,,,"The autoimmune disease lupus erythematosus (lupus) is characterized in part by photosensitivity, where patients can develop inflammatory skin lesions with even ambient ultraviolet radiation (UVR) exposure. Evidence points to a role for type I interferon (IFN-I) in photosensitivity, but mechanistic understanding remains limited. We have shown that photosensitivity in lupus models is at least in part attributable to Langerhans cell (LC) dysfunction. Healthy LCs limit photosensitivity via a disintegrin and metalloprotease 17 (ADAM17), a sheddase that normally limits UVR-induced skin inflammation by releasing soluble epidermal growth factor receptor (EGFR) ligands to support keratinocyte survival. On the other hand, LCs from lesional and even non-lesional lupus model skin show reduced ADAM17 activity and mRNA expression. Non-lesional human lupus skin also showed evidence of LC dysfunction, and, here, we asked how the lupus skin environment contributes to this dysfunction. We show that non-lesional skin in human CLE and multiple photosensitive lupus models share gene expression patterns consistent with a high IFN environment and LC dysfunction. IFN-I inhibits murine and human LC ADAM17 activity, and anti-IFNAR1 in lupus models restores LC ADAM17 function and reduces photosensitivity in EGFR and LC ADAM17-dependent manners. Reactive oxygen species (ROS) are a mediator of ADAM17 activity, and we show that lupus models have reduced UVR-induced LC ROS generation that is restored by anti-IFNAR1. Our findings suggest shared pathogenic mechanisms of photosensitivity in human and murine lupus skin and a model whereby the IFN-I-rich microenvironment in non-lesional lupus skin inhibits UVR-induced ADAM17 activity, predisposing to photosensitivity. Our data also suggest that the beneficial effects of the recently FDA-approved anifrolumab (anti-IFNAR1) on human lupus skin could act in part by restoring LC function.",Comparative gene expression profiling analysis of RNA-seq data for,38860651,,,850743,GPL24247,Mus musculus,GSE,Expression profiling by high throughput sequencing,2024/02/23,19,ftp://ftp.ncbi.nlm.nih.gov/geo/series/GSE255nnn/GSE255519/,The interferon-rich skin environment regulates Langerhans cell ADAM17 to promote photosensitivity in lupus.,eLife,2024 Jun 11,10.7554/eLife.85914,OSD-241|Mmus_BAL-TAL_FSKN_GC_Rep5_G5,Ground Control
56,GSM5015064,0.9945961236953735,GSE164623,Alteration of the whole skin gene expression as a result of Flg deficiency,,,"Defects of filaggrin (FLG) compromise epidermal barrier function and represent an important known genetic risk factor for atopic dermatitis (AD), but also for systemic atopy, including allergic sensitization and asthma. A loss of epidermal barrier integrity can provide a significant stress for the cells in both the epidermis as well as the underlying dermal layer of the skin, either due to the increased moisture evaporation from the skin or increased penetration of the antigens and microflora into the lower layers. This analysis was therefore designed to understand the effect of this loss of barrier integrity on the total skin transcriptional profile.",Total shaved back skin tissue samples were collected from 8 week old Flg-deficient mice and wt ctrls  Total RNA was isolated using the RNeasy Mini Kit+ (Qiagen). mRNA libraries were prepared using a SMART protocol and subjected to deep sequencing on an Illumina NextSeq 500.,,,,454810,GPL19057,Mus musculus,GSE,Expression profiling by high throughput sequencing,2021/05/01,8,ftp://ftp.ncbi.nlm.nih.gov/geo/series/GSE164nnn/GSE164623/,,,,,OSD-241|Mmus_BAL-TAL_FSKN_GC_Rep5_G5,Ground Control
57,GSM5015059,0.9945195913314819,GSE164623,Alteration of the whole skin gene expression as a result of Flg deficiency,,,"Defects of filaggrin (FLG) compromise epidermal barrier function and represent an important known genetic risk factor for atopic dermatitis (AD), but also for systemic atopy, including allergic sensitization and asthma. A loss of epidermal barrier integrity can provide a significant stress for the cells in both the epidermis as well as the underlying dermal layer of the skin, either due to the increased moisture evaporation from the skin or increased penetration of the antigens and microflora into the lower layers. This analysis was therefore designed to understand the effect of this loss of barrier integrity on the total skin transcriptional profile.",Total shaved back skin tissue samples were collected from 8 week old Flg-deficient mice and wt ctrls  Total RNA was isolated using the RNeasy Mini Kit+ (Qiagen). mRNA libraries were prepared using a SMART protocol and subjected to deep sequencing on an Illumina NextSeq 500.,,,,454805,GPL19057,Mus musculus,GSE,Expression profiling by high throughput sequencing,2021/05/01,8,ftp://ftp.ncbi.nlm.nih.gov/geo/series/GSE164nnn/GSE164623/,,,,,OSD-241|Mmus_BAL-TAL_FSKN_GC_Rep5_G5,Ground Control
58,GSM5610971,0.9942929148674011,GSE185340,Next Generation Sequencing Facilitates Quantitative Analysis of Stat3f/f K5cre Skin Keratinocytes Transcriptomes,,,"Atopic dermatitis (AD) is the most common inflammatory skin disease. Stat3 mutation is a major cause of hyper IgE syndrome (HIES), which consistently represent AD like eczematous dermatitis. Based on multi-dimensional transcriptome analysis in pre- and post-flares skin, dermatitis phenotype was controlled by sequential two steps of Stat3 deficiency and environmental pathogenic stimuli. The Stat3 deficiency determined the barrier integrity that lowered threshold of inflammation, but this step was not sufficient to form pathogenicity. Transcriptome data indicated that emergence of dermatitis phenotype need to trigger robust activation of NFB pathway and TH2 cells. Continuous colonization of Staphylococcus aureus was an environmental stimulus to lower the activation threshold of TH2 inflammation in the skin.",Kinetical transcriptome analysis in cultured skin keratinocyte and ear skin of specific Stat3 deficient mice,34867936,,,552833,GPL18480,Mus musculus,GSE,Expression profiling by high throughput sequencing,2021/10/12,41,ftp://ftp.ncbi.nlm.nih.gov/geo/series/GSE185nnn/GSE185340/,Essential Role of STAT3 Signaling in Hair Follicle Homeostasis.,Frontiers in immunology,2021,10.3389/fimmu.2021.663177,OSD-241|Mmus_BAL-TAL_FSKN_GC_Rep5_G5,Ground Control
59,GSM5715156,0.9939731359481812,GSE190138,Systematic analysis of inflammation and pain pathways in a mouse model of gout,,,"Gout is a prevalent and painful inflammatory arthritis, and its global burden continues to rise.  Intense pain induced by gout attacks is a major complication of gout. Treatment and long-term  management for gout patients remain challenging. Despite the discovery of many key immune  response and inflammatory genes and pathways in gout, the molecular mechanisms of gout  inflammation are still not entirely elucidated. Particularly, systematic studies of gout inflammation  and pain are lacking. Using a monosodium urate (MSU) crystals-induced gout model, we  performed genome-wide transcriptome analysis for the ankle joint, dorsal root ganglion (DRG),  and spinal cord of gout mice. Our results revealed transcriptional changes in both the joint and the  nervous system. Furthermore, through integrated analysis with public datasets of mouse  inflammatory pain and neuropathic pain models, human GWAS, osteoarthritis (OA), and  rheumatoid arthritis (RA), we identified common and unique features associated with acute gout  inflammation and severe pain.","Monosodium urate (MSU) crystals were used as treatments. 1 x PBS were used as controls.  Ankle joint, dorsal root ganglion (DRG), and spinal cord (SC) were collected and RNA-sequencing (RNA-seq) was performed.",35430901,,,574932,GPL24247,Mus musculus,GSE,Expression profiling by high throughput sequencing,2022/06/24,18,ftp://ftp.ncbi.nlm.nih.gov/geo/series/GSE190nnn/GSE190138/,Systematic analysis of inflammation and pain pathways in a mouse model of gout.,Molecular pain,2022 Jan-Dec,10.1177/17448069221097760,OSD-241|Mmus_BAL-TAL_FSKN_GC_Rep5_G5,Ground Control
60,GSM2696413,0.9965334534645081,GSE100918,Mechanisms of the innate defense regulator peptide 1002 anti-inflammatory activity in a sterile inflammation mouse model,,,"Innate defense regulator (IDR) peptide-1002 is a synthetic host defense peptide derivative with strong anti-inflammatory properties.To investigate the anti-inflammatory mechanisms of IDR-1002 in vivo, the phorbol 12-myristate 13-acetate (PMA)-induced mouse ear inflammation model was used. Topical IDR-1002 treatment successfully dampened PMA-induced ear edema, proinflammatory cytokine production, reactive oxygen and nitrogen species release, and neutrophil recruitment in the ears of CD1 mice. Advanced RNA-Seq analysis on the mouse ear transcriptome revealed that IDR-1002 reduced sterile inflammation by suppressing the expression of transmembrane G-protein coupled receptors (Class A/1 rhodopsin-like), including receptors for chemokines, prostaglandins, histamine, platelet activating factor and anaphylatoxin. IDR-1002 also dampened IFNγ response and repressed the Interferon regulatory factor (Irf) 8-regulated network that controls central inflammatory pathways.",RNA-Seq profiling of gene expression in mouse ear tissue exposed to three treatment conditions,28993516,,,116880,GPL17021,Mus musculus,GSE,Expression profiling by high throughput sequencing,2018/01/31,15,ftp://ftp.ncbi.nlm.nih.gov/geo/series/GSE100nnn/GSE100918/,Mechanisms of the Innate Defense Regulator Peptide-1002 Anti-Inflammatory Activity in a Sterile Inflammation Mouse Model.,"Journal of immunology (Baltimore, Md. : 1950)",2017 Nov 15,10.4049/jimmunol.1700985,OSD-241|Mmus_BAL-TAL_FSKN_GC_Rep6_G6,Ground Control
61,GSM8073690,0.9958534240722656,GSE255519,The interferon-rich skin environment regulates Langerhans cell ADAM17 to promote photosensitivity in lupus,,,"The autoimmune disease lupus erythematosus (lupus) is characterized in part by photosensitivity, where patients can develop inflammatory skin lesions with even ambient ultraviolet radiation (UVR) exposure. Evidence points to a role for type I interferon (IFN-I) in photosensitivity, but mechanistic understanding remains limited. We have shown that photosensitivity in lupus models is at least in part attributable to Langerhans cell (LC) dysfunction. Healthy LCs limit photosensitivity via a disintegrin and metalloprotease 17 (ADAM17), a sheddase that normally limits UVR-induced skin inflammation by releasing soluble epidermal growth factor receptor (EGFR) ligands to support keratinocyte survival. On the other hand, LCs from lesional and even non-lesional lupus model skin show reduced ADAM17 activity and mRNA expression. Non-lesional human lupus skin also showed evidence of LC dysfunction, and, here, we asked how the lupus skin environment contributes to this dysfunction. We show that non-lesional skin in human CLE and multiple photosensitive lupus models share gene expression patterns consistent with a high IFN environment and LC dysfunction. IFN-I inhibits murine and human LC ADAM17 activity, and anti-IFNAR1 in lupus models restores LC ADAM17 function and reduces photosensitivity in EGFR and LC ADAM17-dependent manners. Reactive oxygen species (ROS) are a mediator of ADAM17 activity, and we show that lupus models have reduced UVR-induced LC ROS generation that is restored by anti-IFNAR1. Our findings suggest shared pathogenic mechanisms of photosensitivity in human and murine lupus skin and a model whereby the IFN-I-rich microenvironment in non-lesional lupus skin inhibits UVR-induced ADAM17 activity, predisposing to photosensitivity. Our data also suggest that the beneficial effects of the recently FDA-approved anifrolumab (anti-IFNAR1) on human lupus skin could act in part by restoring LC function.",Comparative gene expression profiling analysis of RNA-seq data for,38860651,,,850742,GPL24247,Mus musculus,GSE,Expression profiling by high throughput sequencing,2024/02/23,19,ftp://ftp.ncbi.nlm.nih.gov/geo/series/GSE255nnn/GSE255519/,The interferon-rich skin environment regulates Langerhans cell ADAM17 to promote photosensitivity in lupus.,eLife,2024 Jun 11,10.7554/eLife.85914,OSD-241|Mmus_BAL-TAL_FSKN_GC_Rep6_G6,Ground Control
62,GSM8073691,0.9957807660102844,GSE255519,The interferon-rich skin environment regulates Langerhans cell ADAM17 to promote photosensitivity in lupus,,,"The autoimmune disease lupus erythematosus (lupus) is characterized in part by photosensitivity, where patients can develop inflammatory skin lesions with even ambient ultraviolet radiation (UVR) exposure. Evidence points to a role for type I interferon (IFN-I) in photosensitivity, but mechanistic understanding remains limited. We have shown that photosensitivity in lupus models is at least in part attributable to Langerhans cell (LC) dysfunction. Healthy LCs limit photosensitivity via a disintegrin and metalloprotease 17 (ADAM17), a sheddase that normally limits UVR-induced skin inflammation by releasing soluble epidermal growth factor receptor (EGFR) ligands to support keratinocyte survival. On the other hand, LCs from lesional and even non-lesional lupus model skin show reduced ADAM17 activity and mRNA expression. Non-lesional human lupus skin also showed evidence of LC dysfunction, and, here, we asked how the lupus skin environment contributes to this dysfunction. We show that non-lesional skin in human CLE and multiple photosensitive lupus models share gene expression patterns consistent with a high IFN environment and LC dysfunction. IFN-I inhibits murine and human LC ADAM17 activity, and anti-IFNAR1 in lupus models restores LC ADAM17 function and reduces photosensitivity in EGFR and LC ADAM17-dependent manners. Reactive oxygen species (ROS) are a mediator of ADAM17 activity, and we show that lupus models have reduced UVR-induced LC ROS generation that is restored by anti-IFNAR1. Our findings suggest shared pathogenic mechanisms of photosensitivity in human and murine lupus skin and a model whereby the IFN-I-rich microenvironment in non-lesional lupus skin inhibits UVR-induced ADAM17 activity, predisposing to photosensitivity. Our data also suggest that the beneficial effects of the recently FDA-approved anifrolumab (anti-IFNAR1) on human lupus skin could act in part by restoring LC function.",Comparative gene expression profiling analysis of RNA-seq data for,38860651,,,850743,GPL24247,Mus musculus,GSE,Expression profiling by high throughput sequencing,2024/02/23,19,ftp://ftp.ncbi.nlm.nih.gov/geo/series/GSE255nnn/GSE255519/,The interferon-rich skin environment regulates Langerhans cell ADAM17 to promote photosensitivity in lupus.,eLife,2024 Jun 11,10.7554/eLife.85914,OSD-241|Mmus_BAL-TAL_FSKN_GC_Rep6_G6,Ground Control
63,GSM2696412,0.9957436919212341,GSE100918,Mechanisms of the innate defense regulator peptide 1002 anti-inflammatory activity in a sterile inflammation mouse model,,,"Innate defense regulator (IDR) peptide-1002 is a synthetic host defense peptide derivative with strong anti-inflammatory properties.To investigate the anti-inflammatory mechanisms of IDR-1002 in vivo, the phorbol 12-myristate 13-acetate (PMA)-induced mouse ear inflammation model was used. Topical IDR-1002 treatment successfully dampened PMA-induced ear edema, proinflammatory cytokine production, reactive oxygen and nitrogen species release, and neutrophil recruitment in the ears of CD1 mice. Advanced RNA-Seq analysis on the mouse ear transcriptome revealed that IDR-1002 reduced sterile inflammation by suppressing the expression of transmembrane G-protein coupled receptors (Class A/1 rhodopsin-like), including receptors for chemokines, prostaglandins, histamine, platelet activating factor and anaphylatoxin. IDR-1002 also dampened IFNγ response and repressed the Interferon regulatory factor (Irf) 8-regulated network that controls central inflammatory pathways.",RNA-Seq profiling of gene expression in mouse ear tissue exposed to three treatment conditions,28993516,,,116879,GPL17021,Mus musculus,GSE,Expression profiling by high throughput sequencing,2018/01/31,15,ftp://ftp.ncbi.nlm.nih.gov/geo/series/GSE100nnn/GSE100918/,Mechanisms of the Innate Defense Regulator Peptide-1002 Anti-Inflammatory Activity in a Sterile Inflammation Mouse Model.,"Journal of immunology (Baltimore, Md. : 1950)",2017 Nov 15,10.4049/jimmunol.1700985,OSD-241|Mmus_BAL-TAL_FSKN_GC_Rep6_G6,Ground Control
64,GSM2696415,0.9955788254737854,GSE100918,Mechanisms of the innate defense regulator peptide 1002 anti-inflammatory activity in a sterile inflammation mouse model,,,"Innate defense regulator (IDR) peptide-1002 is a synthetic host defense peptide derivative with strong anti-inflammatory properties.To investigate the anti-inflammatory mechanisms of IDR-1002 in vivo, the phorbol 12-myristate 13-acetate (PMA)-induced mouse ear inflammation model was used. Topical IDR-1002 treatment successfully dampened PMA-induced ear edema, proinflammatory cytokine production, reactive oxygen and nitrogen species release, and neutrophil recruitment in the ears of CD1 mice. Advanced RNA-Seq analysis on the mouse ear transcriptome revealed that IDR-1002 reduced sterile inflammation by suppressing the expression of transmembrane G-protein coupled receptors (Class A/1 rhodopsin-like), including receptors for chemokines, prostaglandins, histamine, platelet activating factor and anaphylatoxin. IDR-1002 also dampened IFNγ response and repressed the Interferon regulatory factor (Irf) 8-regulated network that controls central inflammatory pathways.",RNA-Seq profiling of gene expression in mouse ear tissue exposed to three treatment conditions,28993516,,,116882,GPL17021,Mus musculus,GSE,Expression profiling by high throughput sequencing,2018/01/31,15,ftp://ftp.ncbi.nlm.nih.gov/geo/series/GSE100nnn/GSE100918/,Mechanisms of the Innate Defense Regulator Peptide-1002 Anti-Inflammatory Activity in a Sterile Inflammation Mouse Model.,"Journal of immunology (Baltimore, Md. : 1950)",2017 Nov 15,10.4049/jimmunol.1700985,OSD-241|Mmus_BAL-TAL_FSKN_GC_Rep6_G6,Ground Control
65,GSM4516288,0.9952690005302429,GSE149880,Expression analysis of WT or Card14E138A ears 5 days and 1 month after injecton of tamoxifen,,,"The inducible nature of our knock-in mouse strain allowed us to determine the immediate effects of dysregulated CARD14 signalling and compare them to the long term effects of its expression. CARD14E138A-induced skin inflammation and systemic disease were independent of adaptive immune cells, substantially reduced by antibody blocking of TNF and induced by CARD14E138A signaling only in keratinocytes.","To investigate how psoriasis-associated mutations in CARD14 induce psoriasis, we have generated a Card14LSL-E138A knock-in mouse that allows conditional expression of Card14E138A from the endogenous mouse Card14 locus via tamoxifen activation of CreERT2. The highly penetrant CARD14E138A psoriasis-associated mutation was first identified in a child suffering from GPP and induces CARD14 to constitutively activate NF-kB. The new Card14LSL-E138A strain allowed the immediate and chronic effects of CARD14E138A signaling to be studied, as well as the cell types involved.",,,,371281,GPL21103,Mus musculus,GSE,Expression profiling by high throughput sequencing,2020/07/07,24,ftp://ftp.ncbi.nlm.nih.gov/geo/series/GSE149nnn/GSE149880/,,,,,OSD-241|Mmus_BAL-TAL_FSKN_GC_Rep6_G6,Ground Control
66,GSM4516295,0.9950099587440491,GSE149880,Expression analysis of WT or Card14E138A ears 5 days and 1 month after injecton of tamoxifen,,,"The inducible nature of our knock-in mouse strain allowed us to determine the immediate effects of dysregulated CARD14 signalling and compare them to the long term effects of its expression. CARD14E138A-induced skin inflammation and systemic disease were independent of adaptive immune cells, substantially reduced by antibody blocking of TNF and induced by CARD14E138A signaling only in keratinocytes.","To investigate how psoriasis-associated mutations in CARD14 induce psoriasis, we have generated a Card14LSL-E138A knock-in mouse that allows conditional expression of Card14E138A from the endogenous mouse Card14 locus via tamoxifen activation of CreERT2. The highly penetrant CARD14E138A psoriasis-associated mutation was first identified in a child suffering from GPP and induces CARD14 to constitutively activate NF-kB. The new Card14LSL-E138A strain allowed the immediate and chronic effects of CARD14E138A signaling to be studied, as well as the cell types involved.",,,,371288,GPL21103,Mus musculus,GSE,Expression profiling by high throughput sequencing,2020/07/07,24,ftp://ftp.ncbi.nlm.nih.gov/geo/series/GSE149nnn/GSE149880/,,,,,OSD-241|Mmus_BAL-TAL_FSKN_GC_Rep6_G6,Ground Control
67,GSM5610971,0.9950084686279297,GSE185340,Next Generation Sequencing Facilitates Quantitative Analysis of Stat3f/f K5cre Skin Keratinocytes Transcriptomes,,,"Atopic dermatitis (AD) is the most common inflammatory skin disease. Stat3 mutation is a major cause of hyper IgE syndrome (HIES), which consistently represent AD like eczematous dermatitis. Based on multi-dimensional transcriptome analysis in pre- and post-flares skin, dermatitis phenotype was controlled by sequential two steps of Stat3 deficiency and environmental pathogenic stimuli. The Stat3 deficiency determined the barrier integrity that lowered threshold of inflammation, but this step was not sufficient to form pathogenicity. Transcriptome data indicated that emergence of dermatitis phenotype need to trigger robust activation of NFB pathway and TH2 cells. Continuous colonization of Staphylococcus aureus was an environmental stimulus to lower the activation threshold of TH2 inflammation in the skin.",Kinetical transcriptome analysis in cultured skin keratinocyte and ear skin of specific Stat3 deficient mice,34867936,,,552833,GPL18480,Mus musculus,GSE,Expression profiling by high throughput sequencing,2021/10/12,41,ftp://ftp.ncbi.nlm.nih.gov/geo/series/GSE185nnn/GSE185340/,Essential Role of STAT3 Signaling in Hair Follicle Homeostasis.,Frontiers in immunology,2021,10.3389/fimmu.2021.663177,OSD-241|Mmus_BAL-TAL_FSKN_GC_Rep6_G6,Ground Control
68,GSM4516286,0.9949991106987,GSE149880,Expression analysis of WT or Card14E138A ears 5 days and 1 month after injecton of tamoxifen,,,"The inducible nature of our knock-in mouse strain allowed us to determine the immediate effects of dysregulated CARD14 signalling and compare them to the long term effects of its expression. CARD14E138A-induced skin inflammation and systemic disease were independent of adaptive immune cells, substantially reduced by antibody blocking of TNF and induced by CARD14E138A signaling only in keratinocytes.","To investigate how psoriasis-associated mutations in CARD14 induce psoriasis, we have generated a Card14LSL-E138A knock-in mouse that allows conditional expression of Card14E138A from the endogenous mouse Card14 locus via tamoxifen activation of CreERT2. The highly penetrant CARD14E138A psoriasis-associated mutation was first identified in a child suffering from GPP and induces CARD14 to constitutively activate NF-kB. The new Card14LSL-E138A strain allowed the immediate and chronic effects of CARD14E138A signaling to be studied, as well as the cell types involved.",,,,371279,GPL21103,Mus musculus,GSE,Expression profiling by high throughput sequencing,2020/07/07,24,ftp://ftp.ncbi.nlm.nih.gov/geo/series/GSE149nnn/GSE149880/,,,,,OSD-241|Mmus_BAL-TAL_FSKN_GC_Rep6_G6,Ground Control
69,GSM2696414,0.9948576092720032,GSE100918,Mechanisms of the innate defense regulator peptide 1002 anti-inflammatory activity in a sterile inflammation mouse model,,,"Innate defense regulator (IDR) peptide-1002 is a synthetic host defense peptide derivative with strong anti-inflammatory properties.To investigate the anti-inflammatory mechanisms of IDR-1002 in vivo, the phorbol 12-myristate 13-acetate (PMA)-induced mouse ear inflammation model was used. Topical IDR-1002 treatment successfully dampened PMA-induced ear edema, proinflammatory cytokine production, reactive oxygen and nitrogen species release, and neutrophil recruitment in the ears of CD1 mice. Advanced RNA-Seq analysis on the mouse ear transcriptome revealed that IDR-1002 reduced sterile inflammation by suppressing the expression of transmembrane G-protein coupled receptors (Class A/1 rhodopsin-like), including receptors for chemokines, prostaglandins, histamine, platelet activating factor and anaphylatoxin. IDR-1002 also dampened IFNγ response and repressed the Interferon regulatory factor (Irf) 8-regulated network that controls central inflammatory pathways.",RNA-Seq profiling of gene expression in mouse ear tissue exposed to three treatment conditions,28993516,,,116881,GPL17021,Mus musculus,GSE,Expression profiling by high throughput sequencing,2018/01/31,15,ftp://ftp.ncbi.nlm.nih.gov/geo/series/GSE100nnn/GSE100918/,Mechanisms of the Innate Defense Regulator Peptide-1002 Anti-Inflammatory Activity in a Sterile Inflammation Mouse Model.,"Journal of immunology (Baltimore, Md. : 1950)",2017 Nov 15,10.4049/jimmunol.1700985,OSD-241|Mmus_BAL-TAL_FSKN_GC_Rep6_G6,Ground Control
70,GSM2696413,0.9971252083778381,GSE100918,Mechanisms of the innate defense regulator peptide 1002 anti-inflammatory activity in a sterile inflammation mouse model,,,"Innate defense regulator (IDR) peptide-1002 is a synthetic host defense peptide derivative with strong anti-inflammatory properties.To investigate the anti-inflammatory mechanisms of IDR-1002 in vivo, the phorbol 12-myristate 13-acetate (PMA)-induced mouse ear inflammation model was used. Topical IDR-1002 treatment successfully dampened PMA-induced ear edema, proinflammatory cytokine production, reactive oxygen and nitrogen species release, and neutrophil recruitment in the ears of CD1 mice. Advanced RNA-Seq analysis on the mouse ear transcriptome revealed that IDR-1002 reduced sterile inflammation by suppressing the expression of transmembrane G-protein coupled receptors (Class A/1 rhodopsin-like), including receptors for chemokines, prostaglandins, histamine, platelet activating factor and anaphylatoxin. IDR-1002 also dampened IFNγ response and repressed the Interferon regulatory factor (Irf) 8-regulated network that controls central inflammatory pathways.",RNA-Seq profiling of gene expression in mouse ear tissue exposed to three treatment conditions,28993516,,,116880,GPL17021,Mus musculus,GSE,Expression profiling by high throughput sequencing,2018/01/31,15,ftp://ftp.ncbi.nlm.nih.gov/geo/series/GSE100nnn/GSE100918/,Mechanisms of the Innate Defense Regulator Peptide-1002 Anti-Inflammatory Activity in a Sterile Inflammation Mouse Model.,"Journal of immunology (Baltimore, Md. : 1950)",2017 Nov 15,10.4049/jimmunol.1700985,OSD-241|Mmus_BAL-TAL_FSKN_GC_Rep7_G7,Ground Control
71,GSM2696415,0.995617151260376,GSE100918,Mechanisms of the innate defense regulator peptide 1002 anti-inflammatory activity in a sterile inflammation mouse model,,,"Innate defense regulator (IDR) peptide-1002 is a synthetic host defense peptide derivative with strong anti-inflammatory properties.To investigate the anti-inflammatory mechanisms of IDR-1002 in vivo, the phorbol 12-myristate 13-acetate (PMA)-induced mouse ear inflammation model was used. Topical IDR-1002 treatment successfully dampened PMA-induced ear edema, proinflammatory cytokine production, reactive oxygen and nitrogen species release, and neutrophil recruitment in the ears of CD1 mice. Advanced RNA-Seq analysis on the mouse ear transcriptome revealed that IDR-1002 reduced sterile inflammation by suppressing the expression of transmembrane G-protein coupled receptors (Class A/1 rhodopsin-like), including receptors for chemokines, prostaglandins, histamine, platelet activating factor and anaphylatoxin. IDR-1002 also dampened IFNγ response and repressed the Interferon regulatory factor (Irf) 8-regulated network that controls central inflammatory pathways.",RNA-Seq profiling of gene expression in mouse ear tissue exposed to three treatment conditions,28993516,,,116882,GPL17021,Mus musculus,GSE,Expression profiling by high throughput sequencing,2018/01/31,15,ftp://ftp.ncbi.nlm.nih.gov/geo/series/GSE100nnn/GSE100918/,Mechanisms of the Innate Defense Regulator Peptide-1002 Anti-Inflammatory Activity in a Sterile Inflammation Mouse Model.,"Journal of immunology (Baltimore, Md. : 1950)",2017 Nov 15,10.4049/jimmunol.1700985,OSD-241|Mmus_BAL-TAL_FSKN_GC_Rep7_G7,Ground Control
72,GSM2696412,0.995200514793396,GSE100918,Mechanisms of the innate defense regulator peptide 1002 anti-inflammatory activity in a sterile inflammation mouse model,,,"Innate defense regulator (IDR) peptide-1002 is a synthetic host defense peptide derivative with strong anti-inflammatory properties.To investigate the anti-inflammatory mechanisms of IDR-1002 in vivo, the phorbol 12-myristate 13-acetate (PMA)-induced mouse ear inflammation model was used. Topical IDR-1002 treatment successfully dampened PMA-induced ear edema, proinflammatory cytokine production, reactive oxygen and nitrogen species release, and neutrophil recruitment in the ears of CD1 mice. Advanced RNA-Seq analysis on the mouse ear transcriptome revealed that IDR-1002 reduced sterile inflammation by suppressing the expression of transmembrane G-protein coupled receptors (Class A/1 rhodopsin-like), including receptors for chemokines, prostaglandins, histamine, platelet activating factor and anaphylatoxin. IDR-1002 also dampened IFNγ response and repressed the Interferon regulatory factor (Irf) 8-regulated network that controls central inflammatory pathways.",RNA-Seq profiling of gene expression in mouse ear tissue exposed to three treatment conditions,28993516,,,116879,GPL17021,Mus musculus,GSE,Expression profiling by high throughput sequencing,2018/01/31,15,ftp://ftp.ncbi.nlm.nih.gov/geo/series/GSE100nnn/GSE100918/,Mechanisms of the Innate Defense Regulator Peptide-1002 Anti-Inflammatory Activity in a Sterile Inflammation Mouse Model.,"Journal of immunology (Baltimore, Md. : 1950)",2017 Nov 15,10.4049/jimmunol.1700985,OSD-241|Mmus_BAL-TAL_FSKN_GC_Rep7_G7,Ground Control
73,GSM7432051,0.9951958060264587,GSE233658,Adiponectin in the mammalian host influences ticks' acquisition of the Lyme disease pathogen Borrelia,,,To understand the global gene expression profile at the tick bite site of adiponectin wildtype and knockout mice,We utilized RNA-seq to compare the transcriptome of adiponectin wildtype and knockout murine skin during tick feeding,,,,791462,GPL17021,Mus musculus,GSE,Expression profiling by high throughput sequencing,2023/09/06,6,ftp://ftp.ncbi.nlm.nih.gov/geo/series/GSE233nnn/GSE233658/,,,,,OSD-241|Mmus_BAL-TAL_FSKN_GC_Rep7_G7,Ground Control
74,GSM2817084,0.9949789047241211,GSE102007,Gene expression profiling of murine skin transgenically generated to express HPV16 E7 oncoprotein,,,A validated animal model would assist with research on the immunological consequences of the chronic expression of HPV16 E7 oncoprotein expression. Here we performed RNA-seq analysis of normal C57BL/6 skin versus mouse transgenically generated to express HPV16 E7 oncogene under the keratin 14 promoter (K14E7). Mice present with epithelial hyperplasia and increased immune cell infiltrate associated with immune suppression.,"Ear skin (n=6) 8-week old C57BL/6 and K14E7 mice Grafted samples (n=18) of donor C57BL/6, K14E7 and CD1d-/-xK14E7 skin on C57BL6 recipients",27333029,,,134709,GPL13112,Mus musculus,GSE,Expression profiling by high throughput sequencing,2017/10/30,24,ftp://ftp.ncbi.nlm.nih.gov/geo/series/GSE102nnn/GSE102007/,A Mouse Model of Hyperproliferative Human Epithelium Validated by Keratin Profiling Shows an Aberrant Cytoskeletal Response to Injury.,EBioMedicine,2016 Jul,10.1016/j.ebiom.2016.06.011,OSD-241|Mmus_BAL-TAL_FSKN_GC_Rep7_G7,Ground Control
75,GSM3851981,0.9949213266372681,GSE132173,RNA-seq of tissues from MC903- and Ethanol-treated mice,,,"We report transcript abundance in skin, spinal_cord, and trigeminal ganglia from animals treated with MC903 to induce a mouse model of atopic dermatitis across different genotypes, time points, and treatments","Examination of gene expression in TSLPR.KO, wild-type, and neutrophil-depleted animals. For differential expression analysis, comparisons were performed between MC903 and ethanol treatments for the same condition (genotype, timepoint, etc.)",31631836,,,258761,GPL21103,Mus musculus,GSE,Expression profiling by high throughput sequencing,2019/11/13,162,ftp://ftp.ncbi.nlm.nih.gov/geo/series/GSE132nnn/GSE132173/,Neutrophils promote CXCR3-dependent itch in the development of atopic dermatitis.,eLife,2019 Oct 21,10.7554/eLife.48448,OSD-241|Mmus_BAL-TAL_FSKN_GC_Rep7_G7,Ground Control
76,GSM7798808,0.9949058294296265,GSE243950,Suture-anchored cutaneous tension induces persistent hypertrophic scarring in a novel murine model,,,This SuperSeries is composed of the SubSeries listed below.,Refer to individual Series,,,,817849,GPL24247; GPL21103,Mus musculus,GSE,Non-coding RNA profiling by high throughput sequencing; Expression profiling by high throughput sequencing,2023/09/28,12,ftp://ftp.ncbi.nlm.nih.gov/geo/series/GSE243nnn/GSE243950/,,,,,OSD-241|Mmus_BAL-TAL_FSKN_GC_Rep7_G7,Ground Control
77,GSM8073690,0.9945787787437439,GSE255519,The interferon-rich skin environment regulates Langerhans cell ADAM17 to promote photosensitivity in lupus,,,"The autoimmune disease lupus erythematosus (lupus) is characterized in part by photosensitivity, where patients can develop inflammatory skin lesions with even ambient ultraviolet radiation (UVR) exposure. Evidence points to a role for type I interferon (IFN-I) in photosensitivity, but mechanistic understanding remains limited. We have shown that photosensitivity in lupus models is at least in part attributable to Langerhans cell (LC) dysfunction. Healthy LCs limit photosensitivity via a disintegrin and metalloprotease 17 (ADAM17), a sheddase that normally limits UVR-induced skin inflammation by releasing soluble epidermal growth factor receptor (EGFR) ligands to support keratinocyte survival. On the other hand, LCs from lesional and even non-lesional lupus model skin show reduced ADAM17 activity and mRNA expression. Non-lesional human lupus skin also showed evidence of LC dysfunction, and, here, we asked how the lupus skin environment contributes to this dysfunction. We show that non-lesional skin in human CLE and multiple photosensitive lupus models share gene expression patterns consistent with a high IFN environment and LC dysfunction. IFN-I inhibits murine and human LC ADAM17 activity, and anti-IFNAR1 in lupus models restores LC ADAM17 function and reduces photosensitivity in EGFR and LC ADAM17-dependent manners. Reactive oxygen species (ROS) are a mediator of ADAM17 activity, and we show that lupus models have reduced UVR-induced LC ROS generation that is restored by anti-IFNAR1. Our findings suggest shared pathogenic mechanisms of photosensitivity in human and murine lupus skin and a model whereby the IFN-I-rich microenvironment in non-lesional lupus skin inhibits UVR-induced ADAM17 activity, predisposing to photosensitivity. Our data also suggest that the beneficial effects of the recently FDA-approved anifrolumab (anti-IFNAR1) on human lupus skin could act in part by restoring LC function.",Comparative gene expression profiling analysis of RNA-seq data for,38860651,,,850742,GPL24247,Mus musculus,GSE,Expression profiling by high throughput sequencing,2024/02/23,19,ftp://ftp.ncbi.nlm.nih.gov/geo/series/GSE255nnn/GSE255519/,The interferon-rich skin environment regulates Langerhans cell ADAM17 to promote photosensitivity in lupus.,eLife,2024 Jun 11,10.7554/eLife.85914,OSD-241|Mmus_BAL-TAL_FSKN_GC_Rep7_G7,Ground Control
78,GSM7140788,0.9945687651634216,GSE228860,Interleukin-26 potentiates type 2 skin inflammation in presence of interleukin-1β,,,"Atopic dermatitis (AD) is a debilitating inflammatory skin disorder. Biologics targeting the IL-4/IL-13 axis are effective in AD, but there is still a large proportion of patients that do not respond to IL-4R blockade. Further exploration of potentially pathogenic T cell-derived cytokines in AD may lead to new effective treatments. This study aimed to investigate the downstream effects of IL-26 on skin in the context of type 2 skin inflammation. We found that IL-26 alone exhibited limited inflammatory activity in skin. However, in presence of IL-1β, IL-26 potentiated the secretion of TSLP, CXCL1 and CCL20 from human epidermis through JAK/STAT signaling. Moreover, in an in vivo AD-like skin inflammation model, IL-26 exacerbated skin pathology and locally increased type 2 cytokines, most notably of Il13 in skin T helper cells. Neutralization of IL-1β abrogated IL-26-mediated effects, indicating that the presence of IL-1β is required for full IL-26 downstream action in vivo. These findings suggest that the presence of IL-1β enables IL-26 to be a key amplifier of inflammation in the skin. As such, IL-26 may contribute to the development and pathogenesis of inflammatory skin disorders such as AD.","Gene expression profiling analysis of RNA-seq data from samples obtained from mouse ear skin. Mice were chronically treated every 2-3 days for 17 days with 1.5 nmol MC903. Additionally, mice were treated i.p. with 10 mg/kg anti IL-1b or IgG control antibody every 5 days. Moreover, 200 ng recombinant human IL-26 or BSA as a control was injected into the ear skin of mice every 2 days.",,,,772441,GPL24247,Mus musculus,GSE,Expression profiling by high throughput sequencing,2024/01/10,26,ftp://ftp.ncbi.nlm.nih.gov/geo/series/GSE228nnn/GSE228860/,,,,,OSD-241|Mmus_BAL-TAL_FSKN_GC_Rep7_G7,Ground Control
79,GSM2137010,0.9945415258407593,GSE80784,“Transcriptomics Analysis Of SOCS3-deficient keratinocytes: Reveled Insights Into Progression of Chronic Skin Disease,,,"We analyzed time series transcriptomics data of SOCS3 conditional knockout keratinocytes mice at 2, 8 and 10 week by using RNA-Sequencing technology to gain a basic understanding on the role of SOCS3 in epidermal homeostasis and what are the key regulatory genes and interactions that are important for skin hemostasis. We identified the top altered genes profile and associated biological pathways and investigated how loss of SOCS3 from keratinocytes leads to chronic skin diseases. We also validated our RNA-seq analysis results on a human derived cultured keratinocyte cells. Our results suggest a novel function of SOCS3 gene that not only controls immune hemostasis but also plays an important role in epidermal hemostasis. We believe that establishing a regulatory model to explain the dynamics of SOCS3 that controls multiple cellular processes in keratinocyte will provide a detailed knowledge to elucidate the molecular mechanisms underlying epidermal homeostasis and the development of chronic epidermal diseases.","Socs3 cKO mice mRNA profiles of 2, 8 and 10 week wild type (WT)  C57BL/6 mice were generated by sequencing using HiSeq 1000 system (Illumina) machine  which could read a 50 bp sequence.",,,,70229,GPL15103,Mus musculus,GSE,Expression profiling by high throughput sequencing,2019/04/28,22,ftp://ftp.ncbi.nlm.nih.gov/geo/series/GSE80nnn/GSE80784/,,,,,OSD-241|Mmus_BAL-TAL_FSKN_GC_Rep7_G7,Ground Control
80,GSM2696413,0.9959738254547119,GSE100918,Mechanisms of the innate defense regulator peptide 1002 anti-inflammatory activity in a sterile inflammation mouse model,,,"Innate defense regulator (IDR) peptide-1002 is a synthetic host defense peptide derivative with strong anti-inflammatory properties.To investigate the anti-inflammatory mechanisms of IDR-1002 in vivo, the phorbol 12-myristate 13-acetate (PMA)-induced mouse ear inflammation model was used. Topical IDR-1002 treatment successfully dampened PMA-induced ear edema, proinflammatory cytokine production, reactive oxygen and nitrogen species release, and neutrophil recruitment in the ears of CD1 mice. Advanced RNA-Seq analysis on the mouse ear transcriptome revealed that IDR-1002 reduced sterile inflammation by suppressing the expression of transmembrane G-protein coupled receptors (Class A/1 rhodopsin-like), including receptors for chemokines, prostaglandins, histamine, platelet activating factor and anaphylatoxin. IDR-1002 also dampened IFNγ response and repressed the Interferon regulatory factor (Irf) 8-regulated network that controls central inflammatory pathways.",RNA-Seq profiling of gene expression in mouse ear tissue exposed to three treatment conditions,28993516,,,116880,GPL17021,Mus musculus,GSE,Expression profiling by high throughput sequencing,2018/01/31,15,ftp://ftp.ncbi.nlm.nih.gov/geo/series/GSE100nnn/GSE100918/,Mechanisms of the Innate Defense Regulator Peptide-1002 Anti-Inflammatory Activity in a Sterile Inflammation Mouse Model.,"Journal of immunology (Baltimore, Md. : 1950)",2017 Nov 15,10.4049/jimmunol.1700985,OSD-241|Mmus_BAL-TAL_FSKN_GC_Rep8_G8,Ground Control
81,GSM7140788,0.9939354658126831,GSE228860,Interleukin-26 potentiates type 2 skin inflammation in presence of interleukin-1β,,,"Atopic dermatitis (AD) is a debilitating inflammatory skin disorder. Biologics targeting the IL-4/IL-13 axis are effective in AD, but there is still a large proportion of patients that do not respond to IL-4R blockade. Further exploration of potentially pathogenic T cell-derived cytokines in AD may lead to new effective treatments. This study aimed to investigate the downstream effects of IL-26 on skin in the context of type 2 skin inflammation. We found that IL-26 alone exhibited limited inflammatory activity in skin. However, in presence of IL-1β, IL-26 potentiated the secretion of TSLP, CXCL1 and CCL20 from human epidermis through JAK/STAT signaling. Moreover, in an in vivo AD-like skin inflammation model, IL-26 exacerbated skin pathology and locally increased type 2 cytokines, most notably of Il13 in skin T helper cells. Neutralization of IL-1β abrogated IL-26-mediated effects, indicating that the presence of IL-1β is required for full IL-26 downstream action in vivo. These findings suggest that the presence of IL-1β enables IL-26 to be a key amplifier of inflammation in the skin. As such, IL-26 may contribute to the development and pathogenesis of inflammatory skin disorders such as AD.","Gene expression profiling analysis of RNA-seq data from samples obtained from mouse ear skin. Mice were chronically treated every 2-3 days for 17 days with 1.5 nmol MC903. Additionally, mice were treated i.p. with 10 mg/kg anti IL-1b or IgG control antibody every 5 days. Moreover, 200 ng recombinant human IL-26 or BSA as a control was injected into the ear skin of mice every 2 days.",,,,772441,GPL24247,Mus musculus,GSE,Expression profiling by high throughput sequencing,2024/01/10,26,ftp://ftp.ncbi.nlm.nih.gov/geo/series/GSE228nnn/GSE228860/,,,,,OSD-241|Mmus_BAL-TAL_FSKN_GC_Rep8_G8,Ground Control
82,GSM2696415,0.9938744306564331,GSE100918,Mechanisms of the innate defense regulator peptide 1002 anti-inflammatory activity in a sterile inflammation mouse model,,,"Innate defense regulator (IDR) peptide-1002 is a synthetic host defense peptide derivative with strong anti-inflammatory properties.To investigate the anti-inflammatory mechanisms of IDR-1002 in vivo, the phorbol 12-myristate 13-acetate (PMA)-induced mouse ear inflammation model was used. Topical IDR-1002 treatment successfully dampened PMA-induced ear edema, proinflammatory cytokine production, reactive oxygen and nitrogen species release, and neutrophil recruitment in the ears of CD1 mice. Advanced RNA-Seq analysis on the mouse ear transcriptome revealed that IDR-1002 reduced sterile inflammation by suppressing the expression of transmembrane G-protein coupled receptors (Class A/1 rhodopsin-like), including receptors for chemokines, prostaglandins, histamine, platelet activating factor and anaphylatoxin. IDR-1002 also dampened IFNγ response and repressed the Interferon regulatory factor (Irf) 8-regulated network that controls central inflammatory pathways.",RNA-Seq profiling of gene expression in mouse ear tissue exposed to three treatment conditions,28993516,,,116882,GPL17021,Mus musculus,GSE,Expression profiling by high throughput sequencing,2018/01/31,15,ftp://ftp.ncbi.nlm.nih.gov/geo/series/GSE100nnn/GSE100918/,Mechanisms of the Innate Defense Regulator Peptide-1002 Anti-Inflammatory Activity in a Sterile Inflammation Mouse Model.,"Journal of immunology (Baltimore, Md. : 1950)",2017 Nov 15,10.4049/jimmunol.1700985,OSD-241|Mmus_BAL-TAL_FSKN_GC_Rep8_G8,Ground Control
83,GSM6817131,0.9938387870788574,GSE220769,Differential expression of keratin and keratin associated proteins in spontaneously mutated mice,,,To find the differential expression of genes at different post natal stages of skin development in spontaneously mutated mice in comparison to the wildtype mice skin.,"Differential expression of gene analysis was performed using data obtained from RNA-seq of skin samples collected at post-natal days P0, P16, P19 and P28 of wildtype and spontaneously mutated mice.",,,,715681,GPL21273,Mus musculus,GSE,Expression profiling by high throughput sequencing,2022/12/13,8,ftp://ftp.ncbi.nlm.nih.gov/geo/series/GSE220nnn/GSE220769/,,,,,OSD-241|Mmus_BAL-TAL_FSKN_GC_Rep8_G8,Ground Control
84,GSM7432051,0.9937597513198853,GSE233658,Adiponectin in the mammalian host influences ticks' acquisition of the Lyme disease pathogen Borrelia,,,To understand the global gene expression profile at the tick bite site of adiponectin wildtype and knockout mice,We utilized RNA-seq to compare the transcriptome of adiponectin wildtype and knockout murine skin during tick feeding,,,,791462,GPL17021,Mus musculus,GSE,Expression profiling by high throughput sequencing,2023/09/06,6,ftp://ftp.ncbi.nlm.nih.gov/geo/series/GSE233nnn/GSE233658/,,,,,OSD-241|Mmus_BAL-TAL_FSKN_GC_Rep8_G8,Ground Control
85,GSM5345174,0.993600070476532,GSE175732,Establishment of an intradermal ear injection model of IL-17A and IL-36γ as a tool to investigate the psoriatic cytokine network,,,The aim of this study was to establish an intradermal ear injection model to evaluate the effects of IL-36γ and IL-17A in psoriasis.The cytokines IL-36γ and IL-17A were injected intradermally alone or in combination into the ear pinnae of C57BL/6 mice. Ear thickness measurement was performed daily. After 4 days mice were euthanized and a gene expression profiling was conducted.,"12 samples were analyzed: Comparison between a PBS control group and groups that were treated with either IL-17A, IL-36γ or the combination of both (3 samples of each group were analyzed).",34440590,,,499322,GPL19057,Mus musculus,GSE,Expression profiling by high throughput sequencing,2021/09/01,12,ftp://ftp.ncbi.nlm.nih.gov/geo/series/GSE175nnn/GSE175732/,Establishment of an Intradermal Ear Injection Model of IL-17A and IL-36γ as a Tool to Investigate the Psoriatic Cytokine Network.,"Life (Basel, Switzerland)",2021 Aug 19,10.3390/life11080846,OSD-241|Mmus_BAL-TAL_FSKN_GC_Rep8_G8,Ground Control
86,GSM7140792,0.9934962391853333,GSE228860,Interleukin-26 potentiates type 2 skin inflammation in presence of interleukin-1β,,,"Atopic dermatitis (AD) is a debilitating inflammatory skin disorder. Biologics targeting the IL-4/IL-13 axis are effective in AD, but there is still a large proportion of patients that do not respond to IL-4R blockade. Further exploration of potentially pathogenic T cell-derived cytokines in AD may lead to new effective treatments. This study aimed to investigate the downstream effects of IL-26 on skin in the context of type 2 skin inflammation. We found that IL-26 alone exhibited limited inflammatory activity in skin. However, in presence of IL-1β, IL-26 potentiated the secretion of TSLP, CXCL1 and CCL20 from human epidermis through JAK/STAT signaling. Moreover, in an in vivo AD-like skin inflammation model, IL-26 exacerbated skin pathology and locally increased type 2 cytokines, most notably of Il13 in skin T helper cells. Neutralization of IL-1β abrogated IL-26-mediated effects, indicating that the presence of IL-1β is required for full IL-26 downstream action in vivo. These findings suggest that the presence of IL-1β enables IL-26 to be a key amplifier of inflammation in the skin. As such, IL-26 may contribute to the development and pathogenesis of inflammatory skin disorders such as AD.","Gene expression profiling analysis of RNA-seq data from samples obtained from mouse ear skin. Mice were chronically treated every 2-3 days for 17 days with 1.5 nmol MC903. Additionally, mice were treated i.p. with 10 mg/kg anti IL-1b or IgG control antibody every 5 days. Moreover, 200 ng recombinant human IL-26 or BSA as a control was injected into the ear skin of mice every 2 days.",,,,772445,GPL24247,Mus musculus,GSE,Expression profiling by high throughput sequencing,2024/01/10,26,ftp://ftp.ncbi.nlm.nih.gov/geo/series/GSE228nnn/GSE228860/,,,,,OSD-241|Mmus_BAL-TAL_FSKN_GC_Rep8_G8,Ground Control
87,GSM2817084,0.9934229850769043,GSE102007,Gene expression profiling of murine skin transgenically generated to express HPV16 E7 oncoprotein,,,A validated animal model would assist with research on the immunological consequences of the chronic expression of HPV16 E7 oncoprotein expression. Here we performed RNA-seq analysis of normal C57BL/6 skin versus mouse transgenically generated to express HPV16 E7 oncogene under the keratin 14 promoter (K14E7). Mice present with epithelial hyperplasia and increased immune cell infiltrate associated with immune suppression.,"Ear skin (n=6) 8-week old C57BL/6 and K14E7 mice Grafted samples (n=18) of donor C57BL/6, K14E7 and CD1d-/-xK14E7 skin on C57BL6 recipients",27333029,,,134709,GPL13112,Mus musculus,GSE,Expression profiling by high throughput sequencing,2017/10/30,24,ftp://ftp.ncbi.nlm.nih.gov/geo/series/GSE102nnn/GSE102007/,A Mouse Model of Hyperproliferative Human Epithelium Validated by Keratin Profiling Shows an Aberrant Cytoskeletal Response to Injury.,EBioMedicine,2016 Jul,10.1016/j.ebiom.2016.06.011,OSD-241|Mmus_BAL-TAL_FSKN_GC_Rep8_G8,Ground Control
88,GSM2219787,0.9934097528457642,GSE83855,Time-restricted feeding shifts the skin circadian clock and alters UVB-induced DNA damage,,,"The epidermis is as a highly regenerative barrier protecting organisms from environmental insults, including ultraviolet radiation, the main cause of skin cancer and skin aging. Here we show that time-restricted feeding (RF) shifts the phase and alters the amplitude of the skin circadian clock and affects the expression of approximately 10% of the skin transcriptome. Furthermore, a strikingly large number of skin-expressed genes are acutely regulated by food intake. While the circadian clock is required for daily rhythms in DNA synthesis in epidermal stem cells, RF-induced shifts in clock phase do not alter the phase of DNA synthesis. However, both the expression of the key DNA repair gene Xpa, and the diurnal sensitivity to UVB-induced DNA damage, are altered by RF. Together our findings indicate an unexpected regulation of skin function by time of feeding and emphasize the important link between circadian rhythm, food intake, and skin health.",Totally 24 samples were sequenced. One sample for each time point and 8 time points for each feeding group. Each sample was pooled from 2-4 biological replicates.,28768192,,,73220,GPL17021,Mus musculus,GSE,Expression profiling by high throughput sequencing,2017/08/01,24,ftp://ftp.ncbi.nlm.nih.gov/geo/series/GSE83nnn/GSE83855/,Time-Restricted Feeding Shifts the Skin Circadian Clock and Alters UVB-Induced DNA Damage.,Cell reports,2017 Aug 1,10.1016/j.celrep.2017.07.022,OSD-241|Mmus_BAL-TAL_FSKN_GC_Rep8_G8,Ground Control
89,GSM7798808,0.9933826923370361,GSE243950,Suture-anchored cutaneous tension induces persistent hypertrophic scarring in a novel murine model,,,This SuperSeries is composed of the SubSeries listed below.,Refer to individual Series,,,,817849,GPL24247; GPL21103,Mus musculus,GSE,Non-coding RNA profiling by high throughput sequencing; Expression profiling by high throughput sequencing,2023/09/28,12,ftp://ftp.ncbi.nlm.nih.gov/geo/series/GSE243nnn/GSE243950/,,,,,OSD-241|Mmus_BAL-TAL_FSKN_GC_Rep8_G8,Ground Control
90,GSM2696413,0.9969726800918579,GSE100918,Mechanisms of the innate defense regulator peptide 1002 anti-inflammatory activity in a sterile inflammation mouse model,,,"Innate defense regulator (IDR) peptide-1002 is a synthetic host defense peptide derivative with strong anti-inflammatory properties.To investigate the anti-inflammatory mechanisms of IDR-1002 in vivo, the phorbol 12-myristate 13-acetate (PMA)-induced mouse ear inflammation model was used. Topical IDR-1002 treatment successfully dampened PMA-induced ear edema, proinflammatory cytokine production, reactive oxygen and nitrogen species release, and neutrophil recruitment in the ears of CD1 mice. Advanced RNA-Seq analysis on the mouse ear transcriptome revealed that IDR-1002 reduced sterile inflammation by suppressing the expression of transmembrane G-protein coupled receptors (Class A/1 rhodopsin-like), including receptors for chemokines, prostaglandins, histamine, platelet activating factor and anaphylatoxin. IDR-1002 also dampened IFNγ response and repressed the Interferon regulatory factor (Irf) 8-regulated network that controls central inflammatory pathways.",RNA-Seq profiling of gene expression in mouse ear tissue exposed to three treatment conditions,28993516,,,116880,GPL17021,Mus musculus,GSE,Expression profiling by high throughput sequencing,2018/01/31,15,ftp://ftp.ncbi.nlm.nih.gov/geo/series/GSE100nnn/GSE100918/,Mechanisms of the Innate Defense Regulator Peptide-1002 Anti-Inflammatory Activity in a Sterile Inflammation Mouse Model.,"Journal of immunology (Baltimore, Md. : 1950)",2017 Nov 15,10.4049/jimmunol.1700985,OSD-241|Mmus_BAL-TAL_FSKN_GC_Rep9_G9,Ground Control
91,GSM2696415,0.9952666759490967,GSE100918,Mechanisms of the innate defense regulator peptide 1002 anti-inflammatory activity in a sterile inflammation mouse model,,,"Innate defense regulator (IDR) peptide-1002 is a synthetic host defense peptide derivative with strong anti-inflammatory properties.To investigate the anti-inflammatory mechanisms of IDR-1002 in vivo, the phorbol 12-myristate 13-acetate (PMA)-induced mouse ear inflammation model was used. Topical IDR-1002 treatment successfully dampened PMA-induced ear edema, proinflammatory cytokine production, reactive oxygen and nitrogen species release, and neutrophil recruitment in the ears of CD1 mice. Advanced RNA-Seq analysis on the mouse ear transcriptome revealed that IDR-1002 reduced sterile inflammation by suppressing the expression of transmembrane G-protein coupled receptors (Class A/1 rhodopsin-like), including receptors for chemokines, prostaglandins, histamine, platelet activating factor and anaphylatoxin. IDR-1002 also dampened IFNγ response and repressed the Interferon regulatory factor (Irf) 8-regulated network that controls central inflammatory pathways.",RNA-Seq profiling of gene expression in mouse ear tissue exposed to three treatment conditions,28993516,,,116882,GPL17021,Mus musculus,GSE,Expression profiling by high throughput sequencing,2018/01/31,15,ftp://ftp.ncbi.nlm.nih.gov/geo/series/GSE100nnn/GSE100918/,Mechanisms of the Innate Defense Regulator Peptide-1002 Anti-Inflammatory Activity in a Sterile Inflammation Mouse Model.,"Journal of immunology (Baltimore, Md. : 1950)",2017 Nov 15,10.4049/jimmunol.1700985,OSD-241|Mmus_BAL-TAL_FSKN_GC_Rep9_G9,Ground Control
92,GSM7798808,0.9952493906021118,GSE243950,Suture-anchored cutaneous tension induces persistent hypertrophic scarring in a novel murine model,,,This SuperSeries is composed of the SubSeries listed below.,Refer to individual Series,,,,817849,GPL24247; GPL21103,Mus musculus,GSE,Non-coding RNA profiling by high throughput sequencing; Expression profiling by high throughput sequencing,2023/09/28,12,ftp://ftp.ncbi.nlm.nih.gov/geo/series/GSE243nnn/GSE243950/,,,,,OSD-241|Mmus_BAL-TAL_FSKN_GC_Rep9_G9,Ground Control
93,GSM2137013,0.9951589107513428,GSE80784,“Transcriptomics Analysis Of SOCS3-deficient keratinocytes: Reveled Insights Into Progression of Chronic Skin Disease,,,"We analyzed time series transcriptomics data of SOCS3 conditional knockout keratinocytes mice at 2, 8 and 10 week by using RNA-Sequencing technology to gain a basic understanding on the role of SOCS3 in epidermal homeostasis and what are the key regulatory genes and interactions that are important for skin hemostasis. We identified the top altered genes profile and associated biological pathways and investigated how loss of SOCS3 from keratinocytes leads to chronic skin diseases. We also validated our RNA-seq analysis results on a human derived cultured keratinocyte cells. Our results suggest a novel function of SOCS3 gene that not only controls immune hemostasis but also plays an important role in epidermal hemostasis. We believe that establishing a regulatory model to explain the dynamics of SOCS3 that controls multiple cellular processes in keratinocyte will provide a detailed knowledge to elucidate the molecular mechanisms underlying epidermal homeostasis and the development of chronic epidermal diseases.","Socs3 cKO mice mRNA profiles of 2, 8 and 10 week wild type (WT)  C57BL/6 mice were generated by sequencing using HiSeq 1000 system (Illumina) machine  which could read a 50 bp sequence.",,,,70232,GPL15103,Mus musculus,GSE,Expression profiling by high throughput sequencing,2019/04/28,22,ftp://ftp.ncbi.nlm.nih.gov/geo/series/GSE80nnn/GSE80784/,,,,,OSD-241|Mmus_BAL-TAL_FSKN_GC_Rep9_G9,Ground Control
94,GSM2481951,0.9951589107513428,GSE94743,Insights into gene expression profiles induced by Socs3 depletion in Keratinocytes,,,"Specific deletion of suppressor of cytokine signaling 3 (Socs3) in keratinocytes can cause severe skin inflammation with infiltration of immune cells, however the molecular mechanisms and key regulatory pathways involved remains poorly understood. To investigate the role of Socs3 in keratinocytes, we generated and analyzed global RNA-Seq profiles in Socs3 conditional knockout (cKO) mice at two different stages (2- and 10- weeks). Over 400 shared genes were found to be significantly regulated at both time points. Two week samples were marked by initial skin barrier dysfunction established by the downregulation of keratin associated genes and upregulation of genes regulating lipid metabolism. Subsequent increase in expression level of multiple chemokines and cytokines at 10 week were observed representing response to skin inflammation caused by the disruption of skin barrier function. A group of activator protein-1 related genes were to found to be highly elevated in Socs3 cKO mice at both time points. This observation was duly validated using qRT-PCR in Socs3 depleted human keratinocyte–derived HaCaT cells. Overall this study reveals an important regulatory dynamics of Socs3 in skin barrier dysfunction.",Socs3 cKO mice mRNA profiles of 2  and 10 week wild type (WT)  C57BL/6 mice were generated by sequencing using HiSeq 1000 system (Illumina) machine  which could read a 50 bp sequence.,29158586,,,96312,GPL15103,Mus musculus,GSE,Expression profiling by high throughput sequencing,2018/02/01,15,ftp://ftp.ncbi.nlm.nih.gov/geo/series/GSE94nnn/GSE94743/,Insights into gene expression profiles induced by Socs3 depletion in keratinocytes.,Scientific reports,2017 Nov 20,10.1038/s41598-017-16155-1,OSD-241|Mmus_BAL-TAL_FSKN_GC_Rep9_G9,Ground Control
95,GSM2137010,0.9950264096260071,GSE80784,“Transcriptomics Analysis Of SOCS3-deficient keratinocytes: Reveled Insights Into Progression of Chronic Skin Disease,,,"We analyzed time series transcriptomics data of SOCS3 conditional knockout keratinocytes mice at 2, 8 and 10 week by using RNA-Sequencing technology to gain a basic understanding on the role of SOCS3 in epidermal homeostasis and what are the key regulatory genes and interactions that are important for skin hemostasis. We identified the top altered genes profile and associated biological pathways and investigated how loss of SOCS3 from keratinocytes leads to chronic skin diseases. We also validated our RNA-seq analysis results on a human derived cultured keratinocyte cells. Our results suggest a novel function of SOCS3 gene that not only controls immune hemostasis but also plays an important role in epidermal hemostasis. We believe that establishing a regulatory model to explain the dynamics of SOCS3 that controls multiple cellular processes in keratinocyte will provide a detailed knowledge to elucidate the molecular mechanisms underlying epidermal homeostasis and the development of chronic epidermal diseases.","Socs3 cKO mice mRNA profiles of 2, 8 and 10 week wild type (WT)  C57BL/6 mice were generated by sequencing using HiSeq 1000 system (Illumina) machine  which could read a 50 bp sequence.",,,,70229,GPL15103,Mus musculus,GSE,Expression profiling by high throughput sequencing,2019/04/28,22,ftp://ftp.ncbi.nlm.nih.gov/geo/series/GSE80nnn/GSE80784/,,,,,OSD-241|Mmus_BAL-TAL_FSKN_GC_Rep9_G9,Ground Control
96,GSM2481952,0.9950264096260071,GSE94743,Insights into gene expression profiles induced by Socs3 depletion in Keratinocytes,,,"Specific deletion of suppressor of cytokine signaling 3 (Socs3) in keratinocytes can cause severe skin inflammation with infiltration of immune cells, however the molecular mechanisms and key regulatory pathways involved remains poorly understood. To investigate the role of Socs3 in keratinocytes, we generated and analyzed global RNA-Seq profiles in Socs3 conditional knockout (cKO) mice at two different stages (2- and 10- weeks). Over 400 shared genes were found to be significantly regulated at both time points. Two week samples were marked by initial skin barrier dysfunction established by the downregulation of keratin associated genes and upregulation of genes regulating lipid metabolism. Subsequent increase in expression level of multiple chemokines and cytokines at 10 week were observed representing response to skin inflammation caused by the disruption of skin barrier function. A group of activator protein-1 related genes were to found to be highly elevated in Socs3 cKO mice at both time points. This observation was duly validated using qRT-PCR in Socs3 depleted human keratinocyte–derived HaCaT cells. Overall this study reveals an important regulatory dynamics of Socs3 in skin barrier dysfunction.",Socs3 cKO mice mRNA profiles of 2  and 10 week wild type (WT)  C57BL/6 mice were generated by sequencing using HiSeq 1000 system (Illumina) machine  which could read a 50 bp sequence.,29158586,,,96313,GPL15103,Mus musculus,GSE,Expression profiling by high throughput sequencing,2018/02/01,15,ftp://ftp.ncbi.nlm.nih.gov/geo/series/GSE94nnn/GSE94743/,Insights into gene expression profiles induced by Socs3 depletion in keratinocytes.,Scientific reports,2017 Nov 20,10.1038/s41598-017-16155-1,OSD-241|Mmus_BAL-TAL_FSKN_GC_Rep9_G9,Ground Control
97,GSM7432051,0.9950143098831177,GSE233658,Adiponectin in the mammalian host influences ticks' acquisition of the Lyme disease pathogen Borrelia,,,To understand the global gene expression profile at the tick bite site of adiponectin wildtype and knockout mice,We utilized RNA-seq to compare the transcriptome of adiponectin wildtype and knockout murine skin during tick feeding,,,,791462,GPL17021,Mus musculus,GSE,Expression profiling by high throughput sequencing,2023/09/06,6,ftp://ftp.ncbi.nlm.nih.gov/geo/series/GSE233nnn/GSE233658/,,,,,OSD-241|Mmus_BAL-TAL_FSKN_GC_Rep9_G9,Ground Control
98,GSM3851981,0.994683563709259,GSE132173,RNA-seq of tissues from MC903- and Ethanol-treated mice,,,"We report transcript abundance in skin, spinal_cord, and trigeminal ganglia from animals treated with MC903 to induce a mouse model of atopic dermatitis across different genotypes, time points, and treatments","Examination of gene expression in TSLPR.KO, wild-type, and neutrophil-depleted animals. For differential expression analysis, comparisons were performed between MC903 and ethanol treatments for the same condition (genotype, timepoint, etc.)",31631836,,,258761,GPL21103,Mus musculus,GSE,Expression profiling by high throughput sequencing,2019/11/13,162,ftp://ftp.ncbi.nlm.nih.gov/geo/series/GSE132nnn/GSE132173/,Neutrophils promote CXCR3-dependent itch in the development of atopic dermatitis.,eLife,2019 Oct 21,10.7554/eLife.48448,OSD-241|Mmus_BAL-TAL_FSKN_GC_Rep9_G9,Ground Control
99,GSM2696412,0.994675874710083,GSE100918,Mechanisms of the innate defense regulator peptide 1002 anti-inflammatory activity in a sterile inflammation mouse model,,,"Innate defense regulator (IDR) peptide-1002 is a synthetic host defense peptide derivative with strong anti-inflammatory properties.To investigate the anti-inflammatory mechanisms of IDR-1002 in vivo, the phorbol 12-myristate 13-acetate (PMA)-induced mouse ear inflammation model was used. Topical IDR-1002 treatment successfully dampened PMA-induced ear edema, proinflammatory cytokine production, reactive oxygen and nitrogen species release, and neutrophil recruitment in the ears of CD1 mice. Advanced RNA-Seq analysis on the mouse ear transcriptome revealed that IDR-1002 reduced sterile inflammation by suppressing the expression of transmembrane G-protein coupled receptors (Class A/1 rhodopsin-like), including receptors for chemokines, prostaglandins, histamine, platelet activating factor and anaphylatoxin. IDR-1002 also dampened IFNγ response and repressed the Interferon regulatory factor (Irf) 8-regulated network that controls central inflammatory pathways.",RNA-Seq profiling of gene expression in mouse ear tissue exposed to three treatment conditions,28993516,,,116879,GPL17021,Mus musculus,GSE,Expression profiling by high throughput sequencing,2018/01/31,15,ftp://ftp.ncbi.nlm.nih.gov/geo/series/GSE100nnn/GSE100918/,Mechanisms of the Innate Defense Regulator Peptide-1002 Anti-Inflammatory Activity in a Sterile Inflammation Mouse Model.,"Journal of immunology (Baltimore, Md. : 1950)",2017 Nov 15,10.4049/jimmunol.1700985,OSD-241|Mmus_BAL-TAL_FSKN_GC_Rep9_G9,Ground Control
100,GSM2696413,0.9966822862625122,GSE100918,Mechanisms of the innate defense regulator peptide 1002 anti-inflammatory activity in a sterile inflammation mouse model,,,"Innate defense regulator (IDR) peptide-1002 is a synthetic host defense peptide derivative with strong anti-inflammatory properties.To investigate the anti-inflammatory mechanisms of IDR-1002 in vivo, the phorbol 12-myristate 13-acetate (PMA)-induced mouse ear inflammation model was used. Topical IDR-1002 treatment successfully dampened PMA-induced ear edema, proinflammatory cytokine production, reactive oxygen and nitrogen species release, and neutrophil recruitment in the ears of CD1 mice. Advanced RNA-Seq analysis on the mouse ear transcriptome revealed that IDR-1002 reduced sterile inflammation by suppressing the expression of transmembrane G-protein coupled receptors (Class A/1 rhodopsin-like), including receptors for chemokines, prostaglandins, histamine, platelet activating factor and anaphylatoxin. IDR-1002 also dampened IFNγ response and repressed the Interferon regulatory factor (Irf) 8-regulated network that controls central inflammatory pathways.",RNA-Seq profiling of gene expression in mouse ear tissue exposed to three treatment conditions,28993516,,,116880,GPL17021,Mus musculus,GSE,Expression profiling by high throughput sequencing,2018/01/31,15,ftp://ftp.ncbi.nlm.nih.gov/geo/series/GSE100nnn/GSE100918/,Mechanisms of the Innate Defense Regulator Peptide-1002 Anti-Inflammatory Activity in a Sterile Inflammation Mouse Model.,"Journal of immunology (Baltimore, Md. : 1950)",2017 Nov 15,10.4049/jimmunol.1700985,OSD-241|Mmus_BAL-TAL_FSKN_FLT_Rep1_F1,Space Flight
101,GSM2696415,0.9948933720588684,GSE100918,Mechanisms of the innate defense regulator peptide 1002 anti-inflammatory activity in a sterile inflammation mouse model,,,"Innate defense regulator (IDR) peptide-1002 is a synthetic host defense peptide derivative with strong anti-inflammatory properties.To investigate the anti-inflammatory mechanisms of IDR-1002 in vivo, the phorbol 12-myristate 13-acetate (PMA)-induced mouse ear inflammation model was used. Topical IDR-1002 treatment successfully dampened PMA-induced ear edema, proinflammatory cytokine production, reactive oxygen and nitrogen species release, and neutrophil recruitment in the ears of CD1 mice. Advanced RNA-Seq analysis on the mouse ear transcriptome revealed that IDR-1002 reduced sterile inflammation by suppressing the expression of transmembrane G-protein coupled receptors (Class A/1 rhodopsin-like), including receptors for chemokines, prostaglandins, histamine, platelet activating factor and anaphylatoxin. IDR-1002 also dampened IFNγ response and repressed the Interferon regulatory factor (Irf) 8-regulated network that controls central inflammatory pathways.",RNA-Seq profiling of gene expression in mouse ear tissue exposed to three treatment conditions,28993516,,,116882,GPL17021,Mus musculus,GSE,Expression profiling by high throughput sequencing,2018/01/31,15,ftp://ftp.ncbi.nlm.nih.gov/geo/series/GSE100nnn/GSE100918/,Mechanisms of the Innate Defense Regulator Peptide-1002 Anti-Inflammatory Activity in a Sterile Inflammation Mouse Model.,"Journal of immunology (Baltimore, Md. : 1950)",2017 Nov 15,10.4049/jimmunol.1700985,OSD-241|Mmus_BAL-TAL_FSKN_FLT_Rep1_F1,Space Flight
102,GSM2696412,0.9948553442955017,GSE100918,Mechanisms of the innate defense regulator peptide 1002 anti-inflammatory activity in a sterile inflammation mouse model,,,"Innate defense regulator (IDR) peptide-1002 is a synthetic host defense peptide derivative with strong anti-inflammatory properties.To investigate the anti-inflammatory mechanisms of IDR-1002 in vivo, the phorbol 12-myristate 13-acetate (PMA)-induced mouse ear inflammation model was used. Topical IDR-1002 treatment successfully dampened PMA-induced ear edema, proinflammatory cytokine production, reactive oxygen and nitrogen species release, and neutrophil recruitment in the ears of CD1 mice. Advanced RNA-Seq analysis on the mouse ear transcriptome revealed that IDR-1002 reduced sterile inflammation by suppressing the expression of transmembrane G-protein coupled receptors (Class A/1 rhodopsin-like), including receptors for chemokines, prostaglandins, histamine, platelet activating factor and anaphylatoxin. IDR-1002 also dampened IFNγ response and repressed the Interferon regulatory factor (Irf) 8-regulated network that controls central inflammatory pathways.",RNA-Seq profiling of gene expression in mouse ear tissue exposed to three treatment conditions,28993516,,,116879,GPL17021,Mus musculus,GSE,Expression profiling by high throughput sequencing,2018/01/31,15,ftp://ftp.ncbi.nlm.nih.gov/geo/series/GSE100nnn/GSE100918/,Mechanisms of the Innate Defense Regulator Peptide-1002 Anti-Inflammatory Activity in a Sterile Inflammation Mouse Model.,"Journal of immunology (Baltimore, Md. : 1950)",2017 Nov 15,10.4049/jimmunol.1700985,OSD-241|Mmus_BAL-TAL_FSKN_FLT_Rep1_F1,Space Flight
103,GSM2817084,0.9946890473365784,GSE102007,Gene expression profiling of murine skin transgenically generated to express HPV16 E7 oncoprotein,,,A validated animal model would assist with research on the immunological consequences of the chronic expression of HPV16 E7 oncoprotein expression. Here we performed RNA-seq analysis of normal C57BL/6 skin versus mouse transgenically generated to express HPV16 E7 oncogene under the keratin 14 promoter (K14E7). Mice present with epithelial hyperplasia and increased immune cell infiltrate associated with immune suppression.,"Ear skin (n=6) 8-week old C57BL/6 and K14E7 mice Grafted samples (n=18) of donor C57BL/6, K14E7 and CD1d-/-xK14E7 skin on C57BL6 recipients",27333029,,,134709,GPL13112,Mus musculus,GSE,Expression profiling by high throughput sequencing,2017/10/30,24,ftp://ftp.ncbi.nlm.nih.gov/geo/series/GSE102nnn/GSE102007/,A Mouse Model of Hyperproliferative Human Epithelium Validated by Keratin Profiling Shows an Aberrant Cytoskeletal Response to Injury.,EBioMedicine,2016 Jul,10.1016/j.ebiom.2016.06.011,OSD-241|Mmus_BAL-TAL_FSKN_FLT_Rep1_F1,Space Flight
104,GSM8073690,0.9945995807647705,GSE255519,The interferon-rich skin environment regulates Langerhans cell ADAM17 to promote photosensitivity in lupus,,,"The autoimmune disease lupus erythematosus (lupus) is characterized in part by photosensitivity, where patients can develop inflammatory skin lesions with even ambient ultraviolet radiation (UVR) exposure. Evidence points to a role for type I interferon (IFN-I) in photosensitivity, but mechanistic understanding remains limited. We have shown that photosensitivity in lupus models is at least in part attributable to Langerhans cell (LC) dysfunction. Healthy LCs limit photosensitivity via a disintegrin and metalloprotease 17 (ADAM17), a sheddase that normally limits UVR-induced skin inflammation by releasing soluble epidermal growth factor receptor (EGFR) ligands to support keratinocyte survival. On the other hand, LCs from lesional and even non-lesional lupus model skin show reduced ADAM17 activity and mRNA expression. Non-lesional human lupus skin also showed evidence of LC dysfunction, and, here, we asked how the lupus skin environment contributes to this dysfunction. We show that non-lesional skin in human CLE and multiple photosensitive lupus models share gene expression patterns consistent with a high IFN environment and LC dysfunction. IFN-I inhibits murine and human LC ADAM17 activity, and anti-IFNAR1 in lupus models restores LC ADAM17 function and reduces photosensitivity in EGFR and LC ADAM17-dependent manners. Reactive oxygen species (ROS) are a mediator of ADAM17 activity, and we show that lupus models have reduced UVR-induced LC ROS generation that is restored by anti-IFNAR1. Our findings suggest shared pathogenic mechanisms of photosensitivity in human and murine lupus skin and a model whereby the IFN-I-rich microenvironment in non-lesional lupus skin inhibits UVR-induced ADAM17 activity, predisposing to photosensitivity. Our data also suggest that the beneficial effects of the recently FDA-approved anifrolumab (anti-IFNAR1) on human lupus skin could act in part by restoring LC function.",Comparative gene expression profiling analysis of RNA-seq data for,38860651,,,850742,GPL24247,Mus musculus,GSE,Expression profiling by high throughput sequencing,2024/02/23,19,ftp://ftp.ncbi.nlm.nih.gov/geo/series/GSE255nnn/GSE255519/,The interferon-rich skin environment regulates Langerhans cell ADAM17 to promote photosensitivity in lupus.,eLife,2024 Jun 11,10.7554/eLife.85914,OSD-241|Mmus_BAL-TAL_FSKN_FLT_Rep1_F1,Space Flight
105,GSM5015064,0.9943087100982666,GSE164623,Alteration of the whole skin gene expression as a result of Flg deficiency,,,"Defects of filaggrin (FLG) compromise epidermal barrier function and represent an important known genetic risk factor for atopic dermatitis (AD), but also for systemic atopy, including allergic sensitization and asthma. A loss of epidermal barrier integrity can provide a significant stress for the cells in both the epidermis as well as the underlying dermal layer of the skin, either due to the increased moisture evaporation from the skin or increased penetration of the antigens and microflora into the lower layers. This analysis was therefore designed to understand the effect of this loss of barrier integrity on the total skin transcriptional profile.",Total shaved back skin tissue samples were collected from 8 week old Flg-deficient mice and wt ctrls  Total RNA was isolated using the RNeasy Mini Kit+ (Qiagen). mRNA libraries were prepared using a SMART protocol and subjected to deep sequencing on an Illumina NextSeq 500.,,,,454810,GPL19057,Mus musculus,GSE,Expression profiling by high throughput sequencing,2021/05/01,8,ftp://ftp.ncbi.nlm.nih.gov/geo/series/GSE164nnn/GSE164623/,,,,,OSD-241|Mmus_BAL-TAL_FSKN_FLT_Rep1_F1,Space Flight
106,GSM8073691,0.9942871332168579,GSE255519,The interferon-rich skin environment regulates Langerhans cell ADAM17 to promote photosensitivity in lupus,,,"The autoimmune disease lupus erythematosus (lupus) is characterized in part by photosensitivity, where patients can develop inflammatory skin lesions with even ambient ultraviolet radiation (UVR) exposure. Evidence points to a role for type I interferon (IFN-I) in photosensitivity, but mechanistic understanding remains limited. We have shown that photosensitivity in lupus models is at least in part attributable to Langerhans cell (LC) dysfunction. Healthy LCs limit photosensitivity via a disintegrin and metalloprotease 17 (ADAM17), a sheddase that normally limits UVR-induced skin inflammation by releasing soluble epidermal growth factor receptor (EGFR) ligands to support keratinocyte survival. On the other hand, LCs from lesional and even non-lesional lupus model skin show reduced ADAM17 activity and mRNA expression. Non-lesional human lupus skin also showed evidence of LC dysfunction, and, here, we asked how the lupus skin environment contributes to this dysfunction. We show that non-lesional skin in human CLE and multiple photosensitive lupus models share gene expression patterns consistent with a high IFN environment and LC dysfunction. IFN-I inhibits murine and human LC ADAM17 activity, and anti-IFNAR1 in lupus models restores LC ADAM17 function and reduces photosensitivity in EGFR and LC ADAM17-dependent manners. Reactive oxygen species (ROS) are a mediator of ADAM17 activity, and we show that lupus models have reduced UVR-induced LC ROS generation that is restored by anti-IFNAR1. Our findings suggest shared pathogenic mechanisms of photosensitivity in human and murine lupus skin and a model whereby the IFN-I-rich microenvironment in non-lesional lupus skin inhibits UVR-induced ADAM17 activity, predisposing to photosensitivity. Our data also suggest that the beneficial effects of the recently FDA-approved anifrolumab (anti-IFNAR1) on human lupus skin could act in part by restoring LC function.",Comparative gene expression profiling analysis of RNA-seq data for,38860651,,,850743,GPL24247,Mus musculus,GSE,Expression profiling by high throughput sequencing,2024/02/23,19,ftp://ftp.ncbi.nlm.nih.gov/geo/series/GSE255nnn/GSE255519/,The interferon-rich skin environment regulates Langerhans cell ADAM17 to promote photosensitivity in lupus.,eLife,2024 Jun 11,10.7554/eLife.85914,OSD-241|Mmus_BAL-TAL_FSKN_FLT_Rep1_F1,Space Flight
107,GSM5015059,0.9942556023597717,GSE164623,Alteration of the whole skin gene expression as a result of Flg deficiency,,,"Defects of filaggrin (FLG) compromise epidermal barrier function and represent an important known genetic risk factor for atopic dermatitis (AD), but also for systemic atopy, including allergic sensitization and asthma. A loss of epidermal barrier integrity can provide a significant stress for the cells in both the epidermis as well as the underlying dermal layer of the skin, either due to the increased moisture evaporation from the skin or increased penetration of the antigens and microflora into the lower layers. This analysis was therefore designed to understand the effect of this loss of barrier integrity on the total skin transcriptional profile.",Total shaved back skin tissue samples were collected from 8 week old Flg-deficient mice and wt ctrls  Total RNA was isolated using the RNeasy Mini Kit+ (Qiagen). mRNA libraries were prepared using a SMART protocol and subjected to deep sequencing on an Illumina NextSeq 500.,,,,454805,GPL19057,Mus musculus,GSE,Expression profiling by high throughput sequencing,2021/05/01,8,ftp://ftp.ncbi.nlm.nih.gov/geo/series/GSE164nnn/GSE164623/,,,,,OSD-241|Mmus_BAL-TAL_FSKN_FLT_Rep1_F1,Space Flight
108,GSM5610971,0.9939857721328735,GSE185340,Next Generation Sequencing Facilitates Quantitative Analysis of Stat3f/f K5cre Skin Keratinocytes Transcriptomes,,,"Atopic dermatitis (AD) is the most common inflammatory skin disease. Stat3 mutation is a major cause of hyper IgE syndrome (HIES), which consistently represent AD like eczematous dermatitis. Based on multi-dimensional transcriptome analysis in pre- and post-flares skin, dermatitis phenotype was controlled by sequential two steps of Stat3 deficiency and environmental pathogenic stimuli. The Stat3 deficiency determined the barrier integrity that lowered threshold of inflammation, but this step was not sufficient to form pathogenicity. Transcriptome data indicated that emergence of dermatitis phenotype need to trigger robust activation of NFB pathway and TH2 cells. Continuous colonization of Staphylococcus aureus was an environmental stimulus to lower the activation threshold of TH2 inflammation in the skin.",Kinetical transcriptome analysis in cultured skin keratinocyte and ear skin of specific Stat3 deficient mice,34867936,,,552833,GPL18480,Mus musculus,GSE,Expression profiling by high throughput sequencing,2021/10/12,41,ftp://ftp.ncbi.nlm.nih.gov/geo/series/GSE185nnn/GSE185340/,Essential Role of STAT3 Signaling in Hair Follicle Homeostasis.,Frontiers in immunology,2021,10.3389/fimmu.2021.663177,OSD-241|Mmus_BAL-TAL_FSKN_FLT_Rep1_F1,Space Flight
109,GSM5715156,0.9938961863517761,GSE190138,Systematic analysis of inflammation and pain pathways in a mouse model of gout,,,"Gout is a prevalent and painful inflammatory arthritis, and its global burden continues to rise.  Intense pain induced by gout attacks is a major complication of gout. Treatment and long-term  management for gout patients remain challenging. Despite the discovery of many key immune  response and inflammatory genes and pathways in gout, the molecular mechanisms of gout  inflammation are still not entirely elucidated. Particularly, systematic studies of gout inflammation  and pain are lacking. Using a monosodium urate (MSU) crystals-induced gout model, we  performed genome-wide transcriptome analysis for the ankle joint, dorsal root ganglion (DRG),  and spinal cord of gout mice. Our results revealed transcriptional changes in both the joint and the  nervous system. Furthermore, through integrated analysis with public datasets of mouse  inflammatory pain and neuropathic pain models, human GWAS, osteoarthritis (OA), and  rheumatoid arthritis (RA), we identified common and unique features associated with acute gout  inflammation and severe pain.","Monosodium urate (MSU) crystals were used as treatments. 1 x PBS were used as controls.  Ankle joint, dorsal root ganglion (DRG), and spinal cord (SC) were collected and RNA-sequencing (RNA-seq) was performed.",35430901,,,574932,GPL24247,Mus musculus,GSE,Expression profiling by high throughput sequencing,2022/06/24,18,ftp://ftp.ncbi.nlm.nih.gov/geo/series/GSE190nnn/GSE190138/,Systematic analysis of inflammation and pain pathways in a mouse model of gout.,Molecular pain,2022 Jan-Dec,10.1177/17448069221097760,OSD-241|Mmus_BAL-TAL_FSKN_FLT_Rep1_F1,Space Flight
110,GSM3851982,0.9983841180801392,GSE132173,RNA-seq of tissues from MC903- and Ethanol-treated mice,,,"We report transcript abundance in skin, spinal_cord, and trigeminal ganglia from animals treated with MC903 to induce a mouse model of atopic dermatitis across different genotypes, time points, and treatments","Examination of gene expression in TSLPR.KO, wild-type, and neutrophil-depleted animals. For differential expression analysis, comparisons were performed between MC903 and ethanol treatments for the same condition (genotype, timepoint, etc.)",31631836,,,258762,GPL21103,Mus musculus,GSE,Expression profiling by high throughput sequencing,2019/11/13,162,ftp://ftp.ncbi.nlm.nih.gov/geo/series/GSE132nnn/GSE132173/,Neutrophils promote CXCR3-dependent itch in the development of atopic dermatitis.,eLife,2019 Oct 21,10.7554/eLife.48448,OSD-241|Mmus_BAL-TAL_FSKN_FLT_Rep2_F2,Space Flight
111,GSM3851981,0.998370885848999,GSE132173,RNA-seq of tissues from MC903- and Ethanol-treated mice,,,"We report transcript abundance in skin, spinal_cord, and trigeminal ganglia from animals treated with MC903 to induce a mouse model of atopic dermatitis across different genotypes, time points, and treatments","Examination of gene expression in TSLPR.KO, wild-type, and neutrophil-depleted animals. For differential expression analysis, comparisons were performed between MC903 and ethanol treatments for the same condition (genotype, timepoint, etc.)",31631836,,,258761,GPL21103,Mus musculus,GSE,Expression profiling by high throughput sequencing,2019/11/13,162,ftp://ftp.ncbi.nlm.nih.gov/geo/series/GSE132nnn/GSE132173/,Neutrophils promote CXCR3-dependent itch in the development of atopic dermatitis.,eLife,2019 Oct 21,10.7554/eLife.48448,OSD-241|Mmus_BAL-TAL_FSKN_FLT_Rep2_F2,Space Flight
112,GSM3851976,0.9981529116630554,GSE132173,RNA-seq of tissues from MC903- and Ethanol-treated mice,,,"We report transcript abundance in skin, spinal_cord, and trigeminal ganglia from animals treated with MC903 to induce a mouse model of atopic dermatitis across different genotypes, time points, and treatments","Examination of gene expression in TSLPR.KO, wild-type, and neutrophil-depleted animals. For differential expression analysis, comparisons were performed between MC903 and ethanol treatments for the same condition (genotype, timepoint, etc.)",31631836,,,258756,GPL21103,Mus musculus,GSE,Expression profiling by high throughput sequencing,2019/11/13,162,ftp://ftp.ncbi.nlm.nih.gov/geo/series/GSE132nnn/GSE132173/,Neutrophils promote CXCR3-dependent itch in the development of atopic dermatitis.,eLife,2019 Oct 21,10.7554/eLife.48448,OSD-241|Mmus_BAL-TAL_FSKN_FLT_Rep2_F2,Space Flight
113,GSM3851979,0.9981204867362976,GSE132173,RNA-seq of tissues from MC903- and Ethanol-treated mice,,,"We report transcript abundance in skin, spinal_cord, and trigeminal ganglia from animals treated with MC903 to induce a mouse model of atopic dermatitis across different genotypes, time points, and treatments","Examination of gene expression in TSLPR.KO, wild-type, and neutrophil-depleted animals. For differential expression analysis, comparisons were performed between MC903 and ethanol treatments for the same condition (genotype, timepoint, etc.)",31631836,,,258759,GPL21103,Mus musculus,GSE,Expression profiling by high throughput sequencing,2019/11/13,162,ftp://ftp.ncbi.nlm.nih.gov/geo/series/GSE132nnn/GSE132173/,Neutrophils promote CXCR3-dependent itch in the development of atopic dermatitis.,eLife,2019 Oct 21,10.7554/eLife.48448,OSD-241|Mmus_BAL-TAL_FSKN_FLT_Rep2_F2,Space Flight
114,GSM6214306,0.9980382919311523,GSE205530,Therapeutic effect of anti-KLK5 and KLK7 in a mouse model of atopic dermatitis,,,"To investigate the effect of blocking the activity of KLK5 and KLK7 in the skin in a model of atopic dermatitis, we treated mice inhibitory antibodies against KLK5 and KLK7.","shaven  back skin of mice was treated with SDS and Protein A for 7 days. Therapeutic intervention included  inhibitory antibodies (IP) against KLK5 and KLK7 (500ug and 250ug every other day)  or oral antibiotics (amp., vanco, neo., metron.)",36516271,,,651783,GPL21103,Mus musculus,GSE,Expression profiling by high throughput sequencing,2023/03/01,20,ftp://ftp.ncbi.nlm.nih.gov/geo/series/GSE205nnn/GSE205530/,Dual antibody inhibition of KLK5 and KLK7 for Netherton syndrome and atopic dermatitis.,Science translational medicine,2022 Dec 14,10.1126/scitranslmed.abp9159,OSD-241|Mmus_BAL-TAL_FSKN_FLT_Rep2_F2,Space Flight
115,GSM4486791,0.998017430305481,GSE148969,Repeat tick exposure elicits distinct immune responses in guinea pigs and mice,,,This SuperSeries is composed of the SubSeries listed below.,Refer to individual Series,,,,358874,GPL24247; GPL28437,Cavia porcellus; Mus musculus,GSE,Expression profiling by high throughput sequencing,2023/04/20,25,ftp://ftp.ncbi.nlm.nih.gov/geo/series/GSE148nnn/GSE148969/,,,,,OSD-241|Mmus_BAL-TAL_FSKN_FLT_Rep2_F2,Space Flight
116,GSM7798807,0.9980159401893616,GSE243950,Suture-anchored cutaneous tension induces persistent hypertrophic scarring in a novel murine model,,,This SuperSeries is composed of the SubSeries listed below.,Refer to individual Series,,,,817848,GPL24247; GPL21103,Mus musculus,GSE,Non-coding RNA profiling by high throughput sequencing; Expression profiling by high throughput sequencing,2023/09/28,12,ftp://ftp.ncbi.nlm.nih.gov/geo/series/GSE243nnn/GSE243950/,,,,,OSD-241|Mmus_BAL-TAL_FSKN_FLT_Rep2_F2,Space Flight
117,GSM7798809,0.9978663921356201,GSE243950,Suture-anchored cutaneous tension induces persistent hypertrophic scarring in a novel murine model,,,This SuperSeries is composed of the SubSeries listed below.,Refer to individual Series,,,,817850,GPL24247; GPL21103,Mus musculus,GSE,Non-coding RNA profiling by high throughput sequencing; Expression profiling by high throughput sequencing,2023/09/28,12,ftp://ftp.ncbi.nlm.nih.gov/geo/series/GSE243nnn/GSE243950/,,,,,OSD-241|Mmus_BAL-TAL_FSKN_FLT_Rep2_F2,Space Flight
118,GSM3852001,0.9978611469268799,GSE132173,RNA-seq of tissues from MC903- and Ethanol-treated mice,,,"We report transcript abundance in skin, spinal_cord, and trigeminal ganglia from animals treated with MC903 to induce a mouse model of atopic dermatitis across different genotypes, time points, and treatments","Examination of gene expression in TSLPR.KO, wild-type, and neutrophil-depleted animals. For differential expression analysis, comparisons were performed between MC903 and ethanol treatments for the same condition (genotype, timepoint, etc.)",31631836,,,258781,GPL21103,Mus musculus,GSE,Expression profiling by high throughput sequencing,2019/11/13,162,ftp://ftp.ncbi.nlm.nih.gov/geo/series/GSE132nnn/GSE132173/,Neutrophils promote CXCR3-dependent itch in the development of atopic dermatitis.,eLife,2019 Oct 21,10.7554/eLife.48448,OSD-241|Mmus_BAL-TAL_FSKN_FLT_Rep2_F2,Space Flight
119,GSM3851944,0.9978427886962891,GSE132173,RNA-seq of tissues from MC903- and Ethanol-treated mice,,,"We report transcript abundance in skin, spinal_cord, and trigeminal ganglia from animals treated with MC903 to induce a mouse model of atopic dermatitis across different genotypes, time points, and treatments","Examination of gene expression in TSLPR.KO, wild-type, and neutrophil-depleted animals. For differential expression analysis, comparisons were performed between MC903 and ethanol treatments for the same condition (genotype, timepoint, etc.)",31631836,,,258724,GPL21103,Mus musculus,GSE,Expression profiling by high throughput sequencing,2019/11/13,162,ftp://ftp.ncbi.nlm.nih.gov/geo/series/GSE132nnn/GSE132173/,Neutrophils promote CXCR3-dependent itch in the development of atopic dermatitis.,eLife,2019 Oct 21,10.7554/eLife.48448,OSD-241|Mmus_BAL-TAL_FSKN_FLT_Rep2_F2,Space Flight
120,GSM5345174,0.99174964427948,GSE175732,Establishment of an intradermal ear injection model of IL-17A and IL-36γ as a tool to investigate the psoriatic cytokine network,,,The aim of this study was to establish an intradermal ear injection model to evaluate the effects of IL-36γ and IL-17A in psoriasis.The cytokines IL-36γ and IL-17A were injected intradermally alone or in combination into the ear pinnae of C57BL/6 mice. Ear thickness measurement was performed daily. After 4 days mice were euthanized and a gene expression profiling was conducted.,"12 samples were analyzed: Comparison between a PBS control group and groups that were treated with either IL-17A, IL-36γ or the combination of both (3 samples of each group were analyzed).",34440590,,,499322,GPL19057,Mus musculus,GSE,Expression profiling by high throughput sequencing,2021/09/01,12,ftp://ftp.ncbi.nlm.nih.gov/geo/series/GSE175nnn/GSE175732/,Establishment of an Intradermal Ear Injection Model of IL-17A and IL-36γ as a Tool to Investigate the Psoriatic Cytokine Network.,"Life (Basel, Switzerland)",2021 Aug 19,10.3390/life11080846,OSD-241|Mmus_BAL-TAL_FSKN_FLT_Rep3_F3,Space Flight
121,GSM5345173,0.9911095499992371,GSE175732,Establishment of an intradermal ear injection model of IL-17A and IL-36γ as a tool to investigate the psoriatic cytokine network,,,The aim of this study was to establish an intradermal ear injection model to evaluate the effects of IL-36γ and IL-17A in psoriasis.The cytokines IL-36γ and IL-17A were injected intradermally alone or in combination into the ear pinnae of C57BL/6 mice. Ear thickness measurement was performed daily. After 4 days mice were euthanized and a gene expression profiling was conducted.,"12 samples were analyzed: Comparison between a PBS control group and groups that were treated with either IL-17A, IL-36γ or the combination of both (3 samples of each group were analyzed).",34440590,,,499321,GPL19057,Mus musculus,GSE,Expression profiling by high throughput sequencing,2021/09/01,12,ftp://ftp.ncbi.nlm.nih.gov/geo/series/GSE175nnn/GSE175732/,Establishment of an Intradermal Ear Injection Model of IL-17A and IL-36γ as a Tool to Investigate the Psoriatic Cytokine Network.,"Life (Basel, Switzerland)",2021 Aug 19,10.3390/life11080846,OSD-241|Mmus_BAL-TAL_FSKN_FLT_Rep3_F3,Space Flight
122,GSM3442861,0.9908715486526489,GSE121659,RNA-Seq analysis of skin from bleomycin induced scleroderma murine models treated with EHP-101 or Ajulemic acid,,,"Several lines of evidence have shown that the endocannabinoid system (ECS) may play a role in the pathophysiology of systemic sclerosis (SSc). Thereby, structurally different dual PPARγ/CB2 agonists such as VCE-004.8 and Ajulemic acid (AjA) have been shown to alleviate skin fibrosis and inflammation in experimental models of SSc. Since both compounds are currently being tested in humans, we were interested to identify similarities and differences in a murine model of SSc. One method available to assess this is the pharmacotranscriptomic signature of the individual compounds. To analyze the pharmacotranscriptomic signature, we used RNA-Seq to analyze the skin gene expression changes from bleomycin-induced fibrosis in mice treated orally with either AjA or EHP-101, a lipidic formulation of VCE-004.8.  While both compounds prevented the upregulation of a common group of genes involved in the inflammatory and fibrotic components of the disease and the pharmacotranscriptomic signatures were similar for both compounds in some pathways, we found key differences between the compounds in several functional groups, including genes related the hypoxia, interferon-α and interferon-γ response. Additionally, we found 28 specific genes with translation potential by comparing our results with a list of intrinsic human scleroderma genes.  Inmunohistochemical analysis revealed that both EHP-101 and AjA prevented bleomycin-induced skin fibrosis, collagen accumulation, and TNC and VCAM expression. However, only EHP-101 normalized the reduced expression of vascular CD31, CD34 and Von Willebrand factor markers, which parallels skin fibrosis, while AjA did not affect these markers. Finally, clear differences were also found in the plasmatic biomarker analysis, in which we found that EHP-101, but not AjA, enhanced the expression of some factors related to angiogenesis and vasculogenesis. Altogether the results indicate that dual PPARγ/CB2 agonists qualify as a novel therapeutic approach for the treatment of SSc and other fibrotic diseases as well, and that EHP-101 has unique mechanisms of action related to the pathophysiology of SSc which could be beneficial in treatment of this complex disease with no current therapeutic options.","RNA-Seq profiles were generated for six- to eight-week-old female BALB/c mice in four conditions: Control, Bleomycin, Bleomycin + EHP-101 treatment and Bleomycin + Ajulemic acid treatment. Please note that the ""raw_counts_newsamples.txt"" includes raw counts obtained from featureCounts for the samples included in this entry and the ""raw_counts_merged.txt"" includes raw counts obtained from merging the counts of the samples from this entry with the counts of the samples from the GSE115503 entry.",30825431,,,213016,GPL17021,Mus musculus,GSE,Expression profiling by high throughput sequencing,2019/03/31,6,ftp://ftp.ncbi.nlm.nih.gov/geo/series/GSE121nnn/GSE121659/,Cannabinoid derivatives acting as dual PPARγ/CB2 agonists as therapeutic agents for systemic sclerosis.,Biochemical pharmacology,2019 May,10.1016/j.bcp.2019.02.029,OSD-241|Mmus_BAL-TAL_FSKN_FLT_Rep3_F3,Space Flight
123,GSM2219785,0.9907240867614746,GSE83855,Time-restricted feeding shifts the skin circadian clock and alters UVB-induced DNA damage,,,"The epidermis is as a highly regenerative barrier protecting organisms from environmental insults, including ultraviolet radiation, the main cause of skin cancer and skin aging. Here we show that time-restricted feeding (RF) shifts the phase and alters the amplitude of the skin circadian clock and affects the expression of approximately 10% of the skin transcriptome. Furthermore, a strikingly large number of skin-expressed genes are acutely regulated by food intake. While the circadian clock is required for daily rhythms in DNA synthesis in epidermal stem cells, RF-induced shifts in clock phase do not alter the phase of DNA synthesis. However, both the expression of the key DNA repair gene Xpa, and the diurnal sensitivity to UVB-induced DNA damage, are altered by RF. Together our findings indicate an unexpected regulation of skin function by time of feeding and emphasize the important link between circadian rhythm, food intake, and skin health.",Totally 24 samples were sequenced. One sample for each time point and 8 time points for each feeding group. Each sample was pooled from 2-4 biological replicates.,28768192,,,73218,GPL17021,Mus musculus,GSE,Expression profiling by high throughput sequencing,2017/08/01,24,ftp://ftp.ncbi.nlm.nih.gov/geo/series/GSE83nnn/GSE83855/,Time-Restricted Feeding Shifts the Skin Circadian Clock and Alters UVB-Induced DNA Damage.,Cell reports,2017 Aug 1,10.1016/j.celrep.2017.07.022,OSD-241|Mmus_BAL-TAL_FSKN_FLT_Rep3_F3,Space Flight
124,GSM4277266,0.9904292821884155,GSE143955,RNAseq profiling of skin samples from wild type and RIPK1E-KO mice,,,Keratinocyte-specific RIPK1 deficiency causes skin inflammation due to ZBP1-induced necroptosis. RNA-Seq analysis of the skin from wild type and RIK1E-KO mice was performed to examine how RIPK1 deficiency affects the expression of mRNAs as well as endogenous retroelement-derived transcripts.,RNAseq was performed in RNA from either epidermal or total skin samples from wildtype and RIK1E-KO mice that were untreated or treated with reverse transcriptase inhibitors.,32296175,,,332612,GPL13112; GPL24247,Mus musculus,GSE,Expression profiling by high throughput sequencing,2020/03/27,25,ftp://ftp.ncbi.nlm.nih.gov/geo/series/GSE143nnn/GSE143955/,Z-nucleic-acid sensing triggers ZBP1-dependent necroptosis and inflammation.,Nature,2020 Apr,10.1038/s41586-020-2129-8,OSD-241|Mmus_BAL-TAL_FSKN_FLT_Rep3_F3,Space Flight
125,GSM2219779,0.9903936386108398,GSE83855,Time-restricted feeding shifts the skin circadian clock and alters UVB-induced DNA damage,,,"The epidermis is as a highly regenerative barrier protecting organisms from environmental insults, including ultraviolet radiation, the main cause of skin cancer and skin aging. Here we show that time-restricted feeding (RF) shifts the phase and alters the amplitude of the skin circadian clock and affects the expression of approximately 10% of the skin transcriptome. Furthermore, a strikingly large number of skin-expressed genes are acutely regulated by food intake. While the circadian clock is required for daily rhythms in DNA synthesis in epidermal stem cells, RF-induced shifts in clock phase do not alter the phase of DNA synthesis. However, both the expression of the key DNA repair gene Xpa, and the diurnal sensitivity to UVB-induced DNA damage, are altered by RF. Together our findings indicate an unexpected regulation of skin function by time of feeding and emphasize the important link between circadian rhythm, food intake, and skin health.",Totally 24 samples were sequenced. One sample for each time point and 8 time points for each feeding group. Each sample was pooled from 2-4 biological replicates.,28768192,,,73212,GPL17021,Mus musculus,GSE,Expression profiling by high throughput sequencing,2017/08/01,24,ftp://ftp.ncbi.nlm.nih.gov/geo/series/GSE83nnn/GSE83855/,Time-Restricted Feeding Shifts the Skin Circadian Clock and Alters UVB-Induced DNA Damage.,Cell reports,2017 Aug 1,10.1016/j.celrep.2017.07.022,OSD-241|Mmus_BAL-TAL_FSKN_FLT_Rep3_F3,Space Flight
126,GSM4277271,0.990354061126709,GSE143955,RNAseq profiling of skin samples from wild type and RIPK1E-KO mice,,,Keratinocyte-specific RIPK1 deficiency causes skin inflammation due to ZBP1-induced necroptosis. RNA-Seq analysis of the skin from wild type and RIK1E-KO mice was performed to examine how RIPK1 deficiency affects the expression of mRNAs as well as endogenous retroelement-derived transcripts.,RNAseq was performed in RNA from either epidermal or total skin samples from wildtype and RIK1E-KO mice that were untreated or treated with reverse transcriptase inhibitors.,32296175,,,332617,GPL13112; GPL24247,Mus musculus,GSE,Expression profiling by high throughput sequencing,2020/03/27,25,ftp://ftp.ncbi.nlm.nih.gov/geo/series/GSE143nnn/GSE143955/,Z-nucleic-acid sensing triggers ZBP1-dependent necroptosis and inflammation.,Nature,2020 Apr,10.1038/s41586-020-2129-8,OSD-241|Mmus_BAL-TAL_FSKN_FLT_Rep3_F3,Space Flight
127,GSM2219787,0.990054190158844,GSE83855,Time-restricted feeding shifts the skin circadian clock and alters UVB-induced DNA damage,,,"The epidermis is as a highly regenerative barrier protecting organisms from environmental insults, including ultraviolet radiation, the main cause of skin cancer and skin aging. Here we show that time-restricted feeding (RF) shifts the phase and alters the amplitude of the skin circadian clock and affects the expression of approximately 10% of the skin transcriptome. Furthermore, a strikingly large number of skin-expressed genes are acutely regulated by food intake. While the circadian clock is required for daily rhythms in DNA synthesis in epidermal stem cells, RF-induced shifts in clock phase do not alter the phase of DNA synthesis. However, both the expression of the key DNA repair gene Xpa, and the diurnal sensitivity to UVB-induced DNA damage, are altered by RF. Together our findings indicate an unexpected regulation of skin function by time of feeding and emphasize the important link between circadian rhythm, food intake, and skin health.",Totally 24 samples were sequenced. One sample for each time point and 8 time points for each feeding group. Each sample was pooled from 2-4 biological replicates.,28768192,,,73220,GPL17021,Mus musculus,GSE,Expression profiling by high throughput sequencing,2017/08/01,24,ftp://ftp.ncbi.nlm.nih.gov/geo/series/GSE83nnn/GSE83855/,Time-Restricted Feeding Shifts the Skin Circadian Clock and Alters UVB-Induced DNA Damage.,Cell reports,2017 Aug 1,10.1016/j.celrep.2017.07.022,OSD-241|Mmus_BAL-TAL_FSKN_FLT_Rep3_F3,Space Flight
128,GSM3895426,0.9900445938110352,GSE132869,A murine systemic bleomycin model of scleroderma,,,"A well-characterized mouse model of SSc involves daily subcutaneous injections of the antitumor antibiotic bleomycin (BLM), which leads to localized dermal fibrosis as well as pulmonary fibrosis. We have termed this the “Systemic Bleomycin Model” to distinguish it from the already-established Intratracheal (IT) model. We utilize this model, which mimics several key features of human SSc, to examine the pathological mechanisms underlying the development and progression of fibrosis in SSc.","Female C57BL/6 mice (~12 weeks old) were used for this study. An electric shaver was used to shave the interscapular region on the back of each mouse, and a non-toxic permanent marker was used to draw two small circles on the skin within the shaved area on each mouse. Fibrosis was induced by daily subcutaneous injections of either bleomycin (10mg/kg/day; 100μl per injection site of 1mg/ml solution for these ~20gm mice) or PBS (vehicle control) within the marked interscapular regions. Injections began on Day 0 and were done five times per week for two weeks, using a 27-gauge needle. (Bhattacharyya S. et al., Sci Transl Med 2014 Apr 16;6(232):232ra50; Huang J. et al., Ann Rheum Dis 2015 Apr 9. pii: annrheumdis-2014-207109). Beginning on Day 12, the ALK5 inhibitor SB525334 (30mpk) or vehicle was delivered (PO, BID dosing). Note that Groups 1-2 and Groups 3-4 were sacrificed on Day 7 and Day 14, respectively, and thus did not receive oral dosing. Groups 5-7 were sacrificed on Day 21. The last oral doses were administered on Day 27. Groups 8-10 were sacrificed on Day 28. Groups 11-12 (which specifically serve to assess resolution in this model, and do not examine the effect of Alk5 inhibition) were sacrificed on Day 42.",34289031,,,271538,GPL17021,Mus musculus,GSE,Expression profiling by high throughput sequencing,2019/06/18,186,ftp://ftp.ncbi.nlm.nih.gov/geo/series/GSE132nnn/GSE132869/,Transcriptome analysis reveals key genes modulated by ALK5 inhibition in a bleomycin model of systemic sclerosis.,"Rheumatology (Oxford, England)",2022 Apr 11,10.1093/rheumatology/keab580,OSD-241|Mmus_BAL-TAL_FSKN_FLT_Rep3_F3,Space Flight
129,GSM3895466,0.9899204969406128,GSE132869,A murine systemic bleomycin model of scleroderma,,,"A well-characterized mouse model of SSc involves daily subcutaneous injections of the antitumor antibiotic bleomycin (BLM), which leads to localized dermal fibrosis as well as pulmonary fibrosis. We have termed this the “Systemic Bleomycin Model” to distinguish it from the already-established Intratracheal (IT) model. We utilize this model, which mimics several key features of human SSc, to examine the pathological mechanisms underlying the development and progression of fibrosis in SSc.","Female C57BL/6 mice (~12 weeks old) were used for this study. An electric shaver was used to shave the interscapular region on the back of each mouse, and a non-toxic permanent marker was used to draw two small circles on the skin within the shaved area on each mouse. Fibrosis was induced by daily subcutaneous injections of either bleomycin (10mg/kg/day; 100μl per injection site of 1mg/ml solution for these ~20gm mice) or PBS (vehicle control) within the marked interscapular regions. Injections began on Day 0 and were done five times per week for two weeks, using a 27-gauge needle. (Bhattacharyya S. et al., Sci Transl Med 2014 Apr 16;6(232):232ra50; Huang J. et al., Ann Rheum Dis 2015 Apr 9. pii: annrheumdis-2014-207109). Beginning on Day 12, the ALK5 inhibitor SB525334 (30mpk) or vehicle was delivered (PO, BID dosing). Note that Groups 1-2 and Groups 3-4 were sacrificed on Day 7 and Day 14, respectively, and thus did not receive oral dosing. Groups 5-7 were sacrificed on Day 21. The last oral doses were administered on Day 27. Groups 8-10 were sacrificed on Day 28. Groups 11-12 (which specifically serve to assess resolution in this model, and do not examine the effect of Alk5 inhibition) were sacrificed on Day 42.",34289031,,,271578,GPL17021,Mus musculus,GSE,Expression profiling by high throughput sequencing,2019/06/18,186,ftp://ftp.ncbi.nlm.nih.gov/geo/series/GSE132nnn/GSE132869/,Transcriptome analysis reveals key genes modulated by ALK5 inhibition in a bleomycin model of systemic sclerosis.,"Rheumatology (Oxford, England)",2022 Apr 11,10.1093/rheumatology/keab580,OSD-241|Mmus_BAL-TAL_FSKN_FLT_Rep3_F3,Space Flight
130,GSM2696413,0.9952871799468994,GSE100918,Mechanisms of the innate defense regulator peptide 1002 anti-inflammatory activity in a sterile inflammation mouse model,,,"Innate defense regulator (IDR) peptide-1002 is a synthetic host defense peptide derivative with strong anti-inflammatory properties.To investigate the anti-inflammatory mechanisms of IDR-1002 in vivo, the phorbol 12-myristate 13-acetate (PMA)-induced mouse ear inflammation model was used. Topical IDR-1002 treatment successfully dampened PMA-induced ear edema, proinflammatory cytokine production, reactive oxygen and nitrogen species release, and neutrophil recruitment in the ears of CD1 mice. Advanced RNA-Seq analysis on the mouse ear transcriptome revealed that IDR-1002 reduced sterile inflammation by suppressing the expression of transmembrane G-protein coupled receptors (Class A/1 rhodopsin-like), including receptors for chemokines, prostaglandins, histamine, platelet activating factor and anaphylatoxin. IDR-1002 also dampened IFNγ response and repressed the Interferon regulatory factor (Irf) 8-regulated network that controls central inflammatory pathways.",RNA-Seq profiling of gene expression in mouse ear tissue exposed to three treatment conditions,28993516,,,116880,GPL17021,Mus musculus,GSE,Expression profiling by high throughput sequencing,2018/01/31,15,ftp://ftp.ncbi.nlm.nih.gov/geo/series/GSE100nnn/GSE100918/,Mechanisms of the Innate Defense Regulator Peptide-1002 Anti-Inflammatory Activity in a Sterile Inflammation Mouse Model.,"Journal of immunology (Baltimore, Md. : 1950)",2017 Nov 15,10.4049/jimmunol.1700985,OSD-241|Mmus_BAL-TAL_FSKN_FLT_Rep4_F4,Space Flight
131,GSM5345174,0.9933850169181824,GSE175732,Establishment of an intradermal ear injection model of IL-17A and IL-36γ as a tool to investigate the psoriatic cytokine network,,,The aim of this study was to establish an intradermal ear injection model to evaluate the effects of IL-36γ and IL-17A in psoriasis.The cytokines IL-36γ and IL-17A were injected intradermally alone or in combination into the ear pinnae of C57BL/6 mice. Ear thickness measurement was performed daily. After 4 days mice were euthanized and a gene expression profiling was conducted.,"12 samples were analyzed: Comparison between a PBS control group and groups that were treated with either IL-17A, IL-36γ or the combination of both (3 samples of each group were analyzed).",34440590,,,499322,GPL19057,Mus musculus,GSE,Expression profiling by high throughput sequencing,2021/09/01,12,ftp://ftp.ncbi.nlm.nih.gov/geo/series/GSE175nnn/GSE175732/,Establishment of an Intradermal Ear Injection Model of IL-17A and IL-36γ as a Tool to Investigate the Psoriatic Cytokine Network.,"Life (Basel, Switzerland)",2021 Aug 19,10.3390/life11080846,OSD-241|Mmus_BAL-TAL_FSKN_FLT_Rep4_F4,Space Flight
132,GSM2696415,0.9931851029396057,GSE100918,Mechanisms of the innate defense regulator peptide 1002 anti-inflammatory activity in a sterile inflammation mouse model,,,"Innate defense regulator (IDR) peptide-1002 is a synthetic host defense peptide derivative with strong anti-inflammatory properties.To investigate the anti-inflammatory mechanisms of IDR-1002 in vivo, the phorbol 12-myristate 13-acetate (PMA)-induced mouse ear inflammation model was used. Topical IDR-1002 treatment successfully dampened PMA-induced ear edema, proinflammatory cytokine production, reactive oxygen and nitrogen species release, and neutrophil recruitment in the ears of CD1 mice. Advanced RNA-Seq analysis on the mouse ear transcriptome revealed that IDR-1002 reduced sterile inflammation by suppressing the expression of transmembrane G-protein coupled receptors (Class A/1 rhodopsin-like), including receptors for chemokines, prostaglandins, histamine, platelet activating factor and anaphylatoxin. IDR-1002 also dampened IFNγ response and repressed the Interferon regulatory factor (Irf) 8-regulated network that controls central inflammatory pathways.",RNA-Seq profiling of gene expression in mouse ear tissue exposed to three treatment conditions,28993516,,,116882,GPL17021,Mus musculus,GSE,Expression profiling by high throughput sequencing,2018/01/31,15,ftp://ftp.ncbi.nlm.nih.gov/geo/series/GSE100nnn/GSE100918/,Mechanisms of the Innate Defense Regulator Peptide-1002 Anti-Inflammatory Activity in a Sterile Inflammation Mouse Model.,"Journal of immunology (Baltimore, Md. : 1950)",2017 Nov 15,10.4049/jimmunol.1700985,OSD-241|Mmus_BAL-TAL_FSKN_FLT_Rep4_F4,Space Flight
133,GSM8073690,0.9931716322898865,GSE255519,The interferon-rich skin environment regulates Langerhans cell ADAM17 to promote photosensitivity in lupus,,,"The autoimmune disease lupus erythematosus (lupus) is characterized in part by photosensitivity, where patients can develop inflammatory skin lesions with even ambient ultraviolet radiation (UVR) exposure. Evidence points to a role for type I interferon (IFN-I) in photosensitivity, but mechanistic understanding remains limited. We have shown that photosensitivity in lupus models is at least in part attributable to Langerhans cell (LC) dysfunction. Healthy LCs limit photosensitivity via a disintegrin and metalloprotease 17 (ADAM17), a sheddase that normally limits UVR-induced skin inflammation by releasing soluble epidermal growth factor receptor (EGFR) ligands to support keratinocyte survival. On the other hand, LCs from lesional and even non-lesional lupus model skin show reduced ADAM17 activity and mRNA expression. Non-lesional human lupus skin also showed evidence of LC dysfunction, and, here, we asked how the lupus skin environment contributes to this dysfunction. We show that non-lesional skin in human CLE and multiple photosensitive lupus models share gene expression patterns consistent with a high IFN environment and LC dysfunction. IFN-I inhibits murine and human LC ADAM17 activity, and anti-IFNAR1 in lupus models restores LC ADAM17 function and reduces photosensitivity in EGFR and LC ADAM17-dependent manners. Reactive oxygen species (ROS) are a mediator of ADAM17 activity, and we show that lupus models have reduced UVR-induced LC ROS generation that is restored by anti-IFNAR1. Our findings suggest shared pathogenic mechanisms of photosensitivity in human and murine lupus skin and a model whereby the IFN-I-rich microenvironment in non-lesional lupus skin inhibits UVR-induced ADAM17 activity, predisposing to photosensitivity. Our data also suggest that the beneficial effects of the recently FDA-approved anifrolumab (anti-IFNAR1) on human lupus skin could act in part by restoring LC function.",Comparative gene expression profiling analysis of RNA-seq data for,38860651,,,850742,GPL24247,Mus musculus,GSE,Expression profiling by high throughput sequencing,2024/02/23,19,ftp://ftp.ncbi.nlm.nih.gov/geo/series/GSE255nnn/GSE255519/,The interferon-rich skin environment regulates Langerhans cell ADAM17 to promote photosensitivity in lupus.,eLife,2024 Jun 11,10.7554/eLife.85914,OSD-241|Mmus_BAL-TAL_FSKN_FLT_Rep4_F4,Space Flight
134,GSM2219787,0.9930074214935303,GSE83855,Time-restricted feeding shifts the skin circadian clock and alters UVB-induced DNA damage,,,"The epidermis is as a highly regenerative barrier protecting organisms from environmental insults, including ultraviolet radiation, the main cause of skin cancer and skin aging. Here we show that time-restricted feeding (RF) shifts the phase and alters the amplitude of the skin circadian clock and affects the expression of approximately 10% of the skin transcriptome. Furthermore, a strikingly large number of skin-expressed genes are acutely regulated by food intake. While the circadian clock is required for daily rhythms in DNA synthesis in epidermal stem cells, RF-induced shifts in clock phase do not alter the phase of DNA synthesis. However, both the expression of the key DNA repair gene Xpa, and the diurnal sensitivity to UVB-induced DNA damage, are altered by RF. Together our findings indicate an unexpected regulation of skin function by time of feeding and emphasize the important link between circadian rhythm, food intake, and skin health.",Totally 24 samples were sequenced. One sample for each time point and 8 time points for each feeding group. Each sample was pooled from 2-4 biological replicates.,28768192,,,73220,GPL17021,Mus musculus,GSE,Expression profiling by high throughput sequencing,2017/08/01,24,ftp://ftp.ncbi.nlm.nih.gov/geo/series/GSE83nnn/GSE83855/,Time-Restricted Feeding Shifts the Skin Circadian Clock and Alters UVB-Induced DNA Damage.,Cell reports,2017 Aug 1,10.1016/j.celrep.2017.07.022,OSD-241|Mmus_BAL-TAL_FSKN_FLT_Rep4_F4,Space Flight
135,GSM2696412,0.9929293394088745,GSE100918,Mechanisms of the innate defense regulator peptide 1002 anti-inflammatory activity in a sterile inflammation mouse model,,,"Innate defense regulator (IDR) peptide-1002 is a synthetic host defense peptide derivative with strong anti-inflammatory properties.To investigate the anti-inflammatory mechanisms of IDR-1002 in vivo, the phorbol 12-myristate 13-acetate (PMA)-induced mouse ear inflammation model was used. Topical IDR-1002 treatment successfully dampened PMA-induced ear edema, proinflammatory cytokine production, reactive oxygen and nitrogen species release, and neutrophil recruitment in the ears of CD1 mice. Advanced RNA-Seq analysis on the mouse ear transcriptome revealed that IDR-1002 reduced sterile inflammation by suppressing the expression of transmembrane G-protein coupled receptors (Class A/1 rhodopsin-like), including receptors for chemokines, prostaglandins, histamine, platelet activating factor and anaphylatoxin. IDR-1002 also dampened IFNγ response and repressed the Interferon regulatory factor (Irf) 8-regulated network that controls central inflammatory pathways.",RNA-Seq profiling of gene expression in mouse ear tissue exposed to three treatment conditions,28993516,,,116879,GPL17021,Mus musculus,GSE,Expression profiling by high throughput sequencing,2018/01/31,15,ftp://ftp.ncbi.nlm.nih.gov/geo/series/GSE100nnn/GSE100918/,Mechanisms of the Innate Defense Regulator Peptide-1002 Anti-Inflammatory Activity in a Sterile Inflammation Mouse Model.,"Journal of immunology (Baltimore, Md. : 1950)",2017 Nov 15,10.4049/jimmunol.1700985,OSD-241|Mmus_BAL-TAL_FSKN_FLT_Rep4_F4,Space Flight
136,GSM2817084,0.9928840398788452,GSE102007,Gene expression profiling of murine skin transgenically generated to express HPV16 E7 oncoprotein,,,A validated animal model would assist with research on the immunological consequences of the chronic expression of HPV16 E7 oncoprotein expression. Here we performed RNA-seq analysis of normal C57BL/6 skin versus mouse transgenically generated to express HPV16 E7 oncogene under the keratin 14 promoter (K14E7). Mice present with epithelial hyperplasia and increased immune cell infiltrate associated with immune suppression.,"Ear skin (n=6) 8-week old C57BL/6 and K14E7 mice Grafted samples (n=18) of donor C57BL/6, K14E7 and CD1d-/-xK14E7 skin on C57BL6 recipients",27333029,,,134709,GPL13112,Mus musculus,GSE,Expression profiling by high throughput sequencing,2017/10/30,24,ftp://ftp.ncbi.nlm.nih.gov/geo/series/GSE102nnn/GSE102007/,A Mouse Model of Hyperproliferative Human Epithelium Validated by Keratin Profiling Shows an Aberrant Cytoskeletal Response to Injury.,EBioMedicine,2016 Jul,10.1016/j.ebiom.2016.06.011,OSD-241|Mmus_BAL-TAL_FSKN_FLT_Rep4_F4,Space Flight
137,GSM7432051,0.9928334355354309,GSE233658,Adiponectin in the mammalian host influences ticks' acquisition of the Lyme disease pathogen Borrelia,,,To understand the global gene expression profile at the tick bite site of adiponectin wildtype and knockout mice,We utilized RNA-seq to compare the transcriptome of adiponectin wildtype and knockout murine skin during tick feeding,,,,791462,GPL17021,Mus musculus,GSE,Expression profiling by high throughput sequencing,2023/09/06,6,ftp://ftp.ncbi.nlm.nih.gov/geo/series/GSE233nnn/GSE233658/,,,,,OSD-241|Mmus_BAL-TAL_FSKN_FLT_Rep4_F4,Space Flight
138,GSM5345173,0.9927672147750854,GSE175732,Establishment of an intradermal ear injection model of IL-17A and IL-36γ as a tool to investigate the psoriatic cytokine network,,,The aim of this study was to establish an intradermal ear injection model to evaluate the effects of IL-36γ and IL-17A in psoriasis.The cytokines IL-36γ and IL-17A were injected intradermally alone or in combination into the ear pinnae of C57BL/6 mice. Ear thickness measurement was performed daily. After 4 days mice were euthanized and a gene expression profiling was conducted.,"12 samples were analyzed: Comparison between a PBS control group and groups that were treated with either IL-17A, IL-36γ or the combination of both (3 samples of each group were analyzed).",34440590,,,499321,GPL19057,Mus musculus,GSE,Expression profiling by high throughput sequencing,2021/09/01,12,ftp://ftp.ncbi.nlm.nih.gov/geo/series/GSE175nnn/GSE175732/,Establishment of an Intradermal Ear Injection Model of IL-17A and IL-36γ as a Tool to Investigate the Psoriatic Cytokine Network.,"Life (Basel, Switzerland)",2021 Aug 19,10.3390/life11080846,OSD-241|Mmus_BAL-TAL_FSKN_FLT_Rep4_F4,Space Flight
139,GSM8073691,0.9927570819854736,GSE255519,The interferon-rich skin environment regulates Langerhans cell ADAM17 to promote photosensitivity in lupus,,,"The autoimmune disease lupus erythematosus (lupus) is characterized in part by photosensitivity, where patients can develop inflammatory skin lesions with even ambient ultraviolet radiation (UVR) exposure. Evidence points to a role for type I interferon (IFN-I) in photosensitivity, but mechanistic understanding remains limited. We have shown that photosensitivity in lupus models is at least in part attributable to Langerhans cell (LC) dysfunction. Healthy LCs limit photosensitivity via a disintegrin and metalloprotease 17 (ADAM17), a sheddase that normally limits UVR-induced skin inflammation by releasing soluble epidermal growth factor receptor (EGFR) ligands to support keratinocyte survival. On the other hand, LCs from lesional and even non-lesional lupus model skin show reduced ADAM17 activity and mRNA expression. Non-lesional human lupus skin also showed evidence of LC dysfunction, and, here, we asked how the lupus skin environment contributes to this dysfunction. We show that non-lesional skin in human CLE and multiple photosensitive lupus models share gene expression patterns consistent with a high IFN environment and LC dysfunction. IFN-I inhibits murine and human LC ADAM17 activity, and anti-IFNAR1 in lupus models restores LC ADAM17 function and reduces photosensitivity in EGFR and LC ADAM17-dependent manners. Reactive oxygen species (ROS) are a mediator of ADAM17 activity, and we show that lupus models have reduced UVR-induced LC ROS generation that is restored by anti-IFNAR1. Our findings suggest shared pathogenic mechanisms of photosensitivity in human and murine lupus skin and a model whereby the IFN-I-rich microenvironment in non-lesional lupus skin inhibits UVR-induced ADAM17 activity, predisposing to photosensitivity. Our data also suggest that the beneficial effects of the recently FDA-approved anifrolumab (anti-IFNAR1) on human lupus skin could act in part by restoring LC function.",Comparative gene expression profiling analysis of RNA-seq data for,38860651,,,850743,GPL24247,Mus musculus,GSE,Expression profiling by high throughput sequencing,2024/02/23,19,ftp://ftp.ncbi.nlm.nih.gov/geo/series/GSE255nnn/GSE255519/,The interferon-rich skin environment regulates Langerhans cell ADAM17 to promote photosensitivity in lupus.,eLife,2024 Jun 11,10.7554/eLife.85914,OSD-241|Mmus_BAL-TAL_FSKN_FLT_Rep4_F4,Space Flight
140,GSM2696413,0.9969183206558228,GSE100918,Mechanisms of the innate defense regulator peptide 1002 anti-inflammatory activity in a sterile inflammation mouse model,,,"Innate defense regulator (IDR) peptide-1002 is a synthetic host defense peptide derivative with strong anti-inflammatory properties.To investigate the anti-inflammatory mechanisms of IDR-1002 in vivo, the phorbol 12-myristate 13-acetate (PMA)-induced mouse ear inflammation model was used. Topical IDR-1002 treatment successfully dampened PMA-induced ear edema, proinflammatory cytokine production, reactive oxygen and nitrogen species release, and neutrophil recruitment in the ears of CD1 mice. Advanced RNA-Seq analysis on the mouse ear transcriptome revealed that IDR-1002 reduced sterile inflammation by suppressing the expression of transmembrane G-protein coupled receptors (Class A/1 rhodopsin-like), including receptors for chemokines, prostaglandins, histamine, platelet activating factor and anaphylatoxin. IDR-1002 also dampened IFNγ response and repressed the Interferon regulatory factor (Irf) 8-regulated network that controls central inflammatory pathways.",RNA-Seq profiling of gene expression in mouse ear tissue exposed to three treatment conditions,28993516,,,116880,GPL17021,Mus musculus,GSE,Expression profiling by high throughput sequencing,2018/01/31,15,ftp://ftp.ncbi.nlm.nih.gov/geo/series/GSE100nnn/GSE100918/,Mechanisms of the Innate Defense Regulator Peptide-1002 Anti-Inflammatory Activity in a Sterile Inflammation Mouse Model.,"Journal of immunology (Baltimore, Md. : 1950)",2017 Nov 15,10.4049/jimmunol.1700985,OSD-241|Mmus_BAL-TAL_FSKN_FLT_Rep5_F5,Space Flight
141,GSM2696412,0.9962637424468994,GSE100918,Mechanisms of the innate defense regulator peptide 1002 anti-inflammatory activity in a sterile inflammation mouse model,,,"Innate defense regulator (IDR) peptide-1002 is a synthetic host defense peptide derivative with strong anti-inflammatory properties.To investigate the anti-inflammatory mechanisms of IDR-1002 in vivo, the phorbol 12-myristate 13-acetate (PMA)-induced mouse ear inflammation model was used. Topical IDR-1002 treatment successfully dampened PMA-induced ear edema, proinflammatory cytokine production, reactive oxygen and nitrogen species release, and neutrophil recruitment in the ears of CD1 mice. Advanced RNA-Seq analysis on the mouse ear transcriptome revealed that IDR-1002 reduced sterile inflammation by suppressing the expression of transmembrane G-protein coupled receptors (Class A/1 rhodopsin-like), including receptors for chemokines, prostaglandins, histamine, platelet activating factor and anaphylatoxin. IDR-1002 also dampened IFNγ response and repressed the Interferon regulatory factor (Irf) 8-regulated network that controls central inflammatory pathways.",RNA-Seq profiling of gene expression in mouse ear tissue exposed to three treatment conditions,28993516,,,116879,GPL17021,Mus musculus,GSE,Expression profiling by high throughput sequencing,2018/01/31,15,ftp://ftp.ncbi.nlm.nih.gov/geo/series/GSE100nnn/GSE100918/,Mechanisms of the Innate Defense Regulator Peptide-1002 Anti-Inflammatory Activity in a Sterile Inflammation Mouse Model.,"Journal of immunology (Baltimore, Md. : 1950)",2017 Nov 15,10.4049/jimmunol.1700985,OSD-241|Mmus_BAL-TAL_FSKN_FLT_Rep5_F5,Space Flight
142,GSM8073690,0.9962247610092163,GSE255519,The interferon-rich skin environment regulates Langerhans cell ADAM17 to promote photosensitivity in lupus,,,"The autoimmune disease lupus erythematosus (lupus) is characterized in part by photosensitivity, where patients can develop inflammatory skin lesions with even ambient ultraviolet radiation (UVR) exposure. Evidence points to a role for type I interferon (IFN-I) in photosensitivity, but mechanistic understanding remains limited. We have shown that photosensitivity in lupus models is at least in part attributable to Langerhans cell (LC) dysfunction. Healthy LCs limit photosensitivity via a disintegrin and metalloprotease 17 (ADAM17), a sheddase that normally limits UVR-induced skin inflammation by releasing soluble epidermal growth factor receptor (EGFR) ligands to support keratinocyte survival. On the other hand, LCs from lesional and even non-lesional lupus model skin show reduced ADAM17 activity and mRNA expression. Non-lesional human lupus skin also showed evidence of LC dysfunction, and, here, we asked how the lupus skin environment contributes to this dysfunction. We show that non-lesional skin in human CLE and multiple photosensitive lupus models share gene expression patterns consistent with a high IFN environment and LC dysfunction. IFN-I inhibits murine and human LC ADAM17 activity, and anti-IFNAR1 in lupus models restores LC ADAM17 function and reduces photosensitivity in EGFR and LC ADAM17-dependent manners. Reactive oxygen species (ROS) are a mediator of ADAM17 activity, and we show that lupus models have reduced UVR-induced LC ROS generation that is restored by anti-IFNAR1. Our findings suggest shared pathogenic mechanisms of photosensitivity in human and murine lupus skin and a model whereby the IFN-I-rich microenvironment in non-lesional lupus skin inhibits UVR-induced ADAM17 activity, predisposing to photosensitivity. Our data also suggest that the beneficial effects of the recently FDA-approved anifrolumab (anti-IFNAR1) on human lupus skin could act in part by restoring LC function.",Comparative gene expression profiling analysis of RNA-seq data for,38860651,,,850742,GPL24247,Mus musculus,GSE,Expression profiling by high throughput sequencing,2024/02/23,19,ftp://ftp.ncbi.nlm.nih.gov/geo/series/GSE255nnn/GSE255519/,The interferon-rich skin environment regulates Langerhans cell ADAM17 to promote photosensitivity in lupus.,eLife,2024 Jun 11,10.7554/eLife.85914,OSD-241|Mmus_BAL-TAL_FSKN_FLT_Rep5_F5,Space Flight
143,GSM2696415,0.9961649775505066,GSE100918,Mechanisms of the innate defense regulator peptide 1002 anti-inflammatory activity in a sterile inflammation mouse model,,,"Innate defense regulator (IDR) peptide-1002 is a synthetic host defense peptide derivative with strong anti-inflammatory properties.To investigate the anti-inflammatory mechanisms of IDR-1002 in vivo, the phorbol 12-myristate 13-acetate (PMA)-induced mouse ear inflammation model was used. Topical IDR-1002 treatment successfully dampened PMA-induced ear edema, proinflammatory cytokine production, reactive oxygen and nitrogen species release, and neutrophil recruitment in the ears of CD1 mice. Advanced RNA-Seq analysis on the mouse ear transcriptome revealed that IDR-1002 reduced sterile inflammation by suppressing the expression of transmembrane G-protein coupled receptors (Class A/1 rhodopsin-like), including receptors for chemokines, prostaglandins, histamine, platelet activating factor and anaphylatoxin. IDR-1002 also dampened IFNγ response and repressed the Interferon regulatory factor (Irf) 8-regulated network that controls central inflammatory pathways.",RNA-Seq profiling of gene expression in mouse ear tissue exposed to three treatment conditions,28993516,,,116882,GPL17021,Mus musculus,GSE,Expression profiling by high throughput sequencing,2018/01/31,15,ftp://ftp.ncbi.nlm.nih.gov/geo/series/GSE100nnn/GSE100918/,Mechanisms of the Innate Defense Regulator Peptide-1002 Anti-Inflammatory Activity in a Sterile Inflammation Mouse Model.,"Journal of immunology (Baltimore, Md. : 1950)",2017 Nov 15,10.4049/jimmunol.1700985,OSD-241|Mmus_BAL-TAL_FSKN_FLT_Rep5_F5,Space Flight
144,GSM5015064,0.9959064722061157,GSE164623,Alteration of the whole skin gene expression as a result of Flg deficiency,,,"Defects of filaggrin (FLG) compromise epidermal barrier function and represent an important known genetic risk factor for atopic dermatitis (AD), but also for systemic atopy, including allergic sensitization and asthma. A loss of epidermal barrier integrity can provide a significant stress for the cells in both the epidermis as well as the underlying dermal layer of the skin, either due to the increased moisture evaporation from the skin or increased penetration of the antigens and microflora into the lower layers. This analysis was therefore designed to understand the effect of this loss of barrier integrity on the total skin transcriptional profile.",Total shaved back skin tissue samples were collected from 8 week old Flg-deficient mice and wt ctrls  Total RNA was isolated using the RNeasy Mini Kit+ (Qiagen). mRNA libraries were prepared using a SMART protocol and subjected to deep sequencing on an Illumina NextSeq 500.,,,,454810,GPL19057,Mus musculus,GSE,Expression profiling by high throughput sequencing,2021/05/01,8,ftp://ftp.ncbi.nlm.nih.gov/geo/series/GSE164nnn/GSE164623/,,,,,OSD-241|Mmus_BAL-TAL_FSKN_FLT_Rep5_F5,Space Flight
145,GSM5610971,0.9958970546722412,GSE185340,Next Generation Sequencing Facilitates Quantitative Analysis of Stat3f/f K5cre Skin Keratinocytes Transcriptomes,,,"Atopic dermatitis (AD) is the most common inflammatory skin disease. Stat3 mutation is a major cause of hyper IgE syndrome (HIES), which consistently represent AD like eczematous dermatitis. Based on multi-dimensional transcriptome analysis in pre- and post-flares skin, dermatitis phenotype was controlled by sequential two steps of Stat3 deficiency and environmental pathogenic stimuli. The Stat3 deficiency determined the barrier integrity that lowered threshold of inflammation, but this step was not sufficient to form pathogenicity. Transcriptome data indicated that emergence of dermatitis phenotype need to trigger robust activation of NFB pathway and TH2 cells. Continuous colonization of Staphylococcus aureus was an environmental stimulus to lower the activation threshold of TH2 inflammation in the skin.",Kinetical transcriptome analysis in cultured skin keratinocyte and ear skin of specific Stat3 deficient mice,34867936,,,552833,GPL18480,Mus musculus,GSE,Expression profiling by high throughput sequencing,2021/10/12,41,ftp://ftp.ncbi.nlm.nih.gov/geo/series/GSE185nnn/GSE185340/,Essential Role of STAT3 Signaling in Hair Follicle Homeostasis.,Frontiers in immunology,2021,10.3389/fimmu.2021.663177,OSD-241|Mmus_BAL-TAL_FSKN_FLT_Rep5_F5,Space Flight
146,GSM8073691,0.9958556890487671,GSE255519,The interferon-rich skin environment regulates Langerhans cell ADAM17 to promote photosensitivity in lupus,,,"The autoimmune disease lupus erythematosus (lupus) is characterized in part by photosensitivity, where patients can develop inflammatory skin lesions with even ambient ultraviolet radiation (UVR) exposure. Evidence points to a role for type I interferon (IFN-I) in photosensitivity, but mechanistic understanding remains limited. We have shown that photosensitivity in lupus models is at least in part attributable to Langerhans cell (LC) dysfunction. Healthy LCs limit photosensitivity via a disintegrin and metalloprotease 17 (ADAM17), a sheddase that normally limits UVR-induced skin inflammation by releasing soluble epidermal growth factor receptor (EGFR) ligands to support keratinocyte survival. On the other hand, LCs from lesional and even non-lesional lupus model skin show reduced ADAM17 activity and mRNA expression. Non-lesional human lupus skin also showed evidence of LC dysfunction, and, here, we asked how the lupus skin environment contributes to this dysfunction. We show that non-lesional skin in human CLE and multiple photosensitive lupus models share gene expression patterns consistent with a high IFN environment and LC dysfunction. IFN-I inhibits murine and human LC ADAM17 activity, and anti-IFNAR1 in lupus models restores LC ADAM17 function and reduces photosensitivity in EGFR and LC ADAM17-dependent manners. Reactive oxygen species (ROS) are a mediator of ADAM17 activity, and we show that lupus models have reduced UVR-induced LC ROS generation that is restored by anti-IFNAR1. Our findings suggest shared pathogenic mechanisms of photosensitivity in human and murine lupus skin and a model whereby the IFN-I-rich microenvironment in non-lesional lupus skin inhibits UVR-induced ADAM17 activity, predisposing to photosensitivity. Our data also suggest that the beneficial effects of the recently FDA-approved anifrolumab (anti-IFNAR1) on human lupus skin could act in part by restoring LC function.",Comparative gene expression profiling analysis of RNA-seq data for,38860651,,,850743,GPL24247,Mus musculus,GSE,Expression profiling by high throughput sequencing,2024/02/23,19,ftp://ftp.ncbi.nlm.nih.gov/geo/series/GSE255nnn/GSE255519/,The interferon-rich skin environment regulates Langerhans cell ADAM17 to promote photosensitivity in lupus.,eLife,2024 Jun 11,10.7554/eLife.85914,OSD-241|Mmus_BAL-TAL_FSKN_FLT_Rep5_F5,Space Flight
147,GSM2817084,0.995677649974823,GSE102007,Gene expression profiling of murine skin transgenically generated to express HPV16 E7 oncoprotein,,,A validated animal model would assist with research on the immunological consequences of the chronic expression of HPV16 E7 oncoprotein expression. Here we performed RNA-seq analysis of normal C57BL/6 skin versus mouse transgenically generated to express HPV16 E7 oncogene under the keratin 14 promoter (K14E7). Mice present with epithelial hyperplasia and increased immune cell infiltrate associated with immune suppression.,"Ear skin (n=6) 8-week old C57BL/6 and K14E7 mice Grafted samples (n=18) of donor C57BL/6, K14E7 and CD1d-/-xK14E7 skin on C57BL6 recipients",27333029,,,134709,GPL13112,Mus musculus,GSE,Expression profiling by high throughput sequencing,2017/10/30,24,ftp://ftp.ncbi.nlm.nih.gov/geo/series/GSE102nnn/GSE102007/,A Mouse Model of Hyperproliferative Human Epithelium Validated by Keratin Profiling Shows an Aberrant Cytoskeletal Response to Injury.,EBioMedicine,2016 Jul,10.1016/j.ebiom.2016.06.011,OSD-241|Mmus_BAL-TAL_FSKN_FLT_Rep5_F5,Space Flight
148,GSM5015059,0.995667576789856,GSE164623,Alteration of the whole skin gene expression as a result of Flg deficiency,,,"Defects of filaggrin (FLG) compromise epidermal barrier function and represent an important known genetic risk factor for atopic dermatitis (AD), but also for systemic atopy, including allergic sensitization and asthma. A loss of epidermal barrier integrity can provide a significant stress for the cells in both the epidermis as well as the underlying dermal layer of the skin, either due to the increased moisture evaporation from the skin or increased penetration of the antigens and microflora into the lower layers. This analysis was therefore designed to understand the effect of this loss of barrier integrity on the total skin transcriptional profile.",Total shaved back skin tissue samples were collected from 8 week old Flg-deficient mice and wt ctrls  Total RNA was isolated using the RNeasy Mini Kit+ (Qiagen). mRNA libraries were prepared using a SMART protocol and subjected to deep sequencing on an Illumina NextSeq 500.,,,,454805,GPL19057,Mus musculus,GSE,Expression profiling by high throughput sequencing,2021/05/01,8,ftp://ftp.ncbi.nlm.nih.gov/geo/series/GSE164nnn/GSE164623/,,,,,OSD-241|Mmus_BAL-TAL_FSKN_FLT_Rep5_F5,Space Flight
149,GSM4516295,0.9954536557197571,GSE149880,Expression analysis of WT or Card14E138A ears 5 days and 1 month after injecton of tamoxifen,,,"The inducible nature of our knock-in mouse strain allowed us to determine the immediate effects of dysregulated CARD14 signalling and compare them to the long term effects of its expression. CARD14E138A-induced skin inflammation and systemic disease were independent of adaptive immune cells, substantially reduced by antibody blocking of TNF and induced by CARD14E138A signaling only in keratinocytes.","To investigate how psoriasis-associated mutations in CARD14 induce psoriasis, we have generated a Card14LSL-E138A knock-in mouse that allows conditional expression of Card14E138A from the endogenous mouse Card14 locus via tamoxifen activation of CreERT2. The highly penetrant CARD14E138A psoriasis-associated mutation was first identified in a child suffering from GPP and induces CARD14 to constitutively activate NF-kB. The new Card14LSL-E138A strain allowed the immediate and chronic effects of CARD14E138A signaling to be studied, as well as the cell types involved.",,,,371288,GPL21103,Mus musculus,GSE,Expression profiling by high throughput sequencing,2020/07/07,24,ftp://ftp.ncbi.nlm.nih.gov/geo/series/GSE149nnn/GSE149880/,,,,,OSD-241|Mmus_BAL-TAL_FSKN_FLT_Rep5_F5,Space Flight
150,GSM2696413,0.9977693557739258,GSE100918,Mechanisms of the innate defense regulator peptide 1002 anti-inflammatory activity in a sterile inflammation mouse model,,,"Innate defense regulator (IDR) peptide-1002 is a synthetic host defense peptide derivative with strong anti-inflammatory properties.To investigate the anti-inflammatory mechanisms of IDR-1002 in vivo, the phorbol 12-myristate 13-acetate (PMA)-induced mouse ear inflammation model was used. Topical IDR-1002 treatment successfully dampened PMA-induced ear edema, proinflammatory cytokine production, reactive oxygen and nitrogen species release, and neutrophil recruitment in the ears of CD1 mice. Advanced RNA-Seq analysis on the mouse ear transcriptome revealed that IDR-1002 reduced sterile inflammation by suppressing the expression of transmembrane G-protein coupled receptors (Class A/1 rhodopsin-like), including receptors for chemokines, prostaglandins, histamine, platelet activating factor and anaphylatoxin. IDR-1002 also dampened IFNγ response and repressed the Interferon regulatory factor (Irf) 8-regulated network that controls central inflammatory pathways.",RNA-Seq profiling of gene expression in mouse ear tissue exposed to three treatment conditions,28993516,,,116880,GPL17021,Mus musculus,GSE,Expression profiling by high throughput sequencing,2018/01/31,15,ftp://ftp.ncbi.nlm.nih.gov/geo/series/GSE100nnn/GSE100918/,Mechanisms of the Innate Defense Regulator Peptide-1002 Anti-Inflammatory Activity in a Sterile Inflammation Mouse Model.,"Journal of immunology (Baltimore, Md. : 1950)",2017 Nov 15,10.4049/jimmunol.1700985,OSD-241|Mmus_BAL-TAL_FSKN_FLT_Rep6_F6,Space Flight
151,GSM2696415,0.997004508972168,GSE100918,Mechanisms of the innate defense regulator peptide 1002 anti-inflammatory activity in a sterile inflammation mouse model,,,"Innate defense regulator (IDR) peptide-1002 is a synthetic host defense peptide derivative with strong anti-inflammatory properties.To investigate the anti-inflammatory mechanisms of IDR-1002 in vivo, the phorbol 12-myristate 13-acetate (PMA)-induced mouse ear inflammation model was used. Topical IDR-1002 treatment successfully dampened PMA-induced ear edema, proinflammatory cytokine production, reactive oxygen and nitrogen species release, and neutrophil recruitment in the ears of CD1 mice. Advanced RNA-Seq analysis on the mouse ear transcriptome revealed that IDR-1002 reduced sterile inflammation by suppressing the expression of transmembrane G-protein coupled receptors (Class A/1 rhodopsin-like), including receptors for chemokines, prostaglandins, histamine, platelet activating factor and anaphylatoxin. IDR-1002 also dampened IFNγ response and repressed the Interferon regulatory factor (Irf) 8-regulated network that controls central inflammatory pathways.",RNA-Seq profiling of gene expression in mouse ear tissue exposed to three treatment conditions,28993516,,,116882,GPL17021,Mus musculus,GSE,Expression profiling by high throughput sequencing,2018/01/31,15,ftp://ftp.ncbi.nlm.nih.gov/geo/series/GSE100nnn/GSE100918/,Mechanisms of the Innate Defense Regulator Peptide-1002 Anti-Inflammatory Activity in a Sterile Inflammation Mouse Model.,"Journal of immunology (Baltimore, Md. : 1950)",2017 Nov 15,10.4049/jimmunol.1700985,OSD-241|Mmus_BAL-TAL_FSKN_FLT_Rep6_F6,Space Flight
152,GSM2696412,0.9969192743301392,GSE100918,Mechanisms of the innate defense regulator peptide 1002 anti-inflammatory activity in a sterile inflammation mouse model,,,"Innate defense regulator (IDR) peptide-1002 is a synthetic host defense peptide derivative with strong anti-inflammatory properties.To investigate the anti-inflammatory mechanisms of IDR-1002 in vivo, the phorbol 12-myristate 13-acetate (PMA)-induced mouse ear inflammation model was used. Topical IDR-1002 treatment successfully dampened PMA-induced ear edema, proinflammatory cytokine production, reactive oxygen and nitrogen species release, and neutrophil recruitment in the ears of CD1 mice. Advanced RNA-Seq analysis on the mouse ear transcriptome revealed that IDR-1002 reduced sterile inflammation by suppressing the expression of transmembrane G-protein coupled receptors (Class A/1 rhodopsin-like), including receptors for chemokines, prostaglandins, histamine, platelet activating factor and anaphylatoxin. IDR-1002 also dampened IFNγ response and repressed the Interferon regulatory factor (Irf) 8-regulated network that controls central inflammatory pathways.",RNA-Seq profiling of gene expression in mouse ear tissue exposed to three treatment conditions,28993516,,,116879,GPL17021,Mus musculus,GSE,Expression profiling by high throughput sequencing,2018/01/31,15,ftp://ftp.ncbi.nlm.nih.gov/geo/series/GSE100nnn/GSE100918/,Mechanisms of the Innate Defense Regulator Peptide-1002 Anti-Inflammatory Activity in a Sterile Inflammation Mouse Model.,"Journal of immunology (Baltimore, Md. : 1950)",2017 Nov 15,10.4049/jimmunol.1700985,OSD-241|Mmus_BAL-TAL_FSKN_FLT_Rep6_F6,Space Flight
153,GSM8073690,0.9963544607162476,GSE255519,The interferon-rich skin environment regulates Langerhans cell ADAM17 to promote photosensitivity in lupus,,,"The autoimmune disease lupus erythematosus (lupus) is characterized in part by photosensitivity, where patients can develop inflammatory skin lesions with even ambient ultraviolet radiation (UVR) exposure. Evidence points to a role for type I interferon (IFN-I) in photosensitivity, but mechanistic understanding remains limited. We have shown that photosensitivity in lupus models is at least in part attributable to Langerhans cell (LC) dysfunction. Healthy LCs limit photosensitivity via a disintegrin and metalloprotease 17 (ADAM17), a sheddase that normally limits UVR-induced skin inflammation by releasing soluble epidermal growth factor receptor (EGFR) ligands to support keratinocyte survival. On the other hand, LCs from lesional and even non-lesional lupus model skin show reduced ADAM17 activity and mRNA expression. Non-lesional human lupus skin also showed evidence of LC dysfunction, and, here, we asked how the lupus skin environment contributes to this dysfunction. We show that non-lesional skin in human CLE and multiple photosensitive lupus models share gene expression patterns consistent with a high IFN environment and LC dysfunction. IFN-I inhibits murine and human LC ADAM17 activity, and anti-IFNAR1 in lupus models restores LC ADAM17 function and reduces photosensitivity in EGFR and LC ADAM17-dependent manners. Reactive oxygen species (ROS) are a mediator of ADAM17 activity, and we show that lupus models have reduced UVR-induced LC ROS generation that is restored by anti-IFNAR1. Our findings suggest shared pathogenic mechanisms of photosensitivity in human and murine lupus skin and a model whereby the IFN-I-rich microenvironment in non-lesional lupus skin inhibits UVR-induced ADAM17 activity, predisposing to photosensitivity. Our data also suggest that the beneficial effects of the recently FDA-approved anifrolumab (anti-IFNAR1) on human lupus skin could act in part by restoring LC function.",Comparative gene expression profiling analysis of RNA-seq data for,38860651,,,850742,GPL24247,Mus musculus,GSE,Expression profiling by high throughput sequencing,2024/02/23,19,ftp://ftp.ncbi.nlm.nih.gov/geo/series/GSE255nnn/GSE255519/,The interferon-rich skin environment regulates Langerhans cell ADAM17 to promote photosensitivity in lupus.,eLife,2024 Jun 11,10.7554/eLife.85914,OSD-241|Mmus_BAL-TAL_FSKN_FLT_Rep6_F6,Space Flight
154,GSM5610971,0.9962778091430664,GSE185340,Next Generation Sequencing Facilitates Quantitative Analysis of Stat3f/f K5cre Skin Keratinocytes Transcriptomes,,,"Atopic dermatitis (AD) is the most common inflammatory skin disease. Stat3 mutation is a major cause of hyper IgE syndrome (HIES), which consistently represent AD like eczematous dermatitis. Based on multi-dimensional transcriptome analysis in pre- and post-flares skin, dermatitis phenotype was controlled by sequential two steps of Stat3 deficiency and environmental pathogenic stimuli. The Stat3 deficiency determined the barrier integrity that lowered threshold of inflammation, but this step was not sufficient to form pathogenicity. Transcriptome data indicated that emergence of dermatitis phenotype need to trigger robust activation of NFB pathway and TH2 cells. Continuous colonization of Staphylococcus aureus was an environmental stimulus to lower the activation threshold of TH2 inflammation in the skin.",Kinetical transcriptome analysis in cultured skin keratinocyte and ear skin of specific Stat3 deficient mice,34867936,,,552833,GPL18480,Mus musculus,GSE,Expression profiling by high throughput sequencing,2021/10/12,41,ftp://ftp.ncbi.nlm.nih.gov/geo/series/GSE185nnn/GSE185340/,Essential Role of STAT3 Signaling in Hair Follicle Homeostasis.,Frontiers in immunology,2021,10.3389/fimmu.2021.663177,OSD-241|Mmus_BAL-TAL_FSKN_FLT_Rep6_F6,Space Flight
155,GSM2696414,0.9962278008460999,GSE100918,Mechanisms of the innate defense regulator peptide 1002 anti-inflammatory activity in a sterile inflammation mouse model,,,"Innate defense regulator (IDR) peptide-1002 is a synthetic host defense peptide derivative with strong anti-inflammatory properties.To investigate the anti-inflammatory mechanisms of IDR-1002 in vivo, the phorbol 12-myristate 13-acetate (PMA)-induced mouse ear inflammation model was used. Topical IDR-1002 treatment successfully dampened PMA-induced ear edema, proinflammatory cytokine production, reactive oxygen and nitrogen species release, and neutrophil recruitment in the ears of CD1 mice. Advanced RNA-Seq analysis on the mouse ear transcriptome revealed that IDR-1002 reduced sterile inflammation by suppressing the expression of transmembrane G-protein coupled receptors (Class A/1 rhodopsin-like), including receptors for chemokines, prostaglandins, histamine, platelet activating factor and anaphylatoxin. IDR-1002 also dampened IFNγ response and repressed the Interferon regulatory factor (Irf) 8-regulated network that controls central inflammatory pathways.",RNA-Seq profiling of gene expression in mouse ear tissue exposed to three treatment conditions,28993516,,,116881,GPL17021,Mus musculus,GSE,Expression profiling by high throughput sequencing,2018/01/31,15,ftp://ftp.ncbi.nlm.nih.gov/geo/series/GSE100nnn/GSE100918/,Mechanisms of the Innate Defense Regulator Peptide-1002 Anti-Inflammatory Activity in a Sterile Inflammation Mouse Model.,"Journal of immunology (Baltimore, Md. : 1950)",2017 Nov 15,10.4049/jimmunol.1700985,OSD-241|Mmus_BAL-TAL_FSKN_FLT_Rep6_F6,Space Flight
156,GSM2817084,0.9962159395217896,GSE102007,Gene expression profiling of murine skin transgenically generated to express HPV16 E7 oncoprotein,,,A validated animal model would assist with research on the immunological consequences of the chronic expression of HPV16 E7 oncoprotein expression. Here we performed RNA-seq analysis of normal C57BL/6 skin versus mouse transgenically generated to express HPV16 E7 oncogene under the keratin 14 promoter (K14E7). Mice present with epithelial hyperplasia and increased immune cell infiltrate associated with immune suppression.,"Ear skin (n=6) 8-week old C57BL/6 and K14E7 mice Grafted samples (n=18) of donor C57BL/6, K14E7 and CD1d-/-xK14E7 skin on C57BL6 recipients",27333029,,,134709,GPL13112,Mus musculus,GSE,Expression profiling by high throughput sequencing,2017/10/30,24,ftp://ftp.ncbi.nlm.nih.gov/geo/series/GSE102nnn/GSE102007/,A Mouse Model of Hyperproliferative Human Epithelium Validated by Keratin Profiling Shows an Aberrant Cytoskeletal Response to Injury.,EBioMedicine,2016 Jul,10.1016/j.ebiom.2016.06.011,OSD-241|Mmus_BAL-TAL_FSKN_FLT_Rep6_F6,Space Flight
157,GSM3851981,0.9961967468261719,GSE132173,RNA-seq of tissues from MC903- and Ethanol-treated mice,,,"We report transcript abundance in skin, spinal_cord, and trigeminal ganglia from animals treated with MC903 to induce a mouse model of atopic dermatitis across different genotypes, time points, and treatments","Examination of gene expression in TSLPR.KO, wild-type, and neutrophil-depleted animals. For differential expression analysis, comparisons were performed between MC903 and ethanol treatments for the same condition (genotype, timepoint, etc.)",31631836,,,258761,GPL21103,Mus musculus,GSE,Expression profiling by high throughput sequencing,2019/11/13,162,ftp://ftp.ncbi.nlm.nih.gov/geo/series/GSE132nnn/GSE132173/,Neutrophils promote CXCR3-dependent itch in the development of atopic dermatitis.,eLife,2019 Oct 21,10.7554/eLife.48448,OSD-241|Mmus_BAL-TAL_FSKN_FLT_Rep6_F6,Space Flight
158,GSM4516288,0.9961758852005005,GSE149880,Expression analysis of WT or Card14E138A ears 5 days and 1 month after injecton of tamoxifen,,,"The inducible nature of our knock-in mouse strain allowed us to determine the immediate effects of dysregulated CARD14 signalling and compare them to the long term effects of its expression. CARD14E138A-induced skin inflammation and systemic disease were independent of adaptive immune cells, substantially reduced by antibody blocking of TNF and induced by CARD14E138A signaling only in keratinocytes.","To investigate how psoriasis-associated mutations in CARD14 induce psoriasis, we have generated a Card14LSL-E138A knock-in mouse that allows conditional expression of Card14E138A from the endogenous mouse Card14 locus via tamoxifen activation of CreERT2. The highly penetrant CARD14E138A psoriasis-associated mutation was first identified in a child suffering from GPP and induces CARD14 to constitutively activate NF-kB. The new Card14LSL-E138A strain allowed the immediate and chronic effects of CARD14E138A signaling to be studied, as well as the cell types involved.",,,,371281,GPL21103,Mus musculus,GSE,Expression profiling by high throughput sequencing,2020/07/07,24,ftp://ftp.ncbi.nlm.nih.gov/geo/series/GSE149nnn/GSE149880/,,,,,OSD-241|Mmus_BAL-TAL_FSKN_FLT_Rep6_F6,Space Flight
159,GSM4516295,0.9961570501327515,GSE149880,Expression analysis of WT or Card14E138A ears 5 days and 1 month after injecton of tamoxifen,,,"The inducible nature of our knock-in mouse strain allowed us to determine the immediate effects of dysregulated CARD14 signalling and compare them to the long term effects of its expression. CARD14E138A-induced skin inflammation and systemic disease were independent of adaptive immune cells, substantially reduced by antibody blocking of TNF and induced by CARD14E138A signaling only in keratinocytes.","To investigate how psoriasis-associated mutations in CARD14 induce psoriasis, we have generated a Card14LSL-E138A knock-in mouse that allows conditional expression of Card14E138A from the endogenous mouse Card14 locus via tamoxifen activation of CreERT2. The highly penetrant CARD14E138A psoriasis-associated mutation was first identified in a child suffering from GPP and induces CARD14 to constitutively activate NF-kB. The new Card14LSL-E138A strain allowed the immediate and chronic effects of CARD14E138A signaling to be studied, as well as the cell types involved.",,,,371288,GPL21103,Mus musculus,GSE,Expression profiling by high throughput sequencing,2020/07/07,24,ftp://ftp.ncbi.nlm.nih.gov/geo/series/GSE149nnn/GSE149880/,,,,,OSD-241|Mmus_BAL-TAL_FSKN_FLT_Rep6_F6,Space Flight
160,GSM5015064,0.9981837868690491,GSE164623,Alteration of the whole skin gene expression as a result of Flg deficiency,,,"Defects of filaggrin (FLG) compromise epidermal barrier function and represent an important known genetic risk factor for atopic dermatitis (AD), but also for systemic atopy, including allergic sensitization and asthma. A loss of epidermal barrier integrity can provide a significant stress for the cells in both the epidermis as well as the underlying dermal layer of the skin, either due to the increased moisture evaporation from the skin or increased penetration of the antigens and microflora into the lower layers. This analysis was therefore designed to understand the effect of this loss of barrier integrity on the total skin transcriptional profile.",Total shaved back skin tissue samples were collected from 8 week old Flg-deficient mice and wt ctrls  Total RNA was isolated using the RNeasy Mini Kit+ (Qiagen). mRNA libraries were prepared using a SMART protocol and subjected to deep sequencing on an Illumina NextSeq 500.,,,,454810,GPL19057,Mus musculus,GSE,Expression profiling by high throughput sequencing,2021/05/01,8,ftp://ftp.ncbi.nlm.nih.gov/geo/series/GSE164nnn/GSE164623/,,,,,OSD-241|Mmus_BAL-TAL_FSKN_FLT_Rep7_F7,Space Flight
161,GSM5015059,0.9979334473609924,GSE164623,Alteration of the whole skin gene expression as a result of Flg deficiency,,,"Defects of filaggrin (FLG) compromise epidermal barrier function and represent an important known genetic risk factor for atopic dermatitis (AD), but also for systemic atopy, including allergic sensitization and asthma. A loss of epidermal barrier integrity can provide a significant stress for the cells in both the epidermis as well as the underlying dermal layer of the skin, either due to the increased moisture evaporation from the skin or increased penetration of the antigens and microflora into the lower layers. This analysis was therefore designed to understand the effect of this loss of barrier integrity on the total skin transcriptional profile.",Total shaved back skin tissue samples were collected from 8 week old Flg-deficient mice and wt ctrls  Total RNA was isolated using the RNeasy Mini Kit+ (Qiagen). mRNA libraries were prepared using a SMART protocol and subjected to deep sequencing on an Illumina NextSeq 500.,,,,454805,GPL19057,Mus musculus,GSE,Expression profiling by high throughput sequencing,2021/05/01,8,ftp://ftp.ncbi.nlm.nih.gov/geo/series/GSE164nnn/GSE164623/,,,,,OSD-241|Mmus_BAL-TAL_FSKN_FLT_Rep7_F7,Space Flight
162,GSM5015062,0.9974863529205322,GSE164623,Alteration of the whole skin gene expression as a result of Flg deficiency,,,"Defects of filaggrin (FLG) compromise epidermal barrier function and represent an important known genetic risk factor for atopic dermatitis (AD), but also for systemic atopy, including allergic sensitization and asthma. A loss of epidermal barrier integrity can provide a significant stress for the cells in both the epidermis as well as the underlying dermal layer of the skin, either due to the increased moisture evaporation from the skin or increased penetration of the antigens and microflora into the lower layers. This analysis was therefore designed to understand the effect of this loss of barrier integrity on the total skin transcriptional profile.",Total shaved back skin tissue samples were collected from 8 week old Flg-deficient mice and wt ctrls  Total RNA was isolated using the RNeasy Mini Kit+ (Qiagen). mRNA libraries were prepared using a SMART protocol and subjected to deep sequencing on an Illumina NextSeq 500.,,,,454808,GPL19057,Mus musculus,GSE,Expression profiling by high throughput sequencing,2021/05/01,8,ftp://ftp.ncbi.nlm.nih.gov/geo/series/GSE164nnn/GSE164623/,,,,,OSD-241|Mmus_BAL-TAL_FSKN_FLT_Rep7_F7,Space Flight
163,GSM3758300,0.9971966743469238,GSE130987,RNA sequencing of Tregs from skin and whole skin from neonatal mice colonized with Staphlyococcus epidermidis versus Staphylococcus aureus,,,This SuperSeries is composed of the SubSeries listed below.,Refer to individual Series,,,,255797,GPL17021,Mus musculus,GSE,Expression profiling by high throughput sequencing,2019/11/11,20,ftp://ftp.ncbi.nlm.nih.gov/geo/series/GSE130nnn/GSE130987/,,,,,OSD-241|Mmus_BAL-TAL_FSKN_FLT_Rep7_F7,Space Flight
164,GSM5610971,0.997117280960083,GSE185340,Next Generation Sequencing Facilitates Quantitative Analysis of Stat3f/f K5cre Skin Keratinocytes Transcriptomes,,,"Atopic dermatitis (AD) is the most common inflammatory skin disease. Stat3 mutation is a major cause of hyper IgE syndrome (HIES), which consistently represent AD like eczematous dermatitis. Based on multi-dimensional transcriptome analysis in pre- and post-flares skin, dermatitis phenotype was controlled by sequential two steps of Stat3 deficiency and environmental pathogenic stimuli. The Stat3 deficiency determined the barrier integrity that lowered threshold of inflammation, but this step was not sufficient to form pathogenicity. Transcriptome data indicated that emergence of dermatitis phenotype need to trigger robust activation of NFB pathway and TH2 cells. Continuous colonization of Staphylococcus aureus was an environmental stimulus to lower the activation threshold of TH2 inflammation in the skin.",Kinetical transcriptome analysis in cultured skin keratinocyte and ear skin of specific Stat3 deficient mice,34867936,,,552833,GPL18480,Mus musculus,GSE,Expression profiling by high throughput sequencing,2021/10/12,41,ftp://ftp.ncbi.nlm.nih.gov/geo/series/GSE185nnn/GSE185340/,Essential Role of STAT3 Signaling in Hair Follicle Homeostasis.,Frontiers in immunology,2021,10.3389/fimmu.2021.663177,OSD-241|Mmus_BAL-TAL_FSKN_FLT_Rep7_F7,Space Flight
165,GSM2696412,0.9970190525054932,GSE100918,Mechanisms of the innate defense regulator peptide 1002 anti-inflammatory activity in a sterile inflammation mouse model,,,"Innate defense regulator (IDR) peptide-1002 is a synthetic host defense peptide derivative with strong anti-inflammatory properties.To investigate the anti-inflammatory mechanisms of IDR-1002 in vivo, the phorbol 12-myristate 13-acetate (PMA)-induced mouse ear inflammation model was used. Topical IDR-1002 treatment successfully dampened PMA-induced ear edema, proinflammatory cytokine production, reactive oxygen and nitrogen species release, and neutrophil recruitment in the ears of CD1 mice. Advanced RNA-Seq analysis on the mouse ear transcriptome revealed that IDR-1002 reduced sterile inflammation by suppressing the expression of transmembrane G-protein coupled receptors (Class A/1 rhodopsin-like), including receptors for chemokines, prostaglandins, histamine, platelet activating factor and anaphylatoxin. IDR-1002 also dampened IFNγ response and repressed the Interferon regulatory factor (Irf) 8-regulated network that controls central inflammatory pathways.",RNA-Seq profiling of gene expression in mouse ear tissue exposed to three treatment conditions,28993516,,,116879,GPL17021,Mus musculus,GSE,Expression profiling by high throughput sequencing,2018/01/31,15,ftp://ftp.ncbi.nlm.nih.gov/geo/series/GSE100nnn/GSE100918/,Mechanisms of the Innate Defense Regulator Peptide-1002 Anti-Inflammatory Activity in a Sterile Inflammation Mouse Model.,"Journal of immunology (Baltimore, Md. : 1950)",2017 Nov 15,10.4049/jimmunol.1700985,OSD-241|Mmus_BAL-TAL_FSKN_FLT_Rep7_F7,Space Flight
166,GSM4486795,0.9969303607940674,GSE148969,Repeat tick exposure elicits distinct immune responses in guinea pigs and mice,,,This SuperSeries is composed of the SubSeries listed below.,Refer to individual Series,,,,358878,GPL24247; GPL28437,Cavia porcellus; Mus musculus,GSE,Expression profiling by high throughput sequencing,2023/04/20,25,ftp://ftp.ncbi.nlm.nih.gov/geo/series/GSE148nnn/GSE148969/,,,,,OSD-241|Mmus_BAL-TAL_FSKN_FLT_Rep7_F7,Space Flight
167,GSM2696415,0.9969274997711182,GSE100918,Mechanisms of the innate defense regulator peptide 1002 anti-inflammatory activity in a sterile inflammation mouse model,,,"Innate defense regulator (IDR) peptide-1002 is a synthetic host defense peptide derivative with strong anti-inflammatory properties.To investigate the anti-inflammatory mechanisms of IDR-1002 in vivo, the phorbol 12-myristate 13-acetate (PMA)-induced mouse ear inflammation model was used. Topical IDR-1002 treatment successfully dampened PMA-induced ear edema, proinflammatory cytokine production, reactive oxygen and nitrogen species release, and neutrophil recruitment in the ears of CD1 mice. Advanced RNA-Seq analysis on the mouse ear transcriptome revealed that IDR-1002 reduced sterile inflammation by suppressing the expression of transmembrane G-protein coupled receptors (Class A/1 rhodopsin-like), including receptors for chemokines, prostaglandins, histamine, platelet activating factor and anaphylatoxin. IDR-1002 also dampened IFNγ response and repressed the Interferon regulatory factor (Irf) 8-regulated network that controls central inflammatory pathways.",RNA-Seq profiling of gene expression in mouse ear tissue exposed to three treatment conditions,28993516,,,116882,GPL17021,Mus musculus,GSE,Expression profiling by high throughput sequencing,2018/01/31,15,ftp://ftp.ncbi.nlm.nih.gov/geo/series/GSE100nnn/GSE100918/,Mechanisms of the Innate Defense Regulator Peptide-1002 Anti-Inflammatory Activity in a Sterile Inflammation Mouse Model.,"Journal of immunology (Baltimore, Md. : 1950)",2017 Nov 15,10.4049/jimmunol.1700985,OSD-241|Mmus_BAL-TAL_FSKN_FLT_Rep7_F7,Space Flight
168,GSM3851981,0.996867299079895,GSE132173,RNA-seq of tissues from MC903- and Ethanol-treated mice,,,"We report transcript abundance in skin, spinal_cord, and trigeminal ganglia from animals treated with MC903 to induce a mouse model of atopic dermatitis across different genotypes, time points, and treatments","Examination of gene expression in TSLPR.KO, wild-type, and neutrophil-depleted animals. For differential expression analysis, comparisons were performed between MC903 and ethanol treatments for the same condition (genotype, timepoint, etc.)",31631836,,,258761,GPL21103,Mus musculus,GSE,Expression profiling by high throughput sequencing,2019/11/13,162,ftp://ftp.ncbi.nlm.nih.gov/geo/series/GSE132nnn/GSE132173/,Neutrophils promote CXCR3-dependent itch in the development of atopic dermatitis.,eLife,2019 Oct 21,10.7554/eLife.48448,OSD-241|Mmus_BAL-TAL_FSKN_FLT_Rep7_F7,Space Flight
169,GSM4516295,0.9968181848526001,GSE149880,Expression analysis of WT or Card14E138A ears 5 days and 1 month after injecton of tamoxifen,,,"The inducible nature of our knock-in mouse strain allowed us to determine the immediate effects of dysregulated CARD14 signalling and compare them to the long term effects of its expression. CARD14E138A-induced skin inflammation and systemic disease were independent of adaptive immune cells, substantially reduced by antibody blocking of TNF and induced by CARD14E138A signaling only in keratinocytes.","To investigate how psoriasis-associated mutations in CARD14 induce psoriasis, we have generated a Card14LSL-E138A knock-in mouse that allows conditional expression of Card14E138A from the endogenous mouse Card14 locus via tamoxifen activation of CreERT2. The highly penetrant CARD14E138A psoriasis-associated mutation was first identified in a child suffering from GPP and induces CARD14 to constitutively activate NF-kB. The new Card14LSL-E138A strain allowed the immediate and chronic effects of CARD14E138A signaling to be studied, as well as the cell types involved.",,,,371288,GPL21103,Mus musculus,GSE,Expression profiling by high throughput sequencing,2020/07/07,24,ftp://ftp.ncbi.nlm.nih.gov/geo/series/GSE149nnn/GSE149880/,,,,,OSD-241|Mmus_BAL-TAL_FSKN_FLT_Rep7_F7,Space Flight
170,GSM7798808,0.9979803562164307,GSE243950,Suture-anchored cutaneous tension induces persistent hypertrophic scarring in a novel murine model,,,This SuperSeries is composed of the SubSeries listed below.,Refer to individual Series,,,,817849,GPL24247; GPL21103,Mus musculus,GSE,Non-coding RNA profiling by high throughput sequencing; Expression profiling by high throughput sequencing,2023/09/28,12,ftp://ftp.ncbi.nlm.nih.gov/geo/series/GSE243nnn/GSE243950/,,,,,OSD-241|Mmus_BAL-TAL_FSKN_FLT_Rep8_F9,Space Flight
171,GSM3851981,0.9979017972946167,GSE132173,RNA-seq of tissues from MC903- and Ethanol-treated mice,,,"We report transcript abundance in skin, spinal_cord, and trigeminal ganglia from animals treated with MC903 to induce a mouse model of atopic dermatitis across different genotypes, time points, and treatments","Examination of gene expression in TSLPR.KO, wild-type, and neutrophil-depleted animals. For differential expression analysis, comparisons were performed between MC903 and ethanol treatments for the same condition (genotype, timepoint, etc.)",31631836,,,258761,GPL21103,Mus musculus,GSE,Expression profiling by high throughput sequencing,2019/11/13,162,ftp://ftp.ncbi.nlm.nih.gov/geo/series/GSE132nnn/GSE132173/,Neutrophils promote CXCR3-dependent itch in the development of atopic dermatitis.,eLife,2019 Oct 21,10.7554/eLife.48448,OSD-241|Mmus_BAL-TAL_FSKN_FLT_Rep8_F9,Space Flight
172,GSM3851982,0.9978042840957642,GSE132173,RNA-seq of tissues from MC903- and Ethanol-treated mice,,,"We report transcript abundance in skin, spinal_cord, and trigeminal ganglia from animals treated with MC903 to induce a mouse model of atopic dermatitis across different genotypes, time points, and treatments","Examination of gene expression in TSLPR.KO, wild-type, and neutrophil-depleted animals. For differential expression analysis, comparisons were performed between MC903 and ethanol treatments for the same condition (genotype, timepoint, etc.)",31631836,,,258762,GPL21103,Mus musculus,GSE,Expression profiling by high throughput sequencing,2019/11/13,162,ftp://ftp.ncbi.nlm.nih.gov/geo/series/GSE132nnn/GSE132173/,Neutrophils promote CXCR3-dependent itch in the development of atopic dermatitis.,eLife,2019 Oct 21,10.7554/eLife.48448,OSD-241|Mmus_BAL-TAL_FSKN_FLT_Rep8_F9,Space Flight
173,GSM3851979,0.9978002309799194,GSE132173,RNA-seq of tissues from MC903- and Ethanol-treated mice,,,"We report transcript abundance in skin, spinal_cord, and trigeminal ganglia from animals treated with MC903 to induce a mouse model of atopic dermatitis across different genotypes, time points, and treatments","Examination of gene expression in TSLPR.KO, wild-type, and neutrophil-depleted animals. For differential expression analysis, comparisons were performed between MC903 and ethanol treatments for the same condition (genotype, timepoint, etc.)",31631836,,,258759,GPL21103,Mus musculus,GSE,Expression profiling by high throughput sequencing,2019/11/13,162,ftp://ftp.ncbi.nlm.nih.gov/geo/series/GSE132nnn/GSE132173/,Neutrophils promote CXCR3-dependent itch in the development of atopic dermatitis.,eLife,2019 Oct 21,10.7554/eLife.48448,OSD-241|Mmus_BAL-TAL_FSKN_FLT_Rep8_F9,Space Flight
174,GSM3851976,0.9977120757102966,GSE132173,RNA-seq of tissues from MC903- and Ethanol-treated mice,,,"We report transcript abundance in skin, spinal_cord, and trigeminal ganglia from animals treated with MC903 to induce a mouse model of atopic dermatitis across different genotypes, time points, and treatments","Examination of gene expression in TSLPR.KO, wild-type, and neutrophil-depleted animals. For differential expression analysis, comparisons were performed between MC903 and ethanol treatments for the same condition (genotype, timepoint, etc.)",31631836,,,258756,GPL21103,Mus musculus,GSE,Expression profiling by high throughput sequencing,2019/11/13,162,ftp://ftp.ncbi.nlm.nih.gov/geo/series/GSE132nnn/GSE132173/,Neutrophils promote CXCR3-dependent itch in the development of atopic dermatitis.,eLife,2019 Oct 21,10.7554/eLife.48448,OSD-241|Mmus_BAL-TAL_FSKN_FLT_Rep8_F9,Space Flight
175,GSM7798807,0.9976975917816162,GSE243950,Suture-anchored cutaneous tension induces persistent hypertrophic scarring in a novel murine model,,,This SuperSeries is composed of the SubSeries listed below.,Refer to individual Series,,,,817848,GPL24247; GPL21103,Mus musculus,GSE,Non-coding RNA profiling by high throughput sequencing; Expression profiling by high throughput sequencing,2023/09/28,12,ftp://ftp.ncbi.nlm.nih.gov/geo/series/GSE243nnn/GSE243950/,,,,,OSD-241|Mmus_BAL-TAL_FSKN_FLT_Rep8_F9,Space Flight
176,GSM7798809,0.997235894203186,GSE243950,Suture-anchored cutaneous tension induces persistent hypertrophic scarring in a novel murine model,,,This SuperSeries is composed of the SubSeries listed below.,Refer to individual Series,,,,817850,GPL24247; GPL21103,Mus musculus,GSE,Non-coding RNA profiling by high throughput sequencing; Expression profiling by high throughput sequencing,2023/09/28,12,ftp://ftp.ncbi.nlm.nih.gov/geo/series/GSE243nnn/GSE243950/,,,,,OSD-241|Mmus_BAL-TAL_FSKN_FLT_Rep8_F9,Space Flight
177,GSM4486787,0.9971150755882263,GSE148969,Repeat tick exposure elicits distinct immune responses in guinea pigs and mice,,,This SuperSeries is composed of the SubSeries listed below.,Refer to individual Series,,,,358870,GPL24247; GPL28437,Cavia porcellus; Mus musculus,GSE,Expression profiling by high throughput sequencing,2023/04/20,25,ftp://ftp.ncbi.nlm.nih.gov/geo/series/GSE148nnn/GSE148969/,,,,,OSD-241|Mmus_BAL-TAL_FSKN_FLT_Rep8_F9,Space Flight
178,GSM2094825,0.9969247579574585,GSE79403,IL-31 regulation of transcripts in skin,,,"Interleukin-31 (IL-31), a T cells derived cytokine which is mainly produced by CD4+ T cells skewed towards Th2 phenotypes. It signals via a heterodimeric receptors composed of IL-31RA and OSMR that is expressed constitutively in epithelial cells and keratinocytes. IL-31 is shown to play a pathogenic role in allergic and inflammatory diseases. Transgenic mice overexpressing IL-31 have a phenotype similar to atopic dermatitis.  Here, we studied the role of IL-31 in skin damage by intradermal administration of recombinant IL-31. Notably, IL-31 was sufficient to increase epidermal basal cell proliferation and thickening of the epidermal layer of skin in mice. Analysis of skin transcriptome indicates a significant increase in the transcripts involved in epidermal cell proliferation and pathological skin remodeling. Thus, our study revealed an important role of IL-31 signaling in activating transcriptional programs involved in the pathophysiology of skin diseases.",mRNA profiles of C57BL/6 mice skin injected with saline and rIL-31 (20µg) via i.d.,27556734,,,58341,GPL15103,Mus musculus,GSE,Expression profiling by high throughput sequencing,2016/03/19,6,ftp://ftp.ncbi.nlm.nih.gov/geo/series/GSE79nnn/GSE79403/,IL-31-Driven Skin Remodeling Involves Epidermal Cell Proliferation and Thickening That Lead to Impaired Skin-Barrier Function.,PloS one,2016,10.1371/journal.pone.0161877,OSD-241|Mmus_BAL-TAL_FSKN_FLT_Rep8_F9,Space Flight
179,GSM3851944,0.9967759847640991,GSE132173,RNA-seq of tissues from MC903- and Ethanol-treated mice,,,"We report transcript abundance in skin, spinal_cord, and trigeminal ganglia from animals treated with MC903 to induce a mouse model of atopic dermatitis across different genotypes, time points, and treatments","Examination of gene expression in TSLPR.KO, wild-type, and neutrophil-depleted animals. For differential expression analysis, comparisons were performed between MC903 and ethanol treatments for the same condition (genotype, timepoint, etc.)",31631836,,,258724,GPL21103,Mus musculus,GSE,Expression profiling by high throughput sequencing,2019/11/13,162,ftp://ftp.ncbi.nlm.nih.gov/geo/series/GSE132nnn/GSE132173/,Neutrophils promote CXCR3-dependent itch in the development of atopic dermatitis.,eLife,2019 Oct 21,10.7554/eLife.48448,OSD-241|Mmus_BAL-TAL_FSKN_FLT_Rep8_F9,Space Flight
180,GSM3851979,0.998426616191864,GSE132173,RNA-seq of tissues from MC903- and Ethanol-treated mice,,,"We report transcript abundance in skin, spinal_cord, and trigeminal ganglia from animals treated with MC903 to induce a mouse model of atopic dermatitis across different genotypes, time points, and treatments","Examination of gene expression in TSLPR.KO, wild-type, and neutrophil-depleted animals. For differential expression analysis, comparisons were performed between MC903 and ethanol treatments for the same condition (genotype, timepoint, etc.)",31631836,,,258759,GPL21103,Mus musculus,GSE,Expression profiling by high throughput sequencing,2019/11/13,162,ftp://ftp.ncbi.nlm.nih.gov/geo/series/GSE132nnn/GSE132173/,Neutrophils promote CXCR3-dependent itch in the development of atopic dermatitis.,eLife,2019 Oct 21,10.7554/eLife.48448,OSD-241|Mmus_BAL-TAL_FSKN_FLT_Rep9_F10,Space Flight
181,GSM3851976,0.998406171798706,GSE132173,RNA-seq of tissues from MC903- and Ethanol-treated mice,,,"We report transcript abundance in skin, spinal_cord, and trigeminal ganglia from animals treated with MC903 to induce a mouse model of atopic dermatitis across different genotypes, time points, and treatments","Examination of gene expression in TSLPR.KO, wild-type, and neutrophil-depleted animals. For differential expression analysis, comparisons were performed between MC903 and ethanol treatments for the same condition (genotype, timepoint, etc.)",31631836,,,258756,GPL21103,Mus musculus,GSE,Expression profiling by high throughput sequencing,2019/11/13,162,ftp://ftp.ncbi.nlm.nih.gov/geo/series/GSE132nnn/GSE132173/,Neutrophils promote CXCR3-dependent itch in the development of atopic dermatitis.,eLife,2019 Oct 21,10.7554/eLife.48448,OSD-241|Mmus_BAL-TAL_FSKN_FLT_Rep9_F10,Space Flight
182,GSM3851982,0.9983347654342651,GSE132173,RNA-seq of tissues from MC903- and Ethanol-treated mice,,,"We report transcript abundance in skin, spinal_cord, and trigeminal ganglia from animals treated with MC903 to induce a mouse model of atopic dermatitis across different genotypes, time points, and treatments","Examination of gene expression in TSLPR.KO, wild-type, and neutrophil-depleted animals. For differential expression analysis, comparisons were performed between MC903 and ethanol treatments for the same condition (genotype, timepoint, etc.)",31631836,,,258762,GPL21103,Mus musculus,GSE,Expression profiling by high throughput sequencing,2019/11/13,162,ftp://ftp.ncbi.nlm.nih.gov/geo/series/GSE132nnn/GSE132173/,Neutrophils promote CXCR3-dependent itch in the development of atopic dermatitis.,eLife,2019 Oct 21,10.7554/eLife.48448,OSD-241|Mmus_BAL-TAL_FSKN_FLT_Rep9_F10,Space Flight
183,GSM3851981,0.9982256889343262,GSE132173,RNA-seq of tissues from MC903- and Ethanol-treated mice,,,"We report transcript abundance in skin, spinal_cord, and trigeminal ganglia from animals treated with MC903 to induce a mouse model of atopic dermatitis across different genotypes, time points, and treatments","Examination of gene expression in TSLPR.KO, wild-type, and neutrophil-depleted animals. For differential expression analysis, comparisons were performed between MC903 and ethanol treatments for the same condition (genotype, timepoint, etc.)",31631836,,,258761,GPL21103,Mus musculus,GSE,Expression profiling by high throughput sequencing,2019/11/13,162,ftp://ftp.ncbi.nlm.nih.gov/geo/series/GSE132nnn/GSE132173/,Neutrophils promote CXCR3-dependent itch in the development of atopic dermatitis.,eLife,2019 Oct 21,10.7554/eLife.48448,OSD-241|Mmus_BAL-TAL_FSKN_FLT_Rep9_F10,Space Flight
184,GSM7798807,0.9981967210769653,GSE243950,Suture-anchored cutaneous tension induces persistent hypertrophic scarring in a novel murine model,,,This SuperSeries is composed of the SubSeries listed below.,Refer to individual Series,,,,817848,GPL24247; GPL21103,Mus musculus,GSE,Non-coding RNA profiling by high throughput sequencing; Expression profiling by high throughput sequencing,2023/09/28,12,ftp://ftp.ncbi.nlm.nih.gov/geo/series/GSE243nnn/GSE243950/,,,,,OSD-241|Mmus_BAL-TAL_FSKN_FLT_Rep9_F10,Space Flight
185,GSM7798808,0.998068630695343,GSE243950,Suture-anchored cutaneous tension induces persistent hypertrophic scarring in a novel murine model,,,This SuperSeries is composed of the SubSeries listed below.,Refer to individual Series,,,,817849,GPL24247; GPL21103,Mus musculus,GSE,Non-coding RNA profiling by high throughput sequencing; Expression profiling by high throughput sequencing,2023/09/28,12,ftp://ftp.ncbi.nlm.nih.gov/geo/series/GSE243nnn/GSE243950/,,,,,OSD-241|Mmus_BAL-TAL_FSKN_FLT_Rep9_F10,Space Flight
186,GSM7798809,0.9978888630867004,GSE243950,Suture-anchored cutaneous tension induces persistent hypertrophic scarring in a novel murine model,,,This SuperSeries is composed of the SubSeries listed below.,Refer to individual Series,,,,817850,GPL24247; GPL21103,Mus musculus,GSE,Non-coding RNA profiling by high throughput sequencing; Expression profiling by high throughput sequencing,2023/09/28,12,ftp://ftp.ncbi.nlm.nih.gov/geo/series/GSE243nnn/GSE243950/,,,,,OSD-241|Mmus_BAL-TAL_FSKN_FLT_Rep9_F10,Space Flight
187,GSM3851944,0.997735857963562,GSE132173,RNA-seq of tissues from MC903- and Ethanol-treated mice,,,"We report transcript abundance in skin, spinal_cord, and trigeminal ganglia from animals treated with MC903 to induce a mouse model of atopic dermatitis across different genotypes, time points, and treatments","Examination of gene expression in TSLPR.KO, wild-type, and neutrophil-depleted animals. For differential expression analysis, comparisons were performed between MC903 and ethanol treatments for the same condition (genotype, timepoint, etc.)",31631836,,,258724,GPL21103,Mus musculus,GSE,Expression profiling by high throughput sequencing,2019/11/13,162,ftp://ftp.ncbi.nlm.nih.gov/geo/series/GSE132nnn/GSE132173/,Neutrophils promote CXCR3-dependent itch in the development of atopic dermatitis.,eLife,2019 Oct 21,10.7554/eLife.48448,OSD-241|Mmus_BAL-TAL_FSKN_FLT_Rep9_F10,Space Flight
188,GSM4486787,0.9976195096969604,GSE148969,Repeat tick exposure elicits distinct immune responses in guinea pigs and mice,,,This SuperSeries is composed of the SubSeries listed below.,Refer to individual Series,,,,358870,GPL24247; GPL28437,Cavia porcellus; Mus musculus,GSE,Expression profiling by high throughput sequencing,2023/04/20,25,ftp://ftp.ncbi.nlm.nih.gov/geo/series/GSE148nnn/GSE148969/,,,,,OSD-241|Mmus_BAL-TAL_FSKN_FLT_Rep9_F10,Space Flight
189,GSM3852001,0.9975776672363281,GSE132173,RNA-seq of tissues from MC903- and Ethanol-treated mice,,,"We report transcript abundance in skin, spinal_cord, and trigeminal ganglia from animals treated with MC903 to induce a mouse model of atopic dermatitis across different genotypes, time points, and treatments","Examination of gene expression in TSLPR.KO, wild-type, and neutrophil-depleted animals. For differential expression analysis, comparisons were performed between MC903 and ethanol treatments for the same condition (genotype, timepoint, etc.)",31631836,,,258781,GPL21103,Mus musculus,GSE,Expression profiling by high throughput sequencing,2019/11/13,162,ftp://ftp.ncbi.nlm.nih.gov/geo/series/GSE132nnn/GSE132173/,Neutrophils promote CXCR3-dependent itch in the development of atopic dermatitis.,eLife,2019 Oct 21,10.7554/eLife.48448,OSD-241|Mmus_BAL-TAL_FSKN_FLT_Rep9_F10,Space Flight
