,gsm,score,gse,title,source_name,characteristics,geo_summary,geo_design,pubmed_ids,tissue,species,archs4_index,geo_platform_biopython,geo_taxon_biopython,geo_entry_type_biopython,geo_gds_type_biopython,geo_pdat_biopython,geo_n_samples_biopython,geo_ftp_link_biopython,pubmed_title_biopython,pubmed_journal_biopython,pubmed_pub_date_biopython,pubmed_doi_biopython,sample_name,spaceflight
0,GSM6508501,0.9960224628448486,GSE212054,Phosphatidylinositol-Specific Phospholipase C can inhibit the proliferation of and suppress the phagocytosis of Müller cells via modulating PI3K/AKT signaling pathway,,,Transcriptome analysis showed that the PI-PLC protein is closely related to phagocytosis by tissue cells,We then performed gene expression profiling analysis using data obtained from RNA-seq of eyeball organization from C57/B6 mouse and human muller cell,37672795,,,675497,GPL24247; GPL24676,Mus musculus; Homo sapiens,GSE,Expression profiling by high throughput sequencing,2022/09/01,24,ftp://ftp.ncbi.nlm.nih.gov/geo/series/GSE212nnn/GSE212054/,Phosphatidylinositol-specific phospholipase C can decrease Müller cell viability and suppress its phagocytic activity by modulating PI3K/AKT signaling pathway.,Canadian journal of microbiology,2023 Dec 1,10.1139/cjm-2023-0044,OSD-162|Mmus_BAL-TAL_EYE_BSL_Rep1_B2,Basal Control
1,GSM2412070,0.995685875415802,GSE90755,Transcriptome profiling of wildtype C57BL/6 mouse with metformin treatment,,,"Background: Metformin, one of the first-line medication for the treatment of type 2 diabetes and gestational diabetes, has recently be suggested for targeting cardiovascular disease, cancer and aging. Therefore, current understanding of the mechanism of this drug is incompletely understood, and the function of multiple tissues, other than liver metabolism alone, may be influenced. Methods: The wildtype healthy mice treated with metformin were compared with controls (treated with double distilled water). The transcriptome changes with/without metformin treatment were probed by using high-throughput RNA-seq techniques Results: A comprehensive mouse transcriptome map with metformin treatment across ten tissues including aorta, eyeball, brain, adipose tissue, heart, kidney, liver, skeletal muscle, stomach and testis, was provided. Function enrichment, network characteristics and disease association of the differentially expressed genes were analyzed. We also compared our expression profiles with related microarray data in order to find conditions that share similar expression profiles with metformin treatment. Conclusions: This dataset could serve as a baseline resource for investigating the potential beneficial or adverse effects of metformin across different tissues.","Wildtype healthy C57BL/6 mice were treated with either metformin (treatment group) or double distilled water (control group). The mRNA profiles across 10 tissues (including aorta, eyeball, brain, adipose tissue, heart, kidney, liver, skeletal muscle, stomach and testis) were generated RNA-seq technique, in triplicate for each group, using Illumina HiSeq 2500.",32529766,,,91858,GPL17021,Mus musculus,GSE,Expression profiling by high throughput sequencing,2020/07/15,60,ftp://ftp.ncbi.nlm.nih.gov/geo/series/GSE90nnn/GSE90755/,Transcriptomic landscape profiling of metformin-treated healthy mice: Implication for potential hypertension risk when prophylactically used.,Journal of cellular and molecular medicine,2020 Jul,10.1111/jcmm.15472,OSD-162|Mmus_BAL-TAL_EYE_BSL_Rep1_B2,Basal Control
2,GSM4008388,0.9954904317855835,GSE135415,Tissue- and Species-Specific Patterns of RNA metabolism in Post-Mortem Mammalian Retina and Retinal Pigment Epithelium,,,"Accurate analysis of gene expression in human tissues using RNA Sequencing is often dependent on the quality of source material. One major source of variation in mRNA quality is post-mortem time. While it is known that individual transcripts show differential post-mortem stability, few studies have directly and comprehensively analyzed mRNA stability following death, and in particular, the extent to which tissue- and species-specific factors influence post-mortem mRNA stability are poorly understood. This knowledge is particularly important for ocular tissues studies, where tissues obtained post-mortem are frequently used for research or therapeutic applications. To directly investigate this question, we profiled mRNA levels in both neuroretina and retinal pigment epithelium (RPE) from mouse and baboon over a series of post-mortem intervals. We found substantial changes in gene expression as early as 15 minutes in the mouse and as early as three hours in the baboon eye tissues. Importantly, our findings demonstrate both tissue- and species- specific patterns of RNA metabolism, by identifying a set of genes that are either rapidly degraded or very stable in both species and/or tissues. Taken together, the data from this study lays the foundation for understanding RNA regulation post-mortem, and provide novel insights into RNA metabolism in the tissues of the mammalian eye.",Mice at different post-mortem intervals were used to collect retina and RPE/choroid tissues.,31616038,,,278713,GPL27009; GPL19057,Papio anubis; Mus musculus,GSE,Expression profiling by high throughput sequencing,2019/11/04,106,ftp://ftp.ncbi.nlm.nih.gov/geo/series/GSE135nnn/GSE135415/,Tissue- and Species-Specific Patterns of RNA metabolism in Post-Mortem Mammalian Retina and Retinal Pigment Epithelium.,Scientific reports,2019 Oct 15,10.1038/s41598-019-51379-3,OSD-162|Mmus_BAL-TAL_EYE_BSL_Rep1_B2,Basal Control
3,GSM6508506,0.9949001669883728,GSE212054,Phosphatidylinositol-Specific Phospholipase C can inhibit the proliferation of and suppress the phagocytosis of Müller cells via modulating PI3K/AKT signaling pathway,,,Transcriptome analysis showed that the PI-PLC protein is closely related to phagocytosis by tissue cells,We then performed gene expression profiling analysis using data obtained from RNA-seq of eyeball organization from C57/B6 mouse and human muller cell,37672795,,,675502,GPL24247; GPL24676,Mus musculus; Homo sapiens,GSE,Expression profiling by high throughput sequencing,2022/09/01,24,ftp://ftp.ncbi.nlm.nih.gov/geo/series/GSE212nnn/GSE212054/,Phosphatidylinositol-specific phospholipase C can decrease Müller cell viability and suppress its phagocytic activity by modulating PI3K/AKT signaling pathway.,Canadian journal of microbiology,2023 Dec 1,10.1139/cjm-2023-0044,OSD-162|Mmus_BAL-TAL_EYE_BSL_Rep1_B2,Basal Control
4,GSM6508503,0.9948678612709045,GSE212054,Phosphatidylinositol-Specific Phospholipase C can inhibit the proliferation of and suppress the phagocytosis of Müller cells via modulating PI3K/AKT signaling pathway,,,Transcriptome analysis showed that the PI-PLC protein is closely related to phagocytosis by tissue cells,We then performed gene expression profiling analysis using data obtained from RNA-seq of eyeball organization from C57/B6 mouse and human muller cell,37672795,,,675499,GPL24247; GPL24676,Mus musculus; Homo sapiens,GSE,Expression profiling by high throughput sequencing,2022/09/01,24,ftp://ftp.ncbi.nlm.nih.gov/geo/series/GSE212nnn/GSE212054/,Phosphatidylinositol-specific phospholipase C can decrease Müller cell viability and suppress its phagocytic activity by modulating PI3K/AKT signaling pathway.,Canadian journal of microbiology,2023 Dec 1,10.1139/cjm-2023-0044,OSD-162|Mmus_BAL-TAL_EYE_BSL_Rep1_B2,Basal Control
5,GSM6508508,0.9946001172065735,GSE212054,Phosphatidylinositol-Specific Phospholipase C can inhibit the proliferation of and suppress the phagocytosis of Müller cells via modulating PI3K/AKT signaling pathway,,,Transcriptome analysis showed that the PI-PLC protein is closely related to phagocytosis by tissue cells,We then performed gene expression profiling analysis using data obtained from RNA-seq of eyeball organization from C57/B6 mouse and human muller cell,37672795,,,675504,GPL24247; GPL24676,Mus musculus; Homo sapiens,GSE,Expression profiling by high throughput sequencing,2022/09/01,24,ftp://ftp.ncbi.nlm.nih.gov/geo/series/GSE212nnn/GSE212054/,Phosphatidylinositol-specific phospholipase C can decrease Müller cell viability and suppress its phagocytic activity by modulating PI3K/AKT signaling pathway.,Canadian journal of microbiology,2023 Dec 1,10.1139/cjm-2023-0044,OSD-162|Mmus_BAL-TAL_EYE_BSL_Rep1_B2,Basal Control
6,GSM4008378,0.9945275783538818,GSE135415,Tissue- and Species-Specific Patterns of RNA metabolism in Post-Mortem Mammalian Retina and Retinal Pigment Epithelium,,,"Accurate analysis of gene expression in human tissues using RNA Sequencing is often dependent on the quality of source material. One major source of variation in mRNA quality is post-mortem time. While it is known that individual transcripts show differential post-mortem stability, few studies have directly and comprehensively analyzed mRNA stability following death, and in particular, the extent to which tissue- and species-specific factors influence post-mortem mRNA stability are poorly understood. This knowledge is particularly important for ocular tissues studies, where tissues obtained post-mortem are frequently used for research or therapeutic applications. To directly investigate this question, we profiled mRNA levels in both neuroretina and retinal pigment epithelium (RPE) from mouse and baboon over a series of post-mortem intervals. We found substantial changes in gene expression as early as 15 minutes in the mouse and as early as three hours in the baboon eye tissues. Importantly, our findings demonstrate both tissue- and species- specific patterns of RNA metabolism, by identifying a set of genes that are either rapidly degraded or very stable in both species and/or tissues. Taken together, the data from this study lays the foundation for understanding RNA regulation post-mortem, and provide novel insights into RNA metabolism in the tissues of the mammalian eye.",Mice at different post-mortem intervals were used to collect retina and RPE/choroid tissues.,31616038,,,278703,GPL27009; GPL19057,Papio anubis; Mus musculus,GSE,Expression profiling by high throughput sequencing,2019/11/04,106,ftp://ftp.ncbi.nlm.nih.gov/geo/series/GSE135nnn/GSE135415/,Tissue- and Species-Specific Patterns of RNA metabolism in Post-Mortem Mammalian Retina and Retinal Pigment Epithelium.,Scientific reports,2019 Oct 15,10.1038/s41598-019-51379-3,OSD-162|Mmus_BAL-TAL_EYE_BSL_Rep1_B2,Basal Control
7,GSM4008360,0.9944381713867188,GSE135415,Tissue- and Species-Specific Patterns of RNA metabolism in Post-Mortem Mammalian Retina and Retinal Pigment Epithelium,,,"Accurate analysis of gene expression in human tissues using RNA Sequencing is often dependent on the quality of source material. One major source of variation in mRNA quality is post-mortem time. While it is known that individual transcripts show differential post-mortem stability, few studies have directly and comprehensively analyzed mRNA stability following death, and in particular, the extent to which tissue- and species-specific factors influence post-mortem mRNA stability are poorly understood. This knowledge is particularly important for ocular tissues studies, where tissues obtained post-mortem are frequently used for research or therapeutic applications. To directly investigate this question, we profiled mRNA levels in both neuroretina and retinal pigment epithelium (RPE) from mouse and baboon over a series of post-mortem intervals. We found substantial changes in gene expression as early as 15 minutes in the mouse and as early as three hours in the baboon eye tissues. Importantly, our findings demonstrate both tissue- and species- specific patterns of RNA metabolism, by identifying a set of genes that are either rapidly degraded or very stable in both species and/or tissues. Taken together, the data from this study lays the foundation for understanding RNA regulation post-mortem, and provide novel insights into RNA metabolism in the tissues of the mammalian eye.",Mice at different post-mortem intervals were used to collect retina and RPE/choroid tissues.,31616038,,,278685,GPL27009; GPL19057,Papio anubis; Mus musculus,GSE,Expression profiling by high throughput sequencing,2019/11/04,106,ftp://ftp.ncbi.nlm.nih.gov/geo/series/GSE135nnn/GSE135415/,Tissue- and Species-Specific Patterns of RNA metabolism in Post-Mortem Mammalian Retina and Retinal Pigment Epithelium.,Scientific reports,2019 Oct 15,10.1038/s41598-019-51379-3,OSD-162|Mmus_BAL-TAL_EYE_BSL_Rep1_B2,Basal Control
8,GSM1557914,0.9944140911102295,GSE63810,Next Generation Sequencing Comparison of C57BL/6J and BC027072 -/- Eye Transcriptomes,,,We report the single base pair analysis of the ocular transcriptome from wild type and BC027072 knockout animals. Comparison was analyzed to understand gene expression changes in a mouse model for early onset retinal degeneration which phenocopies a human form of autosomal recessive retinitis pigmentosa,Eye mRNA profiles were generated from 3 week-old C57BL/6J and BC027072 -/- in triplicate and sequenced using the Illumina HiSeq 2500,25616964,,,30037,GPL17021,Mus musculus,GSE,Expression profiling by high throughput sequencing,2015/02/03,6,ftp://ftp.ncbi.nlm.nih.gov/geo/series/GSE63nnn/GSE63810/,"Animals deficient in C2Orf71, an autosomal recessive retinitis pigmentosa-associated locus, develop severe early-onset retinal degeneration.",Human molecular genetics,2015 May 1,10.1093/hmg/ddv025,OSD-162|Mmus_BAL-TAL_EYE_BSL_Rep1_B2,Basal Control
9,GSM6508505,0.9942383766174316,GSE212054,Phosphatidylinositol-Specific Phospholipase C can inhibit the proliferation of and suppress the phagocytosis of Müller cells via modulating PI3K/AKT signaling pathway,,,Transcriptome analysis showed that the PI-PLC protein is closely related to phagocytosis by tissue cells,We then performed gene expression profiling analysis using data obtained from RNA-seq of eyeball organization from C57/B6 mouse and human muller cell,37672795,,,675501,GPL24247; GPL24676,Mus musculus; Homo sapiens,GSE,Expression profiling by high throughput sequencing,2022/09/01,24,ftp://ftp.ncbi.nlm.nih.gov/geo/series/GSE212nnn/GSE212054/,Phosphatidylinositol-specific phospholipase C can decrease Müller cell viability and suppress its phagocytic activity by modulating PI3K/AKT signaling pathway.,Canadian journal of microbiology,2023 Dec 1,10.1139/cjm-2023-0044,OSD-162|Mmus_BAL-TAL_EYE_BSL_Rep1_B2,Basal Control
10,GSM6431235,0.9957208037376404,GSE210492,Complement factor B is critical for sub-RPE deposit accumulation in a model of Doyne honeycomb retinal dystrophy with features of age-related macular degeneration,,,"To characterize female aged Efemp1 R345W knock-in (Efemp1ki/ki) mice, a model for Doyne honeycomb retinal dystrophy/malattia leventinese by bulk RNA sequencing We performed differential expression and gene set enrichment analysis analysis using data obtained from RNA-seq of the neural retina and posterior eyecups (whole eye without lens and retina) from 3- to 17-month-old Efemp1+/+ and Efemp1ki/ki mice",Gene expression profiling analysis of RNA-seq data of of the neural retina and posterior eyecups (whole eye without lens and retina) from 3- to 17-month-old Efemp1+/+ and Efemp1ki/ki mice,35943778,,,671374,GPL21103,Mus musculus,GSE,Expression profiling by high throughput sequencing,2022/08/10,93,ftp://ftp.ncbi.nlm.nih.gov/geo/series/GSE210nnn/GSE210492/,Complement factor B is critical for sub-RPE deposit accumulation in a model of Doyne honeycomb retinal dystrophy with features of age-related macular degeneration.,Human molecular genetics,2023 Jan 6,10.1093/hmg/ddac187,OSD-162|Mmus_BAL-TAL_EYE_BSL_Rep2_B3,Basal Control
11,GSM4008385,0.9954406023025513,GSE135415,Tissue- and Species-Specific Patterns of RNA metabolism in Post-Mortem Mammalian Retina and Retinal Pigment Epithelium,,,"Accurate analysis of gene expression in human tissues using RNA Sequencing is often dependent on the quality of source material. One major source of variation in mRNA quality is post-mortem time. While it is known that individual transcripts show differential post-mortem stability, few studies have directly and comprehensively analyzed mRNA stability following death, and in particular, the extent to which tissue- and species-specific factors influence post-mortem mRNA stability are poorly understood. This knowledge is particularly important for ocular tissues studies, where tissues obtained post-mortem are frequently used for research or therapeutic applications. To directly investigate this question, we profiled mRNA levels in both neuroretina and retinal pigment epithelium (RPE) from mouse and baboon over a series of post-mortem intervals. We found substantial changes in gene expression as early as 15 minutes in the mouse and as early as three hours in the baboon eye tissues. Importantly, our findings demonstrate both tissue- and species- specific patterns of RNA metabolism, by identifying a set of genes that are either rapidly degraded or very stable in both species and/or tissues. Taken together, the data from this study lays the foundation for understanding RNA regulation post-mortem, and provide novel insights into RNA metabolism in the tissues of the mammalian eye.",Mice at different post-mortem intervals were used to collect retina and RPE/choroid tissues.,31616038,,,278710,GPL27009; GPL19057,Papio anubis; Mus musculus,GSE,Expression profiling by high throughput sequencing,2019/11/04,106,ftp://ftp.ncbi.nlm.nih.gov/geo/series/GSE135nnn/GSE135415/,Tissue- and Species-Specific Patterns of RNA metabolism in Post-Mortem Mammalian Retina and Retinal Pigment Epithelium.,Scientific reports,2019 Oct 15,10.1038/s41598-019-51379-3,OSD-162|Mmus_BAL-TAL_EYE_BSL_Rep2_B3,Basal Control
12,GSM4008373,0.9952346682548523,GSE135415,Tissue- and Species-Specific Patterns of RNA metabolism in Post-Mortem Mammalian Retina and Retinal Pigment Epithelium,,,"Accurate analysis of gene expression in human tissues using RNA Sequencing is often dependent on the quality of source material. One major source of variation in mRNA quality is post-mortem time. While it is known that individual transcripts show differential post-mortem stability, few studies have directly and comprehensively analyzed mRNA stability following death, and in particular, the extent to which tissue- and species-specific factors influence post-mortem mRNA stability are poorly understood. This knowledge is particularly important for ocular tissues studies, where tissues obtained post-mortem are frequently used for research or therapeutic applications. To directly investigate this question, we profiled mRNA levels in both neuroretina and retinal pigment epithelium (RPE) from mouse and baboon over a series of post-mortem intervals. We found substantial changes in gene expression as early as 15 minutes in the mouse and as early as three hours in the baboon eye tissues. Importantly, our findings demonstrate both tissue- and species- specific patterns of RNA metabolism, by identifying a set of genes that are either rapidly degraded or very stable in both species and/or tissues. Taken together, the data from this study lays the foundation for understanding RNA regulation post-mortem, and provide novel insights into RNA metabolism in the tissues of the mammalian eye.",Mice at different post-mortem intervals were used to collect retina and RPE/choroid tissues.,31616038,,,278698,GPL27009; GPL19057,Papio anubis; Mus musculus,GSE,Expression profiling by high throughput sequencing,2019/11/04,106,ftp://ftp.ncbi.nlm.nih.gov/geo/series/GSE135nnn/GSE135415/,Tissue- and Species-Specific Patterns of RNA metabolism in Post-Mortem Mammalian Retina and Retinal Pigment Epithelium.,Scientific reports,2019 Oct 15,10.1038/s41598-019-51379-3,OSD-162|Mmus_BAL-TAL_EYE_BSL_Rep2_B3,Basal Control
13,GSM4008384,0.9951242804527283,GSE135415,Tissue- and Species-Specific Patterns of RNA metabolism in Post-Mortem Mammalian Retina and Retinal Pigment Epithelium,,,"Accurate analysis of gene expression in human tissues using RNA Sequencing is often dependent on the quality of source material. One major source of variation in mRNA quality is post-mortem time. While it is known that individual transcripts show differential post-mortem stability, few studies have directly and comprehensively analyzed mRNA stability following death, and in particular, the extent to which tissue- and species-specific factors influence post-mortem mRNA stability are poorly understood. This knowledge is particularly important for ocular tissues studies, where tissues obtained post-mortem are frequently used for research or therapeutic applications. To directly investigate this question, we profiled mRNA levels in both neuroretina and retinal pigment epithelium (RPE) from mouse and baboon over a series of post-mortem intervals. We found substantial changes in gene expression as early as 15 minutes in the mouse and as early as three hours in the baboon eye tissues. Importantly, our findings demonstrate both tissue- and species- specific patterns of RNA metabolism, by identifying a set of genes that are either rapidly degraded or very stable in both species and/or tissues. Taken together, the data from this study lays the foundation for understanding RNA regulation post-mortem, and provide novel insights into RNA metabolism in the tissues of the mammalian eye.",Mice at different post-mortem intervals were used to collect retina and RPE/choroid tissues.,31616038,,,278709,GPL27009; GPL19057,Papio anubis; Mus musculus,GSE,Expression profiling by high throughput sequencing,2019/11/04,106,ftp://ftp.ncbi.nlm.nih.gov/geo/series/GSE135nnn/GSE135415/,Tissue- and Species-Specific Patterns of RNA metabolism in Post-Mortem Mammalian Retina and Retinal Pigment Epithelium.,Scientific reports,2019 Oct 15,10.1038/s41598-019-51379-3,OSD-162|Mmus_BAL-TAL_EYE_BSL_Rep2_B3,Basal Control
14,GSM6431239,0.994994044303894,GSE210492,Complement factor B is critical for sub-RPE deposit accumulation in a model of Doyne honeycomb retinal dystrophy with features of age-related macular degeneration,,,"To characterize female aged Efemp1 R345W knock-in (Efemp1ki/ki) mice, a model for Doyne honeycomb retinal dystrophy/malattia leventinese by bulk RNA sequencing We performed differential expression and gene set enrichment analysis analysis using data obtained from RNA-seq of the neural retina and posterior eyecups (whole eye without lens and retina) from 3- to 17-month-old Efemp1+/+ and Efemp1ki/ki mice",Gene expression profiling analysis of RNA-seq data of of the neural retina and posterior eyecups (whole eye without lens and retina) from 3- to 17-month-old Efemp1+/+ and Efemp1ki/ki mice,35943778,,,671378,GPL21103,Mus musculus,GSE,Expression profiling by high throughput sequencing,2022/08/10,93,ftp://ftp.ncbi.nlm.nih.gov/geo/series/GSE210nnn/GSE210492/,Complement factor B is critical for sub-RPE deposit accumulation in a model of Doyne honeycomb retinal dystrophy with features of age-related macular degeneration.,Human molecular genetics,2023 Jan 6,10.1093/hmg/ddac187,OSD-162|Mmus_BAL-TAL_EYE_BSL_Rep2_B3,Basal Control
15,GSM6431244,0.9949288368225098,GSE210492,Complement factor B is critical for sub-RPE deposit accumulation in a model of Doyne honeycomb retinal dystrophy with features of age-related macular degeneration,,,"To characterize female aged Efemp1 R345W knock-in (Efemp1ki/ki) mice, a model for Doyne honeycomb retinal dystrophy/malattia leventinese by bulk RNA sequencing We performed differential expression and gene set enrichment analysis analysis using data obtained from RNA-seq of the neural retina and posterior eyecups (whole eye without lens and retina) from 3- to 17-month-old Efemp1+/+ and Efemp1ki/ki mice",Gene expression profiling analysis of RNA-seq data of of the neural retina and posterior eyecups (whole eye without lens and retina) from 3- to 17-month-old Efemp1+/+ and Efemp1ki/ki mice,35943778,,,671383,GPL21103,Mus musculus,GSE,Expression profiling by high throughput sequencing,2022/08/10,93,ftp://ftp.ncbi.nlm.nih.gov/geo/series/GSE210nnn/GSE210492/,Complement factor B is critical for sub-RPE deposit accumulation in a model of Doyne honeycomb retinal dystrophy with features of age-related macular degeneration.,Human molecular genetics,2023 Jan 6,10.1093/hmg/ddac187,OSD-162|Mmus_BAL-TAL_EYE_BSL_Rep2_B3,Basal Control
16,GSM4008381,0.9947437047958374,GSE135415,Tissue- and Species-Specific Patterns of RNA metabolism in Post-Mortem Mammalian Retina and Retinal Pigment Epithelium,,,"Accurate analysis of gene expression in human tissues using RNA Sequencing is often dependent on the quality of source material. One major source of variation in mRNA quality is post-mortem time. While it is known that individual transcripts show differential post-mortem stability, few studies have directly and comprehensively analyzed mRNA stability following death, and in particular, the extent to which tissue- and species-specific factors influence post-mortem mRNA stability are poorly understood. This knowledge is particularly important for ocular tissues studies, where tissues obtained post-mortem are frequently used for research or therapeutic applications. To directly investigate this question, we profiled mRNA levels in both neuroretina and retinal pigment epithelium (RPE) from mouse and baboon over a series of post-mortem intervals. We found substantial changes in gene expression as early as 15 minutes in the mouse and as early as three hours in the baboon eye tissues. Importantly, our findings demonstrate both tissue- and species- specific patterns of RNA metabolism, by identifying a set of genes that are either rapidly degraded or very stable in both species and/or tissues. Taken together, the data from this study lays the foundation for understanding RNA regulation post-mortem, and provide novel insights into RNA metabolism in the tissues of the mammalian eye.",Mice at different post-mortem intervals were used to collect retina and RPE/choroid tissues.,31616038,,,278706,GPL27009; GPL19057,Papio anubis; Mus musculus,GSE,Expression profiling by high throughput sequencing,2019/11/04,106,ftp://ftp.ncbi.nlm.nih.gov/geo/series/GSE135nnn/GSE135415/,Tissue- and Species-Specific Patterns of RNA metabolism in Post-Mortem Mammalian Retina and Retinal Pigment Epithelium.,Scientific reports,2019 Oct 15,10.1038/s41598-019-51379-3,OSD-162|Mmus_BAL-TAL_EYE_BSL_Rep2_B3,Basal Control
17,GSM4008386,0.9946967363357544,GSE135415,Tissue- and Species-Specific Patterns of RNA metabolism in Post-Mortem Mammalian Retina and Retinal Pigment Epithelium,,,"Accurate analysis of gene expression in human tissues using RNA Sequencing is often dependent on the quality of source material. One major source of variation in mRNA quality is post-mortem time. While it is known that individual transcripts show differential post-mortem stability, few studies have directly and comprehensively analyzed mRNA stability following death, and in particular, the extent to which tissue- and species-specific factors influence post-mortem mRNA stability are poorly understood. This knowledge is particularly important for ocular tissues studies, where tissues obtained post-mortem are frequently used for research or therapeutic applications. To directly investigate this question, we profiled mRNA levels in both neuroretina and retinal pigment epithelium (RPE) from mouse and baboon over a series of post-mortem intervals. We found substantial changes in gene expression as early as 15 minutes in the mouse and as early as three hours in the baboon eye tissues. Importantly, our findings demonstrate both tissue- and species- specific patterns of RNA metabolism, by identifying a set of genes that are either rapidly degraded or very stable in both species and/or tissues. Taken together, the data from this study lays the foundation for understanding RNA regulation post-mortem, and provide novel insights into RNA metabolism in the tissues of the mammalian eye.",Mice at different post-mortem intervals were used to collect retina and RPE/choroid tissues.,31616038,,,278711,GPL27009; GPL19057,Papio anubis; Mus musculus,GSE,Expression profiling by high throughput sequencing,2019/11/04,106,ftp://ftp.ncbi.nlm.nih.gov/geo/series/GSE135nnn/GSE135415/,Tissue- and Species-Specific Patterns of RNA metabolism in Post-Mortem Mammalian Retina and Retinal Pigment Epithelium.,Scientific reports,2019 Oct 15,10.1038/s41598-019-51379-3,OSD-162|Mmus_BAL-TAL_EYE_BSL_Rep2_B3,Basal Control
18,GSM6431243,0.994393527507782,GSE210492,Complement factor B is critical for sub-RPE deposit accumulation in a model of Doyne honeycomb retinal dystrophy with features of age-related macular degeneration,,,"To characterize female aged Efemp1 R345W knock-in (Efemp1ki/ki) mice, a model for Doyne honeycomb retinal dystrophy/malattia leventinese by bulk RNA sequencing We performed differential expression and gene set enrichment analysis analysis using data obtained from RNA-seq of the neural retina and posterior eyecups (whole eye without lens and retina) from 3- to 17-month-old Efemp1+/+ and Efemp1ki/ki mice",Gene expression profiling analysis of RNA-seq data of of the neural retina and posterior eyecups (whole eye without lens and retina) from 3- to 17-month-old Efemp1+/+ and Efemp1ki/ki mice,35943778,,,671382,GPL21103,Mus musculus,GSE,Expression profiling by high throughput sequencing,2022/08/10,93,ftp://ftp.ncbi.nlm.nih.gov/geo/series/GSE210nnn/GSE210492/,Complement factor B is critical for sub-RPE deposit accumulation in a model of Doyne honeycomb retinal dystrophy with features of age-related macular degeneration.,Human molecular genetics,2023 Jan 6,10.1093/hmg/ddac187,OSD-162|Mmus_BAL-TAL_EYE_BSL_Rep2_B3,Basal Control
19,GSM4008374,0.9942732453346252,GSE135415,Tissue- and Species-Specific Patterns of RNA metabolism in Post-Mortem Mammalian Retina and Retinal Pigment Epithelium,,,"Accurate analysis of gene expression in human tissues using RNA Sequencing is often dependent on the quality of source material. One major source of variation in mRNA quality is post-mortem time. While it is known that individual transcripts show differential post-mortem stability, few studies have directly and comprehensively analyzed mRNA stability following death, and in particular, the extent to which tissue- and species-specific factors influence post-mortem mRNA stability are poorly understood. This knowledge is particularly important for ocular tissues studies, where tissues obtained post-mortem are frequently used for research or therapeutic applications. To directly investigate this question, we profiled mRNA levels in both neuroretina and retinal pigment epithelium (RPE) from mouse and baboon over a series of post-mortem intervals. We found substantial changes in gene expression as early as 15 minutes in the mouse and as early as three hours in the baboon eye tissues. Importantly, our findings demonstrate both tissue- and species- specific patterns of RNA metabolism, by identifying a set of genes that are either rapidly degraded or very stable in both species and/or tissues. Taken together, the data from this study lays the foundation for understanding RNA regulation post-mortem, and provide novel insights into RNA metabolism in the tissues of the mammalian eye.",Mice at different post-mortem intervals were used to collect retina and RPE/choroid tissues.,31616038,,,278699,GPL27009; GPL19057,Papio anubis; Mus musculus,GSE,Expression profiling by high throughput sequencing,2019/11/04,106,ftp://ftp.ncbi.nlm.nih.gov/geo/series/GSE135nnn/GSE135415/,Tissue- and Species-Specific Patterns of RNA metabolism in Post-Mortem Mammalian Retina and Retinal Pigment Epithelium.,Scientific reports,2019 Oct 15,10.1038/s41598-019-51379-3,OSD-162|Mmus_BAL-TAL_EYE_BSL_Rep2_B3,Basal Control
20,GSM6431235,0.9956769347190857,GSE210492,Complement factor B is critical for sub-RPE deposit accumulation in a model of Doyne honeycomb retinal dystrophy with features of age-related macular degeneration,,,"To characterize female aged Efemp1 R345W knock-in (Efemp1ki/ki) mice, a model for Doyne honeycomb retinal dystrophy/malattia leventinese by bulk RNA sequencing We performed differential expression and gene set enrichment analysis analysis using data obtained from RNA-seq of the neural retina and posterior eyecups (whole eye without lens and retina) from 3- to 17-month-old Efemp1+/+ and Efemp1ki/ki mice",Gene expression profiling analysis of RNA-seq data of of the neural retina and posterior eyecups (whole eye without lens and retina) from 3- to 17-month-old Efemp1+/+ and Efemp1ki/ki mice,35943778,,,671374,GPL21103,Mus musculus,GSE,Expression profiling by high throughput sequencing,2022/08/10,93,ftp://ftp.ncbi.nlm.nih.gov/geo/series/GSE210nnn/GSE210492/,Complement factor B is critical for sub-RPE deposit accumulation in a model of Doyne honeycomb retinal dystrophy with features of age-related macular degeneration.,Human molecular genetics,2023 Jan 6,10.1093/hmg/ddac187,OSD-162|Mmus_BAL-TAL_EYE_BSL_Rep3_B4,Basal Control
21,GSM4008385,0.9955529570579529,GSE135415,Tissue- and Species-Specific Patterns of RNA metabolism in Post-Mortem Mammalian Retina and Retinal Pigment Epithelium,,,"Accurate analysis of gene expression in human tissues using RNA Sequencing is often dependent on the quality of source material. One major source of variation in mRNA quality is post-mortem time. While it is known that individual transcripts show differential post-mortem stability, few studies have directly and comprehensively analyzed mRNA stability following death, and in particular, the extent to which tissue- and species-specific factors influence post-mortem mRNA stability are poorly understood. This knowledge is particularly important for ocular tissues studies, where tissues obtained post-mortem are frequently used for research or therapeutic applications. To directly investigate this question, we profiled mRNA levels in both neuroretina and retinal pigment epithelium (RPE) from mouse and baboon over a series of post-mortem intervals. We found substantial changes in gene expression as early as 15 minutes in the mouse and as early as three hours in the baboon eye tissues. Importantly, our findings demonstrate both tissue- and species- specific patterns of RNA metabolism, by identifying a set of genes that are either rapidly degraded or very stable in both species and/or tissues. Taken together, the data from this study lays the foundation for understanding RNA regulation post-mortem, and provide novel insights into RNA metabolism in the tissues of the mammalian eye.",Mice at different post-mortem intervals were used to collect retina and RPE/choroid tissues.,31616038,,,278710,GPL27009; GPL19057,Papio anubis; Mus musculus,GSE,Expression profiling by high throughput sequencing,2019/11/04,106,ftp://ftp.ncbi.nlm.nih.gov/geo/series/GSE135nnn/GSE135415/,Tissue- and Species-Specific Patterns of RNA metabolism in Post-Mortem Mammalian Retina and Retinal Pigment Epithelium.,Scientific reports,2019 Oct 15,10.1038/s41598-019-51379-3,OSD-162|Mmus_BAL-TAL_EYE_BSL_Rep3_B4,Basal Control
22,GSM1955582,0.9955358505249023,GSE75470,Whole eye transcriptome generated in Abca4-/-Rdh8-/- mice  to identify changes in gene expression after light exposure,,,RNA-Seq has revolutionized transcriptome profiling with precise identification of even low expressing and novel transcripts. Goal of the current study was to identify novel gene signatures/biological pathways which are expressed in the early stage after light exposure in our disease model to identify transcriptional mis-regulation followed by validation using quantitative reverse transcription polymerase chain reaction (qRT–PCR) methods,"Whole eye mRNA profiles of 6 week old Abca4-/-Rdh8-/- mice were generated by deep sequencing, in triplicate, using Illumina HiSeq2500. The sequence reads that passed quality filters were analyzed by TopHat followed by Cufflinks. Cuffdiff was used for differential gene analysis. qRT–PCR validation was performed using SYBR Green assays",27315541,,,51915,GPL17021,Mus musculus,GSE,Expression profiling by high throughput sequencing,2016/12/16,4,ftp://ftp.ncbi.nlm.nih.gov/geo/series/GSE75nnn/GSE75470/,Acute Stress Responses Are Early Molecular Events of Retinal Degeneration in Abca4-/-Rdh8-/- Mice After Light Exposure.,Investigative ophthalmology & visual science,2016 Jun 1,10.1167/iovs.15-18993,OSD-162|Mmus_BAL-TAL_EYE_BSL_Rep3_B4,Basal Control
23,GSM4008386,0.9953761696815491,GSE135415,Tissue- and Species-Specific Patterns of RNA metabolism in Post-Mortem Mammalian Retina and Retinal Pigment Epithelium,,,"Accurate analysis of gene expression in human tissues using RNA Sequencing is often dependent on the quality of source material. One major source of variation in mRNA quality is post-mortem time. While it is known that individual transcripts show differential post-mortem stability, few studies have directly and comprehensively analyzed mRNA stability following death, and in particular, the extent to which tissue- and species-specific factors influence post-mortem mRNA stability are poorly understood. This knowledge is particularly important for ocular tissues studies, where tissues obtained post-mortem are frequently used for research or therapeutic applications. To directly investigate this question, we profiled mRNA levels in both neuroretina and retinal pigment epithelium (RPE) from mouse and baboon over a series of post-mortem intervals. We found substantial changes in gene expression as early as 15 minutes in the mouse and as early as three hours in the baboon eye tissues. Importantly, our findings demonstrate both tissue- and species- specific patterns of RNA metabolism, by identifying a set of genes that are either rapidly degraded or very stable in both species and/or tissues. Taken together, the data from this study lays the foundation for understanding RNA regulation post-mortem, and provide novel insights into RNA metabolism in the tissues of the mammalian eye.",Mice at different post-mortem intervals were used to collect retina and RPE/choroid tissues.,31616038,,,278711,GPL27009; GPL19057,Papio anubis; Mus musculus,GSE,Expression profiling by high throughput sequencing,2019/11/04,106,ftp://ftp.ncbi.nlm.nih.gov/geo/series/GSE135nnn/GSE135415/,Tissue- and Species-Specific Patterns of RNA metabolism in Post-Mortem Mammalian Retina and Retinal Pigment Epithelium.,Scientific reports,2019 Oct 15,10.1038/s41598-019-51379-3,OSD-162|Mmus_BAL-TAL_EYE_BSL_Rep3_B4,Basal Control
24,GSM4008373,0.9951529502868652,GSE135415,Tissue- and Species-Specific Patterns of RNA metabolism in Post-Mortem Mammalian Retina and Retinal Pigment Epithelium,,,"Accurate analysis of gene expression in human tissues using RNA Sequencing is often dependent on the quality of source material. One major source of variation in mRNA quality is post-mortem time. While it is known that individual transcripts show differential post-mortem stability, few studies have directly and comprehensively analyzed mRNA stability following death, and in particular, the extent to which tissue- and species-specific factors influence post-mortem mRNA stability are poorly understood. This knowledge is particularly important for ocular tissues studies, where tissues obtained post-mortem are frequently used for research or therapeutic applications. To directly investigate this question, we profiled mRNA levels in both neuroretina and retinal pigment epithelium (RPE) from mouse and baboon over a series of post-mortem intervals. We found substantial changes in gene expression as early as 15 minutes in the mouse and as early as three hours in the baboon eye tissues. Importantly, our findings demonstrate both tissue- and species- specific patterns of RNA metabolism, by identifying a set of genes that are either rapidly degraded or very stable in both species and/or tissues. Taken together, the data from this study lays the foundation for understanding RNA regulation post-mortem, and provide novel insights into RNA metabolism in the tissues of the mammalian eye.",Mice at different post-mortem intervals were used to collect retina and RPE/choroid tissues.,31616038,,,278698,GPL27009; GPL19057,Papio anubis; Mus musculus,GSE,Expression profiling by high throughput sequencing,2019/11/04,106,ftp://ftp.ncbi.nlm.nih.gov/geo/series/GSE135nnn/GSE135415/,Tissue- and Species-Specific Patterns of RNA metabolism in Post-Mortem Mammalian Retina and Retinal Pigment Epithelium.,Scientific reports,2019 Oct 15,10.1038/s41598-019-51379-3,OSD-162|Mmus_BAL-TAL_EYE_BSL_Rep3_B4,Basal Control
25,GSM4008384,0.9950091242790222,GSE135415,Tissue- and Species-Specific Patterns of RNA metabolism in Post-Mortem Mammalian Retina and Retinal Pigment Epithelium,,,"Accurate analysis of gene expression in human tissues using RNA Sequencing is often dependent on the quality of source material. One major source of variation in mRNA quality is post-mortem time. While it is known that individual transcripts show differential post-mortem stability, few studies have directly and comprehensively analyzed mRNA stability following death, and in particular, the extent to which tissue- and species-specific factors influence post-mortem mRNA stability are poorly understood. This knowledge is particularly important for ocular tissues studies, where tissues obtained post-mortem are frequently used for research or therapeutic applications. To directly investigate this question, we profiled mRNA levels in both neuroretina and retinal pigment epithelium (RPE) from mouse and baboon over a series of post-mortem intervals. We found substantial changes in gene expression as early as 15 minutes in the mouse and as early as three hours in the baboon eye tissues. Importantly, our findings demonstrate both tissue- and species- specific patterns of RNA metabolism, by identifying a set of genes that are either rapidly degraded or very stable in both species and/or tissues. Taken together, the data from this study lays the foundation for understanding RNA regulation post-mortem, and provide novel insights into RNA metabolism in the tissues of the mammalian eye.",Mice at different post-mortem intervals were used to collect retina and RPE/choroid tissues.,31616038,,,278709,GPL27009; GPL19057,Papio anubis; Mus musculus,GSE,Expression profiling by high throughput sequencing,2019/11/04,106,ftp://ftp.ncbi.nlm.nih.gov/geo/series/GSE135nnn/GSE135415/,Tissue- and Species-Specific Patterns of RNA metabolism in Post-Mortem Mammalian Retina and Retinal Pigment Epithelium.,Scientific reports,2019 Oct 15,10.1038/s41598-019-51379-3,OSD-162|Mmus_BAL-TAL_EYE_BSL_Rep3_B4,Basal Control
26,GSM6779212,0.9947460889816284,GSE219252,Bulk RNA-seq of eyes isolated from wildtype and Stra6 knockout mice maintained on either a vitamin A sufficient or deficient diet,,,"Vitamin A deficiency is detrimental to the visual system throughout the lifecycle. Abundant expression of the retinoid transporter STRA6 in the retinal pigment epithelium (RPE) and homeostatic blood levels of retinol binding protein ensure the eyes are adequately supplied with the nutrient. STRA6 deficiency interrupts the supply pathway, but vitamin A in chylomicrons compensates for its failure. However, dependency on the chylomicron delivery pathway makes the eyes of STRA6-deficient mice vulnerable to dietary vitamin A deprivation. How the eyes adapt to vitamin A status has not been studied in molecular detail, and therefore we used RNA-seq to focus on diet-induced changes. We observed that mild ocular vitamin A deficiency was linked to an increase in transcript abundance levels of genes coding for proteins of stress pathways and a decrease in levels of transcripts coding for proteins of pathways of visual sensitivity and perception. These changes correlate with a loss of visual sensitivity and accumulation of fluorescent debris in the retina. Additionally, severe vitamin A deficiency decreased the transcript levels of genes involved in cell adhesion, cell differentiation, and transport of small molecules pathways. This response correlated with alterations in epithelial cell morphology and a “leaky” RPE barrier. Together, our analyses of STRA6-deficient mice define adaptive responses associated with ocular vitamin A status and reveal a previously unknown role of STRA6 in the maintenance and functioning of the outer blood-retina barrier.","Bulk RNA-Seq experiments were carried out using the RPE-choroid tissue isolated from wildtype and Stra6 knockout mice fed a vitamin A sufficient or deficient diet for 12 weeks. Five biological replicates were analyzed for each of four conditions (two genotypes; two diets per genotype). The wildtype, vitamin A sufficient samples were used as the control group.",37275262,,,714412,GPL24247,Mus musculus,GSE,Expression profiling by high throughput sequencing,2023/06/07,20,ftp://ftp.ncbi.nlm.nih.gov/geo/series/GSE219nnn/GSE219252/,Vitamin A deficiency compromises the barrier function of the retinal pigment epithelium.,PNAS nexus,2023 Jun,10.1093/pnasnexus/pgad167,OSD-162|Mmus_BAL-TAL_EYE_BSL_Rep3_B4,Basal Control
27,GSM2412070,0.9944919347763062,GSE90755,Transcriptome profiling of wildtype C57BL/6 mouse with metformin treatment,,,"Background: Metformin, one of the first-line medication for the treatment of type 2 diabetes and gestational diabetes, has recently be suggested for targeting cardiovascular disease, cancer and aging. Therefore, current understanding of the mechanism of this drug is incompletely understood, and the function of multiple tissues, other than liver metabolism alone, may be influenced. Methods: The wildtype healthy mice treated with metformin were compared with controls (treated with double distilled water). The transcriptome changes with/without metformin treatment were probed by using high-throughput RNA-seq techniques Results: A comprehensive mouse transcriptome map with metformin treatment across ten tissues including aorta, eyeball, brain, adipose tissue, heart, kidney, liver, skeletal muscle, stomach and testis, was provided. Function enrichment, network characteristics and disease association of the differentially expressed genes were analyzed. We also compared our expression profiles with related microarray data in order to find conditions that share similar expression profiles with metformin treatment. Conclusions: This dataset could serve as a baseline resource for investigating the potential beneficial or adverse effects of metformin across different tissues.","Wildtype healthy C57BL/6 mice were treated with either metformin (treatment group) or double distilled water (control group). The mRNA profiles across 10 tissues (including aorta, eyeball, brain, adipose tissue, heart, kidney, liver, skeletal muscle, stomach and testis) were generated RNA-seq technique, in triplicate for each group, using Illumina HiSeq 2500.",32529766,,,91858,GPL17021,Mus musculus,GSE,Expression profiling by high throughput sequencing,2020/07/15,60,ftp://ftp.ncbi.nlm.nih.gov/geo/series/GSE90nnn/GSE90755/,Transcriptomic landscape profiling of metformin-treated healthy mice: Implication for potential hypertension risk when prophylactically used.,Journal of cellular and molecular medicine,2020 Jul,10.1111/jcmm.15472,OSD-162|Mmus_BAL-TAL_EYE_BSL_Rep3_B4,Basal Control
28,GSM6508508,0.9944425821304321,GSE212054,Phosphatidylinositol-Specific Phospholipase C can inhibit the proliferation of and suppress the phagocytosis of Müller cells via modulating PI3K/AKT signaling pathway,,,Transcriptome analysis showed that the PI-PLC protein is closely related to phagocytosis by tissue cells,We then performed gene expression profiling analysis using data obtained from RNA-seq of eyeball organization from C57/B6 mouse and human muller cell,37672795,,,675504,GPL24247; GPL24676,Mus musculus; Homo sapiens,GSE,Expression profiling by high throughput sequencing,2022/09/01,24,ftp://ftp.ncbi.nlm.nih.gov/geo/series/GSE212nnn/GSE212054/,Phosphatidylinositol-specific phospholipase C can decrease Müller cell viability and suppress its phagocytic activity by modulating PI3K/AKT signaling pathway.,Canadian journal of microbiology,2023 Dec 1,10.1139/cjm-2023-0044,OSD-162|Mmus_BAL-TAL_EYE_BSL_Rep3_B4,Basal Control
29,GSM1955583,0.9944312572479248,GSE75470,Whole eye transcriptome generated in Abca4-/-Rdh8-/- mice  to identify changes in gene expression after light exposure,,,RNA-Seq has revolutionized transcriptome profiling with precise identification of even low expressing and novel transcripts. Goal of the current study was to identify novel gene signatures/biological pathways which are expressed in the early stage after light exposure in our disease model to identify transcriptional mis-regulation followed by validation using quantitative reverse transcription polymerase chain reaction (qRT–PCR) methods,"Whole eye mRNA profiles of 6 week old Abca4-/-Rdh8-/- mice were generated by deep sequencing, in triplicate, using Illumina HiSeq2500. The sequence reads that passed quality filters were analyzed by TopHat followed by Cufflinks. Cuffdiff was used for differential gene analysis. qRT–PCR validation was performed using SYBR Green assays",27315541,,,51916,GPL17021,Mus musculus,GSE,Expression profiling by high throughput sequencing,2016/12/16,4,ftp://ftp.ncbi.nlm.nih.gov/geo/series/GSE75nnn/GSE75470/,Acute Stress Responses Are Early Molecular Events of Retinal Degeneration in Abca4-/-Rdh8-/- Mice After Light Exposure.,Investigative ophthalmology & visual science,2016 Jun 1,10.1167/iovs.15-18993,OSD-162|Mmus_BAL-TAL_EYE_BSL_Rep3_B4,Basal Control
30,GSM6431239,0.9959405660629272,GSE210492,Complement factor B is critical for sub-RPE deposit accumulation in a model of Doyne honeycomb retinal dystrophy with features of age-related macular degeneration,,,"To characterize female aged Efemp1 R345W knock-in (Efemp1ki/ki) mice, a model for Doyne honeycomb retinal dystrophy/malattia leventinese by bulk RNA sequencing We performed differential expression and gene set enrichment analysis analysis using data obtained from RNA-seq of the neural retina and posterior eyecups (whole eye without lens and retina) from 3- to 17-month-old Efemp1+/+ and Efemp1ki/ki mice",Gene expression profiling analysis of RNA-seq data of of the neural retina and posterior eyecups (whole eye without lens and retina) from 3- to 17-month-old Efemp1+/+ and Efemp1ki/ki mice,35943778,,,671378,GPL21103,Mus musculus,GSE,Expression profiling by high throughput sequencing,2022/08/10,93,ftp://ftp.ncbi.nlm.nih.gov/geo/series/GSE210nnn/GSE210492/,Complement factor B is critical for sub-RPE deposit accumulation in a model of Doyne honeycomb retinal dystrophy with features of age-related macular degeneration.,Human molecular genetics,2023 Jan 6,10.1093/hmg/ddac187,OSD-162|Mmus_BAL-TAL_EYE_BSL_Rep4_B5,Basal Control
31,GSM6431243,0.9956557750701904,GSE210492,Complement factor B is critical for sub-RPE deposit accumulation in a model of Doyne honeycomb retinal dystrophy with features of age-related macular degeneration,,,"To characterize female aged Efemp1 R345W knock-in (Efemp1ki/ki) mice, a model for Doyne honeycomb retinal dystrophy/malattia leventinese by bulk RNA sequencing We performed differential expression and gene set enrichment analysis analysis using data obtained from RNA-seq of the neural retina and posterior eyecups (whole eye without lens and retina) from 3- to 17-month-old Efemp1+/+ and Efemp1ki/ki mice",Gene expression profiling analysis of RNA-seq data of of the neural retina and posterior eyecups (whole eye without lens and retina) from 3- to 17-month-old Efemp1+/+ and Efemp1ki/ki mice,35943778,,,671382,GPL21103,Mus musculus,GSE,Expression profiling by high throughput sequencing,2022/08/10,93,ftp://ftp.ncbi.nlm.nih.gov/geo/series/GSE210nnn/GSE210492/,Complement factor B is critical for sub-RPE deposit accumulation in a model of Doyne honeycomb retinal dystrophy with features of age-related macular degeneration.,Human molecular genetics,2023 Jan 6,10.1093/hmg/ddac187,OSD-162|Mmus_BAL-TAL_EYE_BSL_Rep4_B5,Basal Control
32,GSM6431235,0.9955244064331055,GSE210492,Complement factor B is critical for sub-RPE deposit accumulation in a model of Doyne honeycomb retinal dystrophy with features of age-related macular degeneration,,,"To characterize female aged Efemp1 R345W knock-in (Efemp1ki/ki) mice, a model for Doyne honeycomb retinal dystrophy/malattia leventinese by bulk RNA sequencing We performed differential expression and gene set enrichment analysis analysis using data obtained from RNA-seq of the neural retina and posterior eyecups (whole eye without lens and retina) from 3- to 17-month-old Efemp1+/+ and Efemp1ki/ki mice",Gene expression profiling analysis of RNA-seq data of of the neural retina and posterior eyecups (whole eye without lens and retina) from 3- to 17-month-old Efemp1+/+ and Efemp1ki/ki mice,35943778,,,671374,GPL21103,Mus musculus,GSE,Expression profiling by high throughput sequencing,2022/08/10,93,ftp://ftp.ncbi.nlm.nih.gov/geo/series/GSE210nnn/GSE210492/,Complement factor B is critical for sub-RPE deposit accumulation in a model of Doyne honeycomb retinal dystrophy with features of age-related macular degeneration.,Human molecular genetics,2023 Jan 6,10.1093/hmg/ddac187,OSD-162|Mmus_BAL-TAL_EYE_BSL_Rep4_B5,Basal Control
33,GSM6431244,0.9953039288520813,GSE210492,Complement factor B is critical for sub-RPE deposit accumulation in a model of Doyne honeycomb retinal dystrophy with features of age-related macular degeneration,,,"To characterize female aged Efemp1 R345W knock-in (Efemp1ki/ki) mice, a model for Doyne honeycomb retinal dystrophy/malattia leventinese by bulk RNA sequencing We performed differential expression and gene set enrichment analysis analysis using data obtained from RNA-seq of the neural retina and posterior eyecups (whole eye without lens and retina) from 3- to 17-month-old Efemp1+/+ and Efemp1ki/ki mice",Gene expression profiling analysis of RNA-seq data of of the neural retina and posterior eyecups (whole eye without lens and retina) from 3- to 17-month-old Efemp1+/+ and Efemp1ki/ki mice,35943778,,,671383,GPL21103,Mus musculus,GSE,Expression profiling by high throughput sequencing,2022/08/10,93,ftp://ftp.ncbi.nlm.nih.gov/geo/series/GSE210nnn/GSE210492/,Complement factor B is critical for sub-RPE deposit accumulation in a model of Doyne honeycomb retinal dystrophy with features of age-related macular degeneration.,Human molecular genetics,2023 Jan 6,10.1093/hmg/ddac187,OSD-162|Mmus_BAL-TAL_EYE_BSL_Rep4_B5,Basal Control
34,GSM6431252,0.9950268268585205,GSE210492,Complement factor B is critical for sub-RPE deposit accumulation in a model of Doyne honeycomb retinal dystrophy with features of age-related macular degeneration,,,"To characterize female aged Efemp1 R345W knock-in (Efemp1ki/ki) mice, a model for Doyne honeycomb retinal dystrophy/malattia leventinese by bulk RNA sequencing We performed differential expression and gene set enrichment analysis analysis using data obtained from RNA-seq of the neural retina and posterior eyecups (whole eye without lens and retina) from 3- to 17-month-old Efemp1+/+ and Efemp1ki/ki mice",Gene expression profiling analysis of RNA-seq data of of the neural retina and posterior eyecups (whole eye without lens and retina) from 3- to 17-month-old Efemp1+/+ and Efemp1ki/ki mice,35943778,,,671391,GPL21103,Mus musculus,GSE,Expression profiling by high throughput sequencing,2022/08/10,93,ftp://ftp.ncbi.nlm.nih.gov/geo/series/GSE210nnn/GSE210492/,Complement factor B is critical for sub-RPE deposit accumulation in a model of Doyne honeycomb retinal dystrophy with features of age-related macular degeneration.,Human molecular genetics,2023 Jan 6,10.1093/hmg/ddac187,OSD-162|Mmus_BAL-TAL_EYE_BSL_Rep4_B5,Basal Control
35,GSM4008351,0.9945493340492249,GSE135415,Tissue- and Species-Specific Patterns of RNA metabolism in Post-Mortem Mammalian Retina and Retinal Pigment Epithelium,,,"Accurate analysis of gene expression in human tissues using RNA Sequencing is often dependent on the quality of source material. One major source of variation in mRNA quality is post-mortem time. While it is known that individual transcripts show differential post-mortem stability, few studies have directly and comprehensively analyzed mRNA stability following death, and in particular, the extent to which tissue- and species-specific factors influence post-mortem mRNA stability are poorly understood. This knowledge is particularly important for ocular tissues studies, where tissues obtained post-mortem are frequently used for research or therapeutic applications. To directly investigate this question, we profiled mRNA levels in both neuroretina and retinal pigment epithelium (RPE) from mouse and baboon over a series of post-mortem intervals. We found substantial changes in gene expression as early as 15 minutes in the mouse and as early as three hours in the baboon eye tissues. Importantly, our findings demonstrate both tissue- and species- specific patterns of RNA metabolism, by identifying a set of genes that are either rapidly degraded or very stable in both species and/or tissues. Taken together, the data from this study lays the foundation for understanding RNA regulation post-mortem, and provide novel insights into RNA metabolism in the tissues of the mammalian eye.",Mice at different post-mortem intervals were used to collect retina and RPE/choroid tissues.,31616038,,,278676,GPL27009; GPL19057,Papio anubis; Mus musculus,GSE,Expression profiling by high throughput sequencing,2019/11/04,106,ftp://ftp.ncbi.nlm.nih.gov/geo/series/GSE135nnn/GSE135415/,Tissue- and Species-Specific Patterns of RNA metabolism in Post-Mortem Mammalian Retina and Retinal Pigment Epithelium.,Scientific reports,2019 Oct 15,10.1038/s41598-019-51379-3,OSD-162|Mmus_BAL-TAL_EYE_BSL_Rep4_B5,Basal Control
36,GSM4008381,0.9944783449172974,GSE135415,Tissue- and Species-Specific Patterns of RNA metabolism in Post-Mortem Mammalian Retina and Retinal Pigment Epithelium,,,"Accurate analysis of gene expression in human tissues using RNA Sequencing is often dependent on the quality of source material. One major source of variation in mRNA quality is post-mortem time. While it is known that individual transcripts show differential post-mortem stability, few studies have directly and comprehensively analyzed mRNA stability following death, and in particular, the extent to which tissue- and species-specific factors influence post-mortem mRNA stability are poorly understood. This knowledge is particularly important for ocular tissues studies, where tissues obtained post-mortem are frequently used for research or therapeutic applications. To directly investigate this question, we profiled mRNA levels in both neuroretina and retinal pigment epithelium (RPE) from mouse and baboon over a series of post-mortem intervals. We found substantial changes in gene expression as early as 15 minutes in the mouse and as early as three hours in the baboon eye tissues. Importantly, our findings demonstrate both tissue- and species- specific patterns of RNA metabolism, by identifying a set of genes that are either rapidly degraded or very stable in both species and/or tissues. Taken together, the data from this study lays the foundation for understanding RNA regulation post-mortem, and provide novel insights into RNA metabolism in the tissues of the mammalian eye.",Mice at different post-mortem intervals were used to collect retina and RPE/choroid tissues.,31616038,,,278706,GPL27009; GPL19057,Papio anubis; Mus musculus,GSE,Expression profiling by high throughput sequencing,2019/11/04,106,ftp://ftp.ncbi.nlm.nih.gov/geo/series/GSE135nnn/GSE135415/,Tissue- and Species-Specific Patterns of RNA metabolism in Post-Mortem Mammalian Retina and Retinal Pigment Epithelium.,Scientific reports,2019 Oct 15,10.1038/s41598-019-51379-3,OSD-162|Mmus_BAL-TAL_EYE_BSL_Rep4_B5,Basal Control
37,GSM4008373,0.9943832755088806,GSE135415,Tissue- and Species-Specific Patterns of RNA metabolism in Post-Mortem Mammalian Retina and Retinal Pigment Epithelium,,,"Accurate analysis of gene expression in human tissues using RNA Sequencing is often dependent on the quality of source material. One major source of variation in mRNA quality is post-mortem time. While it is known that individual transcripts show differential post-mortem stability, few studies have directly and comprehensively analyzed mRNA stability following death, and in particular, the extent to which tissue- and species-specific factors influence post-mortem mRNA stability are poorly understood. This knowledge is particularly important for ocular tissues studies, where tissues obtained post-mortem are frequently used for research or therapeutic applications. To directly investigate this question, we profiled mRNA levels in both neuroretina and retinal pigment epithelium (RPE) from mouse and baboon over a series of post-mortem intervals. We found substantial changes in gene expression as early as 15 minutes in the mouse and as early as three hours in the baboon eye tissues. Importantly, our findings demonstrate both tissue- and species- specific patterns of RNA metabolism, by identifying a set of genes that are either rapidly degraded or very stable in both species and/or tissues. Taken together, the data from this study lays the foundation for understanding RNA regulation post-mortem, and provide novel insights into RNA metabolism in the tissues of the mammalian eye.",Mice at different post-mortem intervals were used to collect retina and RPE/choroid tissues.,31616038,,,278698,GPL27009; GPL19057,Papio anubis; Mus musculus,GSE,Expression profiling by high throughput sequencing,2019/11/04,106,ftp://ftp.ncbi.nlm.nih.gov/geo/series/GSE135nnn/GSE135415/,Tissue- and Species-Specific Patterns of RNA metabolism in Post-Mortem Mammalian Retina and Retinal Pigment Epithelium.,Scientific reports,2019 Oct 15,10.1038/s41598-019-51379-3,OSD-162|Mmus_BAL-TAL_EYE_BSL_Rep4_B5,Basal Control
38,GSM4008384,0.9942229986190796,GSE135415,Tissue- and Species-Specific Patterns of RNA metabolism in Post-Mortem Mammalian Retina and Retinal Pigment Epithelium,,,"Accurate analysis of gene expression in human tissues using RNA Sequencing is often dependent on the quality of source material. One major source of variation in mRNA quality is post-mortem time. While it is known that individual transcripts show differential post-mortem stability, few studies have directly and comprehensively analyzed mRNA stability following death, and in particular, the extent to which tissue- and species-specific factors influence post-mortem mRNA stability are poorly understood. This knowledge is particularly important for ocular tissues studies, where tissues obtained post-mortem are frequently used for research or therapeutic applications. To directly investigate this question, we profiled mRNA levels in both neuroretina and retinal pigment epithelium (RPE) from mouse and baboon over a series of post-mortem intervals. We found substantial changes in gene expression as early as 15 minutes in the mouse and as early as three hours in the baboon eye tissues. Importantly, our findings demonstrate both tissue- and species- specific patterns of RNA metabolism, by identifying a set of genes that are either rapidly degraded or very stable in both species and/or tissues. Taken together, the data from this study lays the foundation for understanding RNA regulation post-mortem, and provide novel insights into RNA metabolism in the tissues of the mammalian eye.",Mice at different post-mortem intervals were used to collect retina and RPE/choroid tissues.,31616038,,,278709,GPL27009; GPL19057,Papio anubis; Mus musculus,GSE,Expression profiling by high throughput sequencing,2019/11/04,106,ftp://ftp.ncbi.nlm.nih.gov/geo/series/GSE135nnn/GSE135415/,Tissue- and Species-Specific Patterns of RNA metabolism in Post-Mortem Mammalian Retina and Retinal Pigment Epithelium.,Scientific reports,2019 Oct 15,10.1038/s41598-019-51379-3,OSD-162|Mmus_BAL-TAL_EYE_BSL_Rep4_B5,Basal Control
39,GSM4008374,0.9940762519836426,GSE135415,Tissue- and Species-Specific Patterns of RNA metabolism in Post-Mortem Mammalian Retina and Retinal Pigment Epithelium,,,"Accurate analysis of gene expression in human tissues using RNA Sequencing is often dependent on the quality of source material. One major source of variation in mRNA quality is post-mortem time. While it is known that individual transcripts show differential post-mortem stability, few studies have directly and comprehensively analyzed mRNA stability following death, and in particular, the extent to which tissue- and species-specific factors influence post-mortem mRNA stability are poorly understood. This knowledge is particularly important for ocular tissues studies, where tissues obtained post-mortem are frequently used for research or therapeutic applications. To directly investigate this question, we profiled mRNA levels in both neuroretina and retinal pigment epithelium (RPE) from mouse and baboon over a series of post-mortem intervals. We found substantial changes in gene expression as early as 15 minutes in the mouse and as early as three hours in the baboon eye tissues. Importantly, our findings demonstrate both tissue- and species- specific patterns of RNA metabolism, by identifying a set of genes that are either rapidly degraded or very stable in both species and/or tissues. Taken together, the data from this study lays the foundation for understanding RNA regulation post-mortem, and provide novel insights into RNA metabolism in the tissues of the mammalian eye.",Mice at different post-mortem intervals were used to collect retina and RPE/choroid tissues.,31616038,,,278699,GPL27009; GPL19057,Papio anubis; Mus musculus,GSE,Expression profiling by high throughput sequencing,2019/11/04,106,ftp://ftp.ncbi.nlm.nih.gov/geo/series/GSE135nnn/GSE135415/,Tissue- and Species-Specific Patterns of RNA metabolism in Post-Mortem Mammalian Retina and Retinal Pigment Epithelium.,Scientific reports,2019 Oct 15,10.1038/s41598-019-51379-3,OSD-162|Mmus_BAL-TAL_EYE_BSL_Rep4_B5,Basal Control
40,GSM6431258,0.9952754974365234,GSE210492,Complement factor B is critical for sub-RPE deposit accumulation in a model of Doyne honeycomb retinal dystrophy with features of age-related macular degeneration,,,"To characterize female aged Efemp1 R345W knock-in (Efemp1ki/ki) mice, a model for Doyne honeycomb retinal dystrophy/malattia leventinese by bulk RNA sequencing We performed differential expression and gene set enrichment analysis analysis using data obtained from RNA-seq of the neural retina and posterior eyecups (whole eye without lens and retina) from 3- to 17-month-old Efemp1+/+ and Efemp1ki/ki mice",Gene expression profiling analysis of RNA-seq data of of the neural retina and posterior eyecups (whole eye without lens and retina) from 3- to 17-month-old Efemp1+/+ and Efemp1ki/ki mice,35943778,,,671397,GPL21103,Mus musculus,GSE,Expression profiling by high throughput sequencing,2022/08/10,93,ftp://ftp.ncbi.nlm.nih.gov/geo/series/GSE210nnn/GSE210492/,Complement factor B is critical for sub-RPE deposit accumulation in a model of Doyne honeycomb retinal dystrophy with features of age-related macular degeneration.,Human molecular genetics,2023 Jan 6,10.1093/hmg/ddac187,OSD-162|Mmus_BAL-TAL_EYE_BSL_Rep5_B7,Basal Control
41,GSM6431240,0.9948310256004333,GSE210492,Complement factor B is critical for sub-RPE deposit accumulation in a model of Doyne honeycomb retinal dystrophy with features of age-related macular degeneration,,,"To characterize female aged Efemp1 R345W knock-in (Efemp1ki/ki) mice, a model for Doyne honeycomb retinal dystrophy/malattia leventinese by bulk RNA sequencing We performed differential expression and gene set enrichment analysis analysis using data obtained from RNA-seq of the neural retina and posterior eyecups (whole eye without lens and retina) from 3- to 17-month-old Efemp1+/+ and Efemp1ki/ki mice",Gene expression profiling analysis of RNA-seq data of of the neural retina and posterior eyecups (whole eye without lens and retina) from 3- to 17-month-old Efemp1+/+ and Efemp1ki/ki mice,35943778,,,671379,GPL21103,Mus musculus,GSE,Expression profiling by high throughput sequencing,2022/08/10,93,ftp://ftp.ncbi.nlm.nih.gov/geo/series/GSE210nnn/GSE210492/,Complement factor B is critical for sub-RPE deposit accumulation in a model of Doyne honeycomb retinal dystrophy with features of age-related macular degeneration.,Human molecular genetics,2023 Jan 6,10.1093/hmg/ddac187,OSD-162|Mmus_BAL-TAL_EYE_BSL_Rep5_B7,Basal Control
42,GSM6431275,0.9941144585609436,GSE210492,Complement factor B is critical for sub-RPE deposit accumulation in a model of Doyne honeycomb retinal dystrophy with features of age-related macular degeneration,,,"To characterize female aged Efemp1 R345W knock-in (Efemp1ki/ki) mice, a model for Doyne honeycomb retinal dystrophy/malattia leventinese by bulk RNA sequencing We performed differential expression and gene set enrichment analysis analysis using data obtained from RNA-seq of the neural retina and posterior eyecups (whole eye without lens and retina) from 3- to 17-month-old Efemp1+/+ and Efemp1ki/ki mice",Gene expression profiling analysis of RNA-seq data of of the neural retina and posterior eyecups (whole eye without lens and retina) from 3- to 17-month-old Efemp1+/+ and Efemp1ki/ki mice,35943778,,,671414,GPL21103,Mus musculus,GSE,Expression profiling by high throughput sequencing,2022/08/10,93,ftp://ftp.ncbi.nlm.nih.gov/geo/series/GSE210nnn/GSE210492/,Complement factor B is critical for sub-RPE deposit accumulation in a model of Doyne honeycomb retinal dystrophy with features of age-related macular degeneration.,Human molecular genetics,2023 Jan 6,10.1093/hmg/ddac187,OSD-162|Mmus_BAL-TAL_EYE_BSL_Rep5_B7,Basal Control
43,GSM6431242,0.9940260648727417,GSE210492,Complement factor B is critical for sub-RPE deposit accumulation in a model of Doyne honeycomb retinal dystrophy with features of age-related macular degeneration,,,"To characterize female aged Efemp1 R345W knock-in (Efemp1ki/ki) mice, a model for Doyne honeycomb retinal dystrophy/malattia leventinese by bulk RNA sequencing We performed differential expression and gene set enrichment analysis analysis using data obtained from RNA-seq of the neural retina and posterior eyecups (whole eye without lens and retina) from 3- to 17-month-old Efemp1+/+ and Efemp1ki/ki mice",Gene expression profiling analysis of RNA-seq data of of the neural retina and posterior eyecups (whole eye without lens and retina) from 3- to 17-month-old Efemp1+/+ and Efemp1ki/ki mice,35943778,,,671381,GPL21103,Mus musculus,GSE,Expression profiling by high throughput sequencing,2022/08/10,93,ftp://ftp.ncbi.nlm.nih.gov/geo/series/GSE210nnn/GSE210492/,Complement factor B is critical for sub-RPE deposit accumulation in a model of Doyne honeycomb retinal dystrophy with features of age-related macular degeneration.,Human molecular genetics,2023 Jan 6,10.1093/hmg/ddac187,OSD-162|Mmus_BAL-TAL_EYE_BSL_Rep5_B7,Basal Control
44,GSM6431257,0.9939809441566467,GSE210492,Complement factor B is critical for sub-RPE deposit accumulation in a model of Doyne honeycomb retinal dystrophy with features of age-related macular degeneration,,,"To characterize female aged Efemp1 R345W knock-in (Efemp1ki/ki) mice, a model for Doyne honeycomb retinal dystrophy/malattia leventinese by bulk RNA sequencing We performed differential expression and gene set enrichment analysis analysis using data obtained from RNA-seq of the neural retina and posterior eyecups (whole eye without lens and retina) from 3- to 17-month-old Efemp1+/+ and Efemp1ki/ki mice",Gene expression profiling analysis of RNA-seq data of of the neural retina and posterior eyecups (whole eye without lens and retina) from 3- to 17-month-old Efemp1+/+ and Efemp1ki/ki mice,35943778,,,671396,GPL21103,Mus musculus,GSE,Expression profiling by high throughput sequencing,2022/08/10,93,ftp://ftp.ncbi.nlm.nih.gov/geo/series/GSE210nnn/GSE210492/,Complement factor B is critical for sub-RPE deposit accumulation in a model of Doyne honeycomb retinal dystrophy with features of age-related macular degeneration.,Human molecular genetics,2023 Jan 6,10.1093/hmg/ddac187,OSD-162|Mmus_BAL-TAL_EYE_BSL_Rep5_B7,Basal Control
45,GSM6021763,0.9930685758590698,GSE200191,"Transcriptome analysis of AAV-induced retinopathy models expressing human VEGF, TNF-α and IL-6 in murine eyes",,,"High-throughput sequencing of murine retina and RPE/Choroid (eye cup) tissue following mueller-cell mediated expression of either hVEGFA, hTNFa, or hIl6 by adeno-associated viruses (AAV)","We intravitreally injected mouse eyes with AAVs expressing one of the three human transgenes VEGF, TNFa, or IL6. As controls, we used AAV-stuffer injected eyes at matching concentrations and non-injected eyes. From all treatment groups total RNA was extracted from the retina and the posterior eye cup, including retinal pigment epithelium (RPE), choroid, sclera and the ciliary body. Sample collection was followed by RNA sequencing.",36371417,,,619851,GPL24247,Mus musculus,GSE,Expression profiling by high throughput sequencing,2022/11/11,70,ftp://ftp.ncbi.nlm.nih.gov/geo/series/GSE200nnn/GSE200191/,"Transcriptome analysis of AAV-induced retinopathy models expressing human VEGF, TNF-α, and IL-6 in murine eyes.",Scientific reports,2022 Nov 12,10.1038/s41598-022-23065-4,OSD-162|Mmus_BAL-TAL_EYE_BSL_Rep5_B7,Basal Control
46,GSM6431243,0.9926933646202087,GSE210492,Complement factor B is critical for sub-RPE deposit accumulation in a model of Doyne honeycomb retinal dystrophy with features of age-related macular degeneration,,,"To characterize female aged Efemp1 R345W knock-in (Efemp1ki/ki) mice, a model for Doyne honeycomb retinal dystrophy/malattia leventinese by bulk RNA sequencing We performed differential expression and gene set enrichment analysis analysis using data obtained from RNA-seq of the neural retina and posterior eyecups (whole eye without lens and retina) from 3- to 17-month-old Efemp1+/+ and Efemp1ki/ki mice",Gene expression profiling analysis of RNA-seq data of of the neural retina and posterior eyecups (whole eye without lens and retina) from 3- to 17-month-old Efemp1+/+ and Efemp1ki/ki mice,35943778,,,671382,GPL21103,Mus musculus,GSE,Expression profiling by high throughput sequencing,2022/08/10,93,ftp://ftp.ncbi.nlm.nih.gov/geo/series/GSE210nnn/GSE210492/,Complement factor B is critical for sub-RPE deposit accumulation in a model of Doyne honeycomb retinal dystrophy with features of age-related macular degeneration.,Human molecular genetics,2023 Jan 6,10.1093/hmg/ddac187,OSD-162|Mmus_BAL-TAL_EYE_BSL_Rep5_B7,Basal Control
47,GSM6431256,0.9926503896713257,GSE210492,Complement factor B is critical for sub-RPE deposit accumulation in a model of Doyne honeycomb retinal dystrophy with features of age-related macular degeneration,,,"To characterize female aged Efemp1 R345W knock-in (Efemp1ki/ki) mice, a model for Doyne honeycomb retinal dystrophy/malattia leventinese by bulk RNA sequencing We performed differential expression and gene set enrichment analysis analysis using data obtained from RNA-seq of the neural retina and posterior eyecups (whole eye without lens and retina) from 3- to 17-month-old Efemp1+/+ and Efemp1ki/ki mice",Gene expression profiling analysis of RNA-seq data of of the neural retina and posterior eyecups (whole eye without lens and retina) from 3- to 17-month-old Efemp1+/+ and Efemp1ki/ki mice,35943778,,,671395,GPL21103,Mus musculus,GSE,Expression profiling by high throughput sequencing,2022/08/10,93,ftp://ftp.ncbi.nlm.nih.gov/geo/series/GSE210nnn/GSE210492/,Complement factor B is critical for sub-RPE deposit accumulation in a model of Doyne honeycomb retinal dystrophy with features of age-related macular degeneration.,Human molecular genetics,2023 Jan 6,10.1093/hmg/ddac187,OSD-162|Mmus_BAL-TAL_EYE_BSL_Rep5_B7,Basal Control
48,GSM5704653,0.9924619793891907,GSE189618,Mouse kidney-specific genes,,,Analysis of RNAs from multiple mouse tissues to find kidney-specific genes,"Total RNA obtained from isolated C57BL/6J mice, various tissues.",,,,573453,GPL21103,Mus musculus,GSE,Expression profiling by high throughput sequencing,2021/11/29,19,ftp://ftp.ncbi.nlm.nih.gov/geo/series/GSE189nnn/GSE189618/,,,,,OSD-162|Mmus_BAL-TAL_EYE_BSL_Rep5_B7,Basal Control
49,GSM4256055,0.991816520690918,GSE143281,Transcriptome changes in mouse retina after conditional knockout of UXT,,,"Ubiquitously expressed transcript (UXT), a small chaperone-like protein, is widely expressed in diverse human and mouse tissues and is more abundant in retina and kidney. Here, we investigated changes after  conditional knockout of UXT in mouse retina at  molecular, morphological and functional aspects.","Total RNA in mouse retina after conditional knockout of UXT was isolated and sequenced by deep sequencing using the Hi-Seq (Illumina) platform at Beijing Novel Bioinformatics Co., Ltd. (https://en.novogene.com/).",32744119,,,330780,GPL17021,Mus musculus,GSE,Expression profiling by high throughput sequencing,2020/08/07,16,ftp://ftp.ncbi.nlm.nih.gov/geo/series/GSE143nnn/GSE143281/,Mice deficient in UXT exhibit retinitis pigmentosa-like features via aberrant autophagy activation.,Autophagy,2021 Aug,10.1080/15548627.2020.1796015,OSD-162|Mmus_BAL-TAL_EYE_BSL_Rep5_B7,Basal Control
50,GSM6431275,0.9971266388893127,GSE210492,Complement factor B is critical for sub-RPE deposit accumulation in a model of Doyne honeycomb retinal dystrophy with features of age-related macular degeneration,,,"To characterize female aged Efemp1 R345W knock-in (Efemp1ki/ki) mice, a model for Doyne honeycomb retinal dystrophy/malattia leventinese by bulk RNA sequencing We performed differential expression and gene set enrichment analysis analysis using data obtained from RNA-seq of the neural retina and posterior eyecups (whole eye without lens and retina) from 3- to 17-month-old Efemp1+/+ and Efemp1ki/ki mice",Gene expression profiling analysis of RNA-seq data of of the neural retina and posterior eyecups (whole eye without lens and retina) from 3- to 17-month-old Efemp1+/+ and Efemp1ki/ki mice,35943778,,,671414,GPL21103,Mus musculus,GSE,Expression profiling by high throughput sequencing,2022/08/10,93,ftp://ftp.ncbi.nlm.nih.gov/geo/series/GSE210nnn/GSE210492/,Complement factor B is critical for sub-RPE deposit accumulation in a model of Doyne honeycomb retinal dystrophy with features of age-related macular degeneration.,Human molecular genetics,2023 Jan 6,10.1093/hmg/ddac187,OSD-162|Mmus_BAL-TAL_EYE_GC_Rep1_G1,Ground Control
51,GSM4256055,0.9959174394607544,GSE143281,Transcriptome changes in mouse retina after conditional knockout of UXT,,,"Ubiquitously expressed transcript (UXT), a small chaperone-like protein, is widely expressed in diverse human and mouse tissues and is more abundant in retina and kidney. Here, we investigated changes after  conditional knockout of UXT in mouse retina at  molecular, morphological and functional aspects.","Total RNA in mouse retina after conditional knockout of UXT was isolated and sequenced by deep sequencing using the Hi-Seq (Illumina) platform at Beijing Novel Bioinformatics Co., Ltd. (https://en.novogene.com/).",32744119,,,330780,GPL17021,Mus musculus,GSE,Expression profiling by high throughput sequencing,2020/08/07,16,ftp://ftp.ncbi.nlm.nih.gov/geo/series/GSE143nnn/GSE143281/,Mice deficient in UXT exhibit retinitis pigmentosa-like features via aberrant autophagy activation.,Autophagy,2021 Aug,10.1080/15548627.2020.1796015,OSD-162|Mmus_BAL-TAL_EYE_GC_Rep1_G1,Ground Control
52,GSM5704653,0.9958288073539734,GSE189618,Mouse kidney-specific genes,,,Analysis of RNAs from multiple mouse tissues to find kidney-specific genes,"Total RNA obtained from isolated C57BL/6J mice, various tissues.",,,,573453,GPL21103,Mus musculus,GSE,Expression profiling by high throughput sequencing,2021/11/29,19,ftp://ftp.ncbi.nlm.nih.gov/geo/series/GSE189nnn/GSE189618/,,,,,OSD-162|Mmus_BAL-TAL_EYE_GC_Rep1_G1,Ground Control
53,GSM6021809,0.9956289529800415,GSE200191,"Transcriptome analysis of AAV-induced retinopathy models expressing human VEGF, TNF-α and IL-6 in murine eyes",,,"High-throughput sequencing of murine retina and RPE/Choroid (eye cup) tissue following mueller-cell mediated expression of either hVEGFA, hTNFa, or hIl6 by adeno-associated viruses (AAV)","We intravitreally injected mouse eyes with AAVs expressing one of the three human transgenes VEGF, TNFa, or IL6. As controls, we used AAV-stuffer injected eyes at matching concentrations and non-injected eyes. From all treatment groups total RNA was extracted from the retina and the posterior eye cup, including retinal pigment epithelium (RPE), choroid, sclera and the ciliary body. Sample collection was followed by RNA sequencing.",36371417,,,619897,GPL24247,Mus musculus,GSE,Expression profiling by high throughput sequencing,2022/11/11,70,ftp://ftp.ncbi.nlm.nih.gov/geo/series/GSE200nnn/GSE200191/,"Transcriptome analysis of AAV-induced retinopathy models expressing human VEGF, TNF-α, and IL-6 in murine eyes.",Scientific reports,2022 Nov 12,10.1038/s41598-022-23065-4,OSD-162|Mmus_BAL-TAL_EYE_GC_Rep1_G1,Ground Control
54,GSM6431240,0.9952369332313538,GSE210492,Complement factor B is critical for sub-RPE deposit accumulation in a model of Doyne honeycomb retinal dystrophy with features of age-related macular degeneration,,,"To characterize female aged Efemp1 R345W knock-in (Efemp1ki/ki) mice, a model for Doyne honeycomb retinal dystrophy/malattia leventinese by bulk RNA sequencing We performed differential expression and gene set enrichment analysis analysis using data obtained from RNA-seq of the neural retina and posterior eyecups (whole eye without lens and retina) from 3- to 17-month-old Efemp1+/+ and Efemp1ki/ki mice",Gene expression profiling analysis of RNA-seq data of of the neural retina and posterior eyecups (whole eye without lens and retina) from 3- to 17-month-old Efemp1+/+ and Efemp1ki/ki mice,35943778,,,671379,GPL21103,Mus musculus,GSE,Expression profiling by high throughput sequencing,2022/08/10,93,ftp://ftp.ncbi.nlm.nih.gov/geo/series/GSE210nnn/GSE210492/,Complement factor B is critical for sub-RPE deposit accumulation in a model of Doyne honeycomb retinal dystrophy with features of age-related macular degeneration.,Human molecular genetics,2023 Jan 6,10.1093/hmg/ddac187,OSD-162|Mmus_BAL-TAL_EYE_GC_Rep1_G1,Ground Control
55,GSM6431262,0.9946366548538208,GSE210492,Complement factor B is critical for sub-RPE deposit accumulation in a model of Doyne honeycomb retinal dystrophy with features of age-related macular degeneration,,,"To characterize female aged Efemp1 R345W knock-in (Efemp1ki/ki) mice, a model for Doyne honeycomb retinal dystrophy/malattia leventinese by bulk RNA sequencing We performed differential expression and gene set enrichment analysis analysis using data obtained from RNA-seq of the neural retina and posterior eyecups (whole eye without lens and retina) from 3- to 17-month-old Efemp1+/+ and Efemp1ki/ki mice",Gene expression profiling analysis of RNA-seq data of of the neural retina and posterior eyecups (whole eye without lens and retina) from 3- to 17-month-old Efemp1+/+ and Efemp1ki/ki mice,35943778,,,671401,GPL21103,Mus musculus,GSE,Expression profiling by high throughput sequencing,2022/08/10,93,ftp://ftp.ncbi.nlm.nih.gov/geo/series/GSE210nnn/GSE210492/,Complement factor B is critical for sub-RPE deposit accumulation in a model of Doyne honeycomb retinal dystrophy with features of age-related macular degeneration.,Human molecular genetics,2023 Jan 6,10.1093/hmg/ddac187,OSD-162|Mmus_BAL-TAL_EYE_GC_Rep1_G1,Ground Control
56,GSM2412071,0.9940082430839539,GSE90755,Transcriptome profiling of wildtype C57BL/6 mouse with metformin treatment,,,"Background: Metformin, one of the first-line medication for the treatment of type 2 diabetes and gestational diabetes, has recently be suggested for targeting cardiovascular disease, cancer and aging. Therefore, current understanding of the mechanism of this drug is incompletely understood, and the function of multiple tissues, other than liver metabolism alone, may be influenced. Methods: The wildtype healthy mice treated with metformin were compared with controls (treated with double distilled water). The transcriptome changes with/without metformin treatment were probed by using high-throughput RNA-seq techniques Results: A comprehensive mouse transcriptome map with metformin treatment across ten tissues including aorta, eyeball, brain, adipose tissue, heart, kidney, liver, skeletal muscle, stomach and testis, was provided. Function enrichment, network characteristics and disease association of the differentially expressed genes were analyzed. We also compared our expression profiles with related microarray data in order to find conditions that share similar expression profiles with metformin treatment. Conclusions: This dataset could serve as a baseline resource for investigating the potential beneficial or adverse effects of metformin across different tissues.","Wildtype healthy C57BL/6 mice were treated with either metformin (treatment group) or double distilled water (control group). The mRNA profiles across 10 tissues (including aorta, eyeball, brain, adipose tissue, heart, kidney, liver, skeletal muscle, stomach and testis) were generated RNA-seq technique, in triplicate for each group, using Illumina HiSeq 2500.",32529766,,,91859,GPL17021,Mus musculus,GSE,Expression profiling by high throughput sequencing,2020/07/15,60,ftp://ftp.ncbi.nlm.nih.gov/geo/series/GSE90nnn/GSE90755/,Transcriptomic landscape profiling of metformin-treated healthy mice: Implication for potential hypertension risk when prophylactically used.,Journal of cellular and molecular medicine,2020 Jul,10.1111/jcmm.15472,OSD-162|Mmus_BAL-TAL_EYE_GC_Rep1_G1,Ground Control
57,GSM2412075,0.9936630725860596,GSE90755,Transcriptome profiling of wildtype C57BL/6 mouse with metformin treatment,,,"Background: Metformin, one of the first-line medication for the treatment of type 2 diabetes and gestational diabetes, has recently be suggested for targeting cardiovascular disease, cancer and aging. Therefore, current understanding of the mechanism of this drug is incompletely understood, and the function of multiple tissues, other than liver metabolism alone, may be influenced. Methods: The wildtype healthy mice treated with metformin were compared with controls (treated with double distilled water). The transcriptome changes with/without metformin treatment were probed by using high-throughput RNA-seq techniques Results: A comprehensive mouse transcriptome map with metformin treatment across ten tissues including aorta, eyeball, brain, adipose tissue, heart, kidney, liver, skeletal muscle, stomach and testis, was provided. Function enrichment, network characteristics and disease association of the differentially expressed genes were analyzed. We also compared our expression profiles with related microarray data in order to find conditions that share similar expression profiles with metformin treatment. Conclusions: This dataset could serve as a baseline resource for investigating the potential beneficial or adverse effects of metformin across different tissues.","Wildtype healthy C57BL/6 mice were treated with either metformin (treatment group) or double distilled water (control group). The mRNA profiles across 10 tissues (including aorta, eyeball, brain, adipose tissue, heart, kidney, liver, skeletal muscle, stomach and testis) were generated RNA-seq technique, in triplicate for each group, using Illumina HiSeq 2500.",32529766,,,91863,GPL17021,Mus musculus,GSE,Expression profiling by high throughput sequencing,2020/07/15,60,ftp://ftp.ncbi.nlm.nih.gov/geo/series/GSE90nnn/GSE90755/,Transcriptomic landscape profiling of metformin-treated healthy mice: Implication for potential hypertension risk when prophylactically used.,Journal of cellular and molecular medicine,2020 Jul,10.1111/jcmm.15472,OSD-162|Mmus_BAL-TAL_EYE_GC_Rep1_G1,Ground Control
58,GSM4151309,0.9927444458007812,GSE139996,The metabolite receptor SUCNR1 in oxidative stress-induced age-related macular degeneration,,,"Murine RPE transcriptomes were generated from SUCNR1 WT and KO mice from both the treated and untreated groups (n=4). When comparing all groups to each other, no significant difference in gene expression was observed.","Murine RPE transcriptomes were generated from SUCNR1 WT and KO mice from both the treated and untreated groups (n=4). Treated groups were exposed to hydroquinone to induce oxidative stress. Each sample title represents ""Animal number_eye(R=right eye, L=left eye)_genotype_treatment(-/+))""",,,,310800,GPL24247,Mus musculus,GSE,Expression profiling by high throughput sequencing,2020/01/31,16,ftp://ftp.ncbi.nlm.nih.gov/geo/series/GSE139nnn/GSE139996/,,,,,OSD-162|Mmus_BAL-TAL_EYE_GC_Rep1_G1,Ground Control
59,GSM2412072,0.9925867319107056,GSE90755,Transcriptome profiling of wildtype C57BL/6 mouse with metformin treatment,,,"Background: Metformin, one of the first-line medication for the treatment of type 2 diabetes and gestational diabetes, has recently be suggested for targeting cardiovascular disease, cancer and aging. Therefore, current understanding of the mechanism of this drug is incompletely understood, and the function of multiple tissues, other than liver metabolism alone, may be influenced. Methods: The wildtype healthy mice treated with metformin were compared with controls (treated with double distilled water). The transcriptome changes with/without metformin treatment were probed by using high-throughput RNA-seq techniques Results: A comprehensive mouse transcriptome map with metformin treatment across ten tissues including aorta, eyeball, brain, adipose tissue, heart, kidney, liver, skeletal muscle, stomach and testis, was provided. Function enrichment, network characteristics and disease association of the differentially expressed genes were analyzed. We also compared our expression profiles with related microarray data in order to find conditions that share similar expression profiles with metformin treatment. Conclusions: This dataset could serve as a baseline resource for investigating the potential beneficial or adverse effects of metformin across different tissues.","Wildtype healthy C57BL/6 mice were treated with either metformin (treatment group) or double distilled water (control group). The mRNA profiles across 10 tissues (including aorta, eyeball, brain, adipose tissue, heart, kidney, liver, skeletal muscle, stomach and testis) were generated RNA-seq technique, in triplicate for each group, using Illumina HiSeq 2500.",32529766,,,91860,GPL17021,Mus musculus,GSE,Expression profiling by high throughput sequencing,2020/07/15,60,ftp://ftp.ncbi.nlm.nih.gov/geo/series/GSE90nnn/GSE90755/,Transcriptomic landscape profiling of metformin-treated healthy mice: Implication for potential hypertension risk when prophylactically used.,Journal of cellular and molecular medicine,2020 Jul,10.1111/jcmm.15472,OSD-162|Mmus_BAL-TAL_EYE_GC_Rep1_G1,Ground Control
60,GSM6431275,0.9965681433677673,GSE210492,Complement factor B is critical for sub-RPE deposit accumulation in a model of Doyne honeycomb retinal dystrophy with features of age-related macular degeneration,,,"To characterize female aged Efemp1 R345W knock-in (Efemp1ki/ki) mice, a model for Doyne honeycomb retinal dystrophy/malattia leventinese by bulk RNA sequencing We performed differential expression and gene set enrichment analysis analysis using data obtained from RNA-seq of the neural retina and posterior eyecups (whole eye without lens and retina) from 3- to 17-month-old Efemp1+/+ and Efemp1ki/ki mice",Gene expression profiling analysis of RNA-seq data of of the neural retina and posterior eyecups (whole eye without lens and retina) from 3- to 17-month-old Efemp1+/+ and Efemp1ki/ki mice,35943778,,,671414,GPL21103,Mus musculus,GSE,Expression profiling by high throughput sequencing,2022/08/10,93,ftp://ftp.ncbi.nlm.nih.gov/geo/series/GSE210nnn/GSE210492/,Complement factor B is critical for sub-RPE deposit accumulation in a model of Doyne honeycomb retinal dystrophy with features of age-related macular degeneration.,Human molecular genetics,2023 Jan 6,10.1093/hmg/ddac187,OSD-162|Mmus_BAL-TAL_EYE_GC_Rep2_G2,Ground Control
61,GSM4256055,0.9956216812133789,GSE143281,Transcriptome changes in mouse retina after conditional knockout of UXT,,,"Ubiquitously expressed transcript (UXT), a small chaperone-like protein, is widely expressed in diverse human and mouse tissues and is more abundant in retina and kidney. Here, we investigated changes after  conditional knockout of UXT in mouse retina at  molecular, morphological and functional aspects.","Total RNA in mouse retina after conditional knockout of UXT was isolated and sequenced by deep sequencing using the Hi-Seq (Illumina) platform at Beijing Novel Bioinformatics Co., Ltd. (https://en.novogene.com/).",32744119,,,330780,GPL17021,Mus musculus,GSE,Expression profiling by high throughput sequencing,2020/08/07,16,ftp://ftp.ncbi.nlm.nih.gov/geo/series/GSE143nnn/GSE143281/,Mice deficient in UXT exhibit retinitis pigmentosa-like features via aberrant autophagy activation.,Autophagy,2021 Aug,10.1080/15548627.2020.1796015,OSD-162|Mmus_BAL-TAL_EYE_GC_Rep2_G2,Ground Control
62,GSM4151309,0.9952499866485596,GSE139996,The metabolite receptor SUCNR1 in oxidative stress-induced age-related macular degeneration,,,"Murine RPE transcriptomes were generated from SUCNR1 WT and KO mice from both the treated and untreated groups (n=4). When comparing all groups to each other, no significant difference in gene expression was observed.","Murine RPE transcriptomes were generated from SUCNR1 WT and KO mice from both the treated and untreated groups (n=4). Treated groups were exposed to hydroquinone to induce oxidative stress. Each sample title represents ""Animal number_eye(R=right eye, L=left eye)_genotype_treatment(-/+))""",,,,310800,GPL24247,Mus musculus,GSE,Expression profiling by high throughput sequencing,2020/01/31,16,ftp://ftp.ncbi.nlm.nih.gov/geo/series/GSE139nnn/GSE139996/,,,,,OSD-162|Mmus_BAL-TAL_EYE_GC_Rep2_G2,Ground Control
63,GSM6021809,0.9951367378234863,GSE200191,"Transcriptome analysis of AAV-induced retinopathy models expressing human VEGF, TNF-α and IL-6 in murine eyes",,,"High-throughput sequencing of murine retina and RPE/Choroid (eye cup) tissue following mueller-cell mediated expression of either hVEGFA, hTNFa, or hIl6 by adeno-associated viruses (AAV)","We intravitreally injected mouse eyes with AAVs expressing one of the three human transgenes VEGF, TNFa, or IL6. As controls, we used AAV-stuffer injected eyes at matching concentrations and non-injected eyes. From all treatment groups total RNA was extracted from the retina and the posterior eye cup, including retinal pigment epithelium (RPE), choroid, sclera and the ciliary body. Sample collection was followed by RNA sequencing.",36371417,,,619897,GPL24247,Mus musculus,GSE,Expression profiling by high throughput sequencing,2022/11/11,70,ftp://ftp.ncbi.nlm.nih.gov/geo/series/GSE200nnn/GSE200191/,"Transcriptome analysis of AAV-induced retinopathy models expressing human VEGF, TNF-α, and IL-6 in murine eyes.",Scientific reports,2022 Nov 12,10.1038/s41598-022-23065-4,OSD-162|Mmus_BAL-TAL_EYE_GC_Rep2_G2,Ground Control
64,GSM2412075,0.9945205450057983,GSE90755,Transcriptome profiling of wildtype C57BL/6 mouse with metformin treatment,,,"Background: Metformin, one of the first-line medication for the treatment of type 2 diabetes and gestational diabetes, has recently be suggested for targeting cardiovascular disease, cancer and aging. Therefore, current understanding of the mechanism of this drug is incompletely understood, and the function of multiple tissues, other than liver metabolism alone, may be influenced. Methods: The wildtype healthy mice treated with metformin were compared with controls (treated with double distilled water). The transcriptome changes with/without metformin treatment were probed by using high-throughput RNA-seq techniques Results: A comprehensive mouse transcriptome map with metformin treatment across ten tissues including aorta, eyeball, brain, adipose tissue, heart, kidney, liver, skeletal muscle, stomach and testis, was provided. Function enrichment, network characteristics and disease association of the differentially expressed genes were analyzed. We also compared our expression profiles with related microarray data in order to find conditions that share similar expression profiles with metformin treatment. Conclusions: This dataset could serve as a baseline resource for investigating the potential beneficial or adverse effects of metformin across different tissues.","Wildtype healthy C57BL/6 mice were treated with either metformin (treatment group) or double distilled water (control group). The mRNA profiles across 10 tissues (including aorta, eyeball, brain, adipose tissue, heart, kidney, liver, skeletal muscle, stomach and testis) were generated RNA-seq technique, in triplicate for each group, using Illumina HiSeq 2500.",32529766,,,91863,GPL17021,Mus musculus,GSE,Expression profiling by high throughput sequencing,2020/07/15,60,ftp://ftp.ncbi.nlm.nih.gov/geo/series/GSE90nnn/GSE90755/,Transcriptomic landscape profiling of metformin-treated healthy mice: Implication for potential hypertension risk when prophylactically used.,Journal of cellular and molecular medicine,2020 Jul,10.1111/jcmm.15472,OSD-162|Mmus_BAL-TAL_EYE_GC_Rep2_G2,Ground Control
65,GSM1955580,0.9943694472312927,GSE75470,Whole eye transcriptome generated in Abca4-/-Rdh8-/- mice  to identify changes in gene expression after light exposure,,,RNA-Seq has revolutionized transcriptome profiling with precise identification of even low expressing and novel transcripts. Goal of the current study was to identify novel gene signatures/biological pathways which are expressed in the early stage after light exposure in our disease model to identify transcriptional mis-regulation followed by validation using quantitative reverse transcription polymerase chain reaction (qRT–PCR) methods,"Whole eye mRNA profiles of 6 week old Abca4-/-Rdh8-/- mice were generated by deep sequencing, in triplicate, using Illumina HiSeq2500. The sequence reads that passed quality filters were analyzed by TopHat followed by Cufflinks. Cuffdiff was used for differential gene analysis. qRT–PCR validation was performed using SYBR Green assays",27315541,,,51913,GPL17021,Mus musculus,GSE,Expression profiling by high throughput sequencing,2016/12/16,4,ftp://ftp.ncbi.nlm.nih.gov/geo/series/GSE75nnn/GSE75470/,Acute Stress Responses Are Early Molecular Events of Retinal Degeneration in Abca4-/-Rdh8-/- Mice After Light Exposure.,Investigative ophthalmology & visual science,2016 Jun 1,10.1167/iovs.15-18993,OSD-162|Mmus_BAL-TAL_EYE_GC_Rep2_G2,Ground Control
66,GSM6508507,0.9942789077758789,GSE212054,Phosphatidylinositol-Specific Phospholipase C can inhibit the proliferation of and suppress the phagocytosis of Müller cells via modulating PI3K/AKT signaling pathway,,,Transcriptome analysis showed that the PI-PLC protein is closely related to phagocytosis by tissue cells,We then performed gene expression profiling analysis using data obtained from RNA-seq of eyeball organization from C57/B6 mouse and human muller cell,37672795,,,675503,GPL24247; GPL24676,Mus musculus; Homo sapiens,GSE,Expression profiling by high throughput sequencing,2022/09/01,24,ftp://ftp.ncbi.nlm.nih.gov/geo/series/GSE212nnn/GSE212054/,Phosphatidylinositol-specific phospholipase C can decrease Müller cell viability and suppress its phagocytic activity by modulating PI3K/AKT signaling pathway.,Canadian journal of microbiology,2023 Dec 1,10.1139/cjm-2023-0044,OSD-162|Mmus_BAL-TAL_EYE_GC_Rep2_G2,Ground Control
67,GSM5704653,0.9939630627632141,GSE189618,Mouse kidney-specific genes,,,Analysis of RNAs from multiple mouse tissues to find kidney-specific genes,"Total RNA obtained from isolated C57BL/6J mice, various tissues.",,,,573453,GPL21103,Mus musculus,GSE,Expression profiling by high throughput sequencing,2021/11/29,19,ftp://ftp.ncbi.nlm.nih.gov/geo/series/GSE189nnn/GSE189618/,,,,,OSD-162|Mmus_BAL-TAL_EYE_GC_Rep2_G2,Ground Control
68,GSM6431240,0.9939624071121216,GSE210492,Complement factor B is critical for sub-RPE deposit accumulation in a model of Doyne honeycomb retinal dystrophy with features of age-related macular degeneration,,,"To characterize female aged Efemp1 R345W knock-in (Efemp1ki/ki) mice, a model for Doyne honeycomb retinal dystrophy/malattia leventinese by bulk RNA sequencing We performed differential expression and gene set enrichment analysis analysis using data obtained from RNA-seq of the neural retina and posterior eyecups (whole eye without lens and retina) from 3- to 17-month-old Efemp1+/+ and Efemp1ki/ki mice",Gene expression profiling analysis of RNA-seq data of of the neural retina and posterior eyecups (whole eye without lens and retina) from 3- to 17-month-old Efemp1+/+ and Efemp1ki/ki mice,35943778,,,671379,GPL21103,Mus musculus,GSE,Expression profiling by high throughput sequencing,2022/08/10,93,ftp://ftp.ncbi.nlm.nih.gov/geo/series/GSE210nnn/GSE210492/,Complement factor B is critical for sub-RPE deposit accumulation in a model of Doyne honeycomb retinal dystrophy with features of age-related macular degeneration.,Human molecular genetics,2023 Jan 6,10.1093/hmg/ddac187,OSD-162|Mmus_BAL-TAL_EYE_GC_Rep2_G2,Ground Control
69,GSM2412072,0.9937947988510132,GSE90755,Transcriptome profiling of wildtype C57BL/6 mouse with metformin treatment,,,"Background: Metformin, one of the first-line medication for the treatment of type 2 diabetes and gestational diabetes, has recently be suggested for targeting cardiovascular disease, cancer and aging. Therefore, current understanding of the mechanism of this drug is incompletely understood, and the function of multiple tissues, other than liver metabolism alone, may be influenced. Methods: The wildtype healthy mice treated with metformin were compared with controls (treated with double distilled water). The transcriptome changes with/without metformin treatment were probed by using high-throughput RNA-seq techniques Results: A comprehensive mouse transcriptome map with metformin treatment across ten tissues including aorta, eyeball, brain, adipose tissue, heart, kidney, liver, skeletal muscle, stomach and testis, was provided. Function enrichment, network characteristics and disease association of the differentially expressed genes were analyzed. We also compared our expression profiles with related microarray data in order to find conditions that share similar expression profiles with metformin treatment. Conclusions: This dataset could serve as a baseline resource for investigating the potential beneficial or adverse effects of metformin across different tissues.","Wildtype healthy C57BL/6 mice were treated with either metformin (treatment group) or double distilled water (control group). The mRNA profiles across 10 tissues (including aorta, eyeball, brain, adipose tissue, heart, kidney, liver, skeletal muscle, stomach and testis) were generated RNA-seq technique, in triplicate for each group, using Illumina HiSeq 2500.",32529766,,,91860,GPL17021,Mus musculus,GSE,Expression profiling by high throughput sequencing,2020/07/15,60,ftp://ftp.ncbi.nlm.nih.gov/geo/series/GSE90nnn/GSE90755/,Transcriptomic landscape profiling of metformin-treated healthy mice: Implication for potential hypertension risk when prophylactically used.,Journal of cellular and molecular medicine,2020 Jul,10.1111/jcmm.15472,OSD-162|Mmus_BAL-TAL_EYE_GC_Rep2_G2,Ground Control
70,GSM6431275,0.9959239363670349,GSE210492,Complement factor B is critical for sub-RPE deposit accumulation in a model of Doyne honeycomb retinal dystrophy with features of age-related macular degeneration,,,"To characterize female aged Efemp1 R345W knock-in (Efemp1ki/ki) mice, a model for Doyne honeycomb retinal dystrophy/malattia leventinese by bulk RNA sequencing We performed differential expression and gene set enrichment analysis analysis using data obtained from RNA-seq of the neural retina and posterior eyecups (whole eye without lens and retina) from 3- to 17-month-old Efemp1+/+ and Efemp1ki/ki mice",Gene expression profiling analysis of RNA-seq data of of the neural retina and posterior eyecups (whole eye without lens and retina) from 3- to 17-month-old Efemp1+/+ and Efemp1ki/ki mice,35943778,,,671414,GPL21103,Mus musculus,GSE,Expression profiling by high throughput sequencing,2022/08/10,93,ftp://ftp.ncbi.nlm.nih.gov/geo/series/GSE210nnn/GSE210492/,Complement factor B is critical for sub-RPE deposit accumulation in a model of Doyne honeycomb retinal dystrophy with features of age-related macular degeneration.,Human molecular genetics,2023 Jan 6,10.1093/hmg/ddac187,OSD-162|Mmus_BAL-TAL_EYE_GC_Rep3_G4,Ground Control
71,GSM6431258,0.9952162504196167,GSE210492,Complement factor B is critical for sub-RPE deposit accumulation in a model of Doyne honeycomb retinal dystrophy with features of age-related macular degeneration,,,"To characterize female aged Efemp1 R345W knock-in (Efemp1ki/ki) mice, a model for Doyne honeycomb retinal dystrophy/malattia leventinese by bulk RNA sequencing We performed differential expression and gene set enrichment analysis analysis using data obtained from RNA-seq of the neural retina and posterior eyecups (whole eye without lens and retina) from 3- to 17-month-old Efemp1+/+ and Efemp1ki/ki mice",Gene expression profiling analysis of RNA-seq data of of the neural retina and posterior eyecups (whole eye without lens and retina) from 3- to 17-month-old Efemp1+/+ and Efemp1ki/ki mice,35943778,,,671397,GPL21103,Mus musculus,GSE,Expression profiling by high throughput sequencing,2022/08/10,93,ftp://ftp.ncbi.nlm.nih.gov/geo/series/GSE210nnn/GSE210492/,Complement factor B is critical for sub-RPE deposit accumulation in a model of Doyne honeycomb retinal dystrophy with features of age-related macular degeneration.,Human molecular genetics,2023 Jan 6,10.1093/hmg/ddac187,OSD-162|Mmus_BAL-TAL_EYE_GC_Rep3_G4,Ground Control
72,GSM6431257,0.9949214458465576,GSE210492,Complement factor B is critical for sub-RPE deposit accumulation in a model of Doyne honeycomb retinal dystrophy with features of age-related macular degeneration,,,"To characterize female aged Efemp1 R345W knock-in (Efemp1ki/ki) mice, a model for Doyne honeycomb retinal dystrophy/malattia leventinese by bulk RNA sequencing We performed differential expression and gene set enrichment analysis analysis using data obtained from RNA-seq of the neural retina and posterior eyecups (whole eye without lens and retina) from 3- to 17-month-old Efemp1+/+ and Efemp1ki/ki mice",Gene expression profiling analysis of RNA-seq data of of the neural retina and posterior eyecups (whole eye without lens and retina) from 3- to 17-month-old Efemp1+/+ and Efemp1ki/ki mice,35943778,,,671396,GPL21103,Mus musculus,GSE,Expression profiling by high throughput sequencing,2022/08/10,93,ftp://ftp.ncbi.nlm.nih.gov/geo/series/GSE210nnn/GSE210492/,Complement factor B is critical for sub-RPE deposit accumulation in a model of Doyne honeycomb retinal dystrophy with features of age-related macular degeneration.,Human molecular genetics,2023 Jan 6,10.1093/hmg/ddac187,OSD-162|Mmus_BAL-TAL_EYE_GC_Rep3_G4,Ground Control
73,GSM6431240,0.9947218894958496,GSE210492,Complement factor B is critical for sub-RPE deposit accumulation in a model of Doyne honeycomb retinal dystrophy with features of age-related macular degeneration,,,"To characterize female aged Efemp1 R345W knock-in (Efemp1ki/ki) mice, a model for Doyne honeycomb retinal dystrophy/malattia leventinese by bulk RNA sequencing We performed differential expression and gene set enrichment analysis analysis using data obtained from RNA-seq of the neural retina and posterior eyecups (whole eye without lens and retina) from 3- to 17-month-old Efemp1+/+ and Efemp1ki/ki mice",Gene expression profiling analysis of RNA-seq data of of the neural retina and posterior eyecups (whole eye without lens and retina) from 3- to 17-month-old Efemp1+/+ and Efemp1ki/ki mice,35943778,,,671379,GPL21103,Mus musculus,GSE,Expression profiling by high throughput sequencing,2022/08/10,93,ftp://ftp.ncbi.nlm.nih.gov/geo/series/GSE210nnn/GSE210492/,Complement factor B is critical for sub-RPE deposit accumulation in a model of Doyne honeycomb retinal dystrophy with features of age-related macular degeneration.,Human molecular genetics,2023 Jan 6,10.1093/hmg/ddac187,OSD-162|Mmus_BAL-TAL_EYE_GC_Rep3_G4,Ground Control
74,GSM4256055,0.9943135380744934,GSE143281,Transcriptome changes in mouse retina after conditional knockout of UXT,,,"Ubiquitously expressed transcript (UXT), a small chaperone-like protein, is widely expressed in diverse human and mouse tissues and is more abundant in retina and kidney. Here, we investigated changes after  conditional knockout of UXT in mouse retina at  molecular, morphological and functional aspects.","Total RNA in mouse retina after conditional knockout of UXT was isolated and sequenced by deep sequencing using the Hi-Seq (Illumina) platform at Beijing Novel Bioinformatics Co., Ltd. (https://en.novogene.com/).",32744119,,,330780,GPL17021,Mus musculus,GSE,Expression profiling by high throughput sequencing,2020/08/07,16,ftp://ftp.ncbi.nlm.nih.gov/geo/series/GSE143nnn/GSE143281/,Mice deficient in UXT exhibit retinitis pigmentosa-like features via aberrant autophagy activation.,Autophagy,2021 Aug,10.1080/15548627.2020.1796015,OSD-162|Mmus_BAL-TAL_EYE_GC_Rep3_G4,Ground Control
75,GSM6431242,0.994176983833313,GSE210492,Complement factor B is critical for sub-RPE deposit accumulation in a model of Doyne honeycomb retinal dystrophy with features of age-related macular degeneration,,,"To characterize female aged Efemp1 R345W knock-in (Efemp1ki/ki) mice, a model for Doyne honeycomb retinal dystrophy/malattia leventinese by bulk RNA sequencing We performed differential expression and gene set enrichment analysis analysis using data obtained from RNA-seq of the neural retina and posterior eyecups (whole eye without lens and retina) from 3- to 17-month-old Efemp1+/+ and Efemp1ki/ki mice",Gene expression profiling analysis of RNA-seq data of of the neural retina and posterior eyecups (whole eye without lens and retina) from 3- to 17-month-old Efemp1+/+ and Efemp1ki/ki mice,35943778,,,671381,GPL21103,Mus musculus,GSE,Expression profiling by high throughput sequencing,2022/08/10,93,ftp://ftp.ncbi.nlm.nih.gov/geo/series/GSE210nnn/GSE210492/,Complement factor B is critical for sub-RPE deposit accumulation in a model of Doyne honeycomb retinal dystrophy with features of age-related macular degeneration.,Human molecular genetics,2023 Jan 6,10.1093/hmg/ddac187,OSD-162|Mmus_BAL-TAL_EYE_GC_Rep3_G4,Ground Control
76,GSM4008386,0.9940241575241089,GSE135415,Tissue- and Species-Specific Patterns of RNA metabolism in Post-Mortem Mammalian Retina and Retinal Pigment Epithelium,,,"Accurate analysis of gene expression in human tissues using RNA Sequencing is often dependent on the quality of source material. One major source of variation in mRNA quality is post-mortem time. While it is known that individual transcripts show differential post-mortem stability, few studies have directly and comprehensively analyzed mRNA stability following death, and in particular, the extent to which tissue- and species-specific factors influence post-mortem mRNA stability are poorly understood. This knowledge is particularly important for ocular tissues studies, where tissues obtained post-mortem are frequently used for research or therapeutic applications. To directly investigate this question, we profiled mRNA levels in both neuroretina and retinal pigment epithelium (RPE) from mouse and baboon over a series of post-mortem intervals. We found substantial changes in gene expression as early as 15 minutes in the mouse and as early as three hours in the baboon eye tissues. Importantly, our findings demonstrate both tissue- and species- specific patterns of RNA metabolism, by identifying a set of genes that are either rapidly degraded or very stable in both species and/or tissues. Taken together, the data from this study lays the foundation for understanding RNA regulation post-mortem, and provide novel insights into RNA metabolism in the tissues of the mammalian eye.",Mice at different post-mortem intervals were used to collect retina and RPE/choroid tissues.,31616038,,,278711,GPL27009; GPL19057,Papio anubis; Mus musculus,GSE,Expression profiling by high throughput sequencing,2019/11/04,106,ftp://ftp.ncbi.nlm.nih.gov/geo/series/GSE135nnn/GSE135415/,Tissue- and Species-Specific Patterns of RNA metabolism in Post-Mortem Mammalian Retina and Retinal Pigment Epithelium.,Scientific reports,2019 Oct 15,10.1038/s41598-019-51379-3,OSD-162|Mmus_BAL-TAL_EYE_GC_Rep3_G4,Ground Control
77,GSM6431243,0.9940046072006226,GSE210492,Complement factor B is critical for sub-RPE deposit accumulation in a model of Doyne honeycomb retinal dystrophy with features of age-related macular degeneration,,,"To characterize female aged Efemp1 R345W knock-in (Efemp1ki/ki) mice, a model for Doyne honeycomb retinal dystrophy/malattia leventinese by bulk RNA sequencing We performed differential expression and gene set enrichment analysis analysis using data obtained from RNA-seq of the neural retina and posterior eyecups (whole eye without lens and retina) from 3- to 17-month-old Efemp1+/+ and Efemp1ki/ki mice",Gene expression profiling analysis of RNA-seq data of of the neural retina and posterior eyecups (whole eye without lens and retina) from 3- to 17-month-old Efemp1+/+ and Efemp1ki/ki mice,35943778,,,671382,GPL21103,Mus musculus,GSE,Expression profiling by high throughput sequencing,2022/08/10,93,ftp://ftp.ncbi.nlm.nih.gov/geo/series/GSE210nnn/GSE210492/,Complement factor B is critical for sub-RPE deposit accumulation in a model of Doyne honeycomb retinal dystrophy with features of age-related macular degeneration.,Human molecular genetics,2023 Jan 6,10.1093/hmg/ddac187,OSD-162|Mmus_BAL-TAL_EYE_GC_Rep3_G4,Ground Control
78,GSM6021809,0.9938530921936035,GSE200191,"Transcriptome analysis of AAV-induced retinopathy models expressing human VEGF, TNF-α and IL-6 in murine eyes",,,"High-throughput sequencing of murine retina and RPE/Choroid (eye cup) tissue following mueller-cell mediated expression of either hVEGFA, hTNFa, or hIl6 by adeno-associated viruses (AAV)","We intravitreally injected mouse eyes with AAVs expressing one of the three human transgenes VEGF, TNFa, or IL6. As controls, we used AAV-stuffer injected eyes at matching concentrations and non-injected eyes. From all treatment groups total RNA was extracted from the retina and the posterior eye cup, including retinal pigment epithelium (RPE), choroid, sclera and the ciliary body. Sample collection was followed by RNA sequencing.",36371417,,,619897,GPL24247,Mus musculus,GSE,Expression profiling by high throughput sequencing,2022/11/11,70,ftp://ftp.ncbi.nlm.nih.gov/geo/series/GSE200nnn/GSE200191/,"Transcriptome analysis of AAV-induced retinopathy models expressing human VEGF, TNF-α, and IL-6 in murine eyes.",Scientific reports,2022 Nov 12,10.1038/s41598-022-23065-4,OSD-162|Mmus_BAL-TAL_EYE_GC_Rep3_G4,Ground Control
79,GSM6431239,0.9938470125198364,GSE210492,Complement factor B is critical for sub-RPE deposit accumulation in a model of Doyne honeycomb retinal dystrophy with features of age-related macular degeneration,,,"To characterize female aged Efemp1 R345W knock-in (Efemp1ki/ki) mice, a model for Doyne honeycomb retinal dystrophy/malattia leventinese by bulk RNA sequencing We performed differential expression and gene set enrichment analysis analysis using data obtained from RNA-seq of the neural retina and posterior eyecups (whole eye without lens and retina) from 3- to 17-month-old Efemp1+/+ and Efemp1ki/ki mice",Gene expression profiling analysis of RNA-seq data of of the neural retina and posterior eyecups (whole eye without lens and retina) from 3- to 17-month-old Efemp1+/+ and Efemp1ki/ki mice,35943778,,,671378,GPL21103,Mus musculus,GSE,Expression profiling by high throughput sequencing,2022/08/10,93,ftp://ftp.ncbi.nlm.nih.gov/geo/series/GSE210nnn/GSE210492/,Complement factor B is critical for sub-RPE deposit accumulation in a model of Doyne honeycomb retinal dystrophy with features of age-related macular degeneration.,Human molecular genetics,2023 Jan 6,10.1093/hmg/ddac187,OSD-162|Mmus_BAL-TAL_EYE_GC_Rep3_G4,Ground Control
80,GSM6431275,0.9967743158340454,GSE210492,Complement factor B is critical for sub-RPE deposit accumulation in a model of Doyne honeycomb retinal dystrophy with features of age-related macular degeneration,,,"To characterize female aged Efemp1 R345W knock-in (Efemp1ki/ki) mice, a model for Doyne honeycomb retinal dystrophy/malattia leventinese by bulk RNA sequencing We performed differential expression and gene set enrichment analysis analysis using data obtained from RNA-seq of the neural retina and posterior eyecups (whole eye without lens and retina) from 3- to 17-month-old Efemp1+/+ and Efemp1ki/ki mice",Gene expression profiling analysis of RNA-seq data of of the neural retina and posterior eyecups (whole eye without lens and retina) from 3- to 17-month-old Efemp1+/+ and Efemp1ki/ki mice,35943778,,,671414,GPL21103,Mus musculus,GSE,Expression profiling by high throughput sequencing,2022/08/10,93,ftp://ftp.ncbi.nlm.nih.gov/geo/series/GSE210nnn/GSE210492/,Complement factor B is critical for sub-RPE deposit accumulation in a model of Doyne honeycomb retinal dystrophy with features of age-related macular degeneration.,Human molecular genetics,2023 Jan 6,10.1093/hmg/ddac187,OSD-162|Mmus_BAL-TAL_EYE_GC_Rep4_G5,Ground Control
81,GSM6431240,0.995435893535614,GSE210492,Complement factor B is critical for sub-RPE deposit accumulation in a model of Doyne honeycomb retinal dystrophy with features of age-related macular degeneration,,,"To characterize female aged Efemp1 R345W knock-in (Efemp1ki/ki) mice, a model for Doyne honeycomb retinal dystrophy/malattia leventinese by bulk RNA sequencing We performed differential expression and gene set enrichment analysis analysis using data obtained from RNA-seq of the neural retina and posterior eyecups (whole eye without lens and retina) from 3- to 17-month-old Efemp1+/+ and Efemp1ki/ki mice",Gene expression profiling analysis of RNA-seq data of of the neural retina and posterior eyecups (whole eye without lens and retina) from 3- to 17-month-old Efemp1+/+ and Efemp1ki/ki mice,35943778,,,671379,GPL21103,Mus musculus,GSE,Expression profiling by high throughput sequencing,2022/08/10,93,ftp://ftp.ncbi.nlm.nih.gov/geo/series/GSE210nnn/GSE210492/,Complement factor B is critical for sub-RPE deposit accumulation in a model of Doyne honeycomb retinal dystrophy with features of age-related macular degeneration.,Human molecular genetics,2023 Jan 6,10.1093/hmg/ddac187,OSD-162|Mmus_BAL-TAL_EYE_GC_Rep4_G5,Ground Control
82,GSM4256055,0.9953020215034485,GSE143281,Transcriptome changes in mouse retina after conditional knockout of UXT,,,"Ubiquitously expressed transcript (UXT), a small chaperone-like protein, is widely expressed in diverse human and mouse tissues and is more abundant in retina and kidney. Here, we investigated changes after  conditional knockout of UXT in mouse retina at  molecular, morphological and functional aspects.","Total RNA in mouse retina after conditional knockout of UXT was isolated and sequenced by deep sequencing using the Hi-Seq (Illumina) platform at Beijing Novel Bioinformatics Co., Ltd. (https://en.novogene.com/).",32744119,,,330780,GPL17021,Mus musculus,GSE,Expression profiling by high throughput sequencing,2020/08/07,16,ftp://ftp.ncbi.nlm.nih.gov/geo/series/GSE143nnn/GSE143281/,Mice deficient in UXT exhibit retinitis pigmentosa-like features via aberrant autophagy activation.,Autophagy,2021 Aug,10.1080/15548627.2020.1796015,OSD-162|Mmus_BAL-TAL_EYE_GC_Rep4_G5,Ground Control
83,GSM6021809,0.9947080016136169,GSE200191,"Transcriptome analysis of AAV-induced retinopathy models expressing human VEGF, TNF-α and IL-6 in murine eyes",,,"High-throughput sequencing of murine retina and RPE/Choroid (eye cup) tissue following mueller-cell mediated expression of either hVEGFA, hTNFa, or hIl6 by adeno-associated viruses (AAV)","We intravitreally injected mouse eyes with AAVs expressing one of the three human transgenes VEGF, TNFa, or IL6. As controls, we used AAV-stuffer injected eyes at matching concentrations and non-injected eyes. From all treatment groups total RNA was extracted from the retina and the posterior eye cup, including retinal pigment epithelium (RPE), choroid, sclera and the ciliary body. Sample collection was followed by RNA sequencing.",36371417,,,619897,GPL24247,Mus musculus,GSE,Expression profiling by high throughput sequencing,2022/11/11,70,ftp://ftp.ncbi.nlm.nih.gov/geo/series/GSE200nnn/GSE200191/,"Transcriptome analysis of AAV-induced retinopathy models expressing human VEGF, TNF-α, and IL-6 in murine eyes.",Scientific reports,2022 Nov 12,10.1038/s41598-022-23065-4,OSD-162|Mmus_BAL-TAL_EYE_GC_Rep4_G5,Ground Control
84,GSM5704653,0.9943925142288208,GSE189618,Mouse kidney-specific genes,,,Analysis of RNAs from multiple mouse tissues to find kidney-specific genes,"Total RNA obtained from isolated C57BL/6J mice, various tissues.",,,,573453,GPL21103,Mus musculus,GSE,Expression profiling by high throughput sequencing,2021/11/29,19,ftp://ftp.ncbi.nlm.nih.gov/geo/series/GSE189nnn/GSE189618/,,,,,OSD-162|Mmus_BAL-TAL_EYE_GC_Rep4_G5,Ground Control
85,GSM6431262,0.9934606552124023,GSE210492,Complement factor B is critical for sub-RPE deposit accumulation in a model of Doyne honeycomb retinal dystrophy with features of age-related macular degeneration,,,"To characterize female aged Efemp1 R345W knock-in (Efemp1ki/ki) mice, a model for Doyne honeycomb retinal dystrophy/malattia leventinese by bulk RNA sequencing We performed differential expression and gene set enrichment analysis analysis using data obtained from RNA-seq of the neural retina and posterior eyecups (whole eye without lens and retina) from 3- to 17-month-old Efemp1+/+ and Efemp1ki/ki mice",Gene expression profiling analysis of RNA-seq data of of the neural retina and posterior eyecups (whole eye without lens and retina) from 3- to 17-month-old Efemp1+/+ and Efemp1ki/ki mice,35943778,,,671401,GPL21103,Mus musculus,GSE,Expression profiling by high throughput sequencing,2022/08/10,93,ftp://ftp.ncbi.nlm.nih.gov/geo/series/GSE210nnn/GSE210492/,Complement factor B is critical for sub-RPE deposit accumulation in a model of Doyne honeycomb retinal dystrophy with features of age-related macular degeneration.,Human molecular genetics,2023 Jan 6,10.1093/hmg/ddac187,OSD-162|Mmus_BAL-TAL_EYE_GC_Rep4_G5,Ground Control
86,GSM4151309,0.993195652961731,GSE139996,The metabolite receptor SUCNR1 in oxidative stress-induced age-related macular degeneration,,,"Murine RPE transcriptomes were generated from SUCNR1 WT and KO mice from both the treated and untreated groups (n=4). When comparing all groups to each other, no significant difference in gene expression was observed.","Murine RPE transcriptomes were generated from SUCNR1 WT and KO mice from both the treated and untreated groups (n=4). Treated groups were exposed to hydroquinone to induce oxidative stress. Each sample title represents ""Animal number_eye(R=right eye, L=left eye)_genotype_treatment(-/+))""",,,,310800,GPL24247,Mus musculus,GSE,Expression profiling by high throughput sequencing,2020/01/31,16,ftp://ftp.ncbi.nlm.nih.gov/geo/series/GSE139nnn/GSE139996/,,,,,OSD-162|Mmus_BAL-TAL_EYE_GC_Rep4_G5,Ground Control
87,GSM6431258,0.9930669665336609,GSE210492,Complement factor B is critical for sub-RPE deposit accumulation in a model of Doyne honeycomb retinal dystrophy with features of age-related macular degeneration,,,"To characterize female aged Efemp1 R345W knock-in (Efemp1ki/ki) mice, a model for Doyne honeycomb retinal dystrophy/malattia leventinese by bulk RNA sequencing We performed differential expression and gene set enrichment analysis analysis using data obtained from RNA-seq of the neural retina and posterior eyecups (whole eye without lens and retina) from 3- to 17-month-old Efemp1+/+ and Efemp1ki/ki mice",Gene expression profiling analysis of RNA-seq data of of the neural retina and posterior eyecups (whole eye without lens and retina) from 3- to 17-month-old Efemp1+/+ and Efemp1ki/ki mice,35943778,,,671397,GPL21103,Mus musculus,GSE,Expression profiling by high throughput sequencing,2022/08/10,93,ftp://ftp.ncbi.nlm.nih.gov/geo/series/GSE210nnn/GSE210492/,Complement factor B is critical for sub-RPE deposit accumulation in a model of Doyne honeycomb retinal dystrophy with features of age-related macular degeneration.,Human molecular genetics,2023 Jan 6,10.1093/hmg/ddac187,OSD-162|Mmus_BAL-TAL_EYE_GC_Rep4_G5,Ground Control
88,GSM6431257,0.9923945665359497,GSE210492,Complement factor B is critical for sub-RPE deposit accumulation in a model of Doyne honeycomb retinal dystrophy with features of age-related macular degeneration,,,"To characterize female aged Efemp1 R345W knock-in (Efemp1ki/ki) mice, a model for Doyne honeycomb retinal dystrophy/malattia leventinese by bulk RNA sequencing We performed differential expression and gene set enrichment analysis analysis using data obtained from RNA-seq of the neural retina and posterior eyecups (whole eye without lens and retina) from 3- to 17-month-old Efemp1+/+ and Efemp1ki/ki mice",Gene expression profiling analysis of RNA-seq data of of the neural retina and posterior eyecups (whole eye without lens and retina) from 3- to 17-month-old Efemp1+/+ and Efemp1ki/ki mice,35943778,,,671396,GPL21103,Mus musculus,GSE,Expression profiling by high throughput sequencing,2022/08/10,93,ftp://ftp.ncbi.nlm.nih.gov/geo/series/GSE210nnn/GSE210492/,Complement factor B is critical for sub-RPE deposit accumulation in a model of Doyne honeycomb retinal dystrophy with features of age-related macular degeneration.,Human molecular genetics,2023 Jan 6,10.1093/hmg/ddac187,OSD-162|Mmus_BAL-TAL_EYE_GC_Rep4_G5,Ground Control
89,GSM6021763,0.9920951128005981,GSE200191,"Transcriptome analysis of AAV-induced retinopathy models expressing human VEGF, TNF-α and IL-6 in murine eyes",,,"High-throughput sequencing of murine retina and RPE/Choroid (eye cup) tissue following mueller-cell mediated expression of either hVEGFA, hTNFa, or hIl6 by adeno-associated viruses (AAV)","We intravitreally injected mouse eyes with AAVs expressing one of the three human transgenes VEGF, TNFa, or IL6. As controls, we used AAV-stuffer injected eyes at matching concentrations and non-injected eyes. From all treatment groups total RNA was extracted from the retina and the posterior eye cup, including retinal pigment epithelium (RPE), choroid, sclera and the ciliary body. Sample collection was followed by RNA sequencing.",36371417,,,619851,GPL24247,Mus musculus,GSE,Expression profiling by high throughput sequencing,2022/11/11,70,ftp://ftp.ncbi.nlm.nih.gov/geo/series/GSE200nnn/GSE200191/,"Transcriptome analysis of AAV-induced retinopathy models expressing human VEGF, TNF-α, and IL-6 in murine eyes.",Scientific reports,2022 Nov 12,10.1038/s41598-022-23065-4,OSD-162|Mmus_BAL-TAL_EYE_GC_Rep4_G5,Ground Control
90,GSM6431258,0.9942157864570618,GSE210492,Complement factor B is critical for sub-RPE deposit accumulation in a model of Doyne honeycomb retinal dystrophy with features of age-related macular degeneration,,,"To characterize female aged Efemp1 R345W knock-in (Efemp1ki/ki) mice, a model for Doyne honeycomb retinal dystrophy/malattia leventinese by bulk RNA sequencing We performed differential expression and gene set enrichment analysis analysis using data obtained from RNA-seq of the neural retina and posterior eyecups (whole eye without lens and retina) from 3- to 17-month-old Efemp1+/+ and Efemp1ki/ki mice",Gene expression profiling analysis of RNA-seq data of of the neural retina and posterior eyecups (whole eye without lens and retina) from 3- to 17-month-old Efemp1+/+ and Efemp1ki/ki mice,35943778,,,671397,GPL21103,Mus musculus,GSE,Expression profiling by high throughput sequencing,2022/08/10,93,ftp://ftp.ncbi.nlm.nih.gov/geo/series/GSE210nnn/GSE210492/,Complement factor B is critical for sub-RPE deposit accumulation in a model of Doyne honeycomb retinal dystrophy with features of age-related macular degeneration.,Human molecular genetics,2023 Jan 6,10.1093/hmg/ddac187,OSD-162|Mmus_BAL-TAL_EYE_GC_Rep5_G7,Ground Control
91,GSM6431242,0.9932087659835815,GSE210492,Complement factor B is critical for sub-RPE deposit accumulation in a model of Doyne honeycomb retinal dystrophy with features of age-related macular degeneration,,,"To characterize female aged Efemp1 R345W knock-in (Efemp1ki/ki) mice, a model for Doyne honeycomb retinal dystrophy/malattia leventinese by bulk RNA sequencing We performed differential expression and gene set enrichment analysis analysis using data obtained from RNA-seq of the neural retina and posterior eyecups (whole eye without lens and retina) from 3- to 17-month-old Efemp1+/+ and Efemp1ki/ki mice",Gene expression profiling analysis of RNA-seq data of of the neural retina and posterior eyecups (whole eye without lens and retina) from 3- to 17-month-old Efemp1+/+ and Efemp1ki/ki mice,35943778,,,671381,GPL21103,Mus musculus,GSE,Expression profiling by high throughput sequencing,2022/08/10,93,ftp://ftp.ncbi.nlm.nih.gov/geo/series/GSE210nnn/GSE210492/,Complement factor B is critical for sub-RPE deposit accumulation in a model of Doyne honeycomb retinal dystrophy with features of age-related macular degeneration.,Human molecular genetics,2023 Jan 6,10.1093/hmg/ddac187,OSD-162|Mmus_BAL-TAL_EYE_GC_Rep5_G7,Ground Control
92,GSM6431240,0.9925636053085327,GSE210492,Complement factor B is critical for sub-RPE deposit accumulation in a model of Doyne honeycomb retinal dystrophy with features of age-related macular degeneration,,,"To characterize female aged Efemp1 R345W knock-in (Efemp1ki/ki) mice, a model for Doyne honeycomb retinal dystrophy/malattia leventinese by bulk RNA sequencing We performed differential expression and gene set enrichment analysis analysis using data obtained from RNA-seq of the neural retina and posterior eyecups (whole eye without lens and retina) from 3- to 17-month-old Efemp1+/+ and Efemp1ki/ki mice",Gene expression profiling analysis of RNA-seq data of of the neural retina and posterior eyecups (whole eye without lens and retina) from 3- to 17-month-old Efemp1+/+ and Efemp1ki/ki mice,35943778,,,671379,GPL21103,Mus musculus,GSE,Expression profiling by high throughput sequencing,2022/08/10,93,ftp://ftp.ncbi.nlm.nih.gov/geo/series/GSE210nnn/GSE210492/,Complement factor B is critical for sub-RPE deposit accumulation in a model of Doyne honeycomb retinal dystrophy with features of age-related macular degeneration.,Human molecular genetics,2023 Jan 6,10.1093/hmg/ddac187,OSD-162|Mmus_BAL-TAL_EYE_GC_Rep5_G7,Ground Control
93,GSM6431257,0.9924737811088562,GSE210492,Complement factor B is critical for sub-RPE deposit accumulation in a model of Doyne honeycomb retinal dystrophy with features of age-related macular degeneration,,,"To characterize female aged Efemp1 R345W knock-in (Efemp1ki/ki) mice, a model for Doyne honeycomb retinal dystrophy/malattia leventinese by bulk RNA sequencing We performed differential expression and gene set enrichment analysis analysis using data obtained from RNA-seq of the neural retina and posterior eyecups (whole eye without lens and retina) from 3- to 17-month-old Efemp1+/+ and Efemp1ki/ki mice",Gene expression profiling analysis of RNA-seq data of of the neural retina and posterior eyecups (whole eye without lens and retina) from 3- to 17-month-old Efemp1+/+ and Efemp1ki/ki mice,35943778,,,671396,GPL21103,Mus musculus,GSE,Expression profiling by high throughput sequencing,2022/08/10,93,ftp://ftp.ncbi.nlm.nih.gov/geo/series/GSE210nnn/GSE210492/,Complement factor B is critical for sub-RPE deposit accumulation in a model of Doyne honeycomb retinal dystrophy with features of age-related macular degeneration.,Human molecular genetics,2023 Jan 6,10.1093/hmg/ddac187,OSD-162|Mmus_BAL-TAL_EYE_GC_Rep5_G7,Ground Control
94,GSM6431256,0.9923099279403687,GSE210492,Complement factor B is critical for sub-RPE deposit accumulation in a model of Doyne honeycomb retinal dystrophy with features of age-related macular degeneration,,,"To characterize female aged Efemp1 R345W knock-in (Efemp1ki/ki) mice, a model for Doyne honeycomb retinal dystrophy/malattia leventinese by bulk RNA sequencing We performed differential expression and gene set enrichment analysis analysis using data obtained from RNA-seq of the neural retina and posterior eyecups (whole eye without lens and retina) from 3- to 17-month-old Efemp1+/+ and Efemp1ki/ki mice",Gene expression profiling analysis of RNA-seq data of of the neural retina and posterior eyecups (whole eye without lens and retina) from 3- to 17-month-old Efemp1+/+ and Efemp1ki/ki mice,35943778,,,671395,GPL21103,Mus musculus,GSE,Expression profiling by high throughput sequencing,2022/08/10,93,ftp://ftp.ncbi.nlm.nih.gov/geo/series/GSE210nnn/GSE210492/,Complement factor B is critical for sub-RPE deposit accumulation in a model of Doyne honeycomb retinal dystrophy with features of age-related macular degeneration.,Human molecular genetics,2023 Jan 6,10.1093/hmg/ddac187,OSD-162|Mmus_BAL-TAL_EYE_GC_Rep5_G7,Ground Control
95,GSM6021763,0.9920992851257324,GSE200191,"Transcriptome analysis of AAV-induced retinopathy models expressing human VEGF, TNF-α and IL-6 in murine eyes",,,"High-throughput sequencing of murine retina and RPE/Choroid (eye cup) tissue following mueller-cell mediated expression of either hVEGFA, hTNFa, or hIl6 by adeno-associated viruses (AAV)","We intravitreally injected mouse eyes with AAVs expressing one of the three human transgenes VEGF, TNFa, or IL6. As controls, we used AAV-stuffer injected eyes at matching concentrations and non-injected eyes. From all treatment groups total RNA was extracted from the retina and the posterior eye cup, including retinal pigment epithelium (RPE), choroid, sclera and the ciliary body. Sample collection was followed by RNA sequencing.",36371417,,,619851,GPL24247,Mus musculus,GSE,Expression profiling by high throughput sequencing,2022/11/11,70,ftp://ftp.ncbi.nlm.nih.gov/geo/series/GSE200nnn/GSE200191/,"Transcriptome analysis of AAV-induced retinopathy models expressing human VEGF, TNF-α, and IL-6 in murine eyes.",Scientific reports,2022 Nov 12,10.1038/s41598-022-23065-4,OSD-162|Mmus_BAL-TAL_EYE_GC_Rep5_G7,Ground Control
96,GSM6431251,0.991405725479126,GSE210492,Complement factor B is critical for sub-RPE deposit accumulation in a model of Doyne honeycomb retinal dystrophy with features of age-related macular degeneration,,,"To characterize female aged Efemp1 R345W knock-in (Efemp1ki/ki) mice, a model for Doyne honeycomb retinal dystrophy/malattia leventinese by bulk RNA sequencing We performed differential expression and gene set enrichment analysis analysis using data obtained from RNA-seq of the neural retina and posterior eyecups (whole eye without lens and retina) from 3- to 17-month-old Efemp1+/+ and Efemp1ki/ki mice",Gene expression profiling analysis of RNA-seq data of of the neural retina and posterior eyecups (whole eye without lens and retina) from 3- to 17-month-old Efemp1+/+ and Efemp1ki/ki mice,35943778,,,671390,GPL21103,Mus musculus,GSE,Expression profiling by high throughput sequencing,2022/08/10,93,ftp://ftp.ncbi.nlm.nih.gov/geo/series/GSE210nnn/GSE210492/,Complement factor B is critical for sub-RPE deposit accumulation in a model of Doyne honeycomb retinal dystrophy with features of age-related macular degeneration.,Human molecular genetics,2023 Jan 6,10.1093/hmg/ddac187,OSD-162|Mmus_BAL-TAL_EYE_GC_Rep5_G7,Ground Control
97,GSM6021764,0.9911594390869141,GSE200191,"Transcriptome analysis of AAV-induced retinopathy models expressing human VEGF, TNF-α and IL-6 in murine eyes",,,"High-throughput sequencing of murine retina and RPE/Choroid (eye cup) tissue following mueller-cell mediated expression of either hVEGFA, hTNFa, or hIl6 by adeno-associated viruses (AAV)","We intravitreally injected mouse eyes with AAVs expressing one of the three human transgenes VEGF, TNFa, or IL6. As controls, we used AAV-stuffer injected eyes at matching concentrations and non-injected eyes. From all treatment groups total RNA was extracted from the retina and the posterior eye cup, including retinal pigment epithelium (RPE), choroid, sclera and the ciliary body. Sample collection was followed by RNA sequencing.",36371417,,,619852,GPL24247,Mus musculus,GSE,Expression profiling by high throughput sequencing,2022/11/11,70,ftp://ftp.ncbi.nlm.nih.gov/geo/series/GSE200nnn/GSE200191/,"Transcriptome analysis of AAV-induced retinopathy models expressing human VEGF, TNF-α, and IL-6 in murine eyes.",Scientific reports,2022 Nov 12,10.1038/s41598-022-23065-4,OSD-162|Mmus_BAL-TAL_EYE_GC_Rep5_G7,Ground Control
98,GSM6431243,0.9910730719566345,GSE210492,Complement factor B is critical for sub-RPE deposit accumulation in a model of Doyne honeycomb retinal dystrophy with features of age-related macular degeneration,,,"To characterize female aged Efemp1 R345W knock-in (Efemp1ki/ki) mice, a model for Doyne honeycomb retinal dystrophy/malattia leventinese by bulk RNA sequencing We performed differential expression and gene set enrichment analysis analysis using data obtained from RNA-seq of the neural retina and posterior eyecups (whole eye without lens and retina) from 3- to 17-month-old Efemp1+/+ and Efemp1ki/ki mice",Gene expression profiling analysis of RNA-seq data of of the neural retina and posterior eyecups (whole eye without lens and retina) from 3- to 17-month-old Efemp1+/+ and Efemp1ki/ki mice,35943778,,,671382,GPL21103,Mus musculus,GSE,Expression profiling by high throughput sequencing,2022/08/10,93,ftp://ftp.ncbi.nlm.nih.gov/geo/series/GSE210nnn/GSE210492/,Complement factor B is critical for sub-RPE deposit accumulation in a model of Doyne honeycomb retinal dystrophy with features of age-related macular degeneration.,Human molecular genetics,2023 Jan 6,10.1093/hmg/ddac187,OSD-162|Mmus_BAL-TAL_EYE_GC_Rep5_G7,Ground Control
99,GSM6431236,0.990929901599884,GSE210492,Complement factor B is critical for sub-RPE deposit accumulation in a model of Doyne honeycomb retinal dystrophy with features of age-related macular degeneration,,,"To characterize female aged Efemp1 R345W knock-in (Efemp1ki/ki) mice, a model for Doyne honeycomb retinal dystrophy/malattia leventinese by bulk RNA sequencing We performed differential expression and gene set enrichment analysis analysis using data obtained from RNA-seq of the neural retina and posterior eyecups (whole eye without lens and retina) from 3- to 17-month-old Efemp1+/+ and Efemp1ki/ki mice",Gene expression profiling analysis of RNA-seq data of of the neural retina and posterior eyecups (whole eye without lens and retina) from 3- to 17-month-old Efemp1+/+ and Efemp1ki/ki mice,35943778,,,671375,GPL21103,Mus musculus,GSE,Expression profiling by high throughput sequencing,2022/08/10,93,ftp://ftp.ncbi.nlm.nih.gov/geo/series/GSE210nnn/GSE210492/,Complement factor B is critical for sub-RPE deposit accumulation in a model of Doyne honeycomb retinal dystrophy with features of age-related macular degeneration.,Human molecular genetics,2023 Jan 6,10.1093/hmg/ddac187,OSD-162|Mmus_BAL-TAL_EYE_GC_Rep5_G7,Ground Control
100,GSM5704653,0.9873694181442261,GSE189618,Mouse kidney-specific genes,,,Analysis of RNAs from multiple mouse tissues to find kidney-specific genes,"Total RNA obtained from isolated C57BL/6J mice, various tissues.",,,,573453,GPL21103,Mus musculus,GSE,Expression profiling by high throughput sequencing,2021/11/29,19,ftp://ftp.ncbi.nlm.nih.gov/geo/series/GSE189nnn/GSE189618/,,,,,OSD-162|Mmus_BAL-TAL_EYE_FLT_Rep1_F1,Space Flight
101,GSM5739122,0.9872148036956787,GSE191104,The circadian clock in the retinal pigment epithelium controls the diurnal rhythm of phagocytic activity,,,"The diurnal peak of phagocytosis by the retinal pigment epithelium (RPE) of photoreceptor outer segments is under circadian control, and it is believed that this process involves interactions from both the retina and RPE. Previous studies have demonstrated that a functional circadian clock exists within multiple retinal cell types and RPE cells. Thereby, the aim of the current study was to determine whether the circadian clock in the retina and or RPE controls the diurnal phagocytic peak of photoreceptor outer segments and whether selective disruption of the circadian clock in the RPE would affect RPE cells function and the viability during aging. To that aim, we first generated and validated an RPE tissue-specific KO of the essential clock gene, Bmal1, and then we determined the daily rhythm in phagocytic activity by the RPE in mice lacking a functional circadian clock in the retina or RPE. Then using electroretinography, spectral domain-optical coherence tomography, and optomotor response measurements of visual function we determined the effect of Bmal1 removal in young (6-month-old) and old (18-months old) mice. RPE morphology and lipofuscin accumulation was also determined in young and old mice. Our data show that the circadian clock in the RPE controls the daily diurnal phagocytic peak of POS. Surprisingly, the lack of a functional RPE circadian clock or the diurnal phagocytic peak does not result in any detectable age-related degenerative phenotype in the retina or RPE. Thus, our results demonstrate that the circadian clock in the RPE controls the daily peak in the phagocytic activity. However, the loss of the circadian clock in the RPE does not result in deterioration of photoreceptors or the RPE during aging.","Retinal pigment epithelium samples from Bmal1-specific KO from RPE cells in mouse, three replicates from a pool of two RPE isolates for each replicate, samples collected at ZT1, ZT7, ZT13, ZT19",35628111,,,579127,GPL21103,Mus musculus,GSE,Expression profiling by high throughput sequencing,2022/05/12,24,ftp://ftp.ncbi.nlm.nih.gov/geo/series/GSE191nnn/GSE191104/,The Circadian Clock in the Retinal Pigment Epithelium Controls the Diurnal Rhythm of Phagocytic Activity.,International journal of molecular sciences,2022 May 10,10.3390/ijms23105302,OSD-162|Mmus_BAL-TAL_EYE_FLT_Rep1_F1,Space Flight
102,GSM5739117,0.9866697788238525,GSE191104,The circadian clock in the retinal pigment epithelium controls the diurnal rhythm of phagocytic activity,,,"The diurnal peak of phagocytosis by the retinal pigment epithelium (RPE) of photoreceptor outer segments is under circadian control, and it is believed that this process involves interactions from both the retina and RPE. Previous studies have demonstrated that a functional circadian clock exists within multiple retinal cell types and RPE cells. Thereby, the aim of the current study was to determine whether the circadian clock in the retina and or RPE controls the diurnal phagocytic peak of photoreceptor outer segments and whether selective disruption of the circadian clock in the RPE would affect RPE cells function and the viability during aging. To that aim, we first generated and validated an RPE tissue-specific KO of the essential clock gene, Bmal1, and then we determined the daily rhythm in phagocytic activity by the RPE in mice lacking a functional circadian clock in the retina or RPE. Then using electroretinography, spectral domain-optical coherence tomography, and optomotor response measurements of visual function we determined the effect of Bmal1 removal in young (6-month-old) and old (18-months old) mice. RPE morphology and lipofuscin accumulation was also determined in young and old mice. Our data show that the circadian clock in the RPE controls the daily diurnal phagocytic peak of POS. Surprisingly, the lack of a functional RPE circadian clock or the diurnal phagocytic peak does not result in any detectable age-related degenerative phenotype in the retina or RPE. Thus, our results demonstrate that the circadian clock in the RPE controls the daily peak in the phagocytic activity. However, the loss of the circadian clock in the RPE does not result in deterioration of photoreceptors or the RPE during aging.","Retinal pigment epithelium samples from Bmal1-specific KO from RPE cells in mouse, three replicates from a pool of two RPE isolates for each replicate, samples collected at ZT1, ZT7, ZT13, ZT19",35628111,,,579122,GPL21103,Mus musculus,GSE,Expression profiling by high throughput sequencing,2022/05/12,24,ftp://ftp.ncbi.nlm.nih.gov/geo/series/GSE191nnn/GSE191104/,The Circadian Clock in the Retinal Pigment Epithelium Controls the Diurnal Rhythm of Phagocytic Activity.,International journal of molecular sciences,2022 May 10,10.3390/ijms23105302,OSD-162|Mmus_BAL-TAL_EYE_FLT_Rep1_F1,Space Flight
103,GSM6431240,0.9865875244140625,GSE210492,Complement factor B is critical for sub-RPE deposit accumulation in a model of Doyne honeycomb retinal dystrophy with features of age-related macular degeneration,,,"To characterize female aged Efemp1 R345W knock-in (Efemp1ki/ki) mice, a model for Doyne honeycomb retinal dystrophy/malattia leventinese by bulk RNA sequencing We performed differential expression and gene set enrichment analysis analysis using data obtained from RNA-seq of the neural retina and posterior eyecups (whole eye without lens and retina) from 3- to 17-month-old Efemp1+/+ and Efemp1ki/ki mice",Gene expression profiling analysis of RNA-seq data of of the neural retina and posterior eyecups (whole eye without lens and retina) from 3- to 17-month-old Efemp1+/+ and Efemp1ki/ki mice,35943778,,,671379,GPL21103,Mus musculus,GSE,Expression profiling by high throughput sequencing,2022/08/10,93,ftp://ftp.ncbi.nlm.nih.gov/geo/series/GSE210nnn/GSE210492/,Complement factor B is critical for sub-RPE deposit accumulation in a model of Doyne honeycomb retinal dystrophy with features of age-related macular degeneration.,Human molecular genetics,2023 Jan 6,10.1093/hmg/ddac187,OSD-162|Mmus_BAL-TAL_EYE_FLT_Rep1_F1,Space Flight
104,GSM1556927,0.98656165599823,GSE63772,"RNA-Seq of retina and RPE/choroid tissues from wild type, Abca4 knockout and Abca4 L541P;A1038V knockin mice",,,"We report RNA-Seq analysis of the transcriptome of retinas and RPE/choroids from Abca4 knockout, Abca4 L541P;A1038V knockin and control wild type mice in order to better understand changes in gene regulation that could lead to retinal pathology in mice with ABCA4 deficiency/defect.","Retinal and RPE/choroidal mRNA profiles of 30-day-old wild type (WT), Abca4-/- and Abca4L541P;A1038V/L541P;A1038V mice were generated by RNA-Seq, using Illumina Hiseq 2500",25712131,,,19960,GPL17021,Mus musculus,GSE,Expression profiling by high throughput sequencing,2015/04/07,18,ftp://ftp.ncbi.nlm.nih.gov/geo/series/GSE63nnn/GSE63772/,Protein misfolding and the pathogenesis of ABCA4-associated retinal degenerations.,Human molecular genetics,2015 Jun 1,10.1093/hmg/ddv073,OSD-162|Mmus_BAL-TAL_EYE_FLT_Rep1_F1,Space Flight
105,GSM5739128,0.9862198233604431,GSE191104,The circadian clock in the retinal pigment epithelium controls the diurnal rhythm of phagocytic activity,,,"The diurnal peak of phagocytosis by the retinal pigment epithelium (RPE) of photoreceptor outer segments is under circadian control, and it is believed that this process involves interactions from both the retina and RPE. Previous studies have demonstrated that a functional circadian clock exists within multiple retinal cell types and RPE cells. Thereby, the aim of the current study was to determine whether the circadian clock in the retina and or RPE controls the diurnal phagocytic peak of photoreceptor outer segments and whether selective disruption of the circadian clock in the RPE would affect RPE cells function and the viability during aging. To that aim, we first generated and validated an RPE tissue-specific KO of the essential clock gene, Bmal1, and then we determined the daily rhythm in phagocytic activity by the RPE in mice lacking a functional circadian clock in the retina or RPE. Then using electroretinography, spectral domain-optical coherence tomography, and optomotor response measurements of visual function we determined the effect of Bmal1 removal in young (6-month-old) and old (18-months old) mice. RPE morphology and lipofuscin accumulation was also determined in young and old mice. Our data show that the circadian clock in the RPE controls the daily diurnal phagocytic peak of POS. Surprisingly, the lack of a functional RPE circadian clock or the diurnal phagocytic peak does not result in any detectable age-related degenerative phenotype in the retina or RPE. Thus, our results demonstrate that the circadian clock in the RPE controls the daily peak in the phagocytic activity. However, the loss of the circadian clock in the RPE does not result in deterioration of photoreceptors or the RPE during aging.","Retinal pigment epithelium samples from Bmal1-specific KO from RPE cells in mouse, three replicates from a pool of two RPE isolates for each replicate, samples collected at ZT1, ZT7, ZT13, ZT19",35628111,,,579133,GPL21103,Mus musculus,GSE,Expression profiling by high throughput sequencing,2022/05/12,24,ftp://ftp.ncbi.nlm.nih.gov/geo/series/GSE191nnn/GSE191104/,The Circadian Clock in the Retinal Pigment Epithelium Controls the Diurnal Rhythm of Phagocytic Activity.,International journal of molecular sciences,2022 May 10,10.3390/ijms23105302,OSD-162|Mmus_BAL-TAL_EYE_FLT_Rep1_F1,Space Flight
106,GSM5739134,0.9851199388504028,GSE191104,The circadian clock in the retinal pigment epithelium controls the diurnal rhythm of phagocytic activity,,,"The diurnal peak of phagocytosis by the retinal pigment epithelium (RPE) of photoreceptor outer segments is under circadian control, and it is believed that this process involves interactions from both the retina and RPE. Previous studies have demonstrated that a functional circadian clock exists within multiple retinal cell types and RPE cells. Thereby, the aim of the current study was to determine whether the circadian clock in the retina and or RPE controls the diurnal phagocytic peak of photoreceptor outer segments and whether selective disruption of the circadian clock in the RPE would affect RPE cells function and the viability during aging. To that aim, we first generated and validated an RPE tissue-specific KO of the essential clock gene, Bmal1, and then we determined the daily rhythm in phagocytic activity by the RPE in mice lacking a functional circadian clock in the retina or RPE. Then using electroretinography, spectral domain-optical coherence tomography, and optomotor response measurements of visual function we determined the effect of Bmal1 removal in young (6-month-old) and old (18-months old) mice. RPE morphology and lipofuscin accumulation was also determined in young and old mice. Our data show that the circadian clock in the RPE controls the daily diurnal phagocytic peak of POS. Surprisingly, the lack of a functional RPE circadian clock or the diurnal phagocytic peak does not result in any detectable age-related degenerative phenotype in the retina or RPE. Thus, our results demonstrate that the circadian clock in the RPE controls the daily peak in the phagocytic activity. However, the loss of the circadian clock in the RPE does not result in deterioration of photoreceptors or the RPE during aging.","Retinal pigment epithelium samples from Bmal1-specific KO from RPE cells in mouse, three replicates from a pool of two RPE isolates for each replicate, samples collected at ZT1, ZT7, ZT13, ZT19",35628111,,,579139,GPL21103,Mus musculus,GSE,Expression profiling by high throughput sequencing,2022/05/12,24,ftp://ftp.ncbi.nlm.nih.gov/geo/series/GSE191nnn/GSE191104/,The Circadian Clock in the Retinal Pigment Epithelium Controls the Diurnal Rhythm of Phagocytic Activity.,International journal of molecular sciences,2022 May 10,10.3390/ijms23105302,OSD-162|Mmus_BAL-TAL_EYE_FLT_Rep1_F1,Space Flight
107,GSM6021763,0.9840009808540344,GSE200191,"Transcriptome analysis of AAV-induced retinopathy models expressing human VEGF, TNF-α and IL-6 in murine eyes",,,"High-throughput sequencing of murine retina and RPE/Choroid (eye cup) tissue following mueller-cell mediated expression of either hVEGFA, hTNFa, or hIl6 by adeno-associated viruses (AAV)","We intravitreally injected mouse eyes with AAVs expressing one of the three human transgenes VEGF, TNFa, or IL6. As controls, we used AAV-stuffer injected eyes at matching concentrations and non-injected eyes. From all treatment groups total RNA was extracted from the retina and the posterior eye cup, including retinal pigment epithelium (RPE), choroid, sclera and the ciliary body. Sample collection was followed by RNA sequencing.",36371417,,,619851,GPL24247,Mus musculus,GSE,Expression profiling by high throughput sequencing,2022/11/11,70,ftp://ftp.ncbi.nlm.nih.gov/geo/series/GSE200nnn/GSE200191/,"Transcriptome analysis of AAV-induced retinopathy models expressing human VEGF, TNF-α, and IL-6 in murine eyes.",Scientific reports,2022 Nov 12,10.1038/s41598-022-23065-4,OSD-162|Mmus_BAL-TAL_EYE_FLT_Rep1_F1,Space Flight
108,GSM6431275,0.9833625555038452,GSE210492,Complement factor B is critical for sub-RPE deposit accumulation in a model of Doyne honeycomb retinal dystrophy with features of age-related macular degeneration,,,"To characterize female aged Efemp1 R345W knock-in (Efemp1ki/ki) mice, a model for Doyne honeycomb retinal dystrophy/malattia leventinese by bulk RNA sequencing We performed differential expression and gene set enrichment analysis analysis using data obtained from RNA-seq of the neural retina and posterior eyecups (whole eye without lens and retina) from 3- to 17-month-old Efemp1+/+ and Efemp1ki/ki mice",Gene expression profiling analysis of RNA-seq data of of the neural retina and posterior eyecups (whole eye without lens and retina) from 3- to 17-month-old Efemp1+/+ and Efemp1ki/ki mice,35943778,,,671414,GPL21103,Mus musculus,GSE,Expression profiling by high throughput sequencing,2022/08/10,93,ftp://ftp.ncbi.nlm.nih.gov/geo/series/GSE210nnn/GSE210492/,Complement factor B is critical for sub-RPE deposit accumulation in a model of Doyne honeycomb retinal dystrophy with features of age-related macular degeneration.,Human molecular genetics,2023 Jan 6,10.1093/hmg/ddac187,OSD-162|Mmus_BAL-TAL_EYE_FLT_Rep1_F1,Space Flight
109,GSM4256060,0.9831321239471436,GSE143281,Transcriptome changes in mouse retina after conditional knockout of UXT,,,"Ubiquitously expressed transcript (UXT), a small chaperone-like protein, is widely expressed in diverse human and mouse tissues and is more abundant in retina and kidney. Here, we investigated changes after  conditional knockout of UXT in mouse retina at  molecular, morphological and functional aspects.","Total RNA in mouse retina after conditional knockout of UXT was isolated and sequenced by deep sequencing using the Hi-Seq (Illumina) platform at Beijing Novel Bioinformatics Co., Ltd. (https://en.novogene.com/).",32744119,,,330785,GPL17021,Mus musculus,GSE,Expression profiling by high throughput sequencing,2020/08/07,16,ftp://ftp.ncbi.nlm.nih.gov/geo/series/GSE143nnn/GSE143281/,Mice deficient in UXT exhibit retinitis pigmentosa-like features via aberrant autophagy activation.,Autophagy,2021 Aug,10.1080/15548627.2020.1796015,OSD-162|Mmus_BAL-TAL_EYE_FLT_Rep1_F1,Space Flight
110,GSM6431243,0.9944727420806885,GSE210492,Complement factor B is critical for sub-RPE deposit accumulation in a model of Doyne honeycomb retinal dystrophy with features of age-related macular degeneration,,,"To characterize female aged Efemp1 R345W knock-in (Efemp1ki/ki) mice, a model for Doyne honeycomb retinal dystrophy/malattia leventinese by bulk RNA sequencing We performed differential expression and gene set enrichment analysis analysis using data obtained from RNA-seq of the neural retina and posterior eyecups (whole eye without lens and retina) from 3- to 17-month-old Efemp1+/+ and Efemp1ki/ki mice",Gene expression profiling analysis of RNA-seq data of of the neural retina and posterior eyecups (whole eye without lens and retina) from 3- to 17-month-old Efemp1+/+ and Efemp1ki/ki mice,35943778,,,671382,GPL21103,Mus musculus,GSE,Expression profiling by high throughput sequencing,2022/08/10,93,ftp://ftp.ncbi.nlm.nih.gov/geo/series/GSE210nnn/GSE210492/,Complement factor B is critical for sub-RPE deposit accumulation in a model of Doyne honeycomb retinal dystrophy with features of age-related macular degeneration.,Human molecular genetics,2023 Jan 6,10.1093/hmg/ddac187,OSD-162|Mmus_BAL-TAL_EYE_FLT_Rep2_F2,Space Flight
111,GSM6431235,0.9937714338302612,GSE210492,Complement factor B is critical for sub-RPE deposit accumulation in a model of Doyne honeycomb retinal dystrophy with features of age-related macular degeneration,,,"To characterize female aged Efemp1 R345W knock-in (Efemp1ki/ki) mice, a model for Doyne honeycomb retinal dystrophy/malattia leventinese by bulk RNA sequencing We performed differential expression and gene set enrichment analysis analysis using data obtained from RNA-seq of the neural retina and posterior eyecups (whole eye without lens and retina) from 3- to 17-month-old Efemp1+/+ and Efemp1ki/ki mice",Gene expression profiling analysis of RNA-seq data of of the neural retina and posterior eyecups (whole eye without lens and retina) from 3- to 17-month-old Efemp1+/+ and Efemp1ki/ki mice,35943778,,,671374,GPL21103,Mus musculus,GSE,Expression profiling by high throughput sequencing,2022/08/10,93,ftp://ftp.ncbi.nlm.nih.gov/geo/series/GSE210nnn/GSE210492/,Complement factor B is critical for sub-RPE deposit accumulation in a model of Doyne honeycomb retinal dystrophy with features of age-related macular degeneration.,Human molecular genetics,2023 Jan 6,10.1093/hmg/ddac187,OSD-162|Mmus_BAL-TAL_EYE_FLT_Rep2_F2,Space Flight
112,GSM6431236,0.9937689304351807,GSE210492,Complement factor B is critical for sub-RPE deposit accumulation in a model of Doyne honeycomb retinal dystrophy with features of age-related macular degeneration,,,"To characterize female aged Efemp1 R345W knock-in (Efemp1ki/ki) mice, a model for Doyne honeycomb retinal dystrophy/malattia leventinese by bulk RNA sequencing We performed differential expression and gene set enrichment analysis analysis using data obtained from RNA-seq of the neural retina and posterior eyecups (whole eye without lens and retina) from 3- to 17-month-old Efemp1+/+ and Efemp1ki/ki mice",Gene expression profiling analysis of RNA-seq data of of the neural retina and posterior eyecups (whole eye without lens and retina) from 3- to 17-month-old Efemp1+/+ and Efemp1ki/ki mice,35943778,,,671375,GPL21103,Mus musculus,GSE,Expression profiling by high throughput sequencing,2022/08/10,93,ftp://ftp.ncbi.nlm.nih.gov/geo/series/GSE210nnn/GSE210492/,Complement factor B is critical for sub-RPE deposit accumulation in a model of Doyne honeycomb retinal dystrophy with features of age-related macular degeneration.,Human molecular genetics,2023 Jan 6,10.1093/hmg/ddac187,OSD-162|Mmus_BAL-TAL_EYE_FLT_Rep2_F2,Space Flight
113,GSM4256056,0.9936882257461548,GSE143281,Transcriptome changes in mouse retina after conditional knockout of UXT,,,"Ubiquitously expressed transcript (UXT), a small chaperone-like protein, is widely expressed in diverse human and mouse tissues and is more abundant in retina and kidney. Here, we investigated changes after  conditional knockout of UXT in mouse retina at  molecular, morphological and functional aspects.","Total RNA in mouse retina after conditional knockout of UXT was isolated and sequenced by deep sequencing using the Hi-Seq (Illumina) platform at Beijing Novel Bioinformatics Co., Ltd. (https://en.novogene.com/).",32744119,,,330781,GPL17021,Mus musculus,GSE,Expression profiling by high throughput sequencing,2020/08/07,16,ftp://ftp.ncbi.nlm.nih.gov/geo/series/GSE143nnn/GSE143281/,Mice deficient in UXT exhibit retinitis pigmentosa-like features via aberrant autophagy activation.,Autophagy,2021 Aug,10.1080/15548627.2020.1796015,OSD-162|Mmus_BAL-TAL_EYE_FLT_Rep2_F2,Space Flight
114,GSM6431258,0.9936323761940002,GSE210492,Complement factor B is critical for sub-RPE deposit accumulation in a model of Doyne honeycomb retinal dystrophy with features of age-related macular degeneration,,,"To characterize female aged Efemp1 R345W knock-in (Efemp1ki/ki) mice, a model for Doyne honeycomb retinal dystrophy/malattia leventinese by bulk RNA sequencing We performed differential expression and gene set enrichment analysis analysis using data obtained from RNA-seq of the neural retina and posterior eyecups (whole eye without lens and retina) from 3- to 17-month-old Efemp1+/+ and Efemp1ki/ki mice",Gene expression profiling analysis of RNA-seq data of of the neural retina and posterior eyecups (whole eye without lens and retina) from 3- to 17-month-old Efemp1+/+ and Efemp1ki/ki mice,35943778,,,671397,GPL21103,Mus musculus,GSE,Expression profiling by high throughput sequencing,2022/08/10,93,ftp://ftp.ncbi.nlm.nih.gov/geo/series/GSE210nnn/GSE210492/,Complement factor B is critical for sub-RPE deposit accumulation in a model of Doyne honeycomb retinal dystrophy with features of age-related macular degeneration.,Human molecular genetics,2023 Jan 6,10.1093/hmg/ddac187,OSD-162|Mmus_BAL-TAL_EYE_FLT_Rep2_F2,Space Flight
115,GSM6431239,0.9935333728790283,GSE210492,Complement factor B is critical for sub-RPE deposit accumulation in a model of Doyne honeycomb retinal dystrophy with features of age-related macular degeneration,,,"To characterize female aged Efemp1 R345W knock-in (Efemp1ki/ki) mice, a model for Doyne honeycomb retinal dystrophy/malattia leventinese by bulk RNA sequencing We performed differential expression and gene set enrichment analysis analysis using data obtained from RNA-seq of the neural retina and posterior eyecups (whole eye without lens and retina) from 3- to 17-month-old Efemp1+/+ and Efemp1ki/ki mice",Gene expression profiling analysis of RNA-seq data of of the neural retina and posterior eyecups (whole eye without lens and retina) from 3- to 17-month-old Efemp1+/+ and Efemp1ki/ki mice,35943778,,,671378,GPL21103,Mus musculus,GSE,Expression profiling by high throughput sequencing,2022/08/10,93,ftp://ftp.ncbi.nlm.nih.gov/geo/series/GSE210nnn/GSE210492/,Complement factor B is critical for sub-RPE deposit accumulation in a model of Doyne honeycomb retinal dystrophy with features of age-related macular degeneration.,Human molecular genetics,2023 Jan 6,10.1093/hmg/ddac187,OSD-162|Mmus_BAL-TAL_EYE_FLT_Rep2_F2,Space Flight
116,GSM6431242,0.9934943318367004,GSE210492,Complement factor B is critical for sub-RPE deposit accumulation in a model of Doyne honeycomb retinal dystrophy with features of age-related macular degeneration,,,"To characterize female aged Efemp1 R345W knock-in (Efemp1ki/ki) mice, a model for Doyne honeycomb retinal dystrophy/malattia leventinese by bulk RNA sequencing We performed differential expression and gene set enrichment analysis analysis using data obtained from RNA-seq of the neural retina and posterior eyecups (whole eye without lens and retina) from 3- to 17-month-old Efemp1+/+ and Efemp1ki/ki mice",Gene expression profiling analysis of RNA-seq data of of the neural retina and posterior eyecups (whole eye without lens and retina) from 3- to 17-month-old Efemp1+/+ and Efemp1ki/ki mice,35943778,,,671381,GPL21103,Mus musculus,GSE,Expression profiling by high throughput sequencing,2022/08/10,93,ftp://ftp.ncbi.nlm.nih.gov/geo/series/GSE210nnn/GSE210492/,Complement factor B is critical for sub-RPE deposit accumulation in a model of Doyne honeycomb retinal dystrophy with features of age-related macular degeneration.,Human molecular genetics,2023 Jan 6,10.1093/hmg/ddac187,OSD-162|Mmus_BAL-TAL_EYE_FLT_Rep2_F2,Space Flight
117,GSM6431256,0.9932903051376343,GSE210492,Complement factor B is critical for sub-RPE deposit accumulation in a model of Doyne honeycomb retinal dystrophy with features of age-related macular degeneration,,,"To characterize female aged Efemp1 R345W knock-in (Efemp1ki/ki) mice, a model for Doyne honeycomb retinal dystrophy/malattia leventinese by bulk RNA sequencing We performed differential expression and gene set enrichment analysis analysis using data obtained from RNA-seq of the neural retina and posterior eyecups (whole eye without lens and retina) from 3- to 17-month-old Efemp1+/+ and Efemp1ki/ki mice",Gene expression profiling analysis of RNA-seq data of of the neural retina and posterior eyecups (whole eye without lens and retina) from 3- to 17-month-old Efemp1+/+ and Efemp1ki/ki mice,35943778,,,671395,GPL21103,Mus musculus,GSE,Expression profiling by high throughput sequencing,2022/08/10,93,ftp://ftp.ncbi.nlm.nih.gov/geo/series/GSE210nnn/GSE210492/,Complement factor B is critical for sub-RPE deposit accumulation in a model of Doyne honeycomb retinal dystrophy with features of age-related macular degeneration.,Human molecular genetics,2023 Jan 6,10.1093/hmg/ddac187,OSD-162|Mmus_BAL-TAL_EYE_FLT_Rep2_F2,Space Flight
118,GSM6431244,0.9932836294174194,GSE210492,Complement factor B is critical for sub-RPE deposit accumulation in a model of Doyne honeycomb retinal dystrophy with features of age-related macular degeneration,,,"To characterize female aged Efemp1 R345W knock-in (Efemp1ki/ki) mice, a model for Doyne honeycomb retinal dystrophy/malattia leventinese by bulk RNA sequencing We performed differential expression and gene set enrichment analysis analysis using data obtained from RNA-seq of the neural retina and posterior eyecups (whole eye without lens and retina) from 3- to 17-month-old Efemp1+/+ and Efemp1ki/ki mice",Gene expression profiling analysis of RNA-seq data of of the neural retina and posterior eyecups (whole eye without lens and retina) from 3- to 17-month-old Efemp1+/+ and Efemp1ki/ki mice,35943778,,,671383,GPL21103,Mus musculus,GSE,Expression profiling by high throughput sequencing,2022/08/10,93,ftp://ftp.ncbi.nlm.nih.gov/geo/series/GSE210nnn/GSE210492/,Complement factor B is critical for sub-RPE deposit accumulation in a model of Doyne honeycomb retinal dystrophy with features of age-related macular degeneration.,Human molecular genetics,2023 Jan 6,10.1093/hmg/ddac187,OSD-162|Mmus_BAL-TAL_EYE_FLT_Rep2_F2,Space Flight
119,GSM6431251,0.9932094216346741,GSE210492,Complement factor B is critical for sub-RPE deposit accumulation in a model of Doyne honeycomb retinal dystrophy with features of age-related macular degeneration,,,"To characterize female aged Efemp1 R345W knock-in (Efemp1ki/ki) mice, a model for Doyne honeycomb retinal dystrophy/malattia leventinese by bulk RNA sequencing We performed differential expression and gene set enrichment analysis analysis using data obtained from RNA-seq of the neural retina and posterior eyecups (whole eye without lens and retina) from 3- to 17-month-old Efemp1+/+ and Efemp1ki/ki mice",Gene expression profiling analysis of RNA-seq data of of the neural retina and posterior eyecups (whole eye without lens and retina) from 3- to 17-month-old Efemp1+/+ and Efemp1ki/ki mice,35943778,,,671390,GPL21103,Mus musculus,GSE,Expression profiling by high throughput sequencing,2022/08/10,93,ftp://ftp.ncbi.nlm.nih.gov/geo/series/GSE210nnn/GSE210492/,Complement factor B is critical for sub-RPE deposit accumulation in a model of Doyne honeycomb retinal dystrophy with features of age-related macular degeneration.,Human molecular genetics,2023 Jan 6,10.1093/hmg/ddac187,OSD-162|Mmus_BAL-TAL_EYE_FLT_Rep2_F2,Space Flight
120,GSM6431275,0.9947083592414856,GSE210492,Complement factor B is critical for sub-RPE deposit accumulation in a model of Doyne honeycomb retinal dystrophy with features of age-related macular degeneration,,,"To characterize female aged Efemp1 R345W knock-in (Efemp1ki/ki) mice, a model for Doyne honeycomb retinal dystrophy/malattia leventinese by bulk RNA sequencing We performed differential expression and gene set enrichment analysis analysis using data obtained from RNA-seq of the neural retina and posterior eyecups (whole eye without lens and retina) from 3- to 17-month-old Efemp1+/+ and Efemp1ki/ki mice",Gene expression profiling analysis of RNA-seq data of of the neural retina and posterior eyecups (whole eye without lens and retina) from 3- to 17-month-old Efemp1+/+ and Efemp1ki/ki mice,35943778,,,671414,GPL21103,Mus musculus,GSE,Expression profiling by high throughput sequencing,2022/08/10,93,ftp://ftp.ncbi.nlm.nih.gov/geo/series/GSE210nnn/GSE210492/,Complement factor B is critical for sub-RPE deposit accumulation in a model of Doyne honeycomb retinal dystrophy with features of age-related macular degeneration.,Human molecular genetics,2023 Jan 6,10.1093/hmg/ddac187,OSD-162|Mmus_BAL-TAL_EYE_FLT_Rep3_F3,Space Flight
121,GSM6021809,0.9940909147262573,GSE200191,"Transcriptome analysis of AAV-induced retinopathy models expressing human VEGF, TNF-α and IL-6 in murine eyes",,,"High-throughput sequencing of murine retina and RPE/Choroid (eye cup) tissue following mueller-cell mediated expression of either hVEGFA, hTNFa, or hIl6 by adeno-associated viruses (AAV)","We intravitreally injected mouse eyes with AAVs expressing one of the three human transgenes VEGF, TNFa, or IL6. As controls, we used AAV-stuffer injected eyes at matching concentrations and non-injected eyes. From all treatment groups total RNA was extracted from the retina and the posterior eye cup, including retinal pigment epithelium (RPE), choroid, sclera and the ciliary body. Sample collection was followed by RNA sequencing.",36371417,,,619897,GPL24247,Mus musculus,GSE,Expression profiling by high throughput sequencing,2022/11/11,70,ftp://ftp.ncbi.nlm.nih.gov/geo/series/GSE200nnn/GSE200191/,"Transcriptome analysis of AAV-induced retinopathy models expressing human VEGF, TNF-α, and IL-6 in murine eyes.",Scientific reports,2022 Nov 12,10.1038/s41598-022-23065-4,OSD-162|Mmus_BAL-TAL_EYE_FLT_Rep3_F3,Space Flight
122,GSM4151309,0.9938157796859741,GSE139996,The metabolite receptor SUCNR1 in oxidative stress-induced age-related macular degeneration,,,"Murine RPE transcriptomes were generated from SUCNR1 WT and KO mice from both the treated and untreated groups (n=4). When comparing all groups to each other, no significant difference in gene expression was observed.","Murine RPE transcriptomes were generated from SUCNR1 WT and KO mice from both the treated and untreated groups (n=4). Treated groups were exposed to hydroquinone to induce oxidative stress. Each sample title represents ""Animal number_eye(R=right eye, L=left eye)_genotype_treatment(-/+))""",,,,310800,GPL24247,Mus musculus,GSE,Expression profiling by high throughput sequencing,2020/01/31,16,ftp://ftp.ncbi.nlm.nih.gov/geo/series/GSE139nnn/GSE139996/,,,,,OSD-162|Mmus_BAL-TAL_EYE_FLT_Rep3_F3,Space Flight
123,GSM4256055,0.9936413764953613,GSE143281,Transcriptome changes in mouse retina after conditional knockout of UXT,,,"Ubiquitously expressed transcript (UXT), a small chaperone-like protein, is widely expressed in diverse human and mouse tissues and is more abundant in retina and kidney. Here, we investigated changes after  conditional knockout of UXT in mouse retina at  molecular, morphological and functional aspects.","Total RNA in mouse retina after conditional knockout of UXT was isolated and sequenced by deep sequencing using the Hi-Seq (Illumina) platform at Beijing Novel Bioinformatics Co., Ltd. (https://en.novogene.com/).",32744119,,,330780,GPL17021,Mus musculus,GSE,Expression profiling by high throughput sequencing,2020/08/07,16,ftp://ftp.ncbi.nlm.nih.gov/geo/series/GSE143nnn/GSE143281/,Mice deficient in UXT exhibit retinitis pigmentosa-like features via aberrant autophagy activation.,Autophagy,2021 Aug,10.1080/15548627.2020.1796015,OSD-162|Mmus_BAL-TAL_EYE_FLT_Rep3_F3,Space Flight
124,GSM4256045,0.9934506416320801,GSE143281,Transcriptome changes in mouse retina after conditional knockout of UXT,,,"Ubiquitously expressed transcript (UXT), a small chaperone-like protein, is widely expressed in diverse human and mouse tissues and is more abundant in retina and kidney. Here, we investigated changes after  conditional knockout of UXT in mouse retina at  molecular, morphological and functional aspects.","Total RNA in mouse retina after conditional knockout of UXT was isolated and sequenced by deep sequencing using the Hi-Seq (Illumina) platform at Beijing Novel Bioinformatics Co., Ltd. (https://en.novogene.com/).",32744119,,,330770,GPL17021,Mus musculus,GSE,Expression profiling by high throughput sequencing,2020/08/07,16,ftp://ftp.ncbi.nlm.nih.gov/geo/series/GSE143nnn/GSE143281/,Mice deficient in UXT exhibit retinitis pigmentosa-like features via aberrant autophagy activation.,Autophagy,2021 Aug,10.1080/15548627.2020.1796015,OSD-162|Mmus_BAL-TAL_EYE_FLT_Rep3_F3,Space Flight
125,GSM4256046,0.993330717086792,GSE143281,Transcriptome changes in mouse retina after conditional knockout of UXT,,,"Ubiquitously expressed transcript (UXT), a small chaperone-like protein, is widely expressed in diverse human and mouse tissues and is more abundant in retina and kidney. Here, we investigated changes after  conditional knockout of UXT in mouse retina at  molecular, morphological and functional aspects.","Total RNA in mouse retina after conditional knockout of UXT was isolated and sequenced by deep sequencing using the Hi-Seq (Illumina) platform at Beijing Novel Bioinformatics Co., Ltd. (https://en.novogene.com/).",32744119,,,330771,GPL17021,Mus musculus,GSE,Expression profiling by high throughput sequencing,2020/08/07,16,ftp://ftp.ncbi.nlm.nih.gov/geo/series/GSE143nnn/GSE143281/,Mice deficient in UXT exhibit retinitis pigmentosa-like features via aberrant autophagy activation.,Autophagy,2021 Aug,10.1080/15548627.2020.1796015,OSD-162|Mmus_BAL-TAL_EYE_FLT_Rep3_F3,Space Flight
126,GSM4008386,0.9932693243026733,GSE135415,Tissue- and Species-Specific Patterns of RNA metabolism in Post-Mortem Mammalian Retina and Retinal Pigment Epithelium,,,"Accurate analysis of gene expression in human tissues using RNA Sequencing is often dependent on the quality of source material. One major source of variation in mRNA quality is post-mortem time. While it is known that individual transcripts show differential post-mortem stability, few studies have directly and comprehensively analyzed mRNA stability following death, and in particular, the extent to which tissue- and species-specific factors influence post-mortem mRNA stability are poorly understood. This knowledge is particularly important for ocular tissues studies, where tissues obtained post-mortem are frequently used for research or therapeutic applications. To directly investigate this question, we profiled mRNA levels in both neuroretina and retinal pigment epithelium (RPE) from mouse and baboon over a series of post-mortem intervals. We found substantial changes in gene expression as early as 15 minutes in the mouse and as early as three hours in the baboon eye tissues. Importantly, our findings demonstrate both tissue- and species- specific patterns of RNA metabolism, by identifying a set of genes that are either rapidly degraded or very stable in both species and/or tissues. Taken together, the data from this study lays the foundation for understanding RNA regulation post-mortem, and provide novel insights into RNA metabolism in the tissues of the mammalian eye.",Mice at different post-mortem intervals were used to collect retina and RPE/choroid tissues.,31616038,,,278711,GPL27009; GPL19057,Papio anubis; Mus musculus,GSE,Expression profiling by high throughput sequencing,2019/11/04,106,ftp://ftp.ncbi.nlm.nih.gov/geo/series/GSE135nnn/GSE135415/,Tissue- and Species-Specific Patterns of RNA metabolism in Post-Mortem Mammalian Retina and Retinal Pigment Epithelium.,Scientific reports,2019 Oct 15,10.1038/s41598-019-51379-3,OSD-162|Mmus_BAL-TAL_EYE_FLT_Rep3_F3,Space Flight
127,GSM1955580,0.9931333661079407,GSE75470,Whole eye transcriptome generated in Abca4-/-Rdh8-/- mice  to identify changes in gene expression after light exposure,,,RNA-Seq has revolutionized transcriptome profiling with precise identification of even low expressing and novel transcripts. Goal of the current study was to identify novel gene signatures/biological pathways which are expressed in the early stage after light exposure in our disease model to identify transcriptional mis-regulation followed by validation using quantitative reverse transcription polymerase chain reaction (qRT–PCR) methods,"Whole eye mRNA profiles of 6 week old Abca4-/-Rdh8-/- mice were generated by deep sequencing, in triplicate, using Illumina HiSeq2500. The sequence reads that passed quality filters were analyzed by TopHat followed by Cufflinks. Cuffdiff was used for differential gene analysis. qRT–PCR validation was performed using SYBR Green assays",27315541,,,51913,GPL17021,Mus musculus,GSE,Expression profiling by high throughput sequencing,2016/12/16,4,ftp://ftp.ncbi.nlm.nih.gov/geo/series/GSE75nnn/GSE75470/,Acute Stress Responses Are Early Molecular Events of Retinal Degeneration in Abca4-/-Rdh8-/- Mice After Light Exposure.,Investigative ophthalmology & visual science,2016 Jun 1,10.1167/iovs.15-18993,OSD-162|Mmus_BAL-TAL_EYE_FLT_Rep3_F3,Space Flight
128,GSM1955581,0.992767333984375,GSE75470,Whole eye transcriptome generated in Abca4-/-Rdh8-/- mice  to identify changes in gene expression after light exposure,,,RNA-Seq has revolutionized transcriptome profiling with precise identification of even low expressing and novel transcripts. Goal of the current study was to identify novel gene signatures/biological pathways which are expressed in the early stage after light exposure in our disease model to identify transcriptional mis-regulation followed by validation using quantitative reverse transcription polymerase chain reaction (qRT–PCR) methods,"Whole eye mRNA profiles of 6 week old Abca4-/-Rdh8-/- mice were generated by deep sequencing, in triplicate, using Illumina HiSeq2500. The sequence reads that passed quality filters were analyzed by TopHat followed by Cufflinks. Cuffdiff was used for differential gene analysis. qRT–PCR validation was performed using SYBR Green assays",27315541,,,51914,GPL17021,Mus musculus,GSE,Expression profiling by high throughput sequencing,2016/12/16,4,ftp://ftp.ncbi.nlm.nih.gov/geo/series/GSE75nnn/GSE75470/,Acute Stress Responses Are Early Molecular Events of Retinal Degeneration in Abca4-/-Rdh8-/- Mice After Light Exposure.,Investigative ophthalmology & visual science,2016 Jun 1,10.1167/iovs.15-18993,OSD-162|Mmus_BAL-TAL_EYE_FLT_Rep3_F3,Space Flight
129,GSM1955582,0.9923744201660156,GSE75470,Whole eye transcriptome generated in Abca4-/-Rdh8-/- mice  to identify changes in gene expression after light exposure,,,RNA-Seq has revolutionized transcriptome profiling with precise identification of even low expressing and novel transcripts. Goal of the current study was to identify novel gene signatures/biological pathways which are expressed in the early stage after light exposure in our disease model to identify transcriptional mis-regulation followed by validation using quantitative reverse transcription polymerase chain reaction (qRT–PCR) methods,"Whole eye mRNA profiles of 6 week old Abca4-/-Rdh8-/- mice were generated by deep sequencing, in triplicate, using Illumina HiSeq2500. The sequence reads that passed quality filters were analyzed by TopHat followed by Cufflinks. Cuffdiff was used for differential gene analysis. qRT–PCR validation was performed using SYBR Green assays",27315541,,,51915,GPL17021,Mus musculus,GSE,Expression profiling by high throughput sequencing,2016/12/16,4,ftp://ftp.ncbi.nlm.nih.gov/geo/series/GSE75nnn/GSE75470/,Acute Stress Responses Are Early Molecular Events of Retinal Degeneration in Abca4-/-Rdh8-/- Mice After Light Exposure.,Investigative ophthalmology & visual science,2016 Jun 1,10.1167/iovs.15-18993,OSD-162|Mmus_BAL-TAL_EYE_FLT_Rep3_F3,Space Flight
130,GSM6431252,0.9945744276046753,GSE210492,Complement factor B is critical for sub-RPE deposit accumulation in a model of Doyne honeycomb retinal dystrophy with features of age-related macular degeneration,,,"To characterize female aged Efemp1 R345W knock-in (Efemp1ki/ki) mice, a model for Doyne honeycomb retinal dystrophy/malattia leventinese by bulk RNA sequencing We performed differential expression and gene set enrichment analysis analysis using data obtained from RNA-seq of the neural retina and posterior eyecups (whole eye without lens and retina) from 3- to 17-month-old Efemp1+/+ and Efemp1ki/ki mice",Gene expression profiling analysis of RNA-seq data of of the neural retina and posterior eyecups (whole eye without lens and retina) from 3- to 17-month-old Efemp1+/+ and Efemp1ki/ki mice,35943778,,,671391,GPL21103,Mus musculus,GSE,Expression profiling by high throughput sequencing,2022/08/10,93,ftp://ftp.ncbi.nlm.nih.gov/geo/series/GSE210nnn/GSE210492/,Complement factor B is critical for sub-RPE deposit accumulation in a model of Doyne honeycomb retinal dystrophy with features of age-related macular degeneration.,Human molecular genetics,2023 Jan 6,10.1093/hmg/ddac187,OSD-162|Mmus_BAL-TAL_EYE_FLT_Rep4_F4,Space Flight
131,GSM6431243,0.9945724010467529,GSE210492,Complement factor B is critical for sub-RPE deposit accumulation in a model of Doyne honeycomb retinal dystrophy with features of age-related macular degeneration,,,"To characterize female aged Efemp1 R345W knock-in (Efemp1ki/ki) mice, a model for Doyne honeycomb retinal dystrophy/malattia leventinese by bulk RNA sequencing We performed differential expression and gene set enrichment analysis analysis using data obtained from RNA-seq of the neural retina and posterior eyecups (whole eye without lens and retina) from 3- to 17-month-old Efemp1+/+ and Efemp1ki/ki mice",Gene expression profiling analysis of RNA-seq data of of the neural retina and posterior eyecups (whole eye without lens and retina) from 3- to 17-month-old Efemp1+/+ and Efemp1ki/ki mice,35943778,,,671382,GPL21103,Mus musculus,GSE,Expression profiling by high throughput sequencing,2022/08/10,93,ftp://ftp.ncbi.nlm.nih.gov/geo/series/GSE210nnn/GSE210492/,Complement factor B is critical for sub-RPE deposit accumulation in a model of Doyne honeycomb retinal dystrophy with features of age-related macular degeneration.,Human molecular genetics,2023 Jan 6,10.1093/hmg/ddac187,OSD-162|Mmus_BAL-TAL_EYE_FLT_Rep4_F4,Space Flight
132,GSM6431244,0.9945688247680664,GSE210492,Complement factor B is critical for sub-RPE deposit accumulation in a model of Doyne honeycomb retinal dystrophy with features of age-related macular degeneration,,,"To characterize female aged Efemp1 R345W knock-in (Efemp1ki/ki) mice, a model for Doyne honeycomb retinal dystrophy/malattia leventinese by bulk RNA sequencing We performed differential expression and gene set enrichment analysis analysis using data obtained from RNA-seq of the neural retina and posterior eyecups (whole eye without lens and retina) from 3- to 17-month-old Efemp1+/+ and Efemp1ki/ki mice",Gene expression profiling analysis of RNA-seq data of of the neural retina and posterior eyecups (whole eye without lens and retina) from 3- to 17-month-old Efemp1+/+ and Efemp1ki/ki mice,35943778,,,671383,GPL21103,Mus musculus,GSE,Expression profiling by high throughput sequencing,2022/08/10,93,ftp://ftp.ncbi.nlm.nih.gov/geo/series/GSE210nnn/GSE210492/,Complement factor B is critical for sub-RPE deposit accumulation in a model of Doyne honeycomb retinal dystrophy with features of age-related macular degeneration.,Human molecular genetics,2023 Jan 6,10.1093/hmg/ddac187,OSD-162|Mmus_BAL-TAL_EYE_FLT_Rep4_F4,Space Flight
133,GSM6431239,0.994529128074646,GSE210492,Complement factor B is critical for sub-RPE deposit accumulation in a model of Doyne honeycomb retinal dystrophy with features of age-related macular degeneration,,,"To characterize female aged Efemp1 R345W knock-in (Efemp1ki/ki) mice, a model for Doyne honeycomb retinal dystrophy/malattia leventinese by bulk RNA sequencing We performed differential expression and gene set enrichment analysis analysis using data obtained from RNA-seq of the neural retina and posterior eyecups (whole eye without lens and retina) from 3- to 17-month-old Efemp1+/+ and Efemp1ki/ki mice",Gene expression profiling analysis of RNA-seq data of of the neural retina and posterior eyecups (whole eye without lens and retina) from 3- to 17-month-old Efemp1+/+ and Efemp1ki/ki mice,35943778,,,671378,GPL21103,Mus musculus,GSE,Expression profiling by high throughput sequencing,2022/08/10,93,ftp://ftp.ncbi.nlm.nih.gov/geo/series/GSE210nnn/GSE210492/,Complement factor B is critical for sub-RPE deposit accumulation in a model of Doyne honeycomb retinal dystrophy with features of age-related macular degeneration.,Human molecular genetics,2023 Jan 6,10.1093/hmg/ddac187,OSD-162|Mmus_BAL-TAL_EYE_FLT_Rep4_F4,Space Flight
134,GSM6431235,0.9938739538192749,GSE210492,Complement factor B is critical for sub-RPE deposit accumulation in a model of Doyne honeycomb retinal dystrophy with features of age-related macular degeneration,,,"To characterize female aged Efemp1 R345W knock-in (Efemp1ki/ki) mice, a model for Doyne honeycomb retinal dystrophy/malattia leventinese by bulk RNA sequencing We performed differential expression and gene set enrichment analysis analysis using data obtained from RNA-seq of the neural retina and posterior eyecups (whole eye without lens and retina) from 3- to 17-month-old Efemp1+/+ and Efemp1ki/ki mice",Gene expression profiling analysis of RNA-seq data of of the neural retina and posterior eyecups (whole eye without lens and retina) from 3- to 17-month-old Efemp1+/+ and Efemp1ki/ki mice,35943778,,,671374,GPL21103,Mus musculus,GSE,Expression profiling by high throughput sequencing,2022/08/10,93,ftp://ftp.ncbi.nlm.nih.gov/geo/series/GSE210nnn/GSE210492/,Complement factor B is critical for sub-RPE deposit accumulation in a model of Doyne honeycomb retinal dystrophy with features of age-related macular degeneration.,Human molecular genetics,2023 Jan 6,10.1093/hmg/ddac187,OSD-162|Mmus_BAL-TAL_EYE_FLT_Rep4_F4,Space Flight
135,GSM6431261,0.9937615394592285,GSE210492,Complement factor B is critical for sub-RPE deposit accumulation in a model of Doyne honeycomb retinal dystrophy with features of age-related macular degeneration,,,"To characterize female aged Efemp1 R345W knock-in (Efemp1ki/ki) mice, a model for Doyne honeycomb retinal dystrophy/malattia leventinese by bulk RNA sequencing We performed differential expression and gene set enrichment analysis analysis using data obtained from RNA-seq of the neural retina and posterior eyecups (whole eye without lens and retina) from 3- to 17-month-old Efemp1+/+ and Efemp1ki/ki mice",Gene expression profiling analysis of RNA-seq data of of the neural retina and posterior eyecups (whole eye without lens and retina) from 3- to 17-month-old Efemp1+/+ and Efemp1ki/ki mice,35943778,,,671400,GPL21103,Mus musculus,GSE,Expression profiling by high throughput sequencing,2022/08/10,93,ftp://ftp.ncbi.nlm.nih.gov/geo/series/GSE210nnn/GSE210492/,Complement factor B is critical for sub-RPE deposit accumulation in a model of Doyne honeycomb retinal dystrophy with features of age-related macular degeneration.,Human molecular genetics,2023 Jan 6,10.1093/hmg/ddac187,OSD-162|Mmus_BAL-TAL_EYE_FLT_Rep4_F4,Space Flight
136,GSM6431265,0.9937329292297363,GSE210492,Complement factor B is critical for sub-RPE deposit accumulation in a model of Doyne honeycomb retinal dystrophy with features of age-related macular degeneration,,,"To characterize female aged Efemp1 R345W knock-in (Efemp1ki/ki) mice, a model for Doyne honeycomb retinal dystrophy/malattia leventinese by bulk RNA sequencing We performed differential expression and gene set enrichment analysis analysis using data obtained from RNA-seq of the neural retina and posterior eyecups (whole eye without lens and retina) from 3- to 17-month-old Efemp1+/+ and Efemp1ki/ki mice",Gene expression profiling analysis of RNA-seq data of of the neural retina and posterior eyecups (whole eye without lens and retina) from 3- to 17-month-old Efemp1+/+ and Efemp1ki/ki mice,35943778,,,671404,GPL21103,Mus musculus,GSE,Expression profiling by high throughput sequencing,2022/08/10,93,ftp://ftp.ncbi.nlm.nih.gov/geo/series/GSE210nnn/GSE210492/,Complement factor B is critical for sub-RPE deposit accumulation in a model of Doyne honeycomb retinal dystrophy with features of age-related macular degeneration.,Human molecular genetics,2023 Jan 6,10.1093/hmg/ddac187,OSD-162|Mmus_BAL-TAL_EYE_FLT_Rep4_F4,Space Flight
137,GSM4008351,0.993709146976471,GSE135415,Tissue- and Species-Specific Patterns of RNA metabolism in Post-Mortem Mammalian Retina and Retinal Pigment Epithelium,,,"Accurate analysis of gene expression in human tissues using RNA Sequencing is often dependent on the quality of source material. One major source of variation in mRNA quality is post-mortem time. While it is known that individual transcripts show differential post-mortem stability, few studies have directly and comprehensively analyzed mRNA stability following death, and in particular, the extent to which tissue- and species-specific factors influence post-mortem mRNA stability are poorly understood. This knowledge is particularly important for ocular tissues studies, where tissues obtained post-mortem are frequently used for research or therapeutic applications. To directly investigate this question, we profiled mRNA levels in both neuroretina and retinal pigment epithelium (RPE) from mouse and baboon over a series of post-mortem intervals. We found substantial changes in gene expression as early as 15 minutes in the mouse and as early as three hours in the baboon eye tissues. Importantly, our findings demonstrate both tissue- and species- specific patterns of RNA metabolism, by identifying a set of genes that are either rapidly degraded or very stable in both species and/or tissues. Taken together, the data from this study lays the foundation for understanding RNA regulation post-mortem, and provide novel insights into RNA metabolism in the tissues of the mammalian eye.",Mice at different post-mortem intervals were used to collect retina and RPE/choroid tissues.,31616038,,,278676,GPL27009; GPL19057,Papio anubis; Mus musculus,GSE,Expression profiling by high throughput sequencing,2019/11/04,106,ftp://ftp.ncbi.nlm.nih.gov/geo/series/GSE135nnn/GSE135415/,Tissue- and Species-Specific Patterns of RNA metabolism in Post-Mortem Mammalian Retina and Retinal Pigment Epithelium.,Scientific reports,2019 Oct 15,10.1038/s41598-019-51379-3,OSD-162|Mmus_BAL-TAL_EYE_FLT_Rep4_F4,Space Flight
138,GSM6431236,0.9936130046844482,GSE210492,Complement factor B is critical for sub-RPE deposit accumulation in a model of Doyne honeycomb retinal dystrophy with features of age-related macular degeneration,,,"To characterize female aged Efemp1 R345W knock-in (Efemp1ki/ki) mice, a model for Doyne honeycomb retinal dystrophy/malattia leventinese by bulk RNA sequencing We performed differential expression and gene set enrichment analysis analysis using data obtained from RNA-seq of the neural retina and posterior eyecups (whole eye without lens and retina) from 3- to 17-month-old Efemp1+/+ and Efemp1ki/ki mice",Gene expression profiling analysis of RNA-seq data of of the neural retina and posterior eyecups (whole eye without lens and retina) from 3- to 17-month-old Efemp1+/+ and Efemp1ki/ki mice,35943778,,,671375,GPL21103,Mus musculus,GSE,Expression profiling by high throughput sequencing,2022/08/10,93,ftp://ftp.ncbi.nlm.nih.gov/geo/series/GSE210nnn/GSE210492/,Complement factor B is critical for sub-RPE deposit accumulation in a model of Doyne honeycomb retinal dystrophy with features of age-related macular degeneration.,Human molecular genetics,2023 Jan 6,10.1093/hmg/ddac187,OSD-162|Mmus_BAL-TAL_EYE_FLT_Rep4_F4,Space Flight
139,GSM6431248,0.9934282898902893,GSE210492,Complement factor B is critical for sub-RPE deposit accumulation in a model of Doyne honeycomb retinal dystrophy with features of age-related macular degeneration,,,"To characterize female aged Efemp1 R345W knock-in (Efemp1ki/ki) mice, a model for Doyne honeycomb retinal dystrophy/malattia leventinese by bulk RNA sequencing We performed differential expression and gene set enrichment analysis analysis using data obtained from RNA-seq of the neural retina and posterior eyecups (whole eye without lens and retina) from 3- to 17-month-old Efemp1+/+ and Efemp1ki/ki mice",Gene expression profiling analysis of RNA-seq data of of the neural retina and posterior eyecups (whole eye without lens and retina) from 3- to 17-month-old Efemp1+/+ and Efemp1ki/ki mice,35943778,,,671387,GPL21103,Mus musculus,GSE,Expression profiling by high throughput sequencing,2022/08/10,93,ftp://ftp.ncbi.nlm.nih.gov/geo/series/GSE210nnn/GSE210492/,Complement factor B is critical for sub-RPE deposit accumulation in a model of Doyne honeycomb retinal dystrophy with features of age-related macular degeneration.,Human molecular genetics,2023 Jan 6,10.1093/hmg/ddac187,OSD-162|Mmus_BAL-TAL_EYE_FLT_Rep4_F4,Space Flight
140,GSM3176504,0.9964933395385742,GSE115355,Molecular basis of mitomycin C enhanced corneal sensory nerve repair,,,"We performed RNASeq and confocal imaging analysis to characterize the gene expression changes in the cornea after wounding that modulate sensory axon integrity. We show that by preserving the ability of axons to attach to one another and to corneal epithelial cells, mitomycin C enhances sensory nerve recovery after mechanical injury.","Epithelium and stroma from mouse corneas with/without Mitomycin C treatment and wounding were examined, 4 variables were tested (Control, Mitomycin C Control, Wound, Mitomycin C Wound).",30446696,,,176305,GPL21493,Mus musculus,GSE,Expression profiling by high throughput sequencing,2018/12/01,32,ftp://ftp.ncbi.nlm.nih.gov/geo/series/GSE115nnn/GSE115355/,Molecular basis of Mitomycin C enhanced corneal sensory nerve repair after debridement wounding.,Scientific reports,2018 Nov 16,10.1038/s41598-018-35090-3,OSD-162|Mmus_BAL-TAL_EYE_FLT_Rep5_F5,Space Flight
141,GSM4654733,0.9960664510726929,GSE153817,Epigenetic hallmarks of age-related macular degeneration are recapitulated in a photosensitive mouse model,,,"Age-related macular degeneration (AMD) is a chronic, multifactorial disorder and a leading cause of blindness in the elderly. Characterized by progressive photoreceptor degeneration in the central retina, disease progression involves epigenetic changes in chromatin accessibility resulting from environmental exposures and chronic stress. Here, we report that a photosensitive mouse model of acute stress-induced photoreceptor degeneration recapitulates the epigenetic hallmarks of human AMD. Global epigenomic profiling by assay for transposase-accessible chromatin using sequencing (ATAC-Seq) revealed an association between decreased chromatin accessibility and stress-induced photoreceptor cell death in our mouse model. The epigenomic changes induced by light damage include reduced euchromatin and increased heterochromatin abundance, resulting in transcriptional and translational dysregulation that ultimately drives photoreceptor apoptosis and an inflammatory reactive gliosis in the retina. Through our findings, we identified key histone-modifying enzymes that contribute to the observed changes in global chromatin accessibility. Moreover, pharmacological inhibition of histone deacetylase 11 (HDAC11) and suppressor of variegation 3-9 homolog 2 (SUV39H2) ameliorated light damage in our mouse model, supporting a causal link between decreased chromatin accessibility and photoreceptor degeneration, thereby representing a potential new therapeutic strategy to combat AMD.",RNA-seq and ATAC-seq was conducted on C57BL/6J abca4-/- rdh8-/- mice in replicates of 3-4. ------------------------------------------------- *This submission lacks processed data for the ATAC-Seq component,32691052,,,393508,GPL13112,Mus musculus,GSE,Expression profiling by high throughput sequencing; Genome binding/occupancy profiling by high throughput sequencing,2020/09/29,67,ftp://ftp.ncbi.nlm.nih.gov/geo/series/GSE153nnn/GSE153817/,Epigenetic hallmarks of age-related macular degeneration are recapitulated in a photosensitive mouse model.,Human molecular genetics,2020 Aug 29,10.1093/hmg/ddaa158,OSD-162|Mmus_BAL-TAL_EYE_FLT_Rep5_F5,Space Flight
142,GSM6779202,0.9960274696350098,GSE219252,Bulk RNA-seq of eyes isolated from wildtype and Stra6 knockout mice maintained on either a vitamin A sufficient or deficient diet,,,"Vitamin A deficiency is detrimental to the visual system throughout the lifecycle. Abundant expression of the retinoid transporter STRA6 in the retinal pigment epithelium (RPE) and homeostatic blood levels of retinol binding protein ensure the eyes are adequately supplied with the nutrient. STRA6 deficiency interrupts the supply pathway, but vitamin A in chylomicrons compensates for its failure. However, dependency on the chylomicron delivery pathway makes the eyes of STRA6-deficient mice vulnerable to dietary vitamin A deprivation. How the eyes adapt to vitamin A status has not been studied in molecular detail, and therefore we used RNA-seq to focus on diet-induced changes. We observed that mild ocular vitamin A deficiency was linked to an increase in transcript abundance levels of genes coding for proteins of stress pathways and a decrease in levels of transcripts coding for proteins of pathways of visual sensitivity and perception. These changes correlate with a loss of visual sensitivity and accumulation of fluorescent debris in the retina. Additionally, severe vitamin A deficiency decreased the transcript levels of genes involved in cell adhesion, cell differentiation, and transport of small molecules pathways. This response correlated with alterations in epithelial cell morphology and a “leaky” RPE barrier. Together, our analyses of STRA6-deficient mice define adaptive responses associated with ocular vitamin A status and reveal a previously unknown role of STRA6 in the maintenance and functioning of the outer blood-retina barrier.","Bulk RNA-Seq experiments were carried out using the RPE-choroid tissue isolated from wildtype and Stra6 knockout mice fed a vitamin A sufficient or deficient diet for 12 weeks. Five biological replicates were analyzed for each of four conditions (two genotypes; two diets per genotype). The wildtype, vitamin A sufficient samples were used as the control group.",37275262,,,714402,GPL24247,Mus musculus,GSE,Expression profiling by high throughput sequencing,2023/06/07,20,ftp://ftp.ncbi.nlm.nih.gov/geo/series/GSE219nnn/GSE219252/,Vitamin A deficiency compromises the barrier function of the retinal pigment epithelium.,PNAS nexus,2023 Jun,10.1093/pnasnexus/pgad167,OSD-162|Mmus_BAL-TAL_EYE_FLT_Rep5_F5,Space Flight
143,GSM3176505,0.9960181713104248,GSE115355,Molecular basis of mitomycin C enhanced corneal sensory nerve repair,,,"We performed RNASeq and confocal imaging analysis to characterize the gene expression changes in the cornea after wounding that modulate sensory axon integrity. We show that by preserving the ability of axons to attach to one another and to corneal epithelial cells, mitomycin C enhances sensory nerve recovery after mechanical injury.","Epithelium and stroma from mouse corneas with/without Mitomycin C treatment and wounding were examined, 4 variables were tested (Control, Mitomycin C Control, Wound, Mitomycin C Wound).",30446696,,,176306,GPL21493,Mus musculus,GSE,Expression profiling by high throughput sequencing,2018/12/01,32,ftp://ftp.ncbi.nlm.nih.gov/geo/series/GSE115nnn/GSE115355/,Molecular basis of Mitomycin C enhanced corneal sensory nerve repair after debridement wounding.,Scientific reports,2018 Nov 16,10.1038/s41598-018-35090-3,OSD-162|Mmus_BAL-TAL_EYE_FLT_Rep5_F5,Space Flight
144,GSM6779201,0.9959979057312012,GSE219252,Bulk RNA-seq of eyes isolated from wildtype and Stra6 knockout mice maintained on either a vitamin A sufficient or deficient diet,,,"Vitamin A deficiency is detrimental to the visual system throughout the lifecycle. Abundant expression of the retinoid transporter STRA6 in the retinal pigment epithelium (RPE) and homeostatic blood levels of retinol binding protein ensure the eyes are adequately supplied with the nutrient. STRA6 deficiency interrupts the supply pathway, but vitamin A in chylomicrons compensates for its failure. However, dependency on the chylomicron delivery pathway makes the eyes of STRA6-deficient mice vulnerable to dietary vitamin A deprivation. How the eyes adapt to vitamin A status has not been studied in molecular detail, and therefore we used RNA-seq to focus on diet-induced changes. We observed that mild ocular vitamin A deficiency was linked to an increase in transcript abundance levels of genes coding for proteins of stress pathways and a decrease in levels of transcripts coding for proteins of pathways of visual sensitivity and perception. These changes correlate with a loss of visual sensitivity and accumulation of fluorescent debris in the retina. Additionally, severe vitamin A deficiency decreased the transcript levels of genes involved in cell adhesion, cell differentiation, and transport of small molecules pathways. This response correlated with alterations in epithelial cell morphology and a “leaky” RPE barrier. Together, our analyses of STRA6-deficient mice define adaptive responses associated with ocular vitamin A status and reveal a previously unknown role of STRA6 in the maintenance and functioning of the outer blood-retina barrier.","Bulk RNA-Seq experiments were carried out using the RPE-choroid tissue isolated from wildtype and Stra6 knockout mice fed a vitamin A sufficient or deficient diet for 12 weeks. Five biological replicates were analyzed for each of four conditions (two genotypes; two diets per genotype). The wildtype, vitamin A sufficient samples were used as the control group.",37275262,,,714401,GPL24247,Mus musculus,GSE,Expression profiling by high throughput sequencing,2023/06/07,20,ftp://ftp.ncbi.nlm.nih.gov/geo/series/GSE219nnn/GSE219252/,Vitamin A deficiency compromises the barrier function of the retinal pigment epithelium.,PNAS nexus,2023 Jun,10.1093/pnasnexus/pgad167,OSD-162|Mmus_BAL-TAL_EYE_FLT_Rep5_F5,Space Flight
145,GSM4654731,0.9959906339645386,GSE153817,Epigenetic hallmarks of age-related macular degeneration are recapitulated in a photosensitive mouse model,,,"Age-related macular degeneration (AMD) is a chronic, multifactorial disorder and a leading cause of blindness in the elderly. Characterized by progressive photoreceptor degeneration in the central retina, disease progression involves epigenetic changes in chromatin accessibility resulting from environmental exposures and chronic stress. Here, we report that a photosensitive mouse model of acute stress-induced photoreceptor degeneration recapitulates the epigenetic hallmarks of human AMD. Global epigenomic profiling by assay for transposase-accessible chromatin using sequencing (ATAC-Seq) revealed an association between decreased chromatin accessibility and stress-induced photoreceptor cell death in our mouse model. The epigenomic changes induced by light damage include reduced euchromatin and increased heterochromatin abundance, resulting in transcriptional and translational dysregulation that ultimately drives photoreceptor apoptosis and an inflammatory reactive gliosis in the retina. Through our findings, we identified key histone-modifying enzymes that contribute to the observed changes in global chromatin accessibility. Moreover, pharmacological inhibition of histone deacetylase 11 (HDAC11) and suppressor of variegation 3-9 homolog 2 (SUV39H2) ameliorated light damage in our mouse model, supporting a causal link between decreased chromatin accessibility and photoreceptor degeneration, thereby representing a potential new therapeutic strategy to combat AMD.",RNA-seq and ATAC-seq was conducted on C57BL/6J abca4-/- rdh8-/- mice in replicates of 3-4. ------------------------------------------------- *This submission lacks processed data for the ATAC-Seq component,32691052,,,393506,GPL13112,Mus musculus,GSE,Expression profiling by high throughput sequencing; Genome binding/occupancy profiling by high throughput sequencing,2020/09/29,67,ftp://ftp.ncbi.nlm.nih.gov/geo/series/GSE153nnn/GSE153817/,Epigenetic hallmarks of age-related macular degeneration are recapitulated in a photosensitive mouse model.,Human molecular genetics,2020 Aug 29,10.1093/hmg/ddaa158,OSD-162|Mmus_BAL-TAL_EYE_FLT_Rep5_F5,Space Flight
146,GSM8132728,0.995851457118988,GSE261021,The mouse retinal pigment epithelium mounts an innate immune defense response following retinal detachment,,,"The retinal pigment epithelium (RPE) maintains photoreceptor viability and function, completes the visual cycle, and forms the outer blood-retinal barrier (oBRB). Loss of RPE function gives rise to several monogenic retinal dystrophies and contributes to age-related macular degeneration. Retinal detachment (RD) causes separation of the neurosensory retina from the underlying RPE, disrupting the functional and metabolic relationships between these layers. Although the retinal response to RD is highly studied, little is known about how the RPE responds to loss of this interaction. RNA sequencing (RNAseq) was used to compare normal and detached RPE in the C57BL6/J mouse. The naïve mouse RPE transcriptome was compared to previously published RPE signature gene lists and from the union of these 14 genes (Bmp4, Crim1, Degs1, Gja1, Itgav, Mfap3l, Pdpn, Ptgds, Rbp1, Rnf13, Rpe65, Slc4a2, Sulf1 and Ttr) representing a core signature gene set applicable across rodent and human RPE was derived. Gene ontology enrichment analysis (GOEA) of the mouse RPE transcriptome identified expected RPE features and functions, such as pigmentation, phagocytosis, lysosomal and proteasomal degradation of proteins, and barrier function. Differentially expressed genes (DEG) at 1 and 7 days post retinal detachment (dprd). were defined as mRNA with a significant (padj≤0.05) fold change (FC) of 0.67≥FC≥1.5 in detached versus naïve RPE. The RPE transcriptome exhibited dramatic changes at 1 dprd, with 2297 DEG identified. The KEGG pathways and biological process GO groups related to innate immune responses were significantly enriched. Lipocalin 2 (Lcn2) and several chemokines were upregulated, while numerous genes related to RPE functions, such as pigment synthesis, visual cycle, phagocytosis, andtight junctions were down regulated at 1 dprd. The response was largely transient, with only 18 significant DEG identified at 7 dprd, including upregulation of complement gene C4b. Validation studies confirmed RNAseq results. Thus, the RPE quickly down-regulates cell-specific functions and mounts an innate immune defense response following RD. Our data demonstrate that the RPE contributes to the inflammatory response to RD and may play a role in attraction of immune cells to the subretinal space and the opsonization of orphaned outer segments following RD.",Comparative RPE gene expression profiling after approximately 50% retinal detachment from the RPE after 1 and 7 days compared to Naïve.,38528525,,,852655,GPL24247,Mus musculus,GSE,Expression profiling by high throughput sequencing,2024/04/03,17,ftp://ftp.ncbi.nlm.nih.gov/geo/series/GSE261nnn/GSE261021/,The mouse retinal pigment epithelium mounts an innate immune defense response following retinal detachment.,Journal of neuroinflammation,2024 Mar 25,10.1186/s12974-024-03062-2,OSD-162|Mmus_BAL-TAL_EYE_FLT_Rep5_F5,Space Flight
147,GSM3176514,0.9955674409866333,GSE115355,Molecular basis of mitomycin C enhanced corneal sensory nerve repair,,,"We performed RNASeq and confocal imaging analysis to characterize the gene expression changes in the cornea after wounding that modulate sensory axon integrity. We show that by preserving the ability of axons to attach to one another and to corneal epithelial cells, mitomycin C enhances sensory nerve recovery after mechanical injury.","Epithelium and stroma from mouse corneas with/without Mitomycin C treatment and wounding were examined, 4 variables were tested (Control, Mitomycin C Control, Wound, Mitomycin C Wound).",30446696,,,176315,GPL21493,Mus musculus,GSE,Expression profiling by high throughput sequencing,2018/12/01,32,ftp://ftp.ncbi.nlm.nih.gov/geo/series/GSE115nnn/GSE115355/,Molecular basis of Mitomycin C enhanced corneal sensory nerve repair after debridement wounding.,Scientific reports,2018 Nov 16,10.1038/s41598-018-35090-3,OSD-162|Mmus_BAL-TAL_EYE_FLT_Rep5_F5,Space Flight
148,GSM6779203,0.995535135269165,GSE219252,Bulk RNA-seq of eyes isolated from wildtype and Stra6 knockout mice maintained on either a vitamin A sufficient or deficient diet,,,"Vitamin A deficiency is detrimental to the visual system throughout the lifecycle. Abundant expression of the retinoid transporter STRA6 in the retinal pigment epithelium (RPE) and homeostatic blood levels of retinol binding protein ensure the eyes are adequately supplied with the nutrient. STRA6 deficiency interrupts the supply pathway, but vitamin A in chylomicrons compensates for its failure. However, dependency on the chylomicron delivery pathway makes the eyes of STRA6-deficient mice vulnerable to dietary vitamin A deprivation. How the eyes adapt to vitamin A status has not been studied in molecular detail, and therefore we used RNA-seq to focus on diet-induced changes. We observed that mild ocular vitamin A deficiency was linked to an increase in transcript abundance levels of genes coding for proteins of stress pathways and a decrease in levels of transcripts coding for proteins of pathways of visual sensitivity and perception. These changes correlate with a loss of visual sensitivity and accumulation of fluorescent debris in the retina. Additionally, severe vitamin A deficiency decreased the transcript levels of genes involved in cell adhesion, cell differentiation, and transport of small molecules pathways. This response correlated with alterations in epithelial cell morphology and a “leaky” RPE barrier. Together, our analyses of STRA6-deficient mice define adaptive responses associated with ocular vitamin A status and reveal a previously unknown role of STRA6 in the maintenance and functioning of the outer blood-retina barrier.","Bulk RNA-Seq experiments were carried out using the RPE-choroid tissue isolated from wildtype and Stra6 knockout mice fed a vitamin A sufficient or deficient diet for 12 weeks. Five biological replicates were analyzed for each of four conditions (two genotypes; two diets per genotype). The wildtype, vitamin A sufficient samples were used as the control group.",37275262,,,714403,GPL24247,Mus musculus,GSE,Expression profiling by high throughput sequencing,2023/06/07,20,ftp://ftp.ncbi.nlm.nih.gov/geo/series/GSE219nnn/GSE219252/,Vitamin A deficiency compromises the barrier function of the retinal pigment epithelium.,PNAS nexus,2023 Jun,10.1093/pnasnexus/pgad167,OSD-162|Mmus_BAL-TAL_EYE_FLT_Rep5_F5,Space Flight
149,GSM6779199,0.9954814910888672,GSE219252,Bulk RNA-seq of eyes isolated from wildtype and Stra6 knockout mice maintained on either a vitamin A sufficient or deficient diet,,,"Vitamin A deficiency is detrimental to the visual system throughout the lifecycle. Abundant expression of the retinoid transporter STRA6 in the retinal pigment epithelium (RPE) and homeostatic blood levels of retinol binding protein ensure the eyes are adequately supplied with the nutrient. STRA6 deficiency interrupts the supply pathway, but vitamin A in chylomicrons compensates for its failure. However, dependency on the chylomicron delivery pathway makes the eyes of STRA6-deficient mice vulnerable to dietary vitamin A deprivation. How the eyes adapt to vitamin A status has not been studied in molecular detail, and therefore we used RNA-seq to focus on diet-induced changes. We observed that mild ocular vitamin A deficiency was linked to an increase in transcript abundance levels of genes coding for proteins of stress pathways and a decrease in levels of transcripts coding for proteins of pathways of visual sensitivity and perception. These changes correlate with a loss of visual sensitivity and accumulation of fluorescent debris in the retina. Additionally, severe vitamin A deficiency decreased the transcript levels of genes involved in cell adhesion, cell differentiation, and transport of small molecules pathways. This response correlated with alterations in epithelial cell morphology and a “leaky” RPE barrier. Together, our analyses of STRA6-deficient mice define adaptive responses associated with ocular vitamin A status and reveal a previously unknown role of STRA6 in the maintenance and functioning of the outer blood-retina barrier.","Bulk RNA-Seq experiments were carried out using the RPE-choroid tissue isolated from wildtype and Stra6 knockout mice fed a vitamin A sufficient or deficient diet for 12 weeks. Five biological replicates were analyzed for each of four conditions (two genotypes; two diets per genotype). The wildtype, vitamin A sufficient samples were used as the control group.",37275262,,,714399,GPL24247,Mus musculus,GSE,Expression profiling by high throughput sequencing,2023/06/07,20,ftp://ftp.ncbi.nlm.nih.gov/geo/series/GSE219nnn/GSE219252/,Vitamin A deficiency compromises the barrier function of the retinal pigment epithelium.,PNAS nexus,2023 Jun,10.1093/pnasnexus/pgad167,OSD-162|Mmus_BAL-TAL_EYE_FLT_Rep5_F5,Space Flight
