,gsm,score,gse,title,source_name,characteristics,geo_summary,geo_design,pubmed_ids,tissue,species,archs4_index,geo_platform_biopython,geo_taxon_biopython,geo_entry_type_biopython,geo_gds_type_biopython,geo_pdat_biopython,geo_n_samples_biopython,geo_ftp_link_biopython,pubmed_title_biopython,pubmed_journal_biopython,pubmed_pub_date_biopython,pubmed_doi_biopython,sample_name,spaceflight
0,GSM1468526,0.9950574040412903,GSE60243,"Tristetraprolin (TTP) regulated splenic transcriptome in ""Triple KO"" mice",,,"Tristetraprolin (TTP)  binds to specific AU-rich elements in the 3'UTR of certain transcripts and regulates post-transcriptional gene expression by increasing the rate of mRNA turnover.  In this study, we evaluated the effects of TTP deficiency on the overall gene expression of spleen tissue, in order to discover tissue specific targets of TTP under normal physiologic conditions.  We utilized ""Triple KO"" (Zfp36-/-/TNFR1-/-/TNFR2-/-) mice that are deficient in TTP and two TNF receptors and compared the transcriptomic changes to ""Double KO"" (TNFR1-/-/TNFR2-/-) and WT mice.  Spleen mRNA from four WT, four ""Double KO"", and four ""Triple mice"" was subjected to RNA-Seq in two phases.  All the animals used in this study were males between the ages of 12-14 weeks and were on a mixed (75% C57BL/6NTac, 25% 129/SVEV) background.","Examination of splenic gene expression difference between ""Triple KO""-WT and ""double KO""-WT data sets",26976640,,,17060,GPL13112,Mus musculus,GSE,Expression profiling by high throughput sequencing,2016/03/27,16,ftp://ftp.ncbi.nlm.nih.gov/geo/series/GSE60nnn/GSE60243/,Effects of Combined Tristetraprolin/Tumor Necrosis Factor Receptor Deficiency on the Splenic Transcriptome.,Molecular and cellular biology,2016 May,10.1128/MCB.01068-15,OSD-288|Mmus_C57-6J_SPL_FLT_1G_Rep1_ag1,Space Flight
1,GSM1468523,0.9949619770050049,GSE60243,"Tristetraprolin (TTP) regulated splenic transcriptome in ""Triple KO"" mice",,,"Tristetraprolin (TTP)  binds to specific AU-rich elements in the 3'UTR of certain transcripts and regulates post-transcriptional gene expression by increasing the rate of mRNA turnover.  In this study, we evaluated the effects of TTP deficiency on the overall gene expression of spleen tissue, in order to discover tissue specific targets of TTP under normal physiologic conditions.  We utilized ""Triple KO"" (Zfp36-/-/TNFR1-/-/TNFR2-/-) mice that are deficient in TTP and two TNF receptors and compared the transcriptomic changes to ""Double KO"" (TNFR1-/-/TNFR2-/-) and WT mice.  Spleen mRNA from four WT, four ""Double KO"", and four ""Triple mice"" was subjected to RNA-Seq in two phases.  All the animals used in this study were males between the ages of 12-14 weeks and were on a mixed (75% C57BL/6NTac, 25% 129/SVEV) background.","Examination of splenic gene expression difference between ""Triple KO""-WT and ""double KO""-WT data sets",26976640,,,17057,GPL13112,Mus musculus,GSE,Expression profiling by high throughput sequencing,2016/03/27,16,ftp://ftp.ncbi.nlm.nih.gov/geo/series/GSE60nnn/GSE60243/,Effects of Combined Tristetraprolin/Tumor Necrosis Factor Receptor Deficiency on the Splenic Transcriptome.,Molecular and cellular biology,2016 May,10.1128/MCB.01068-15,OSD-288|Mmus_C57-6J_SPL_FLT_1G_Rep1_ag1,Space Flight
2,GSM1468524,0.9947245121002197,GSE60243,"Tristetraprolin (TTP) regulated splenic transcriptome in ""Triple KO"" mice",,,"Tristetraprolin (TTP)  binds to specific AU-rich elements in the 3'UTR of certain transcripts and regulates post-transcriptional gene expression by increasing the rate of mRNA turnover.  In this study, we evaluated the effects of TTP deficiency on the overall gene expression of spleen tissue, in order to discover tissue specific targets of TTP under normal physiologic conditions.  We utilized ""Triple KO"" (Zfp36-/-/TNFR1-/-/TNFR2-/-) mice that are deficient in TTP and two TNF receptors and compared the transcriptomic changes to ""Double KO"" (TNFR1-/-/TNFR2-/-) and WT mice.  Spleen mRNA from four WT, four ""Double KO"", and four ""Triple mice"" was subjected to RNA-Seq in two phases.  All the animals used in this study were males between the ages of 12-14 weeks and were on a mixed (75% C57BL/6NTac, 25% 129/SVEV) background.","Examination of splenic gene expression difference between ""Triple KO""-WT and ""double KO""-WT data sets",26976640,,,17058,GPL13112,Mus musculus,GSE,Expression profiling by high throughput sequencing,2016/03/27,16,ftp://ftp.ncbi.nlm.nih.gov/geo/series/GSE60nnn/GSE60243/,Effects of Combined Tristetraprolin/Tumor Necrosis Factor Receptor Deficiency on the Splenic Transcriptome.,Molecular and cellular biology,2016 May,10.1128/MCB.01068-15,OSD-288|Mmus_C57-6J_SPL_FLT_1G_Rep1_ag1,Space Flight
3,GSM1468525,0.9937670230865479,GSE60243,"Tristetraprolin (TTP) regulated splenic transcriptome in ""Triple KO"" mice",,,"Tristetraprolin (TTP)  binds to specific AU-rich elements in the 3'UTR of certain transcripts and regulates post-transcriptional gene expression by increasing the rate of mRNA turnover.  In this study, we evaluated the effects of TTP deficiency on the overall gene expression of spleen tissue, in order to discover tissue specific targets of TTP under normal physiologic conditions.  We utilized ""Triple KO"" (Zfp36-/-/TNFR1-/-/TNFR2-/-) mice that are deficient in TTP and two TNF receptors and compared the transcriptomic changes to ""Double KO"" (TNFR1-/-/TNFR2-/-) and WT mice.  Spleen mRNA from four WT, four ""Double KO"", and four ""Triple mice"" was subjected to RNA-Seq in two phases.  All the animals used in this study were males between the ages of 12-14 weeks and were on a mixed (75% C57BL/6NTac, 25% 129/SVEV) background.","Examination of splenic gene expression difference between ""Triple KO""-WT and ""double KO""-WT data sets",26976640,,,17059,GPL13112,Mus musculus,GSE,Expression profiling by high throughput sequencing,2016/03/27,16,ftp://ftp.ncbi.nlm.nih.gov/geo/series/GSE60nnn/GSE60243/,Effects of Combined Tristetraprolin/Tumor Necrosis Factor Receptor Deficiency on the Splenic Transcriptome.,Molecular and cellular biology,2016 May,10.1128/MCB.01068-15,OSD-288|Mmus_C57-6J_SPL_FLT_1G_Rep1_ag1,Space Flight
4,GSM1468528,0.9921799302101135,GSE60243,"Tristetraprolin (TTP) regulated splenic transcriptome in ""Triple KO"" mice",,,"Tristetraprolin (TTP)  binds to specific AU-rich elements in the 3'UTR of certain transcripts and regulates post-transcriptional gene expression by increasing the rate of mRNA turnover.  In this study, we evaluated the effects of TTP deficiency on the overall gene expression of spleen tissue, in order to discover tissue specific targets of TTP under normal physiologic conditions.  We utilized ""Triple KO"" (Zfp36-/-/TNFR1-/-/TNFR2-/-) mice that are deficient in TTP and two TNF receptors and compared the transcriptomic changes to ""Double KO"" (TNFR1-/-/TNFR2-/-) and WT mice.  Spleen mRNA from four WT, four ""Double KO"", and four ""Triple mice"" was subjected to RNA-Seq in two phases.  All the animals used in this study were males between the ages of 12-14 weeks and were on a mixed (75% C57BL/6NTac, 25% 129/SVEV) background.","Examination of splenic gene expression difference between ""Triple KO""-WT and ""double KO""-WT data sets",26976640,,,17062,GPL13112,Mus musculus,GSE,Expression profiling by high throughput sequencing,2016/03/27,16,ftp://ftp.ncbi.nlm.nih.gov/geo/series/GSE60nnn/GSE60243/,Effects of Combined Tristetraprolin/Tumor Necrosis Factor Receptor Deficiency on the Splenic Transcriptome.,Molecular and cellular biology,2016 May,10.1128/MCB.01068-15,OSD-288|Mmus_C57-6J_SPL_FLT_1G_Rep1_ag1,Space Flight
5,GSM1468531,0.9915804862976074,GSE60243,"Tristetraprolin (TTP) regulated splenic transcriptome in ""Triple KO"" mice",,,"Tristetraprolin (TTP)  binds to specific AU-rich elements in the 3'UTR of certain transcripts and regulates post-transcriptional gene expression by increasing the rate of mRNA turnover.  In this study, we evaluated the effects of TTP deficiency on the overall gene expression of spleen tissue, in order to discover tissue specific targets of TTP under normal physiologic conditions.  We utilized ""Triple KO"" (Zfp36-/-/TNFR1-/-/TNFR2-/-) mice that are deficient in TTP and two TNF receptors and compared the transcriptomic changes to ""Double KO"" (TNFR1-/-/TNFR2-/-) and WT mice.  Spleen mRNA from four WT, four ""Double KO"", and four ""Triple mice"" was subjected to RNA-Seq in two phases.  All the animals used in this study were males between the ages of 12-14 weeks and were on a mixed (75% C57BL/6NTac, 25% 129/SVEV) background.","Examination of splenic gene expression difference between ""Triple KO""-WT and ""double KO""-WT data sets",26976640,,,17065,GPL13112,Mus musculus,GSE,Expression profiling by high throughput sequencing,2016/03/27,16,ftp://ftp.ncbi.nlm.nih.gov/geo/series/GSE60nnn/GSE60243/,Effects of Combined Tristetraprolin/Tumor Necrosis Factor Receptor Deficiency on the Splenic Transcriptome.,Molecular and cellular biology,2016 May,10.1128/MCB.01068-15,OSD-288|Mmus_C57-6J_SPL_FLT_1G_Rep1_ag1,Space Flight
6,GSM1593068,0.991074800491333,GSE65357,"Tristetraprolin (TTP) regulated splenic transcriptome in ""TTPΔARE"" mice",,,"Tristetraprolin (TTP)  binds to specific AU-rich elements in the 3'UTR of certain transcripts and regulates post-transcriptional gene expression by increasing the rate of mRNA turnover.  Here, we generated a novel TTP mouse line (TTPΔARE) with a 136 base deletion in the 3'UTR AU-rich region of TTP mRNA, which resulted in a moderate increase in TTP protein expression in many tissues.  In this study, we evaluated the effects of the moderate TTP overexpression on the overall pattern of gene expression in spleen, to investigate the effect of this mutation on mRNA targets of TTP under normal conditions.  We utilized ""TTPΔARE"" (136 b deletion in the 3'UTR AU-rich region of Zfp36 mRNA) mice that overexpress TTP and compared the transcriptomic changes to the littermate ""WT"" mice.  Spleen mRNA from four WT and four ""TTPΔARE"" mice were subjected to mRNA-Seq.  All the animals used in this study were males between the ages of 8-12 weeks and were on a C57BL/6 background.",Examination of gene expression differences in mouse spleen from 4 wild-type and 4 TTPΔARE male mice aged 8-12 weeks,,,,30935,GPL13112,Mus musculus,GSE,Expression profiling by high throughput sequencing,2019/01/19,8,ftp://ftp.ncbi.nlm.nih.gov/geo/series/GSE65nnn/GSE65357/,,,,,OSD-288|Mmus_C57-6J_SPL_FLT_1G_Rep1_ag1,Space Flight
7,GSM1593067,0.9901865124702454,GSE65357,"Tristetraprolin (TTP) regulated splenic transcriptome in ""TTPΔARE"" mice",,,"Tristetraprolin (TTP)  binds to specific AU-rich elements in the 3'UTR of certain transcripts and regulates post-transcriptional gene expression by increasing the rate of mRNA turnover.  Here, we generated a novel TTP mouse line (TTPΔARE) with a 136 base deletion in the 3'UTR AU-rich region of TTP mRNA, which resulted in a moderate increase in TTP protein expression in many tissues.  In this study, we evaluated the effects of the moderate TTP overexpression on the overall pattern of gene expression in spleen, to investigate the effect of this mutation on mRNA targets of TTP under normal conditions.  We utilized ""TTPΔARE"" (136 b deletion in the 3'UTR AU-rich region of Zfp36 mRNA) mice that overexpress TTP and compared the transcriptomic changes to the littermate ""WT"" mice.  Spleen mRNA from four WT and four ""TTPΔARE"" mice were subjected to mRNA-Seq.  All the animals used in this study were males between the ages of 8-12 weeks and were on a C57BL/6 background.",Examination of gene expression differences in mouse spleen from 4 wild-type and 4 TTPΔARE male mice aged 8-12 weeks,,,,30934,GPL13112,Mus musculus,GSE,Expression profiling by high throughput sequencing,2019/01/19,8,ftp://ftp.ncbi.nlm.nih.gov/geo/series/GSE65nnn/GSE65357/,,,,,OSD-288|Mmus_C57-6J_SPL_FLT_1G_Rep1_ag1,Space Flight
8,GSM1593065,0.9898115396499634,GSE65357,"Tristetraprolin (TTP) regulated splenic transcriptome in ""TTPΔARE"" mice",,,"Tristetraprolin (TTP)  binds to specific AU-rich elements in the 3'UTR of certain transcripts and regulates post-transcriptional gene expression by increasing the rate of mRNA turnover.  Here, we generated a novel TTP mouse line (TTPΔARE) with a 136 base deletion in the 3'UTR AU-rich region of TTP mRNA, which resulted in a moderate increase in TTP protein expression in many tissues.  In this study, we evaluated the effects of the moderate TTP overexpression on the overall pattern of gene expression in spleen, to investigate the effect of this mutation on mRNA targets of TTP under normal conditions.  We utilized ""TTPΔARE"" (136 b deletion in the 3'UTR AU-rich region of Zfp36 mRNA) mice that overexpress TTP and compared the transcriptomic changes to the littermate ""WT"" mice.  Spleen mRNA from four WT and four ""TTPΔARE"" mice were subjected to mRNA-Seq.  All the animals used in this study were males between the ages of 8-12 weeks and were on a C57BL/6 background.",Examination of gene expression differences in mouse spleen from 4 wild-type and 4 TTPΔARE male mice aged 8-12 weeks,,,,30932,GPL13112,Mus musculus,GSE,Expression profiling by high throughput sequencing,2019/01/19,8,ftp://ftp.ncbi.nlm.nih.gov/geo/series/GSE65nnn/GSE65357/,,,,,OSD-288|Mmus_C57-6J_SPL_FLT_1G_Rep1_ag1,Space Flight
9,GSM1593064,0.9887787103652954,GSE65357,"Tristetraprolin (TTP) regulated splenic transcriptome in ""TTPΔARE"" mice",,,"Tristetraprolin (TTP)  binds to specific AU-rich elements in the 3'UTR of certain transcripts and regulates post-transcriptional gene expression by increasing the rate of mRNA turnover.  Here, we generated a novel TTP mouse line (TTPΔARE) with a 136 base deletion in the 3'UTR AU-rich region of TTP mRNA, which resulted in a moderate increase in TTP protein expression in many tissues.  In this study, we evaluated the effects of the moderate TTP overexpression on the overall pattern of gene expression in spleen, to investigate the effect of this mutation on mRNA targets of TTP under normal conditions.  We utilized ""TTPΔARE"" (136 b deletion in the 3'UTR AU-rich region of Zfp36 mRNA) mice that overexpress TTP and compared the transcriptomic changes to the littermate ""WT"" mice.  Spleen mRNA from four WT and four ""TTPΔARE"" mice were subjected to mRNA-Seq.  All the animals used in this study were males between the ages of 8-12 weeks and were on a C57BL/6 background.",Examination of gene expression differences in mouse spleen from 4 wild-type and 4 TTPΔARE male mice aged 8-12 weeks,,,,30931,GPL13112,Mus musculus,GSE,Expression profiling by high throughput sequencing,2019/01/19,8,ftp://ftp.ncbi.nlm.nih.gov/geo/series/GSE65nnn/GSE65357/,,,,,OSD-288|Mmus_C57-6J_SPL_FLT_1G_Rep1_ag1,Space Flight
10,GSM1468523,0.9948073625564575,GSE60243,"Tristetraprolin (TTP) regulated splenic transcriptome in ""Triple KO"" mice",,,"Tristetraprolin (TTP)  binds to specific AU-rich elements in the 3'UTR of certain transcripts and regulates post-transcriptional gene expression by increasing the rate of mRNA turnover.  In this study, we evaluated the effects of TTP deficiency on the overall gene expression of spleen tissue, in order to discover tissue specific targets of TTP under normal physiologic conditions.  We utilized ""Triple KO"" (Zfp36-/-/TNFR1-/-/TNFR2-/-) mice that are deficient in TTP and two TNF receptors and compared the transcriptomic changes to ""Double KO"" (TNFR1-/-/TNFR2-/-) and WT mice.  Spleen mRNA from four WT, four ""Double KO"", and four ""Triple mice"" was subjected to RNA-Seq in two phases.  All the animals used in this study were males between the ages of 12-14 weeks and were on a mixed (75% C57BL/6NTac, 25% 129/SVEV) background.","Examination of splenic gene expression difference between ""Triple KO""-WT and ""double KO""-WT data sets",26976640,,,17057,GPL13112,Mus musculus,GSE,Expression profiling by high throughput sequencing,2016/03/27,16,ftp://ftp.ncbi.nlm.nih.gov/geo/series/GSE60nnn/GSE60243/,Effects of Combined Tristetraprolin/Tumor Necrosis Factor Receptor Deficiency on the Splenic Transcriptome.,Molecular and cellular biology,2016 May,10.1128/MCB.01068-15,OSD-288|Mmus_C57-6J_SPL_FLT_1G_Rep2_ag2,Space Flight
11,GSM1468525,0.994175910949707,GSE60243,"Tristetraprolin (TTP) regulated splenic transcriptome in ""Triple KO"" mice",,,"Tristetraprolin (TTP)  binds to specific AU-rich elements in the 3'UTR of certain transcripts and regulates post-transcriptional gene expression by increasing the rate of mRNA turnover.  In this study, we evaluated the effects of TTP deficiency on the overall gene expression of spleen tissue, in order to discover tissue specific targets of TTP under normal physiologic conditions.  We utilized ""Triple KO"" (Zfp36-/-/TNFR1-/-/TNFR2-/-) mice that are deficient in TTP and two TNF receptors and compared the transcriptomic changes to ""Double KO"" (TNFR1-/-/TNFR2-/-) and WT mice.  Spleen mRNA from four WT, four ""Double KO"", and four ""Triple mice"" was subjected to RNA-Seq in two phases.  All the animals used in this study were males between the ages of 12-14 weeks and were on a mixed (75% C57BL/6NTac, 25% 129/SVEV) background.","Examination of splenic gene expression difference between ""Triple KO""-WT and ""double KO""-WT data sets",26976640,,,17059,GPL13112,Mus musculus,GSE,Expression profiling by high throughput sequencing,2016/03/27,16,ftp://ftp.ncbi.nlm.nih.gov/geo/series/GSE60nnn/GSE60243/,Effects of Combined Tristetraprolin/Tumor Necrosis Factor Receptor Deficiency on the Splenic Transcriptome.,Molecular and cellular biology,2016 May,10.1128/MCB.01068-15,OSD-288|Mmus_C57-6J_SPL_FLT_1G_Rep2_ag2,Space Flight
12,GSM1468526,0.9939895868301392,GSE60243,"Tristetraprolin (TTP) regulated splenic transcriptome in ""Triple KO"" mice",,,"Tristetraprolin (TTP)  binds to specific AU-rich elements in the 3'UTR of certain transcripts and regulates post-transcriptional gene expression by increasing the rate of mRNA turnover.  In this study, we evaluated the effects of TTP deficiency on the overall gene expression of spleen tissue, in order to discover tissue specific targets of TTP under normal physiologic conditions.  We utilized ""Triple KO"" (Zfp36-/-/TNFR1-/-/TNFR2-/-) mice that are deficient in TTP and two TNF receptors and compared the transcriptomic changes to ""Double KO"" (TNFR1-/-/TNFR2-/-) and WT mice.  Spleen mRNA from four WT, four ""Double KO"", and four ""Triple mice"" was subjected to RNA-Seq in two phases.  All the animals used in this study were males between the ages of 12-14 weeks and were on a mixed (75% C57BL/6NTac, 25% 129/SVEV) background.","Examination of splenic gene expression difference between ""Triple KO""-WT and ""double KO""-WT data sets",26976640,,,17060,GPL13112,Mus musculus,GSE,Expression profiling by high throughput sequencing,2016/03/27,16,ftp://ftp.ncbi.nlm.nih.gov/geo/series/GSE60nnn/GSE60243/,Effects of Combined Tristetraprolin/Tumor Necrosis Factor Receptor Deficiency on the Splenic Transcriptome.,Molecular and cellular biology,2016 May,10.1128/MCB.01068-15,OSD-288|Mmus_C57-6J_SPL_FLT_1G_Rep2_ag2,Space Flight
13,GSM1468524,0.9938516020774841,GSE60243,"Tristetraprolin (TTP) regulated splenic transcriptome in ""Triple KO"" mice",,,"Tristetraprolin (TTP)  binds to specific AU-rich elements in the 3'UTR of certain transcripts and regulates post-transcriptional gene expression by increasing the rate of mRNA turnover.  In this study, we evaluated the effects of TTP deficiency on the overall gene expression of spleen tissue, in order to discover tissue specific targets of TTP under normal physiologic conditions.  We utilized ""Triple KO"" (Zfp36-/-/TNFR1-/-/TNFR2-/-) mice that are deficient in TTP and two TNF receptors and compared the transcriptomic changes to ""Double KO"" (TNFR1-/-/TNFR2-/-) and WT mice.  Spleen mRNA from four WT, four ""Double KO"", and four ""Triple mice"" was subjected to RNA-Seq in two phases.  All the animals used in this study were males between the ages of 12-14 weeks and were on a mixed (75% C57BL/6NTac, 25% 129/SVEV) background.","Examination of splenic gene expression difference between ""Triple KO""-WT and ""double KO""-WT data sets",26976640,,,17058,GPL13112,Mus musculus,GSE,Expression profiling by high throughput sequencing,2016/03/27,16,ftp://ftp.ncbi.nlm.nih.gov/geo/series/GSE60nnn/GSE60243/,Effects of Combined Tristetraprolin/Tumor Necrosis Factor Receptor Deficiency on the Splenic Transcriptome.,Molecular and cellular biology,2016 May,10.1128/MCB.01068-15,OSD-288|Mmus_C57-6J_SPL_FLT_1G_Rep2_ag2,Space Flight
14,GSM1468528,0.9912843704223633,GSE60243,"Tristetraprolin (TTP) regulated splenic transcriptome in ""Triple KO"" mice",,,"Tristetraprolin (TTP)  binds to specific AU-rich elements in the 3'UTR of certain transcripts and regulates post-transcriptional gene expression by increasing the rate of mRNA turnover.  In this study, we evaluated the effects of TTP deficiency on the overall gene expression of spleen tissue, in order to discover tissue specific targets of TTP under normal physiologic conditions.  We utilized ""Triple KO"" (Zfp36-/-/TNFR1-/-/TNFR2-/-) mice that are deficient in TTP and two TNF receptors and compared the transcriptomic changes to ""Double KO"" (TNFR1-/-/TNFR2-/-) and WT mice.  Spleen mRNA from four WT, four ""Double KO"", and four ""Triple mice"" was subjected to RNA-Seq in two phases.  All the animals used in this study were males between the ages of 12-14 weeks and were on a mixed (75% C57BL/6NTac, 25% 129/SVEV) background.","Examination of splenic gene expression difference between ""Triple KO""-WT and ""double KO""-WT data sets",26976640,,,17062,GPL13112,Mus musculus,GSE,Expression profiling by high throughput sequencing,2016/03/27,16,ftp://ftp.ncbi.nlm.nih.gov/geo/series/GSE60nnn/GSE60243/,Effects of Combined Tristetraprolin/Tumor Necrosis Factor Receptor Deficiency on the Splenic Transcriptome.,Molecular and cellular biology,2016 May,10.1128/MCB.01068-15,OSD-288|Mmus_C57-6J_SPL_FLT_1G_Rep2_ag2,Space Flight
15,GSM1468531,0.9896889925003052,GSE60243,"Tristetraprolin (TTP) regulated splenic transcriptome in ""Triple KO"" mice",,,"Tristetraprolin (TTP)  binds to specific AU-rich elements in the 3'UTR of certain transcripts and regulates post-transcriptional gene expression by increasing the rate of mRNA turnover.  In this study, we evaluated the effects of TTP deficiency on the overall gene expression of spleen tissue, in order to discover tissue specific targets of TTP under normal physiologic conditions.  We utilized ""Triple KO"" (Zfp36-/-/TNFR1-/-/TNFR2-/-) mice that are deficient in TTP and two TNF receptors and compared the transcriptomic changes to ""Double KO"" (TNFR1-/-/TNFR2-/-) and WT mice.  Spleen mRNA from four WT, four ""Double KO"", and four ""Triple mice"" was subjected to RNA-Seq in two phases.  All the animals used in this study were males between the ages of 12-14 weeks and were on a mixed (75% C57BL/6NTac, 25% 129/SVEV) background.","Examination of splenic gene expression difference between ""Triple KO""-WT and ""double KO""-WT data sets",26976640,,,17065,GPL13112,Mus musculus,GSE,Expression profiling by high throughput sequencing,2016/03/27,16,ftp://ftp.ncbi.nlm.nih.gov/geo/series/GSE60nnn/GSE60243/,Effects of Combined Tristetraprolin/Tumor Necrosis Factor Receptor Deficiency on the Splenic Transcriptome.,Molecular and cellular biology,2016 May,10.1128/MCB.01068-15,OSD-288|Mmus_C57-6J_SPL_FLT_1G_Rep2_ag2,Space Flight
16,GSM1593068,0.9882017374038696,GSE65357,"Tristetraprolin (TTP) regulated splenic transcriptome in ""TTPΔARE"" mice",,,"Tristetraprolin (TTP)  binds to specific AU-rich elements in the 3'UTR of certain transcripts and regulates post-transcriptional gene expression by increasing the rate of mRNA turnover.  Here, we generated a novel TTP mouse line (TTPΔARE) with a 136 base deletion in the 3'UTR AU-rich region of TTP mRNA, which resulted in a moderate increase in TTP protein expression in many tissues.  In this study, we evaluated the effects of the moderate TTP overexpression on the overall pattern of gene expression in spleen, to investigate the effect of this mutation on mRNA targets of TTP under normal conditions.  We utilized ""TTPΔARE"" (136 b deletion in the 3'UTR AU-rich region of Zfp36 mRNA) mice that overexpress TTP and compared the transcriptomic changes to the littermate ""WT"" mice.  Spleen mRNA from four WT and four ""TTPΔARE"" mice were subjected to mRNA-Seq.  All the animals used in this study were males between the ages of 8-12 weeks and were on a C57BL/6 background.",Examination of gene expression differences in mouse spleen from 4 wild-type and 4 TTPΔARE male mice aged 8-12 weeks,,,,30935,GPL13112,Mus musculus,GSE,Expression profiling by high throughput sequencing,2019/01/19,8,ftp://ftp.ncbi.nlm.nih.gov/geo/series/GSE65nnn/GSE65357/,,,,,OSD-288|Mmus_C57-6J_SPL_FLT_1G_Rep2_ag2,Space Flight
17,GSM6394773,0.988088846206665,GSE209752,Gut commensal bacteria enhance pathogenesis of a tumorigenic murine retrovirus,,,"The influence of the microbiota on viral transmission and replication is well appreciated. However, its impact on retroviral pathogenesis outside of transmission/replication control remained unknown. Using Murine Leukemia Virus (MuLV), we found that some commensal bacteria promoted the development of leukemia induced by this retrovirus. The promotion of leukemia development by commensals was due to suppression of the adaptive immune response through upregulation of several negative regulators of immunity. These negative regulators included Serpinb9b and Rnf128, which are associated with a poor prognosis of some spontaneous human cancers. Upregulation of Serpinb9b was mediated by sensing of bacteria by NOD1/NOD2/RIPK2 pathway. This work describes a novel mechanism by which the microbiota enhances tumorigenesis within gut-distant organs and points at potential new targets for cancer therapy.",RNAseq was performed on splenic RNA from infected and uninfected GF and SPF BALB/cJ mice,36103821,,,659548,GPL17021,Mus musculus,GSE,Expression profiling by high throughput sequencing,2022/07/29,12,ftp://ftp.ncbi.nlm.nih.gov/geo/series/GSE209nnn/GSE209752/,Gut commensal bacteria enhance pathogenesis of a tumorigenic murine retrovirus.,Cell reports,2022 Sep 13,10.1016/j.celrep.2022.111341,OSD-288|Mmus_C57-6J_SPL_FLT_1G_Rep2_ag2,Space Flight
18,GSM6394775,0.9879388213157654,GSE209752,Gut commensal bacteria enhance pathogenesis of a tumorigenic murine retrovirus,,,"The influence of the microbiota on viral transmission and replication is well appreciated. However, its impact on retroviral pathogenesis outside of transmission/replication control remained unknown. Using Murine Leukemia Virus (MuLV), we found that some commensal bacteria promoted the development of leukemia induced by this retrovirus. The promotion of leukemia development by commensals was due to suppression of the adaptive immune response through upregulation of several negative regulators of immunity. These negative regulators included Serpinb9b and Rnf128, which are associated with a poor prognosis of some spontaneous human cancers. Upregulation of Serpinb9b was mediated by sensing of bacteria by NOD1/NOD2/RIPK2 pathway. This work describes a novel mechanism by which the microbiota enhances tumorigenesis within gut-distant organs and points at potential new targets for cancer therapy.",RNAseq was performed on splenic RNA from infected and uninfected GF and SPF BALB/cJ mice,36103821,,,659550,GPL17021,Mus musculus,GSE,Expression profiling by high throughput sequencing,2022/07/29,12,ftp://ftp.ncbi.nlm.nih.gov/geo/series/GSE209nnn/GSE209752/,Gut commensal bacteria enhance pathogenesis of a tumorigenic murine retrovirus.,Cell reports,2022 Sep 13,10.1016/j.celrep.2022.111341,OSD-288|Mmus_C57-6J_SPL_FLT_1G_Rep2_ag2,Space Flight
19,GSM1468527,0.9870560169219971,GSE60243,"Tristetraprolin (TTP) regulated splenic transcriptome in ""Triple KO"" mice",,,"Tristetraprolin (TTP)  binds to specific AU-rich elements in the 3'UTR of certain transcripts and regulates post-transcriptional gene expression by increasing the rate of mRNA turnover.  In this study, we evaluated the effects of TTP deficiency on the overall gene expression of spleen tissue, in order to discover tissue specific targets of TTP under normal physiologic conditions.  We utilized ""Triple KO"" (Zfp36-/-/TNFR1-/-/TNFR2-/-) mice that are deficient in TTP and two TNF receptors and compared the transcriptomic changes to ""Double KO"" (TNFR1-/-/TNFR2-/-) and WT mice.  Spleen mRNA from four WT, four ""Double KO"", and four ""Triple mice"" was subjected to RNA-Seq in two phases.  All the animals used in this study were males between the ages of 12-14 weeks and were on a mixed (75% C57BL/6NTac, 25% 129/SVEV) background.","Examination of splenic gene expression difference between ""Triple KO""-WT and ""double KO""-WT data sets",26976640,,,17061,GPL13112,Mus musculus,GSE,Expression profiling by high throughput sequencing,2016/03/27,16,ftp://ftp.ncbi.nlm.nih.gov/geo/series/GSE60nnn/GSE60243/,Effects of Combined Tristetraprolin/Tumor Necrosis Factor Receptor Deficiency on the Splenic Transcriptome.,Molecular and cellular biology,2016 May,10.1128/MCB.01068-15,OSD-288|Mmus_C57-6J_SPL_FLT_1G_Rep2_ag2,Space Flight
20,GSM1468523,0.9952515959739685,GSE60243,"Tristetraprolin (TTP) regulated splenic transcriptome in ""Triple KO"" mice",,,"Tristetraprolin (TTP)  binds to specific AU-rich elements in the 3'UTR of certain transcripts and regulates post-transcriptional gene expression by increasing the rate of mRNA turnover.  In this study, we evaluated the effects of TTP deficiency on the overall gene expression of spleen tissue, in order to discover tissue specific targets of TTP under normal physiologic conditions.  We utilized ""Triple KO"" (Zfp36-/-/TNFR1-/-/TNFR2-/-) mice that are deficient in TTP and two TNF receptors and compared the transcriptomic changes to ""Double KO"" (TNFR1-/-/TNFR2-/-) and WT mice.  Spleen mRNA from four WT, four ""Double KO"", and four ""Triple mice"" was subjected to RNA-Seq in two phases.  All the animals used in this study were males between the ages of 12-14 weeks and were on a mixed (75% C57BL/6NTac, 25% 129/SVEV) background.","Examination of splenic gene expression difference between ""Triple KO""-WT and ""double KO""-WT data sets",26976640,,,17057,GPL13112,Mus musculus,GSE,Expression profiling by high throughput sequencing,2016/03/27,16,ftp://ftp.ncbi.nlm.nih.gov/geo/series/GSE60nnn/GSE60243/,Effects of Combined Tristetraprolin/Tumor Necrosis Factor Receptor Deficiency on the Splenic Transcriptome.,Molecular and cellular biology,2016 May,10.1128/MCB.01068-15,OSD-288|Mmus_C57-6J_SPL_FLT_1G_Rep3_ag3,Space Flight
21,GSM1468526,0.9950688481330872,GSE60243,"Tristetraprolin (TTP) regulated splenic transcriptome in ""Triple KO"" mice",,,"Tristetraprolin (TTP)  binds to specific AU-rich elements in the 3'UTR of certain transcripts and regulates post-transcriptional gene expression by increasing the rate of mRNA turnover.  In this study, we evaluated the effects of TTP deficiency on the overall gene expression of spleen tissue, in order to discover tissue specific targets of TTP under normal physiologic conditions.  We utilized ""Triple KO"" (Zfp36-/-/TNFR1-/-/TNFR2-/-) mice that are deficient in TTP and two TNF receptors and compared the transcriptomic changes to ""Double KO"" (TNFR1-/-/TNFR2-/-) and WT mice.  Spleen mRNA from four WT, four ""Double KO"", and four ""Triple mice"" was subjected to RNA-Seq in two phases.  All the animals used in this study were males between the ages of 12-14 weeks and were on a mixed (75% C57BL/6NTac, 25% 129/SVEV) background.","Examination of splenic gene expression difference between ""Triple KO""-WT and ""double KO""-WT data sets",26976640,,,17060,GPL13112,Mus musculus,GSE,Expression profiling by high throughput sequencing,2016/03/27,16,ftp://ftp.ncbi.nlm.nih.gov/geo/series/GSE60nnn/GSE60243/,Effects of Combined Tristetraprolin/Tumor Necrosis Factor Receptor Deficiency on the Splenic Transcriptome.,Molecular and cellular biology,2016 May,10.1128/MCB.01068-15,OSD-288|Mmus_C57-6J_SPL_FLT_1G_Rep3_ag3,Space Flight
22,GSM1468524,0.9949485659599304,GSE60243,"Tristetraprolin (TTP) regulated splenic transcriptome in ""Triple KO"" mice",,,"Tristetraprolin (TTP)  binds to specific AU-rich elements in the 3'UTR of certain transcripts and regulates post-transcriptional gene expression by increasing the rate of mRNA turnover.  In this study, we evaluated the effects of TTP deficiency on the overall gene expression of spleen tissue, in order to discover tissue specific targets of TTP under normal physiologic conditions.  We utilized ""Triple KO"" (Zfp36-/-/TNFR1-/-/TNFR2-/-) mice that are deficient in TTP and two TNF receptors and compared the transcriptomic changes to ""Double KO"" (TNFR1-/-/TNFR2-/-) and WT mice.  Spleen mRNA from four WT, four ""Double KO"", and four ""Triple mice"" was subjected to RNA-Seq in two phases.  All the animals used in this study were males between the ages of 12-14 weeks and were on a mixed (75% C57BL/6NTac, 25% 129/SVEV) background.","Examination of splenic gene expression difference between ""Triple KO""-WT and ""double KO""-WT data sets",26976640,,,17058,GPL13112,Mus musculus,GSE,Expression profiling by high throughput sequencing,2016/03/27,16,ftp://ftp.ncbi.nlm.nih.gov/geo/series/GSE60nnn/GSE60243/,Effects of Combined Tristetraprolin/Tumor Necrosis Factor Receptor Deficiency on the Splenic Transcriptome.,Molecular and cellular biology,2016 May,10.1128/MCB.01068-15,OSD-288|Mmus_C57-6J_SPL_FLT_1G_Rep3_ag3,Space Flight
23,GSM1468525,0.9946953058242798,GSE60243,"Tristetraprolin (TTP) regulated splenic transcriptome in ""Triple KO"" mice",,,"Tristetraprolin (TTP)  binds to specific AU-rich elements in the 3'UTR of certain transcripts and regulates post-transcriptional gene expression by increasing the rate of mRNA turnover.  In this study, we evaluated the effects of TTP deficiency on the overall gene expression of spleen tissue, in order to discover tissue specific targets of TTP under normal physiologic conditions.  We utilized ""Triple KO"" (Zfp36-/-/TNFR1-/-/TNFR2-/-) mice that are deficient in TTP and two TNF receptors and compared the transcriptomic changes to ""Double KO"" (TNFR1-/-/TNFR2-/-) and WT mice.  Spleen mRNA from four WT, four ""Double KO"", and four ""Triple mice"" was subjected to RNA-Seq in two phases.  All the animals used in this study were males between the ages of 12-14 weeks and were on a mixed (75% C57BL/6NTac, 25% 129/SVEV) background.","Examination of splenic gene expression difference between ""Triple KO""-WT and ""double KO""-WT data sets",26976640,,,17059,GPL13112,Mus musculus,GSE,Expression profiling by high throughput sequencing,2016/03/27,16,ftp://ftp.ncbi.nlm.nih.gov/geo/series/GSE60nnn/GSE60243/,Effects of Combined Tristetraprolin/Tumor Necrosis Factor Receptor Deficiency on the Splenic Transcriptome.,Molecular and cellular biology,2016 May,10.1128/MCB.01068-15,OSD-288|Mmus_C57-6J_SPL_FLT_1G_Rep3_ag3,Space Flight
24,GSM1468528,0.9922425746917725,GSE60243,"Tristetraprolin (TTP) regulated splenic transcriptome in ""Triple KO"" mice",,,"Tristetraprolin (TTP)  binds to specific AU-rich elements in the 3'UTR of certain transcripts and regulates post-transcriptional gene expression by increasing the rate of mRNA turnover.  In this study, we evaluated the effects of TTP deficiency on the overall gene expression of spleen tissue, in order to discover tissue specific targets of TTP under normal physiologic conditions.  We utilized ""Triple KO"" (Zfp36-/-/TNFR1-/-/TNFR2-/-) mice that are deficient in TTP and two TNF receptors and compared the transcriptomic changes to ""Double KO"" (TNFR1-/-/TNFR2-/-) and WT mice.  Spleen mRNA from four WT, four ""Double KO"", and four ""Triple mice"" was subjected to RNA-Seq in two phases.  All the animals used in this study were males between the ages of 12-14 weeks and were on a mixed (75% C57BL/6NTac, 25% 129/SVEV) background.","Examination of splenic gene expression difference between ""Triple KO""-WT and ""double KO""-WT data sets",26976640,,,17062,GPL13112,Mus musculus,GSE,Expression profiling by high throughput sequencing,2016/03/27,16,ftp://ftp.ncbi.nlm.nih.gov/geo/series/GSE60nnn/GSE60243/,Effects of Combined Tristetraprolin/Tumor Necrosis Factor Receptor Deficiency on the Splenic Transcriptome.,Molecular and cellular biology,2016 May,10.1128/MCB.01068-15,OSD-288|Mmus_C57-6J_SPL_FLT_1G_Rep3_ag3,Space Flight
25,GSM1468531,0.9913911819458008,GSE60243,"Tristetraprolin (TTP) regulated splenic transcriptome in ""Triple KO"" mice",,,"Tristetraprolin (TTP)  binds to specific AU-rich elements in the 3'UTR of certain transcripts and regulates post-transcriptional gene expression by increasing the rate of mRNA turnover.  In this study, we evaluated the effects of TTP deficiency on the overall gene expression of spleen tissue, in order to discover tissue specific targets of TTP under normal physiologic conditions.  We utilized ""Triple KO"" (Zfp36-/-/TNFR1-/-/TNFR2-/-) mice that are deficient in TTP and two TNF receptors and compared the transcriptomic changes to ""Double KO"" (TNFR1-/-/TNFR2-/-) and WT mice.  Spleen mRNA from four WT, four ""Double KO"", and four ""Triple mice"" was subjected to RNA-Seq in two phases.  All the animals used in this study were males between the ages of 12-14 weeks and were on a mixed (75% C57BL/6NTac, 25% 129/SVEV) background.","Examination of splenic gene expression difference between ""Triple KO""-WT and ""double KO""-WT data sets",26976640,,,17065,GPL13112,Mus musculus,GSE,Expression profiling by high throughput sequencing,2016/03/27,16,ftp://ftp.ncbi.nlm.nih.gov/geo/series/GSE60nnn/GSE60243/,Effects of Combined Tristetraprolin/Tumor Necrosis Factor Receptor Deficiency on the Splenic Transcriptome.,Molecular and cellular biology,2016 May,10.1128/MCB.01068-15,OSD-288|Mmus_C57-6J_SPL_FLT_1G_Rep3_ag3,Space Flight
26,GSM1593068,0.9899499416351318,GSE65357,"Tristetraprolin (TTP) regulated splenic transcriptome in ""TTPΔARE"" mice",,,"Tristetraprolin (TTP)  binds to specific AU-rich elements in the 3'UTR of certain transcripts and regulates post-transcriptional gene expression by increasing the rate of mRNA turnover.  Here, we generated a novel TTP mouse line (TTPΔARE) with a 136 base deletion in the 3'UTR AU-rich region of TTP mRNA, which resulted in a moderate increase in TTP protein expression in many tissues.  In this study, we evaluated the effects of the moderate TTP overexpression on the overall pattern of gene expression in spleen, to investigate the effect of this mutation on mRNA targets of TTP under normal conditions.  We utilized ""TTPΔARE"" (136 b deletion in the 3'UTR AU-rich region of Zfp36 mRNA) mice that overexpress TTP and compared the transcriptomic changes to the littermate ""WT"" mice.  Spleen mRNA from four WT and four ""TTPΔARE"" mice were subjected to mRNA-Seq.  All the animals used in this study were males between the ages of 8-12 weeks and were on a C57BL/6 background.",Examination of gene expression differences in mouse spleen from 4 wild-type and 4 TTPΔARE male mice aged 8-12 weeks,,,,30935,GPL13112,Mus musculus,GSE,Expression profiling by high throughput sequencing,2019/01/19,8,ftp://ftp.ncbi.nlm.nih.gov/geo/series/GSE65nnn/GSE65357/,,,,,OSD-288|Mmus_C57-6J_SPL_FLT_1G_Rep3_ag3,Space Flight
27,GSM1593067,0.9888522624969482,GSE65357,"Tristetraprolin (TTP) regulated splenic transcriptome in ""TTPΔARE"" mice",,,"Tristetraprolin (TTP)  binds to specific AU-rich elements in the 3'UTR of certain transcripts and regulates post-transcriptional gene expression by increasing the rate of mRNA turnover.  Here, we generated a novel TTP mouse line (TTPΔARE) with a 136 base deletion in the 3'UTR AU-rich region of TTP mRNA, which resulted in a moderate increase in TTP protein expression in many tissues.  In this study, we evaluated the effects of the moderate TTP overexpression on the overall pattern of gene expression in spleen, to investigate the effect of this mutation on mRNA targets of TTP under normal conditions.  We utilized ""TTPΔARE"" (136 b deletion in the 3'UTR AU-rich region of Zfp36 mRNA) mice that overexpress TTP and compared the transcriptomic changes to the littermate ""WT"" mice.  Spleen mRNA from four WT and four ""TTPΔARE"" mice were subjected to mRNA-Seq.  All the animals used in this study were males between the ages of 8-12 weeks and were on a C57BL/6 background.",Examination of gene expression differences in mouse spleen from 4 wild-type and 4 TTPΔARE male mice aged 8-12 weeks,,,,30934,GPL13112,Mus musculus,GSE,Expression profiling by high throughput sequencing,2019/01/19,8,ftp://ftp.ncbi.nlm.nih.gov/geo/series/GSE65nnn/GSE65357/,,,,,OSD-288|Mmus_C57-6J_SPL_FLT_1G_Rep3_ag3,Space Flight
28,GSM1593065,0.9886870980262756,GSE65357,"Tristetraprolin (TTP) regulated splenic transcriptome in ""TTPΔARE"" mice",,,"Tristetraprolin (TTP)  binds to specific AU-rich elements in the 3'UTR of certain transcripts and regulates post-transcriptional gene expression by increasing the rate of mRNA turnover.  Here, we generated a novel TTP mouse line (TTPΔARE) with a 136 base deletion in the 3'UTR AU-rich region of TTP mRNA, which resulted in a moderate increase in TTP protein expression in many tissues.  In this study, we evaluated the effects of the moderate TTP overexpression on the overall pattern of gene expression in spleen, to investigate the effect of this mutation on mRNA targets of TTP under normal conditions.  We utilized ""TTPΔARE"" (136 b deletion in the 3'UTR AU-rich region of Zfp36 mRNA) mice that overexpress TTP and compared the transcriptomic changes to the littermate ""WT"" mice.  Spleen mRNA from four WT and four ""TTPΔARE"" mice were subjected to mRNA-Seq.  All the animals used in this study were males between the ages of 8-12 weeks and were on a C57BL/6 background.",Examination of gene expression differences in mouse spleen from 4 wild-type and 4 TTPΔARE male mice aged 8-12 weeks,,,,30932,GPL13112,Mus musculus,GSE,Expression profiling by high throughput sequencing,2019/01/19,8,ftp://ftp.ncbi.nlm.nih.gov/geo/series/GSE65nnn/GSE65357/,,,,,OSD-288|Mmus_C57-6J_SPL_FLT_1G_Rep3_ag3,Space Flight
29,GSM1468527,0.9884545207023621,GSE60243,"Tristetraprolin (TTP) regulated splenic transcriptome in ""Triple KO"" mice",,,"Tristetraprolin (TTP)  binds to specific AU-rich elements in the 3'UTR of certain transcripts and regulates post-transcriptional gene expression by increasing the rate of mRNA turnover.  In this study, we evaluated the effects of TTP deficiency on the overall gene expression of spleen tissue, in order to discover tissue specific targets of TTP under normal physiologic conditions.  We utilized ""Triple KO"" (Zfp36-/-/TNFR1-/-/TNFR2-/-) mice that are deficient in TTP and two TNF receptors and compared the transcriptomic changes to ""Double KO"" (TNFR1-/-/TNFR2-/-) and WT mice.  Spleen mRNA from four WT, four ""Double KO"", and four ""Triple mice"" was subjected to RNA-Seq in two phases.  All the animals used in this study were males between the ages of 12-14 weeks and were on a mixed (75% C57BL/6NTac, 25% 129/SVEV) background.","Examination of splenic gene expression difference between ""Triple KO""-WT and ""double KO""-WT data sets",26976640,,,17061,GPL13112,Mus musculus,GSE,Expression profiling by high throughput sequencing,2016/03/27,16,ftp://ftp.ncbi.nlm.nih.gov/geo/series/GSE60nnn/GSE60243/,Effects of Combined Tristetraprolin/Tumor Necrosis Factor Receptor Deficiency on the Splenic Transcriptome.,Molecular and cellular biology,2016 May,10.1128/MCB.01068-15,OSD-288|Mmus_C57-6J_SPL_FLT_1G_Rep3_ag3,Space Flight
30,GSM1468523,0.9941630959510803,GSE60243,"Tristetraprolin (TTP) regulated splenic transcriptome in ""Triple KO"" mice",,,"Tristetraprolin (TTP)  binds to specific AU-rich elements in the 3'UTR of certain transcripts and regulates post-transcriptional gene expression by increasing the rate of mRNA turnover.  In this study, we evaluated the effects of TTP deficiency on the overall gene expression of spleen tissue, in order to discover tissue specific targets of TTP under normal physiologic conditions.  We utilized ""Triple KO"" (Zfp36-/-/TNFR1-/-/TNFR2-/-) mice that are deficient in TTP and two TNF receptors and compared the transcriptomic changes to ""Double KO"" (TNFR1-/-/TNFR2-/-) and WT mice.  Spleen mRNA from four WT, four ""Double KO"", and four ""Triple mice"" was subjected to RNA-Seq in two phases.  All the animals used in this study were males between the ages of 12-14 weeks and were on a mixed (75% C57BL/6NTac, 25% 129/SVEV) background.","Examination of splenic gene expression difference between ""Triple KO""-WT and ""double KO""-WT data sets",26976640,,,17057,GPL13112,Mus musculus,GSE,Expression profiling by high throughput sequencing,2016/03/27,16,ftp://ftp.ncbi.nlm.nih.gov/geo/series/GSE60nnn/GSE60243/,Effects of Combined Tristetraprolin/Tumor Necrosis Factor Receptor Deficiency on the Splenic Transcriptome.,Molecular and cellular biology,2016 May,10.1128/MCB.01068-15,OSD-288|Mmus_C57-6J_SPL_FLT_uG_Rep1_mg1,Space Flight
31,GSM1468525,0.993482768535614,GSE60243,"Tristetraprolin (TTP) regulated splenic transcriptome in ""Triple KO"" mice",,,"Tristetraprolin (TTP)  binds to specific AU-rich elements in the 3'UTR of certain transcripts and regulates post-transcriptional gene expression by increasing the rate of mRNA turnover.  In this study, we evaluated the effects of TTP deficiency on the overall gene expression of spleen tissue, in order to discover tissue specific targets of TTP under normal physiologic conditions.  We utilized ""Triple KO"" (Zfp36-/-/TNFR1-/-/TNFR2-/-) mice that are deficient in TTP and two TNF receptors and compared the transcriptomic changes to ""Double KO"" (TNFR1-/-/TNFR2-/-) and WT mice.  Spleen mRNA from four WT, four ""Double KO"", and four ""Triple mice"" was subjected to RNA-Seq in two phases.  All the animals used in this study were males between the ages of 12-14 weeks and were on a mixed (75% C57BL/6NTac, 25% 129/SVEV) background.","Examination of splenic gene expression difference between ""Triple KO""-WT and ""double KO""-WT data sets",26976640,,,17059,GPL13112,Mus musculus,GSE,Expression profiling by high throughput sequencing,2016/03/27,16,ftp://ftp.ncbi.nlm.nih.gov/geo/series/GSE60nnn/GSE60243/,Effects of Combined Tristetraprolin/Tumor Necrosis Factor Receptor Deficiency on the Splenic Transcriptome.,Molecular and cellular biology,2016 May,10.1128/MCB.01068-15,OSD-288|Mmus_C57-6J_SPL_FLT_uG_Rep1_mg1,Space Flight
32,GSM1468526,0.9922751188278198,GSE60243,"Tristetraprolin (TTP) regulated splenic transcriptome in ""Triple KO"" mice",,,"Tristetraprolin (TTP)  binds to specific AU-rich elements in the 3'UTR of certain transcripts and regulates post-transcriptional gene expression by increasing the rate of mRNA turnover.  In this study, we evaluated the effects of TTP deficiency on the overall gene expression of spleen tissue, in order to discover tissue specific targets of TTP under normal physiologic conditions.  We utilized ""Triple KO"" (Zfp36-/-/TNFR1-/-/TNFR2-/-) mice that are deficient in TTP and two TNF receptors and compared the transcriptomic changes to ""Double KO"" (TNFR1-/-/TNFR2-/-) and WT mice.  Spleen mRNA from four WT, four ""Double KO"", and four ""Triple mice"" was subjected to RNA-Seq in two phases.  All the animals used in this study were males between the ages of 12-14 weeks and were on a mixed (75% C57BL/6NTac, 25% 129/SVEV) background.","Examination of splenic gene expression difference between ""Triple KO""-WT and ""double KO""-WT data sets",26976640,,,17060,GPL13112,Mus musculus,GSE,Expression profiling by high throughput sequencing,2016/03/27,16,ftp://ftp.ncbi.nlm.nih.gov/geo/series/GSE60nnn/GSE60243/,Effects of Combined Tristetraprolin/Tumor Necrosis Factor Receptor Deficiency on the Splenic Transcriptome.,Molecular and cellular biology,2016 May,10.1128/MCB.01068-15,OSD-288|Mmus_C57-6J_SPL_FLT_uG_Rep1_mg1,Space Flight
33,GSM1468524,0.9922188520431519,GSE60243,"Tristetraprolin (TTP) regulated splenic transcriptome in ""Triple KO"" mice",,,"Tristetraprolin (TTP)  binds to specific AU-rich elements in the 3'UTR of certain transcripts and regulates post-transcriptional gene expression by increasing the rate of mRNA turnover.  In this study, we evaluated the effects of TTP deficiency on the overall gene expression of spleen tissue, in order to discover tissue specific targets of TTP under normal physiologic conditions.  We utilized ""Triple KO"" (Zfp36-/-/TNFR1-/-/TNFR2-/-) mice that are deficient in TTP and two TNF receptors and compared the transcriptomic changes to ""Double KO"" (TNFR1-/-/TNFR2-/-) and WT mice.  Spleen mRNA from four WT, four ""Double KO"", and four ""Triple mice"" was subjected to RNA-Seq in two phases.  All the animals used in this study were males between the ages of 12-14 weeks and were on a mixed (75% C57BL/6NTac, 25% 129/SVEV) background.","Examination of splenic gene expression difference between ""Triple KO""-WT and ""double KO""-WT data sets",26976640,,,17058,GPL13112,Mus musculus,GSE,Expression profiling by high throughput sequencing,2016/03/27,16,ftp://ftp.ncbi.nlm.nih.gov/geo/series/GSE60nnn/GSE60243/,Effects of Combined Tristetraprolin/Tumor Necrosis Factor Receptor Deficiency on the Splenic Transcriptome.,Molecular and cellular biology,2016 May,10.1128/MCB.01068-15,OSD-288|Mmus_C57-6J_SPL_FLT_uG_Rep1_mg1,Space Flight
34,GSM1468528,0.9903088808059692,GSE60243,"Tristetraprolin (TTP) regulated splenic transcriptome in ""Triple KO"" mice",,,"Tristetraprolin (TTP)  binds to specific AU-rich elements in the 3'UTR of certain transcripts and regulates post-transcriptional gene expression by increasing the rate of mRNA turnover.  In this study, we evaluated the effects of TTP deficiency on the overall gene expression of spleen tissue, in order to discover tissue specific targets of TTP under normal physiologic conditions.  We utilized ""Triple KO"" (Zfp36-/-/TNFR1-/-/TNFR2-/-) mice that are deficient in TTP and two TNF receptors and compared the transcriptomic changes to ""Double KO"" (TNFR1-/-/TNFR2-/-) and WT mice.  Spleen mRNA from four WT, four ""Double KO"", and four ""Triple mice"" was subjected to RNA-Seq in two phases.  All the animals used in this study were males between the ages of 12-14 weeks and were on a mixed (75% C57BL/6NTac, 25% 129/SVEV) background.","Examination of splenic gene expression difference between ""Triple KO""-WT and ""double KO""-WT data sets",26976640,,,17062,GPL13112,Mus musculus,GSE,Expression profiling by high throughput sequencing,2016/03/27,16,ftp://ftp.ncbi.nlm.nih.gov/geo/series/GSE60nnn/GSE60243/,Effects of Combined Tristetraprolin/Tumor Necrosis Factor Receptor Deficiency on the Splenic Transcriptome.,Molecular and cellular biology,2016 May,10.1128/MCB.01068-15,OSD-288|Mmus_C57-6J_SPL_FLT_uG_Rep1_mg1,Space Flight
35,GSM6394773,0.9880974292755127,GSE209752,Gut commensal bacteria enhance pathogenesis of a tumorigenic murine retrovirus,,,"The influence of the microbiota on viral transmission and replication is well appreciated. However, its impact on retroviral pathogenesis outside of transmission/replication control remained unknown. Using Murine Leukemia Virus (MuLV), we found that some commensal bacteria promoted the development of leukemia induced by this retrovirus. The promotion of leukemia development by commensals was due to suppression of the adaptive immune response through upregulation of several negative regulators of immunity. These negative regulators included Serpinb9b and Rnf128, which are associated with a poor prognosis of some spontaneous human cancers. Upregulation of Serpinb9b was mediated by sensing of bacteria by NOD1/NOD2/RIPK2 pathway. This work describes a novel mechanism by which the microbiota enhances tumorigenesis within gut-distant organs and points at potential new targets for cancer therapy.",RNAseq was performed on splenic RNA from infected and uninfected GF and SPF BALB/cJ mice,36103821,,,659548,GPL17021,Mus musculus,GSE,Expression profiling by high throughput sequencing,2022/07/29,12,ftp://ftp.ncbi.nlm.nih.gov/geo/series/GSE209nnn/GSE209752/,Gut commensal bacteria enhance pathogenesis of a tumorigenic murine retrovirus.,Cell reports,2022 Sep 13,10.1016/j.celrep.2022.111341,OSD-288|Mmus_C57-6J_SPL_FLT_uG_Rep1_mg1,Space Flight
36,GSM6394775,0.9871302247047424,GSE209752,Gut commensal bacteria enhance pathogenesis of a tumorigenic murine retrovirus,,,"The influence of the microbiota on viral transmission and replication is well appreciated. However, its impact on retroviral pathogenesis outside of transmission/replication control remained unknown. Using Murine Leukemia Virus (MuLV), we found that some commensal bacteria promoted the development of leukemia induced by this retrovirus. The promotion of leukemia development by commensals was due to suppression of the adaptive immune response through upregulation of several negative regulators of immunity. These negative regulators included Serpinb9b and Rnf128, which are associated with a poor prognosis of some spontaneous human cancers. Upregulation of Serpinb9b was mediated by sensing of bacteria by NOD1/NOD2/RIPK2 pathway. This work describes a novel mechanism by which the microbiota enhances tumorigenesis within gut-distant organs and points at potential new targets for cancer therapy.",RNAseq was performed on splenic RNA from infected and uninfected GF and SPF BALB/cJ mice,36103821,,,659550,GPL17021,Mus musculus,GSE,Expression profiling by high throughput sequencing,2022/07/29,12,ftp://ftp.ncbi.nlm.nih.gov/geo/series/GSE209nnn/GSE209752/,Gut commensal bacteria enhance pathogenesis of a tumorigenic murine retrovirus.,Cell reports,2022 Sep 13,10.1016/j.celrep.2022.111341,OSD-288|Mmus_C57-6J_SPL_FLT_uG_Rep1_mg1,Space Flight
37,GSM6394774,0.9870868921279907,GSE209752,Gut commensal bacteria enhance pathogenesis of a tumorigenic murine retrovirus,,,"The influence of the microbiota on viral transmission and replication is well appreciated. However, its impact on retroviral pathogenesis outside of transmission/replication control remained unknown. Using Murine Leukemia Virus (MuLV), we found that some commensal bacteria promoted the development of leukemia induced by this retrovirus. The promotion of leukemia development by commensals was due to suppression of the adaptive immune response through upregulation of several negative regulators of immunity. These negative regulators included Serpinb9b and Rnf128, which are associated with a poor prognosis of some spontaneous human cancers. Upregulation of Serpinb9b was mediated by sensing of bacteria by NOD1/NOD2/RIPK2 pathway. This work describes a novel mechanism by which the microbiota enhances tumorigenesis within gut-distant organs and points at potential new targets for cancer therapy.",RNAseq was performed on splenic RNA from infected and uninfected GF and SPF BALB/cJ mice,36103821,,,659549,GPL17021,Mus musculus,GSE,Expression profiling by high throughput sequencing,2022/07/29,12,ftp://ftp.ncbi.nlm.nih.gov/geo/series/GSE209nnn/GSE209752/,Gut commensal bacteria enhance pathogenesis of a tumorigenic murine retrovirus.,Cell reports,2022 Sep 13,10.1016/j.celrep.2022.111341,OSD-288|Mmus_C57-6J_SPL_FLT_uG_Rep1_mg1,Space Flight
38,GSM1468531,0.9870346784591675,GSE60243,"Tristetraprolin (TTP) regulated splenic transcriptome in ""Triple KO"" mice",,,"Tristetraprolin (TTP)  binds to specific AU-rich elements in the 3'UTR of certain transcripts and regulates post-transcriptional gene expression by increasing the rate of mRNA turnover.  In this study, we evaluated the effects of TTP deficiency on the overall gene expression of spleen tissue, in order to discover tissue specific targets of TTP under normal physiologic conditions.  We utilized ""Triple KO"" (Zfp36-/-/TNFR1-/-/TNFR2-/-) mice that are deficient in TTP and two TNF receptors and compared the transcriptomic changes to ""Double KO"" (TNFR1-/-/TNFR2-/-) and WT mice.  Spleen mRNA from four WT, four ""Double KO"", and four ""Triple mice"" was subjected to RNA-Seq in two phases.  All the animals used in this study were males between the ages of 12-14 weeks and were on a mixed (75% C57BL/6NTac, 25% 129/SVEV) background.","Examination of splenic gene expression difference between ""Triple KO""-WT and ""double KO""-WT data sets",26976640,,,17065,GPL13112,Mus musculus,GSE,Expression profiling by high throughput sequencing,2016/03/27,16,ftp://ftp.ncbi.nlm.nih.gov/geo/series/GSE60nnn/GSE60243/,Effects of Combined Tristetraprolin/Tumor Necrosis Factor Receptor Deficiency on the Splenic Transcriptome.,Molecular and cellular biology,2016 May,10.1128/MCB.01068-15,OSD-288|Mmus_C57-6J_SPL_FLT_uG_Rep1_mg1,Space Flight
39,GSM1468527,0.9855741262435913,GSE60243,"Tristetraprolin (TTP) regulated splenic transcriptome in ""Triple KO"" mice",,,"Tristetraprolin (TTP)  binds to specific AU-rich elements in the 3'UTR of certain transcripts and regulates post-transcriptional gene expression by increasing the rate of mRNA turnover.  In this study, we evaluated the effects of TTP deficiency on the overall gene expression of spleen tissue, in order to discover tissue specific targets of TTP under normal physiologic conditions.  We utilized ""Triple KO"" (Zfp36-/-/TNFR1-/-/TNFR2-/-) mice that are deficient in TTP and two TNF receptors and compared the transcriptomic changes to ""Double KO"" (TNFR1-/-/TNFR2-/-) and WT mice.  Spleen mRNA from four WT, four ""Double KO"", and four ""Triple mice"" was subjected to RNA-Seq in two phases.  All the animals used in this study were males between the ages of 12-14 weeks and were on a mixed (75% C57BL/6NTac, 25% 129/SVEV) background.","Examination of splenic gene expression difference between ""Triple KO""-WT and ""double KO""-WT data sets",26976640,,,17061,GPL13112,Mus musculus,GSE,Expression profiling by high throughput sequencing,2016/03/27,16,ftp://ftp.ncbi.nlm.nih.gov/geo/series/GSE60nnn/GSE60243/,Effects of Combined Tristetraprolin/Tumor Necrosis Factor Receptor Deficiency on the Splenic Transcriptome.,Molecular and cellular biology,2016 May,10.1128/MCB.01068-15,OSD-288|Mmus_C57-6J_SPL_FLT_uG_Rep1_mg1,Space Flight
40,GSM1468523,0.9950717687606812,GSE60243,"Tristetraprolin (TTP) regulated splenic transcriptome in ""Triple KO"" mice",,,"Tristetraprolin (TTP)  binds to specific AU-rich elements in the 3'UTR of certain transcripts and regulates post-transcriptional gene expression by increasing the rate of mRNA turnover.  In this study, we evaluated the effects of TTP deficiency on the overall gene expression of spleen tissue, in order to discover tissue specific targets of TTP under normal physiologic conditions.  We utilized ""Triple KO"" (Zfp36-/-/TNFR1-/-/TNFR2-/-) mice that are deficient in TTP and two TNF receptors and compared the transcriptomic changes to ""Double KO"" (TNFR1-/-/TNFR2-/-) and WT mice.  Spleen mRNA from four WT, four ""Double KO"", and four ""Triple mice"" was subjected to RNA-Seq in two phases.  All the animals used in this study were males between the ages of 12-14 weeks and were on a mixed (75% C57BL/6NTac, 25% 129/SVEV) background.","Examination of splenic gene expression difference between ""Triple KO""-WT and ""double KO""-WT data sets",26976640,,,17057,GPL13112,Mus musculus,GSE,Expression profiling by high throughput sequencing,2016/03/27,16,ftp://ftp.ncbi.nlm.nih.gov/geo/series/GSE60nnn/GSE60243/,Effects of Combined Tristetraprolin/Tumor Necrosis Factor Receptor Deficiency on the Splenic Transcriptome.,Molecular and cellular biology,2016 May,10.1128/MCB.01068-15,OSD-288|Mmus_C57-6J_SPL_FLT_uG_Rep2_mg2,Space Flight
41,GSM1468525,0.994177520275116,GSE60243,"Tristetraprolin (TTP) regulated splenic transcriptome in ""Triple KO"" mice",,,"Tristetraprolin (TTP)  binds to specific AU-rich elements in the 3'UTR of certain transcripts and regulates post-transcriptional gene expression by increasing the rate of mRNA turnover.  In this study, we evaluated the effects of TTP deficiency on the overall gene expression of spleen tissue, in order to discover tissue specific targets of TTP under normal physiologic conditions.  We utilized ""Triple KO"" (Zfp36-/-/TNFR1-/-/TNFR2-/-) mice that are deficient in TTP and two TNF receptors and compared the transcriptomic changes to ""Double KO"" (TNFR1-/-/TNFR2-/-) and WT mice.  Spleen mRNA from four WT, four ""Double KO"", and four ""Triple mice"" was subjected to RNA-Seq in two phases.  All the animals used in this study were males between the ages of 12-14 weeks and were on a mixed (75% C57BL/6NTac, 25% 129/SVEV) background.","Examination of splenic gene expression difference between ""Triple KO""-WT and ""double KO""-WT data sets",26976640,,,17059,GPL13112,Mus musculus,GSE,Expression profiling by high throughput sequencing,2016/03/27,16,ftp://ftp.ncbi.nlm.nih.gov/geo/series/GSE60nnn/GSE60243/,Effects of Combined Tristetraprolin/Tumor Necrosis Factor Receptor Deficiency on the Splenic Transcriptome.,Molecular and cellular biology,2016 May,10.1128/MCB.01068-15,OSD-288|Mmus_C57-6J_SPL_FLT_uG_Rep2_mg2,Space Flight
42,GSM1468526,0.9933233261108398,GSE60243,"Tristetraprolin (TTP) regulated splenic transcriptome in ""Triple KO"" mice",,,"Tristetraprolin (TTP)  binds to specific AU-rich elements in the 3'UTR of certain transcripts and regulates post-transcriptional gene expression by increasing the rate of mRNA turnover.  In this study, we evaluated the effects of TTP deficiency on the overall gene expression of spleen tissue, in order to discover tissue specific targets of TTP under normal physiologic conditions.  We utilized ""Triple KO"" (Zfp36-/-/TNFR1-/-/TNFR2-/-) mice that are deficient in TTP and two TNF receptors and compared the transcriptomic changes to ""Double KO"" (TNFR1-/-/TNFR2-/-) and WT mice.  Spleen mRNA from four WT, four ""Double KO"", and four ""Triple mice"" was subjected to RNA-Seq in two phases.  All the animals used in this study were males between the ages of 12-14 weeks and were on a mixed (75% C57BL/6NTac, 25% 129/SVEV) background.","Examination of splenic gene expression difference between ""Triple KO""-WT and ""double KO""-WT data sets",26976640,,,17060,GPL13112,Mus musculus,GSE,Expression profiling by high throughput sequencing,2016/03/27,16,ftp://ftp.ncbi.nlm.nih.gov/geo/series/GSE60nnn/GSE60243/,Effects of Combined Tristetraprolin/Tumor Necrosis Factor Receptor Deficiency on the Splenic Transcriptome.,Molecular and cellular biology,2016 May,10.1128/MCB.01068-15,OSD-288|Mmus_C57-6J_SPL_FLT_uG_Rep2_mg2,Space Flight
43,GSM1468524,0.9932577610015869,GSE60243,"Tristetraprolin (TTP) regulated splenic transcriptome in ""Triple KO"" mice",,,"Tristetraprolin (TTP)  binds to specific AU-rich elements in the 3'UTR of certain transcripts and regulates post-transcriptional gene expression by increasing the rate of mRNA turnover.  In this study, we evaluated the effects of TTP deficiency on the overall gene expression of spleen tissue, in order to discover tissue specific targets of TTP under normal physiologic conditions.  We utilized ""Triple KO"" (Zfp36-/-/TNFR1-/-/TNFR2-/-) mice that are deficient in TTP and two TNF receptors and compared the transcriptomic changes to ""Double KO"" (TNFR1-/-/TNFR2-/-) and WT mice.  Spleen mRNA from four WT, four ""Double KO"", and four ""Triple mice"" was subjected to RNA-Seq in two phases.  All the animals used in this study were males between the ages of 12-14 weeks and were on a mixed (75% C57BL/6NTac, 25% 129/SVEV) background.","Examination of splenic gene expression difference between ""Triple KO""-WT and ""double KO""-WT data sets",26976640,,,17058,GPL13112,Mus musculus,GSE,Expression profiling by high throughput sequencing,2016/03/27,16,ftp://ftp.ncbi.nlm.nih.gov/geo/series/GSE60nnn/GSE60243/,Effects of Combined Tristetraprolin/Tumor Necrosis Factor Receptor Deficiency on the Splenic Transcriptome.,Molecular and cellular biology,2016 May,10.1128/MCB.01068-15,OSD-288|Mmus_C57-6J_SPL_FLT_uG_Rep2_mg2,Space Flight
44,GSM1468528,0.9914911985397339,GSE60243,"Tristetraprolin (TTP) regulated splenic transcriptome in ""Triple KO"" mice",,,"Tristetraprolin (TTP)  binds to specific AU-rich elements in the 3'UTR of certain transcripts and regulates post-transcriptional gene expression by increasing the rate of mRNA turnover.  In this study, we evaluated the effects of TTP deficiency on the overall gene expression of spleen tissue, in order to discover tissue specific targets of TTP under normal physiologic conditions.  We utilized ""Triple KO"" (Zfp36-/-/TNFR1-/-/TNFR2-/-) mice that are deficient in TTP and two TNF receptors and compared the transcriptomic changes to ""Double KO"" (TNFR1-/-/TNFR2-/-) and WT mice.  Spleen mRNA from four WT, four ""Double KO"", and four ""Triple mice"" was subjected to RNA-Seq in two phases.  All the animals used in this study were males between the ages of 12-14 weeks and were on a mixed (75% C57BL/6NTac, 25% 129/SVEV) background.","Examination of splenic gene expression difference between ""Triple KO""-WT and ""double KO""-WT data sets",26976640,,,17062,GPL13112,Mus musculus,GSE,Expression profiling by high throughput sequencing,2016/03/27,16,ftp://ftp.ncbi.nlm.nih.gov/geo/series/GSE60nnn/GSE60243/,Effects of Combined Tristetraprolin/Tumor Necrosis Factor Receptor Deficiency on the Splenic Transcriptome.,Molecular and cellular biology,2016 May,10.1128/MCB.01068-15,OSD-288|Mmus_C57-6J_SPL_FLT_uG_Rep2_mg2,Space Flight
45,GSM6394773,0.9893094897270203,GSE209752,Gut commensal bacteria enhance pathogenesis of a tumorigenic murine retrovirus,,,"The influence of the microbiota on viral transmission and replication is well appreciated. However, its impact on retroviral pathogenesis outside of transmission/replication control remained unknown. Using Murine Leukemia Virus (MuLV), we found that some commensal bacteria promoted the development of leukemia induced by this retrovirus. The promotion of leukemia development by commensals was due to suppression of the adaptive immune response through upregulation of several negative regulators of immunity. These negative regulators included Serpinb9b and Rnf128, which are associated with a poor prognosis of some spontaneous human cancers. Upregulation of Serpinb9b was mediated by sensing of bacteria by NOD1/NOD2/RIPK2 pathway. This work describes a novel mechanism by which the microbiota enhances tumorigenesis within gut-distant organs and points at potential new targets for cancer therapy.",RNAseq was performed on splenic RNA from infected and uninfected GF and SPF BALB/cJ mice,36103821,,,659548,GPL17021,Mus musculus,GSE,Expression profiling by high throughput sequencing,2022/07/29,12,ftp://ftp.ncbi.nlm.nih.gov/geo/series/GSE209nnn/GSE209752/,Gut commensal bacteria enhance pathogenesis of a tumorigenic murine retrovirus.,Cell reports,2022 Sep 13,10.1016/j.celrep.2022.111341,OSD-288|Mmus_C57-6J_SPL_FLT_uG_Rep2_mg2,Space Flight
46,GSM6394775,0.9886422157287598,GSE209752,Gut commensal bacteria enhance pathogenesis of a tumorigenic murine retrovirus,,,"The influence of the microbiota on viral transmission and replication is well appreciated. However, its impact on retroviral pathogenesis outside of transmission/replication control remained unknown. Using Murine Leukemia Virus (MuLV), we found that some commensal bacteria promoted the development of leukemia induced by this retrovirus. The promotion of leukemia development by commensals was due to suppression of the adaptive immune response through upregulation of several negative regulators of immunity. These negative regulators included Serpinb9b and Rnf128, which are associated with a poor prognosis of some spontaneous human cancers. Upregulation of Serpinb9b was mediated by sensing of bacteria by NOD1/NOD2/RIPK2 pathway. This work describes a novel mechanism by which the microbiota enhances tumorigenesis within gut-distant organs and points at potential new targets for cancer therapy.",RNAseq was performed on splenic RNA from infected and uninfected GF and SPF BALB/cJ mice,36103821,,,659550,GPL17021,Mus musculus,GSE,Expression profiling by high throughput sequencing,2022/07/29,12,ftp://ftp.ncbi.nlm.nih.gov/geo/series/GSE209nnn/GSE209752/,Gut commensal bacteria enhance pathogenesis of a tumorigenic murine retrovirus.,Cell reports,2022 Sep 13,10.1016/j.celrep.2022.111341,OSD-288|Mmus_C57-6J_SPL_FLT_uG_Rep2_mg2,Space Flight
47,GSM1468531,0.988586962223053,GSE60243,"Tristetraprolin (TTP) regulated splenic transcriptome in ""Triple KO"" mice",,,"Tristetraprolin (TTP)  binds to specific AU-rich elements in the 3'UTR of certain transcripts and regulates post-transcriptional gene expression by increasing the rate of mRNA turnover.  In this study, we evaluated the effects of TTP deficiency on the overall gene expression of spleen tissue, in order to discover tissue specific targets of TTP under normal physiologic conditions.  We utilized ""Triple KO"" (Zfp36-/-/TNFR1-/-/TNFR2-/-) mice that are deficient in TTP and two TNF receptors and compared the transcriptomic changes to ""Double KO"" (TNFR1-/-/TNFR2-/-) and WT mice.  Spleen mRNA from four WT, four ""Double KO"", and four ""Triple mice"" was subjected to RNA-Seq in two phases.  All the animals used in this study were males between the ages of 12-14 weeks and were on a mixed (75% C57BL/6NTac, 25% 129/SVEV) background.","Examination of splenic gene expression difference between ""Triple KO""-WT and ""double KO""-WT data sets",26976640,,,17065,GPL13112,Mus musculus,GSE,Expression profiling by high throughput sequencing,2016/03/27,16,ftp://ftp.ncbi.nlm.nih.gov/geo/series/GSE60nnn/GSE60243/,Effects of Combined Tristetraprolin/Tumor Necrosis Factor Receptor Deficiency on the Splenic Transcriptome.,Molecular and cellular biology,2016 May,10.1128/MCB.01068-15,OSD-288|Mmus_C57-6J_SPL_FLT_uG_Rep2_mg2,Space Flight
48,GSM6394774,0.9882396459579468,GSE209752,Gut commensal bacteria enhance pathogenesis of a tumorigenic murine retrovirus,,,"The influence of the microbiota on viral transmission and replication is well appreciated. However, its impact on retroviral pathogenesis outside of transmission/replication control remained unknown. Using Murine Leukemia Virus (MuLV), we found that some commensal bacteria promoted the development of leukemia induced by this retrovirus. The promotion of leukemia development by commensals was due to suppression of the adaptive immune response through upregulation of several negative regulators of immunity. These negative regulators included Serpinb9b and Rnf128, which are associated with a poor prognosis of some spontaneous human cancers. Upregulation of Serpinb9b was mediated by sensing of bacteria by NOD1/NOD2/RIPK2 pathway. This work describes a novel mechanism by which the microbiota enhances tumorigenesis within gut-distant organs and points at potential new targets for cancer therapy.",RNAseq was performed on splenic RNA from infected and uninfected GF and SPF BALB/cJ mice,36103821,,,659549,GPL17021,Mus musculus,GSE,Expression profiling by high throughput sequencing,2022/07/29,12,ftp://ftp.ncbi.nlm.nih.gov/geo/series/GSE209nnn/GSE209752/,Gut commensal bacteria enhance pathogenesis of a tumorigenic murine retrovirus.,Cell reports,2022 Sep 13,10.1016/j.celrep.2022.111341,OSD-288|Mmus_C57-6J_SPL_FLT_uG_Rep2_mg2,Space Flight
49,GSM1593068,0.9871447682380676,GSE65357,"Tristetraprolin (TTP) regulated splenic transcriptome in ""TTPΔARE"" mice",,,"Tristetraprolin (TTP)  binds to specific AU-rich elements in the 3'UTR of certain transcripts and regulates post-transcriptional gene expression by increasing the rate of mRNA turnover.  Here, we generated a novel TTP mouse line (TTPΔARE) with a 136 base deletion in the 3'UTR AU-rich region of TTP mRNA, which resulted in a moderate increase in TTP protein expression in many tissues.  In this study, we evaluated the effects of the moderate TTP overexpression on the overall pattern of gene expression in spleen, to investigate the effect of this mutation on mRNA targets of TTP under normal conditions.  We utilized ""TTPΔARE"" (136 b deletion in the 3'UTR AU-rich region of Zfp36 mRNA) mice that overexpress TTP and compared the transcriptomic changes to the littermate ""WT"" mice.  Spleen mRNA from four WT and four ""TTPΔARE"" mice were subjected to mRNA-Seq.  All the animals used in this study were males between the ages of 8-12 weeks and were on a C57BL/6 background.",Examination of gene expression differences in mouse spleen from 4 wild-type and 4 TTPΔARE male mice aged 8-12 weeks,,,,30935,GPL13112,Mus musculus,GSE,Expression profiling by high throughput sequencing,2019/01/19,8,ftp://ftp.ncbi.nlm.nih.gov/geo/series/GSE65nnn/GSE65357/,,,,,OSD-288|Mmus_C57-6J_SPL_FLT_uG_Rep2_mg2,Space Flight
50,GSM1468523,0.995142936706543,GSE60243,"Tristetraprolin (TTP) regulated splenic transcriptome in ""Triple KO"" mice",,,"Tristetraprolin (TTP)  binds to specific AU-rich elements in the 3'UTR of certain transcripts and regulates post-transcriptional gene expression by increasing the rate of mRNA turnover.  In this study, we evaluated the effects of TTP deficiency on the overall gene expression of spleen tissue, in order to discover tissue specific targets of TTP under normal physiologic conditions.  We utilized ""Triple KO"" (Zfp36-/-/TNFR1-/-/TNFR2-/-) mice that are deficient in TTP and two TNF receptors and compared the transcriptomic changes to ""Double KO"" (TNFR1-/-/TNFR2-/-) and WT mice.  Spleen mRNA from four WT, four ""Double KO"", and four ""Triple mice"" was subjected to RNA-Seq in two phases.  All the animals used in this study were males between the ages of 12-14 weeks and were on a mixed (75% C57BL/6NTac, 25% 129/SVEV) background.","Examination of splenic gene expression difference between ""Triple KO""-WT and ""double KO""-WT data sets",26976640,,,17057,GPL13112,Mus musculus,GSE,Expression profiling by high throughput sequencing,2016/03/27,16,ftp://ftp.ncbi.nlm.nih.gov/geo/series/GSE60nnn/GSE60243/,Effects of Combined Tristetraprolin/Tumor Necrosis Factor Receptor Deficiency on the Splenic Transcriptome.,Molecular and cellular biology,2016 May,10.1128/MCB.01068-15,OSD-288|Mmus_C57-6J_SPL_FLT_uG_Rep3_mg3,Space Flight
51,GSM1468525,0.9941840171813965,GSE60243,"Tristetraprolin (TTP) regulated splenic transcriptome in ""Triple KO"" mice",,,"Tristetraprolin (TTP)  binds to specific AU-rich elements in the 3'UTR of certain transcripts and regulates post-transcriptional gene expression by increasing the rate of mRNA turnover.  In this study, we evaluated the effects of TTP deficiency on the overall gene expression of spleen tissue, in order to discover tissue specific targets of TTP under normal physiologic conditions.  We utilized ""Triple KO"" (Zfp36-/-/TNFR1-/-/TNFR2-/-) mice that are deficient in TTP and two TNF receptors and compared the transcriptomic changes to ""Double KO"" (TNFR1-/-/TNFR2-/-) and WT mice.  Spleen mRNA from four WT, four ""Double KO"", and four ""Triple mice"" was subjected to RNA-Seq in two phases.  All the animals used in this study were males between the ages of 12-14 weeks and were on a mixed (75% C57BL/6NTac, 25% 129/SVEV) background.","Examination of splenic gene expression difference between ""Triple KO""-WT and ""double KO""-WT data sets",26976640,,,17059,GPL13112,Mus musculus,GSE,Expression profiling by high throughput sequencing,2016/03/27,16,ftp://ftp.ncbi.nlm.nih.gov/geo/series/GSE60nnn/GSE60243/,Effects of Combined Tristetraprolin/Tumor Necrosis Factor Receptor Deficiency on the Splenic Transcriptome.,Molecular and cellular biology,2016 May,10.1128/MCB.01068-15,OSD-288|Mmus_C57-6J_SPL_FLT_uG_Rep3_mg3,Space Flight
52,GSM1468526,0.9934817552566528,GSE60243,"Tristetraprolin (TTP) regulated splenic transcriptome in ""Triple KO"" mice",,,"Tristetraprolin (TTP)  binds to specific AU-rich elements in the 3'UTR of certain transcripts and regulates post-transcriptional gene expression by increasing the rate of mRNA turnover.  In this study, we evaluated the effects of TTP deficiency on the overall gene expression of spleen tissue, in order to discover tissue specific targets of TTP under normal physiologic conditions.  We utilized ""Triple KO"" (Zfp36-/-/TNFR1-/-/TNFR2-/-) mice that are deficient in TTP and two TNF receptors and compared the transcriptomic changes to ""Double KO"" (TNFR1-/-/TNFR2-/-) and WT mice.  Spleen mRNA from four WT, four ""Double KO"", and four ""Triple mice"" was subjected to RNA-Seq in two phases.  All the animals used in this study were males between the ages of 12-14 weeks and were on a mixed (75% C57BL/6NTac, 25% 129/SVEV) background.","Examination of splenic gene expression difference between ""Triple KO""-WT and ""double KO""-WT data sets",26976640,,,17060,GPL13112,Mus musculus,GSE,Expression profiling by high throughput sequencing,2016/03/27,16,ftp://ftp.ncbi.nlm.nih.gov/geo/series/GSE60nnn/GSE60243/,Effects of Combined Tristetraprolin/Tumor Necrosis Factor Receptor Deficiency on the Splenic Transcriptome.,Molecular and cellular biology,2016 May,10.1128/MCB.01068-15,OSD-288|Mmus_C57-6J_SPL_FLT_uG_Rep3_mg3,Space Flight
53,GSM1468524,0.9933397769927979,GSE60243,"Tristetraprolin (TTP) regulated splenic transcriptome in ""Triple KO"" mice",,,"Tristetraprolin (TTP)  binds to specific AU-rich elements in the 3'UTR of certain transcripts and regulates post-transcriptional gene expression by increasing the rate of mRNA turnover.  In this study, we evaluated the effects of TTP deficiency on the overall gene expression of spleen tissue, in order to discover tissue specific targets of TTP under normal physiologic conditions.  We utilized ""Triple KO"" (Zfp36-/-/TNFR1-/-/TNFR2-/-) mice that are deficient in TTP and two TNF receptors and compared the transcriptomic changes to ""Double KO"" (TNFR1-/-/TNFR2-/-) and WT mice.  Spleen mRNA from four WT, four ""Double KO"", and four ""Triple mice"" was subjected to RNA-Seq in two phases.  All the animals used in this study were males between the ages of 12-14 weeks and were on a mixed (75% C57BL/6NTac, 25% 129/SVEV) background.","Examination of splenic gene expression difference between ""Triple KO""-WT and ""double KO""-WT data sets",26976640,,,17058,GPL13112,Mus musculus,GSE,Expression profiling by high throughput sequencing,2016/03/27,16,ftp://ftp.ncbi.nlm.nih.gov/geo/series/GSE60nnn/GSE60243/,Effects of Combined Tristetraprolin/Tumor Necrosis Factor Receptor Deficiency on the Splenic Transcriptome.,Molecular and cellular biology,2016 May,10.1128/MCB.01068-15,OSD-288|Mmus_C57-6J_SPL_FLT_uG_Rep3_mg3,Space Flight
54,GSM1468528,0.9914823174476624,GSE60243,"Tristetraprolin (TTP) regulated splenic transcriptome in ""Triple KO"" mice",,,"Tristetraprolin (TTP)  binds to specific AU-rich elements in the 3'UTR of certain transcripts and regulates post-transcriptional gene expression by increasing the rate of mRNA turnover.  In this study, we evaluated the effects of TTP deficiency on the overall gene expression of spleen tissue, in order to discover tissue specific targets of TTP under normal physiologic conditions.  We utilized ""Triple KO"" (Zfp36-/-/TNFR1-/-/TNFR2-/-) mice that are deficient in TTP and two TNF receptors and compared the transcriptomic changes to ""Double KO"" (TNFR1-/-/TNFR2-/-) and WT mice.  Spleen mRNA from four WT, four ""Double KO"", and four ""Triple mice"" was subjected to RNA-Seq in two phases.  All the animals used in this study were males between the ages of 12-14 weeks and were on a mixed (75% C57BL/6NTac, 25% 129/SVEV) background.","Examination of splenic gene expression difference between ""Triple KO""-WT and ""double KO""-WT data sets",26976640,,,17062,GPL13112,Mus musculus,GSE,Expression profiling by high throughput sequencing,2016/03/27,16,ftp://ftp.ncbi.nlm.nih.gov/geo/series/GSE60nnn/GSE60243/,Effects of Combined Tristetraprolin/Tumor Necrosis Factor Receptor Deficiency on the Splenic Transcriptome.,Molecular and cellular biology,2016 May,10.1128/MCB.01068-15,OSD-288|Mmus_C57-6J_SPL_FLT_uG_Rep3_mg3,Space Flight
55,GSM6394773,0.9894785284996033,GSE209752,Gut commensal bacteria enhance pathogenesis of a tumorigenic murine retrovirus,,,"The influence of the microbiota on viral transmission and replication is well appreciated. However, its impact on retroviral pathogenesis outside of transmission/replication control remained unknown. Using Murine Leukemia Virus (MuLV), we found that some commensal bacteria promoted the development of leukemia induced by this retrovirus. The promotion of leukemia development by commensals was due to suppression of the adaptive immune response through upregulation of several negative regulators of immunity. These negative regulators included Serpinb9b and Rnf128, which are associated with a poor prognosis of some spontaneous human cancers. Upregulation of Serpinb9b was mediated by sensing of bacteria by NOD1/NOD2/RIPK2 pathway. This work describes a novel mechanism by which the microbiota enhances tumorigenesis within gut-distant organs and points at potential new targets for cancer therapy.",RNAseq was performed on splenic RNA from infected and uninfected GF and SPF BALB/cJ mice,36103821,,,659548,GPL17021,Mus musculus,GSE,Expression profiling by high throughput sequencing,2022/07/29,12,ftp://ftp.ncbi.nlm.nih.gov/geo/series/GSE209nnn/GSE209752/,Gut commensal bacteria enhance pathogenesis of a tumorigenic murine retrovirus.,Cell reports,2022 Sep 13,10.1016/j.celrep.2022.111341,OSD-288|Mmus_C57-6J_SPL_FLT_uG_Rep3_mg3,Space Flight
56,GSM1468531,0.9889580011367798,GSE60243,"Tristetraprolin (TTP) regulated splenic transcriptome in ""Triple KO"" mice",,,"Tristetraprolin (TTP)  binds to specific AU-rich elements in the 3'UTR of certain transcripts and regulates post-transcriptional gene expression by increasing the rate of mRNA turnover.  In this study, we evaluated the effects of TTP deficiency on the overall gene expression of spleen tissue, in order to discover tissue specific targets of TTP under normal physiologic conditions.  We utilized ""Triple KO"" (Zfp36-/-/TNFR1-/-/TNFR2-/-) mice that are deficient in TTP and two TNF receptors and compared the transcriptomic changes to ""Double KO"" (TNFR1-/-/TNFR2-/-) and WT mice.  Spleen mRNA from four WT, four ""Double KO"", and four ""Triple mice"" was subjected to RNA-Seq in two phases.  All the animals used in this study were males between the ages of 12-14 weeks and were on a mixed (75% C57BL/6NTac, 25% 129/SVEV) background.","Examination of splenic gene expression difference between ""Triple KO""-WT and ""double KO""-WT data sets",26976640,,,17065,GPL13112,Mus musculus,GSE,Expression profiling by high throughput sequencing,2016/03/27,16,ftp://ftp.ncbi.nlm.nih.gov/geo/series/GSE60nnn/GSE60243/,Effects of Combined Tristetraprolin/Tumor Necrosis Factor Receptor Deficiency on the Splenic Transcriptome.,Molecular and cellular biology,2016 May,10.1128/MCB.01068-15,OSD-288|Mmus_C57-6J_SPL_FLT_uG_Rep3_mg3,Space Flight
57,GSM6394775,0.9887411594390869,GSE209752,Gut commensal bacteria enhance pathogenesis of a tumorigenic murine retrovirus,,,"The influence of the microbiota on viral transmission and replication is well appreciated. However, its impact on retroviral pathogenesis outside of transmission/replication control remained unknown. Using Murine Leukemia Virus (MuLV), we found that some commensal bacteria promoted the development of leukemia induced by this retrovirus. The promotion of leukemia development by commensals was due to suppression of the adaptive immune response through upregulation of several negative regulators of immunity. These negative regulators included Serpinb9b and Rnf128, which are associated with a poor prognosis of some spontaneous human cancers. Upregulation of Serpinb9b was mediated by sensing of bacteria by NOD1/NOD2/RIPK2 pathway. This work describes a novel mechanism by which the microbiota enhances tumorigenesis within gut-distant organs and points at potential new targets for cancer therapy.",RNAseq was performed on splenic RNA from infected and uninfected GF and SPF BALB/cJ mice,36103821,,,659550,GPL17021,Mus musculus,GSE,Expression profiling by high throughput sequencing,2022/07/29,12,ftp://ftp.ncbi.nlm.nih.gov/geo/series/GSE209nnn/GSE209752/,Gut commensal bacteria enhance pathogenesis of a tumorigenic murine retrovirus.,Cell reports,2022 Sep 13,10.1016/j.celrep.2022.111341,OSD-288|Mmus_C57-6J_SPL_FLT_uG_Rep3_mg3,Space Flight
58,GSM6394774,0.9884039163589478,GSE209752,Gut commensal bacteria enhance pathogenesis of a tumorigenic murine retrovirus,,,"The influence of the microbiota on viral transmission and replication is well appreciated. However, its impact on retroviral pathogenesis outside of transmission/replication control remained unknown. Using Murine Leukemia Virus (MuLV), we found that some commensal bacteria promoted the development of leukemia induced by this retrovirus. The promotion of leukemia development by commensals was due to suppression of the adaptive immune response through upregulation of several negative regulators of immunity. These negative regulators included Serpinb9b and Rnf128, which are associated with a poor prognosis of some spontaneous human cancers. Upregulation of Serpinb9b was mediated by sensing of bacteria by NOD1/NOD2/RIPK2 pathway. This work describes a novel mechanism by which the microbiota enhances tumorigenesis within gut-distant organs and points at potential new targets for cancer therapy.",RNAseq was performed on splenic RNA from infected and uninfected GF and SPF BALB/cJ mice,36103821,,,659549,GPL17021,Mus musculus,GSE,Expression profiling by high throughput sequencing,2022/07/29,12,ftp://ftp.ncbi.nlm.nih.gov/geo/series/GSE209nnn/GSE209752/,Gut commensal bacteria enhance pathogenesis of a tumorigenic murine retrovirus.,Cell reports,2022 Sep 13,10.1016/j.celrep.2022.111341,OSD-288|Mmus_C57-6J_SPL_FLT_uG_Rep3_mg3,Space Flight
59,GSM1593068,0.987515926361084,GSE65357,"Tristetraprolin (TTP) regulated splenic transcriptome in ""TTPΔARE"" mice",,,"Tristetraprolin (TTP)  binds to specific AU-rich elements in the 3'UTR of certain transcripts and regulates post-transcriptional gene expression by increasing the rate of mRNA turnover.  Here, we generated a novel TTP mouse line (TTPΔARE) with a 136 base deletion in the 3'UTR AU-rich region of TTP mRNA, which resulted in a moderate increase in TTP protein expression in many tissues.  In this study, we evaluated the effects of the moderate TTP overexpression on the overall pattern of gene expression in spleen, to investigate the effect of this mutation on mRNA targets of TTP under normal conditions.  We utilized ""TTPΔARE"" (136 b deletion in the 3'UTR AU-rich region of Zfp36 mRNA) mice that overexpress TTP and compared the transcriptomic changes to the littermate ""WT"" mice.  Spleen mRNA from four WT and four ""TTPΔARE"" mice were subjected to mRNA-Seq.  All the animals used in this study were males between the ages of 8-12 weeks and were on a C57BL/6 background.",Examination of gene expression differences in mouse spleen from 4 wild-type and 4 TTPΔARE male mice aged 8-12 weeks,,,,30935,GPL13112,Mus musculus,GSE,Expression profiling by high throughput sequencing,2019/01/19,8,ftp://ftp.ncbi.nlm.nih.gov/geo/series/GSE65nnn/GSE65357/,,,,,OSD-288|Mmus_C57-6J_SPL_FLT_uG_Rep3_mg3,Space Flight
60,GSM1468523,0.9950342178344727,GSE60243,"Tristetraprolin (TTP) regulated splenic transcriptome in ""Triple KO"" mice",,,"Tristetraprolin (TTP)  binds to specific AU-rich elements in the 3'UTR of certain transcripts and regulates post-transcriptional gene expression by increasing the rate of mRNA turnover.  In this study, we evaluated the effects of TTP deficiency on the overall gene expression of spleen tissue, in order to discover tissue specific targets of TTP under normal physiologic conditions.  We utilized ""Triple KO"" (Zfp36-/-/TNFR1-/-/TNFR2-/-) mice that are deficient in TTP and two TNF receptors and compared the transcriptomic changes to ""Double KO"" (TNFR1-/-/TNFR2-/-) and WT mice.  Spleen mRNA from four WT, four ""Double KO"", and four ""Triple mice"" was subjected to RNA-Seq in two phases.  All the animals used in this study were males between the ages of 12-14 weeks and were on a mixed (75% C57BL/6NTac, 25% 129/SVEV) background.","Examination of splenic gene expression difference between ""Triple KO""-WT and ""double KO""-WT data sets",26976640,,,17057,GPL13112,Mus musculus,GSE,Expression profiling by high throughput sequencing,2016/03/27,16,ftp://ftp.ncbi.nlm.nih.gov/geo/series/GSE60nnn/GSE60243/,Effects of Combined Tristetraprolin/Tumor Necrosis Factor Receptor Deficiency on the Splenic Transcriptome.,Molecular and cellular biology,2016 May,10.1128/MCB.01068-15,OSD-288|Mmus_C57-6CR_SPL_GC_1G_Rep1_gc1,Ground Control
61,GSM1468525,0.9941809177398682,GSE60243,"Tristetraprolin (TTP) regulated splenic transcriptome in ""Triple KO"" mice",,,"Tristetraprolin (TTP)  binds to specific AU-rich elements in the 3'UTR of certain transcripts and regulates post-transcriptional gene expression by increasing the rate of mRNA turnover.  In this study, we evaluated the effects of TTP deficiency on the overall gene expression of spleen tissue, in order to discover tissue specific targets of TTP under normal physiologic conditions.  We utilized ""Triple KO"" (Zfp36-/-/TNFR1-/-/TNFR2-/-) mice that are deficient in TTP and two TNF receptors and compared the transcriptomic changes to ""Double KO"" (TNFR1-/-/TNFR2-/-) and WT mice.  Spleen mRNA from four WT, four ""Double KO"", and four ""Triple mice"" was subjected to RNA-Seq in two phases.  All the animals used in this study were males between the ages of 12-14 weeks and were on a mixed (75% C57BL/6NTac, 25% 129/SVEV) background.","Examination of splenic gene expression difference between ""Triple KO""-WT and ""double KO""-WT data sets",26976640,,,17059,GPL13112,Mus musculus,GSE,Expression profiling by high throughput sequencing,2016/03/27,16,ftp://ftp.ncbi.nlm.nih.gov/geo/series/GSE60nnn/GSE60243/,Effects of Combined Tristetraprolin/Tumor Necrosis Factor Receptor Deficiency on the Splenic Transcriptome.,Molecular and cellular biology,2016 May,10.1128/MCB.01068-15,OSD-288|Mmus_C57-6CR_SPL_GC_1G_Rep1_gc1,Ground Control
62,GSM1468526,0.9938642978668213,GSE60243,"Tristetraprolin (TTP) regulated splenic transcriptome in ""Triple KO"" mice",,,"Tristetraprolin (TTP)  binds to specific AU-rich elements in the 3'UTR of certain transcripts and regulates post-transcriptional gene expression by increasing the rate of mRNA turnover.  In this study, we evaluated the effects of TTP deficiency on the overall gene expression of spleen tissue, in order to discover tissue specific targets of TTP under normal physiologic conditions.  We utilized ""Triple KO"" (Zfp36-/-/TNFR1-/-/TNFR2-/-) mice that are deficient in TTP and two TNF receptors and compared the transcriptomic changes to ""Double KO"" (TNFR1-/-/TNFR2-/-) and WT mice.  Spleen mRNA from four WT, four ""Double KO"", and four ""Triple mice"" was subjected to RNA-Seq in two phases.  All the animals used in this study were males between the ages of 12-14 weeks and were on a mixed (75% C57BL/6NTac, 25% 129/SVEV) background.","Examination of splenic gene expression difference between ""Triple KO""-WT and ""double KO""-WT data sets",26976640,,,17060,GPL13112,Mus musculus,GSE,Expression profiling by high throughput sequencing,2016/03/27,16,ftp://ftp.ncbi.nlm.nih.gov/geo/series/GSE60nnn/GSE60243/,Effects of Combined Tristetraprolin/Tumor Necrosis Factor Receptor Deficiency on the Splenic Transcriptome.,Molecular and cellular biology,2016 May,10.1128/MCB.01068-15,OSD-288|Mmus_C57-6CR_SPL_GC_1G_Rep1_gc1,Ground Control
63,GSM1468524,0.9937429428100586,GSE60243,"Tristetraprolin (TTP) regulated splenic transcriptome in ""Triple KO"" mice",,,"Tristetraprolin (TTP)  binds to specific AU-rich elements in the 3'UTR of certain transcripts and regulates post-transcriptional gene expression by increasing the rate of mRNA turnover.  In this study, we evaluated the effects of TTP deficiency on the overall gene expression of spleen tissue, in order to discover tissue specific targets of TTP under normal physiologic conditions.  We utilized ""Triple KO"" (Zfp36-/-/TNFR1-/-/TNFR2-/-) mice that are deficient in TTP and two TNF receptors and compared the transcriptomic changes to ""Double KO"" (TNFR1-/-/TNFR2-/-) and WT mice.  Spleen mRNA from four WT, four ""Double KO"", and four ""Triple mice"" was subjected to RNA-Seq in two phases.  All the animals used in this study were males between the ages of 12-14 weeks and were on a mixed (75% C57BL/6NTac, 25% 129/SVEV) background.","Examination of splenic gene expression difference between ""Triple KO""-WT and ""double KO""-WT data sets",26976640,,,17058,GPL13112,Mus musculus,GSE,Expression profiling by high throughput sequencing,2016/03/27,16,ftp://ftp.ncbi.nlm.nih.gov/geo/series/GSE60nnn/GSE60243/,Effects of Combined Tristetraprolin/Tumor Necrosis Factor Receptor Deficiency on the Splenic Transcriptome.,Molecular and cellular biology,2016 May,10.1128/MCB.01068-15,OSD-288|Mmus_C57-6CR_SPL_GC_1G_Rep1_gc1,Ground Control
64,GSM1468528,0.9922432899475098,GSE60243,"Tristetraprolin (TTP) regulated splenic transcriptome in ""Triple KO"" mice",,,"Tristetraprolin (TTP)  binds to specific AU-rich elements in the 3'UTR of certain transcripts and regulates post-transcriptional gene expression by increasing the rate of mRNA turnover.  In this study, we evaluated the effects of TTP deficiency on the overall gene expression of spleen tissue, in order to discover tissue specific targets of TTP under normal physiologic conditions.  We utilized ""Triple KO"" (Zfp36-/-/TNFR1-/-/TNFR2-/-) mice that are deficient in TTP and two TNF receptors and compared the transcriptomic changes to ""Double KO"" (TNFR1-/-/TNFR2-/-) and WT mice.  Spleen mRNA from four WT, four ""Double KO"", and four ""Triple mice"" was subjected to RNA-Seq in two phases.  All the animals used in this study were males between the ages of 12-14 weeks and were on a mixed (75% C57BL/6NTac, 25% 129/SVEV) background.","Examination of splenic gene expression difference between ""Triple KO""-WT and ""double KO""-WT data sets",26976640,,,17062,GPL13112,Mus musculus,GSE,Expression profiling by high throughput sequencing,2016/03/27,16,ftp://ftp.ncbi.nlm.nih.gov/geo/series/GSE60nnn/GSE60243/,Effects of Combined Tristetraprolin/Tumor Necrosis Factor Receptor Deficiency on the Splenic Transcriptome.,Molecular and cellular biology,2016 May,10.1128/MCB.01068-15,OSD-288|Mmus_C57-6CR_SPL_GC_1G_Rep1_gc1,Ground Control
65,GSM1468531,0.9896062612533569,GSE60243,"Tristetraprolin (TTP) regulated splenic transcriptome in ""Triple KO"" mice",,,"Tristetraprolin (TTP)  binds to specific AU-rich elements in the 3'UTR of certain transcripts and regulates post-transcriptional gene expression by increasing the rate of mRNA turnover.  In this study, we evaluated the effects of TTP deficiency on the overall gene expression of spleen tissue, in order to discover tissue specific targets of TTP under normal physiologic conditions.  We utilized ""Triple KO"" (Zfp36-/-/TNFR1-/-/TNFR2-/-) mice that are deficient in TTP and two TNF receptors and compared the transcriptomic changes to ""Double KO"" (TNFR1-/-/TNFR2-/-) and WT mice.  Spleen mRNA from four WT, four ""Double KO"", and four ""Triple mice"" was subjected to RNA-Seq in two phases.  All the animals used in this study were males between the ages of 12-14 weeks and were on a mixed (75% C57BL/6NTac, 25% 129/SVEV) background.","Examination of splenic gene expression difference between ""Triple KO""-WT and ""double KO""-WT data sets",26976640,,,17065,GPL13112,Mus musculus,GSE,Expression profiling by high throughput sequencing,2016/03/27,16,ftp://ftp.ncbi.nlm.nih.gov/geo/series/GSE60nnn/GSE60243/,Effects of Combined Tristetraprolin/Tumor Necrosis Factor Receptor Deficiency on the Splenic Transcriptome.,Molecular and cellular biology,2016 May,10.1128/MCB.01068-15,OSD-288|Mmus_C57-6CR_SPL_GC_1G_Rep1_gc1,Ground Control
66,GSM6394773,0.9888448119163513,GSE209752,Gut commensal bacteria enhance pathogenesis of a tumorigenic murine retrovirus,,,"The influence of the microbiota on viral transmission and replication is well appreciated. However, its impact on retroviral pathogenesis outside of transmission/replication control remained unknown. Using Murine Leukemia Virus (MuLV), we found that some commensal bacteria promoted the development of leukemia induced by this retrovirus. The promotion of leukemia development by commensals was due to suppression of the adaptive immune response through upregulation of several negative regulators of immunity. These negative regulators included Serpinb9b and Rnf128, which are associated with a poor prognosis of some spontaneous human cancers. Upregulation of Serpinb9b was mediated by sensing of bacteria by NOD1/NOD2/RIPK2 pathway. This work describes a novel mechanism by which the microbiota enhances tumorigenesis within gut-distant organs and points at potential new targets for cancer therapy.",RNAseq was performed on splenic RNA from infected and uninfected GF and SPF BALB/cJ mice,36103821,,,659548,GPL17021,Mus musculus,GSE,Expression profiling by high throughput sequencing,2022/07/29,12,ftp://ftp.ncbi.nlm.nih.gov/geo/series/GSE209nnn/GSE209752/,Gut commensal bacteria enhance pathogenesis of a tumorigenic murine retrovirus.,Cell reports,2022 Sep 13,10.1016/j.celrep.2022.111341,OSD-288|Mmus_C57-6CR_SPL_GC_1G_Rep1_gc1,Ground Control
67,GSM6394775,0.9888392090797424,GSE209752,Gut commensal bacteria enhance pathogenesis of a tumorigenic murine retrovirus,,,"The influence of the microbiota on viral transmission and replication is well appreciated. However, its impact on retroviral pathogenesis outside of transmission/replication control remained unknown. Using Murine Leukemia Virus (MuLV), we found that some commensal bacteria promoted the development of leukemia induced by this retrovirus. The promotion of leukemia development by commensals was due to suppression of the adaptive immune response through upregulation of several negative regulators of immunity. These negative regulators included Serpinb9b and Rnf128, which are associated with a poor prognosis of some spontaneous human cancers. Upregulation of Serpinb9b was mediated by sensing of bacteria by NOD1/NOD2/RIPK2 pathway. This work describes a novel mechanism by which the microbiota enhances tumorigenesis within gut-distant organs and points at potential new targets for cancer therapy.",RNAseq was performed on splenic RNA from infected and uninfected GF and SPF BALB/cJ mice,36103821,,,659550,GPL17021,Mus musculus,GSE,Expression profiling by high throughput sequencing,2022/07/29,12,ftp://ftp.ncbi.nlm.nih.gov/geo/series/GSE209nnn/GSE209752/,Gut commensal bacteria enhance pathogenesis of a tumorigenic murine retrovirus.,Cell reports,2022 Sep 13,10.1016/j.celrep.2022.111341,OSD-288|Mmus_C57-6CR_SPL_GC_1G_Rep1_gc1,Ground Control
68,GSM1468527,0.9883164167404175,GSE60243,"Tristetraprolin (TTP) regulated splenic transcriptome in ""Triple KO"" mice",,,"Tristetraprolin (TTP)  binds to specific AU-rich elements in the 3'UTR of certain transcripts and regulates post-transcriptional gene expression by increasing the rate of mRNA turnover.  In this study, we evaluated the effects of TTP deficiency on the overall gene expression of spleen tissue, in order to discover tissue specific targets of TTP under normal physiologic conditions.  We utilized ""Triple KO"" (Zfp36-/-/TNFR1-/-/TNFR2-/-) mice that are deficient in TTP and two TNF receptors and compared the transcriptomic changes to ""Double KO"" (TNFR1-/-/TNFR2-/-) and WT mice.  Spleen mRNA from four WT, four ""Double KO"", and four ""Triple mice"" was subjected to RNA-Seq in two phases.  All the animals used in this study were males between the ages of 12-14 weeks and were on a mixed (75% C57BL/6NTac, 25% 129/SVEV) background.","Examination of splenic gene expression difference between ""Triple KO""-WT and ""double KO""-WT data sets",26976640,,,17061,GPL13112,Mus musculus,GSE,Expression profiling by high throughput sequencing,2016/03/27,16,ftp://ftp.ncbi.nlm.nih.gov/geo/series/GSE60nnn/GSE60243/,Effects of Combined Tristetraprolin/Tumor Necrosis Factor Receptor Deficiency on the Splenic Transcriptome.,Molecular and cellular biology,2016 May,10.1128/MCB.01068-15,OSD-288|Mmus_C57-6CR_SPL_GC_1G_Rep1_gc1,Ground Control
69,GSM1593068,0.9881813526153564,GSE65357,"Tristetraprolin (TTP) regulated splenic transcriptome in ""TTPΔARE"" mice",,,"Tristetraprolin (TTP)  binds to specific AU-rich elements in the 3'UTR of certain transcripts and regulates post-transcriptional gene expression by increasing the rate of mRNA turnover.  Here, we generated a novel TTP mouse line (TTPΔARE) with a 136 base deletion in the 3'UTR AU-rich region of TTP mRNA, which resulted in a moderate increase in TTP protein expression in many tissues.  In this study, we evaluated the effects of the moderate TTP overexpression on the overall pattern of gene expression in spleen, to investigate the effect of this mutation on mRNA targets of TTP under normal conditions.  We utilized ""TTPΔARE"" (136 b deletion in the 3'UTR AU-rich region of Zfp36 mRNA) mice that overexpress TTP and compared the transcriptomic changes to the littermate ""WT"" mice.  Spleen mRNA from four WT and four ""TTPΔARE"" mice were subjected to mRNA-Seq.  All the animals used in this study were males between the ages of 8-12 weeks and were on a C57BL/6 background.",Examination of gene expression differences in mouse spleen from 4 wild-type and 4 TTPΔARE male mice aged 8-12 weeks,,,,30935,GPL13112,Mus musculus,GSE,Expression profiling by high throughput sequencing,2019/01/19,8,ftp://ftp.ncbi.nlm.nih.gov/geo/series/GSE65nnn/GSE65357/,,,,,OSD-288|Mmus_C57-6CR_SPL_GC_1G_Rep1_gc1,Ground Control
70,GSM1468523,0.9951074123382568,GSE60243,"Tristetraprolin (TTP) regulated splenic transcriptome in ""Triple KO"" mice",,,"Tristetraprolin (TTP)  binds to specific AU-rich elements in the 3'UTR of certain transcripts and regulates post-transcriptional gene expression by increasing the rate of mRNA turnover.  In this study, we evaluated the effects of TTP deficiency on the overall gene expression of spleen tissue, in order to discover tissue specific targets of TTP under normal physiologic conditions.  We utilized ""Triple KO"" (Zfp36-/-/TNFR1-/-/TNFR2-/-) mice that are deficient in TTP and two TNF receptors and compared the transcriptomic changes to ""Double KO"" (TNFR1-/-/TNFR2-/-) and WT mice.  Spleen mRNA from four WT, four ""Double KO"", and four ""Triple mice"" was subjected to RNA-Seq in two phases.  All the animals used in this study were males between the ages of 12-14 weeks and were on a mixed (75% C57BL/6NTac, 25% 129/SVEV) background.","Examination of splenic gene expression difference between ""Triple KO""-WT and ""double KO""-WT data sets",26976640,,,17057,GPL13112,Mus musculus,GSE,Expression profiling by high throughput sequencing,2016/03/27,16,ftp://ftp.ncbi.nlm.nih.gov/geo/series/GSE60nnn/GSE60243/,Effects of Combined Tristetraprolin/Tumor Necrosis Factor Receptor Deficiency on the Splenic Transcriptome.,Molecular and cellular biology,2016 May,10.1128/MCB.01068-15,OSD-288|Mmus_C57-6CR_SPL_GC_1G_Rep2_gc2,Ground Control
71,GSM1468526,0.994925856590271,GSE60243,"Tristetraprolin (TTP) regulated splenic transcriptome in ""Triple KO"" mice",,,"Tristetraprolin (TTP)  binds to specific AU-rich elements in the 3'UTR of certain transcripts and regulates post-transcriptional gene expression by increasing the rate of mRNA turnover.  In this study, we evaluated the effects of TTP deficiency on the overall gene expression of spleen tissue, in order to discover tissue specific targets of TTP under normal physiologic conditions.  We utilized ""Triple KO"" (Zfp36-/-/TNFR1-/-/TNFR2-/-) mice that are deficient in TTP and two TNF receptors and compared the transcriptomic changes to ""Double KO"" (TNFR1-/-/TNFR2-/-) and WT mice.  Spleen mRNA from four WT, four ""Double KO"", and four ""Triple mice"" was subjected to RNA-Seq in two phases.  All the animals used in this study were males between the ages of 12-14 weeks and were on a mixed (75% C57BL/6NTac, 25% 129/SVEV) background.","Examination of splenic gene expression difference between ""Triple KO""-WT and ""double KO""-WT data sets",26976640,,,17060,GPL13112,Mus musculus,GSE,Expression profiling by high throughput sequencing,2016/03/27,16,ftp://ftp.ncbi.nlm.nih.gov/geo/series/GSE60nnn/GSE60243/,Effects of Combined Tristetraprolin/Tumor Necrosis Factor Receptor Deficiency on the Splenic Transcriptome.,Molecular and cellular biology,2016 May,10.1128/MCB.01068-15,OSD-288|Mmus_C57-6CR_SPL_GC_1G_Rep2_gc2,Ground Control
72,GSM1468524,0.9948192834854126,GSE60243,"Tristetraprolin (TTP) regulated splenic transcriptome in ""Triple KO"" mice",,,"Tristetraprolin (TTP)  binds to specific AU-rich elements in the 3'UTR of certain transcripts and regulates post-transcriptional gene expression by increasing the rate of mRNA turnover.  In this study, we evaluated the effects of TTP deficiency on the overall gene expression of spleen tissue, in order to discover tissue specific targets of TTP under normal physiologic conditions.  We utilized ""Triple KO"" (Zfp36-/-/TNFR1-/-/TNFR2-/-) mice that are deficient in TTP and two TNF receptors and compared the transcriptomic changes to ""Double KO"" (TNFR1-/-/TNFR2-/-) and WT mice.  Spleen mRNA from four WT, four ""Double KO"", and four ""Triple mice"" was subjected to RNA-Seq in two phases.  All the animals used in this study were males between the ages of 12-14 weeks and were on a mixed (75% C57BL/6NTac, 25% 129/SVEV) background.","Examination of splenic gene expression difference between ""Triple KO""-WT and ""double KO""-WT data sets",26976640,,,17058,GPL13112,Mus musculus,GSE,Expression profiling by high throughput sequencing,2016/03/27,16,ftp://ftp.ncbi.nlm.nih.gov/geo/series/GSE60nnn/GSE60243/,Effects of Combined Tristetraprolin/Tumor Necrosis Factor Receptor Deficiency on the Splenic Transcriptome.,Molecular and cellular biology,2016 May,10.1128/MCB.01068-15,OSD-288|Mmus_C57-6CR_SPL_GC_1G_Rep2_gc2,Ground Control
73,GSM1468525,0.9946175813674927,GSE60243,"Tristetraprolin (TTP) regulated splenic transcriptome in ""Triple KO"" mice",,,"Tristetraprolin (TTP)  binds to specific AU-rich elements in the 3'UTR of certain transcripts and regulates post-transcriptional gene expression by increasing the rate of mRNA turnover.  In this study, we evaluated the effects of TTP deficiency on the overall gene expression of spleen tissue, in order to discover tissue specific targets of TTP under normal physiologic conditions.  We utilized ""Triple KO"" (Zfp36-/-/TNFR1-/-/TNFR2-/-) mice that are deficient in TTP and two TNF receptors and compared the transcriptomic changes to ""Double KO"" (TNFR1-/-/TNFR2-/-) and WT mice.  Spleen mRNA from four WT, four ""Double KO"", and four ""Triple mice"" was subjected to RNA-Seq in two phases.  All the animals used in this study were males between the ages of 12-14 weeks and were on a mixed (75% C57BL/6NTac, 25% 129/SVEV) background.","Examination of splenic gene expression difference between ""Triple KO""-WT and ""double KO""-WT data sets",26976640,,,17059,GPL13112,Mus musculus,GSE,Expression profiling by high throughput sequencing,2016/03/27,16,ftp://ftp.ncbi.nlm.nih.gov/geo/series/GSE60nnn/GSE60243/,Effects of Combined Tristetraprolin/Tumor Necrosis Factor Receptor Deficiency on the Splenic Transcriptome.,Molecular and cellular biology,2016 May,10.1128/MCB.01068-15,OSD-288|Mmus_C57-6CR_SPL_GC_1G_Rep2_gc2,Ground Control
74,GSM1468528,0.9924436807632446,GSE60243,"Tristetraprolin (TTP) regulated splenic transcriptome in ""Triple KO"" mice",,,"Tristetraprolin (TTP)  binds to specific AU-rich elements in the 3'UTR of certain transcripts and regulates post-transcriptional gene expression by increasing the rate of mRNA turnover.  In this study, we evaluated the effects of TTP deficiency on the overall gene expression of spleen tissue, in order to discover tissue specific targets of TTP under normal physiologic conditions.  We utilized ""Triple KO"" (Zfp36-/-/TNFR1-/-/TNFR2-/-) mice that are deficient in TTP and two TNF receptors and compared the transcriptomic changes to ""Double KO"" (TNFR1-/-/TNFR2-/-) and WT mice.  Spleen mRNA from four WT, four ""Double KO"", and four ""Triple mice"" was subjected to RNA-Seq in two phases.  All the animals used in this study were males between the ages of 12-14 weeks and were on a mixed (75% C57BL/6NTac, 25% 129/SVEV) background.","Examination of splenic gene expression difference between ""Triple KO""-WT and ""double KO""-WT data sets",26976640,,,17062,GPL13112,Mus musculus,GSE,Expression profiling by high throughput sequencing,2016/03/27,16,ftp://ftp.ncbi.nlm.nih.gov/geo/series/GSE60nnn/GSE60243/,Effects of Combined Tristetraprolin/Tumor Necrosis Factor Receptor Deficiency on the Splenic Transcriptome.,Molecular and cellular biology,2016 May,10.1128/MCB.01068-15,OSD-288|Mmus_C57-6CR_SPL_GC_1G_Rep2_gc2,Ground Control
75,GSM1468531,0.9913373589515686,GSE60243,"Tristetraprolin (TTP) regulated splenic transcriptome in ""Triple KO"" mice",,,"Tristetraprolin (TTP)  binds to specific AU-rich elements in the 3'UTR of certain transcripts and regulates post-transcriptional gene expression by increasing the rate of mRNA turnover.  In this study, we evaluated the effects of TTP deficiency on the overall gene expression of spleen tissue, in order to discover tissue specific targets of TTP under normal physiologic conditions.  We utilized ""Triple KO"" (Zfp36-/-/TNFR1-/-/TNFR2-/-) mice that are deficient in TTP and two TNF receptors and compared the transcriptomic changes to ""Double KO"" (TNFR1-/-/TNFR2-/-) and WT mice.  Spleen mRNA from four WT, four ""Double KO"", and four ""Triple mice"" was subjected to RNA-Seq in two phases.  All the animals used in this study were males between the ages of 12-14 weeks and were on a mixed (75% C57BL/6NTac, 25% 129/SVEV) background.","Examination of splenic gene expression difference between ""Triple KO""-WT and ""double KO""-WT data sets",26976640,,,17065,GPL13112,Mus musculus,GSE,Expression profiling by high throughput sequencing,2016/03/27,16,ftp://ftp.ncbi.nlm.nih.gov/geo/series/GSE60nnn/GSE60243/,Effects of Combined Tristetraprolin/Tumor Necrosis Factor Receptor Deficiency on the Splenic Transcriptome.,Molecular and cellular biology,2016 May,10.1128/MCB.01068-15,OSD-288|Mmus_C57-6CR_SPL_GC_1G_Rep2_gc2,Ground Control
76,GSM1593068,0.9899416565895081,GSE65357,"Tristetraprolin (TTP) regulated splenic transcriptome in ""TTPΔARE"" mice",,,"Tristetraprolin (TTP)  binds to specific AU-rich elements in the 3'UTR of certain transcripts and regulates post-transcriptional gene expression by increasing the rate of mRNA turnover.  Here, we generated a novel TTP mouse line (TTPΔARE) with a 136 base deletion in the 3'UTR AU-rich region of TTP mRNA, which resulted in a moderate increase in TTP protein expression in many tissues.  In this study, we evaluated the effects of the moderate TTP overexpression on the overall pattern of gene expression in spleen, to investigate the effect of this mutation on mRNA targets of TTP under normal conditions.  We utilized ""TTPΔARE"" (136 b deletion in the 3'UTR AU-rich region of Zfp36 mRNA) mice that overexpress TTP and compared the transcriptomic changes to the littermate ""WT"" mice.  Spleen mRNA from four WT and four ""TTPΔARE"" mice were subjected to mRNA-Seq.  All the animals used in this study were males between the ages of 8-12 weeks and were on a C57BL/6 background.",Examination of gene expression differences in mouse spleen from 4 wild-type and 4 TTPΔARE male mice aged 8-12 weeks,,,,30935,GPL13112,Mus musculus,GSE,Expression profiling by high throughput sequencing,2019/01/19,8,ftp://ftp.ncbi.nlm.nih.gov/geo/series/GSE65nnn/GSE65357/,,,,,OSD-288|Mmus_C57-6CR_SPL_GC_1G_Rep2_gc2,Ground Control
77,GSM1593067,0.9889222383499146,GSE65357,"Tristetraprolin (TTP) regulated splenic transcriptome in ""TTPΔARE"" mice",,,"Tristetraprolin (TTP)  binds to specific AU-rich elements in the 3'UTR of certain transcripts and regulates post-transcriptional gene expression by increasing the rate of mRNA turnover.  Here, we generated a novel TTP mouse line (TTPΔARE) with a 136 base deletion in the 3'UTR AU-rich region of TTP mRNA, which resulted in a moderate increase in TTP protein expression in many tissues.  In this study, we evaluated the effects of the moderate TTP overexpression on the overall pattern of gene expression in spleen, to investigate the effect of this mutation on mRNA targets of TTP under normal conditions.  We utilized ""TTPΔARE"" (136 b deletion in the 3'UTR AU-rich region of Zfp36 mRNA) mice that overexpress TTP and compared the transcriptomic changes to the littermate ""WT"" mice.  Spleen mRNA from four WT and four ""TTPΔARE"" mice were subjected to mRNA-Seq.  All the animals used in this study were males between the ages of 8-12 weeks and were on a C57BL/6 background.",Examination of gene expression differences in mouse spleen from 4 wild-type and 4 TTPΔARE male mice aged 8-12 weeks,,,,30934,GPL13112,Mus musculus,GSE,Expression profiling by high throughput sequencing,2019/01/19,8,ftp://ftp.ncbi.nlm.nih.gov/geo/series/GSE65nnn/GSE65357/,,,,,OSD-288|Mmus_C57-6CR_SPL_GC_1G_Rep2_gc2,Ground Control
78,GSM6394775,0.9889100193977356,GSE209752,Gut commensal bacteria enhance pathogenesis of a tumorigenic murine retrovirus,,,"The influence of the microbiota on viral transmission and replication is well appreciated. However, its impact on retroviral pathogenesis outside of transmission/replication control remained unknown. Using Murine Leukemia Virus (MuLV), we found that some commensal bacteria promoted the development of leukemia induced by this retrovirus. The promotion of leukemia development by commensals was due to suppression of the adaptive immune response through upregulation of several negative regulators of immunity. These negative regulators included Serpinb9b and Rnf128, which are associated with a poor prognosis of some spontaneous human cancers. Upregulation of Serpinb9b was mediated by sensing of bacteria by NOD1/NOD2/RIPK2 pathway. This work describes a novel mechanism by which the microbiota enhances tumorigenesis within gut-distant organs and points at potential new targets for cancer therapy.",RNAseq was performed on splenic RNA from infected and uninfected GF and SPF BALB/cJ mice,36103821,,,659550,GPL17021,Mus musculus,GSE,Expression profiling by high throughput sequencing,2022/07/29,12,ftp://ftp.ncbi.nlm.nih.gov/geo/series/GSE209nnn/GSE209752/,Gut commensal bacteria enhance pathogenesis of a tumorigenic murine retrovirus.,Cell reports,2022 Sep 13,10.1016/j.celrep.2022.111341,OSD-288|Mmus_C57-6CR_SPL_GC_1G_Rep2_gc2,Ground Control
79,GSM1468527,0.9887953996658325,GSE60243,"Tristetraprolin (TTP) regulated splenic transcriptome in ""Triple KO"" mice",,,"Tristetraprolin (TTP)  binds to specific AU-rich elements in the 3'UTR of certain transcripts and regulates post-transcriptional gene expression by increasing the rate of mRNA turnover.  In this study, we evaluated the effects of TTP deficiency on the overall gene expression of spleen tissue, in order to discover tissue specific targets of TTP under normal physiologic conditions.  We utilized ""Triple KO"" (Zfp36-/-/TNFR1-/-/TNFR2-/-) mice that are deficient in TTP and two TNF receptors and compared the transcriptomic changes to ""Double KO"" (TNFR1-/-/TNFR2-/-) and WT mice.  Spleen mRNA from four WT, four ""Double KO"", and four ""Triple mice"" was subjected to RNA-Seq in two phases.  All the animals used in this study were males between the ages of 12-14 weeks and were on a mixed (75% C57BL/6NTac, 25% 129/SVEV) background.","Examination of splenic gene expression difference between ""Triple KO""-WT and ""double KO""-WT data sets",26976640,,,17061,GPL13112,Mus musculus,GSE,Expression profiling by high throughput sequencing,2016/03/27,16,ftp://ftp.ncbi.nlm.nih.gov/geo/series/GSE60nnn/GSE60243/,Effects of Combined Tristetraprolin/Tumor Necrosis Factor Receptor Deficiency on the Splenic Transcriptome.,Molecular and cellular biology,2016 May,10.1128/MCB.01068-15,OSD-288|Mmus_C57-6CR_SPL_GC_1G_Rep2_gc2,Ground Control
80,GSM1468523,0.9955790042877197,GSE60243,"Tristetraprolin (TTP) regulated splenic transcriptome in ""Triple KO"" mice",,,"Tristetraprolin (TTP)  binds to specific AU-rich elements in the 3'UTR of certain transcripts and regulates post-transcriptional gene expression by increasing the rate of mRNA turnover.  In this study, we evaluated the effects of TTP deficiency on the overall gene expression of spleen tissue, in order to discover tissue specific targets of TTP under normal physiologic conditions.  We utilized ""Triple KO"" (Zfp36-/-/TNFR1-/-/TNFR2-/-) mice that are deficient in TTP and two TNF receptors and compared the transcriptomic changes to ""Double KO"" (TNFR1-/-/TNFR2-/-) and WT mice.  Spleen mRNA from four WT, four ""Double KO"", and four ""Triple mice"" was subjected to RNA-Seq in two phases.  All the animals used in this study were males between the ages of 12-14 weeks and were on a mixed (75% C57BL/6NTac, 25% 129/SVEV) background.","Examination of splenic gene expression difference between ""Triple KO""-WT and ""double KO""-WT data sets",26976640,,,17057,GPL13112,Mus musculus,GSE,Expression profiling by high throughput sequencing,2016/03/27,16,ftp://ftp.ncbi.nlm.nih.gov/geo/series/GSE60nnn/GSE60243/,Effects of Combined Tristetraprolin/Tumor Necrosis Factor Receptor Deficiency on the Splenic Transcriptome.,Molecular and cellular biology,2016 May,10.1128/MCB.01068-15,OSD-288|Mmus_C57-6CR_SPL_GC_1G_Rep3_gc3,Ground Control
81,GSM1468526,0.9950732588768005,GSE60243,"Tristetraprolin (TTP) regulated splenic transcriptome in ""Triple KO"" mice",,,"Tristetraprolin (TTP)  binds to specific AU-rich elements in the 3'UTR of certain transcripts and regulates post-transcriptional gene expression by increasing the rate of mRNA turnover.  In this study, we evaluated the effects of TTP deficiency on the overall gene expression of spleen tissue, in order to discover tissue specific targets of TTP under normal physiologic conditions.  We utilized ""Triple KO"" (Zfp36-/-/TNFR1-/-/TNFR2-/-) mice that are deficient in TTP and two TNF receptors and compared the transcriptomic changes to ""Double KO"" (TNFR1-/-/TNFR2-/-) and WT mice.  Spleen mRNA from four WT, four ""Double KO"", and four ""Triple mice"" was subjected to RNA-Seq in two phases.  All the animals used in this study were males between the ages of 12-14 weeks and were on a mixed (75% C57BL/6NTac, 25% 129/SVEV) background.","Examination of splenic gene expression difference between ""Triple KO""-WT and ""double KO""-WT data sets",26976640,,,17060,GPL13112,Mus musculus,GSE,Expression profiling by high throughput sequencing,2016/03/27,16,ftp://ftp.ncbi.nlm.nih.gov/geo/series/GSE60nnn/GSE60243/,Effects of Combined Tristetraprolin/Tumor Necrosis Factor Receptor Deficiency on the Splenic Transcriptome.,Molecular and cellular biology,2016 May,10.1128/MCB.01068-15,OSD-288|Mmus_C57-6CR_SPL_GC_1G_Rep3_gc3,Ground Control
82,GSM1468524,0.9949477910995483,GSE60243,"Tristetraprolin (TTP) regulated splenic transcriptome in ""Triple KO"" mice",,,"Tristetraprolin (TTP)  binds to specific AU-rich elements in the 3'UTR of certain transcripts and regulates post-transcriptional gene expression by increasing the rate of mRNA turnover.  In this study, we evaluated the effects of TTP deficiency on the overall gene expression of spleen tissue, in order to discover tissue specific targets of TTP under normal physiologic conditions.  We utilized ""Triple KO"" (Zfp36-/-/TNFR1-/-/TNFR2-/-) mice that are deficient in TTP and two TNF receptors and compared the transcriptomic changes to ""Double KO"" (TNFR1-/-/TNFR2-/-) and WT mice.  Spleen mRNA from four WT, four ""Double KO"", and four ""Triple mice"" was subjected to RNA-Seq in two phases.  All the animals used in this study were males between the ages of 12-14 weeks and were on a mixed (75% C57BL/6NTac, 25% 129/SVEV) background.","Examination of splenic gene expression difference between ""Triple KO""-WT and ""double KO""-WT data sets",26976640,,,17058,GPL13112,Mus musculus,GSE,Expression profiling by high throughput sequencing,2016/03/27,16,ftp://ftp.ncbi.nlm.nih.gov/geo/series/GSE60nnn/GSE60243/,Effects of Combined Tristetraprolin/Tumor Necrosis Factor Receptor Deficiency on the Splenic Transcriptome.,Molecular and cellular biology,2016 May,10.1128/MCB.01068-15,OSD-288|Mmus_C57-6CR_SPL_GC_1G_Rep3_gc3,Ground Control
83,GSM1468525,0.9948296546936035,GSE60243,"Tristetraprolin (TTP) regulated splenic transcriptome in ""Triple KO"" mice",,,"Tristetraprolin (TTP)  binds to specific AU-rich elements in the 3'UTR of certain transcripts and regulates post-transcriptional gene expression by increasing the rate of mRNA turnover.  In this study, we evaluated the effects of TTP deficiency on the overall gene expression of spleen tissue, in order to discover tissue specific targets of TTP under normal physiologic conditions.  We utilized ""Triple KO"" (Zfp36-/-/TNFR1-/-/TNFR2-/-) mice that are deficient in TTP and two TNF receptors and compared the transcriptomic changes to ""Double KO"" (TNFR1-/-/TNFR2-/-) and WT mice.  Spleen mRNA from four WT, four ""Double KO"", and four ""Triple mice"" was subjected to RNA-Seq in two phases.  All the animals used in this study were males between the ages of 12-14 weeks and were on a mixed (75% C57BL/6NTac, 25% 129/SVEV) background.","Examination of splenic gene expression difference between ""Triple KO""-WT and ""double KO""-WT data sets",26976640,,,17059,GPL13112,Mus musculus,GSE,Expression profiling by high throughput sequencing,2016/03/27,16,ftp://ftp.ncbi.nlm.nih.gov/geo/series/GSE60nnn/GSE60243/,Effects of Combined Tristetraprolin/Tumor Necrosis Factor Receptor Deficiency on the Splenic Transcriptome.,Molecular and cellular biology,2016 May,10.1128/MCB.01068-15,OSD-288|Mmus_C57-6CR_SPL_GC_1G_Rep3_gc3,Ground Control
84,GSM1468528,0.9929697513580322,GSE60243,"Tristetraprolin (TTP) regulated splenic transcriptome in ""Triple KO"" mice",,,"Tristetraprolin (TTP)  binds to specific AU-rich elements in the 3'UTR of certain transcripts and regulates post-transcriptional gene expression by increasing the rate of mRNA turnover.  In this study, we evaluated the effects of TTP deficiency on the overall gene expression of spleen tissue, in order to discover tissue specific targets of TTP under normal physiologic conditions.  We utilized ""Triple KO"" (Zfp36-/-/TNFR1-/-/TNFR2-/-) mice that are deficient in TTP and two TNF receptors and compared the transcriptomic changes to ""Double KO"" (TNFR1-/-/TNFR2-/-) and WT mice.  Spleen mRNA from four WT, four ""Double KO"", and four ""Triple mice"" was subjected to RNA-Seq in two phases.  All the animals used in this study were males between the ages of 12-14 weeks and were on a mixed (75% C57BL/6NTac, 25% 129/SVEV) background.","Examination of splenic gene expression difference between ""Triple KO""-WT and ""double KO""-WT data sets",26976640,,,17062,GPL13112,Mus musculus,GSE,Expression profiling by high throughput sequencing,2016/03/27,16,ftp://ftp.ncbi.nlm.nih.gov/geo/series/GSE60nnn/GSE60243/,Effects of Combined Tristetraprolin/Tumor Necrosis Factor Receptor Deficiency on the Splenic Transcriptome.,Molecular and cellular biology,2016 May,10.1128/MCB.01068-15,OSD-288|Mmus_C57-6CR_SPL_GC_1G_Rep3_gc3,Ground Control
85,GSM1468531,0.9914669394493103,GSE60243,"Tristetraprolin (TTP) regulated splenic transcriptome in ""Triple KO"" mice",,,"Tristetraprolin (TTP)  binds to specific AU-rich elements in the 3'UTR of certain transcripts and regulates post-transcriptional gene expression by increasing the rate of mRNA turnover.  In this study, we evaluated the effects of TTP deficiency on the overall gene expression of spleen tissue, in order to discover tissue specific targets of TTP under normal physiologic conditions.  We utilized ""Triple KO"" (Zfp36-/-/TNFR1-/-/TNFR2-/-) mice that are deficient in TTP and two TNF receptors and compared the transcriptomic changes to ""Double KO"" (TNFR1-/-/TNFR2-/-) and WT mice.  Spleen mRNA from four WT, four ""Double KO"", and four ""Triple mice"" was subjected to RNA-Seq in two phases.  All the animals used in this study were males between the ages of 12-14 weeks and were on a mixed (75% C57BL/6NTac, 25% 129/SVEV) background.","Examination of splenic gene expression difference between ""Triple KO""-WT and ""double KO""-WT data sets",26976640,,,17065,GPL13112,Mus musculus,GSE,Expression profiling by high throughput sequencing,2016/03/27,16,ftp://ftp.ncbi.nlm.nih.gov/geo/series/GSE60nnn/GSE60243/,Effects of Combined Tristetraprolin/Tumor Necrosis Factor Receptor Deficiency on the Splenic Transcriptome.,Molecular and cellular biology,2016 May,10.1128/MCB.01068-15,OSD-288|Mmus_C57-6CR_SPL_GC_1G_Rep3_gc3,Ground Control
86,GSM1593068,0.9901204109191895,GSE65357,"Tristetraprolin (TTP) regulated splenic transcriptome in ""TTPΔARE"" mice",,,"Tristetraprolin (TTP)  binds to specific AU-rich elements in the 3'UTR of certain transcripts and regulates post-transcriptional gene expression by increasing the rate of mRNA turnover.  Here, we generated a novel TTP mouse line (TTPΔARE) with a 136 base deletion in the 3'UTR AU-rich region of TTP mRNA, which resulted in a moderate increase in TTP protein expression in many tissues.  In this study, we evaluated the effects of the moderate TTP overexpression on the overall pattern of gene expression in spleen, to investigate the effect of this mutation on mRNA targets of TTP under normal conditions.  We utilized ""TTPΔARE"" (136 b deletion in the 3'UTR AU-rich region of Zfp36 mRNA) mice that overexpress TTP and compared the transcriptomic changes to the littermate ""WT"" mice.  Spleen mRNA from four WT and four ""TTPΔARE"" mice were subjected to mRNA-Seq.  All the animals used in this study were males between the ages of 8-12 weeks and were on a C57BL/6 background.",Examination of gene expression differences in mouse spleen from 4 wild-type and 4 TTPΔARE male mice aged 8-12 weeks,,,,30935,GPL13112,Mus musculus,GSE,Expression profiling by high throughput sequencing,2019/01/19,8,ftp://ftp.ncbi.nlm.nih.gov/geo/series/GSE65nnn/GSE65357/,,,,,OSD-288|Mmus_C57-6CR_SPL_GC_1G_Rep3_gc3,Ground Control
87,GSM6394775,0.9894605875015259,GSE209752,Gut commensal bacteria enhance pathogenesis of a tumorigenic murine retrovirus,,,"The influence of the microbiota on viral transmission and replication is well appreciated. However, its impact on retroviral pathogenesis outside of transmission/replication control remained unknown. Using Murine Leukemia Virus (MuLV), we found that some commensal bacteria promoted the development of leukemia induced by this retrovirus. The promotion of leukemia development by commensals was due to suppression of the adaptive immune response through upregulation of several negative regulators of immunity. These negative regulators included Serpinb9b and Rnf128, which are associated with a poor prognosis of some spontaneous human cancers. Upregulation of Serpinb9b was mediated by sensing of bacteria by NOD1/NOD2/RIPK2 pathway. This work describes a novel mechanism by which the microbiota enhances tumorigenesis within gut-distant organs and points at potential new targets for cancer therapy.",RNAseq was performed on splenic RNA from infected and uninfected GF and SPF BALB/cJ mice,36103821,,,659550,GPL17021,Mus musculus,GSE,Expression profiling by high throughput sequencing,2022/07/29,12,ftp://ftp.ncbi.nlm.nih.gov/geo/series/GSE209nnn/GSE209752/,Gut commensal bacteria enhance pathogenesis of a tumorigenic murine retrovirus.,Cell reports,2022 Sep 13,10.1016/j.celrep.2022.111341,OSD-288|Mmus_C57-6CR_SPL_GC_1G_Rep3_gc3,Ground Control
88,GSM1468527,0.9894102215766907,GSE60243,"Tristetraprolin (TTP) regulated splenic transcriptome in ""Triple KO"" mice",,,"Tristetraprolin (TTP)  binds to specific AU-rich elements in the 3'UTR of certain transcripts and regulates post-transcriptional gene expression by increasing the rate of mRNA turnover.  In this study, we evaluated the effects of TTP deficiency on the overall gene expression of spleen tissue, in order to discover tissue specific targets of TTP under normal physiologic conditions.  We utilized ""Triple KO"" (Zfp36-/-/TNFR1-/-/TNFR2-/-) mice that are deficient in TTP and two TNF receptors and compared the transcriptomic changes to ""Double KO"" (TNFR1-/-/TNFR2-/-) and WT mice.  Spleen mRNA from four WT, four ""Double KO"", and four ""Triple mice"" was subjected to RNA-Seq in two phases.  All the animals used in this study were males between the ages of 12-14 weeks and were on a mixed (75% C57BL/6NTac, 25% 129/SVEV) background.","Examination of splenic gene expression difference between ""Triple KO""-WT and ""double KO""-WT data sets",26976640,,,17061,GPL13112,Mus musculus,GSE,Expression profiling by high throughput sequencing,2016/03/27,16,ftp://ftp.ncbi.nlm.nih.gov/geo/series/GSE60nnn/GSE60243/,Effects of Combined Tristetraprolin/Tumor Necrosis Factor Receptor Deficiency on the Splenic Transcriptome.,Molecular and cellular biology,2016 May,10.1128/MCB.01068-15,OSD-288|Mmus_C57-6CR_SPL_GC_1G_Rep3_gc3,Ground Control
89,GSM1593067,0.9890568256378174,GSE65357,"Tristetraprolin (TTP) regulated splenic transcriptome in ""TTPΔARE"" mice",,,"Tristetraprolin (TTP)  binds to specific AU-rich elements in the 3'UTR of certain transcripts and regulates post-transcriptional gene expression by increasing the rate of mRNA turnover.  Here, we generated a novel TTP mouse line (TTPΔARE) with a 136 base deletion in the 3'UTR AU-rich region of TTP mRNA, which resulted in a moderate increase in TTP protein expression in many tissues.  In this study, we evaluated the effects of the moderate TTP overexpression on the overall pattern of gene expression in spleen, to investigate the effect of this mutation on mRNA targets of TTP under normal conditions.  We utilized ""TTPΔARE"" (136 b deletion in the 3'UTR AU-rich region of Zfp36 mRNA) mice that overexpress TTP and compared the transcriptomic changes to the littermate ""WT"" mice.  Spleen mRNA from four WT and four ""TTPΔARE"" mice were subjected to mRNA-Seq.  All the animals used in this study were males between the ages of 8-12 weeks and were on a C57BL/6 background.",Examination of gene expression differences in mouse spleen from 4 wild-type and 4 TTPΔARE male mice aged 8-12 weeks,,,,30934,GPL13112,Mus musculus,GSE,Expression profiling by high throughput sequencing,2019/01/19,8,ftp://ftp.ncbi.nlm.nih.gov/geo/series/GSE65nnn/GSE65357/,,,,,OSD-288|Mmus_C57-6CR_SPL_GC_1G_Rep3_gc3,Ground Control
