,gsm,score,gse,title,source_name,characteristics,geo_summary,geo_design,pubmed_ids,tissue,species,archs4_index,geo_platform_biopython,geo_taxon_biopython,geo_entry_type_biopython,geo_gds_type_biopython,geo_pdat_biopython,geo_n_samples_biopython,geo_ftp_link_biopython,pubmed_title_biopython,pubmed_journal_biopython,pubmed_pub_date_biopython,pubmed_doi_biopython,sample_name,spaceflight
0,GSM4844309,0.9942985773086548,GSE159771,Illumina NGS RNA-seq and RRBS Sequencing on Spaceflight Mouse Retina,,,"We reported the retinal transcriptome and methylome profiles of spaceflight and habitat control mice. The retinal transcrtiome was generated including 764 million paired-end 75x2 bp RNA-seq data. The methylome was generated including 788  million 75-bp RRBS DNA methylation data. We identified 177 differentially expressed genes (DEGs) induced by spaceflight based on the RNA-seq dataset, and 643 differentially methylated genes (DMGs) based on RRBS dataset. Functional enrichement analysis based on DEGs and DMGs revealed that spaceflight altered extracellular matrix component (EMC), cell to cell junction, inflammation pathway, wound-healing process, etc. Integration analysis based on transcriptome and methylome  suggested that modifications on DNA methylation were correlated with transcriptome changes for several significant biological processes and/or pathways.","This study was under the umbrella of the NASA Rodent Research-1 project consortium. In this project, 16-week-old female C57 BL/6J mice were sent to International Space Station (ISS) in NASA's animal enclosure modules (AEM) and were kept inside ISS middeck for 37 days. We used transcrptomic and methylomic approaches to investigated the spaceflight-associated neuro-ocular syndrome (SANS) using retinas from those spaceflight mice.",34179686,,,431363,GPL21626,Mus musculus,GSE,Expression profiling by high throughput sequencing; Methylation profiling by high throughput sequencing,2021/06/30,32,ftp://ftp.ncbi.nlm.nih.gov/geo/series/GSE159nnn/GSE159771/,Spaceflight decelerates the epigenetic clock orchestrated with a global alteration in DNA methylome and transcriptome in the mouse retina.,Precision clinical medicine,2021 Jun,10.1093/pcmedi/pbab012,OSD-397|M21,Space Flight
1,GSM5611413,0.9920213222503662,GSE185345,Defining the Transcriptional and Epigenetic Basis of Organotypic Endothelial Diversity in the Developing and Adult Mouse,,,"The transport of gases, nutrients, metabolites and cells -  a prerequisite for proper organogenesis and tissue homeostasis - requires a functional circulatory system consisting of arteries and veins, separated by intervening capillary networks. Despite their shared origin and some common functions, endothelial cells (ECs), which line every blood vessel, display profound structural and functional heterogeneity unique to the organ and tissue that they reside in. The diversity of phenotypes that ECs can adopt suggest substantial plasticity and indicates that heterogeneity is a core endothelial property that allows ECs to fulfill their multiple tasks. While the anatomical heterogeneity of blood vessels across different organs has been appreciated for centuries, the molecular basis of the variation within the vertebrate vascular tree is poorly understood.   To decipher the transcriptional and epigenetic basis of endothelial heterogeneity across organs, and to determine how ECs mature during development, we surveyed the transcriptional and accessible chromatin landscape of ECs from the brain, retina, heart, liver, lung, and kidney of E12.5, P6, and adult mice. Through analysis of differential gene expression signatures, as well as chromatin accessibility, we have identified unique transcripts, as well as regulatory regions, that define each organ bed and developmental time point. Additionally, through single cell RNA-seq profiling of the embryonic and adult mouse we have determined that the endothelium of a single organ - in this case the brain - uses a diverse set of gene regulatory networks to mature and create a functional blood brain barrier.","Assay for Transposase-Accessible Chromatin with high-throughput sequencing (ATAC-seq) and RNA-seq of endothelial cells (Ecs) or input nuclei of trunk, heart and brain at embryonic day 12.5 and brain, retina, heart, lung, liver and kidney at postnatal day 6 and adult (2 month old) mice; single cell RNA-seq of ECs at embryonic day 9.5, 12.5, 16.5, postnatal day 8 and adult (2 month old) mouse brain. UPDATE: [Apr-05-2026] The bigWig files for Samples GSM5611331 and GSM5611332 were replaced.",,,,552867,GPL19057,Mus musculus,GSE,Expression profiling by high throughput sequencing; Genome binding/occupancy profiling by high throughput sequencing,2022/07/01,125,ftp://ftp.ncbi.nlm.nih.gov/geo/series/GSE185nnn/GSE185345/,,,,,OSD-397|M21,Space Flight
2,GSM1673354,0.9917052984237671,GSE68470,Circadian and light-driven regulation of rod dark adaptation,,,"The sensation of light is initiated in photoreceptor cells by the photoisomerization of a chromophore molecule from 11-cis to all-trans retinal. Continuous visual perception requires recycling of the spent chromophore back to the 11-cis form through the visual cycle, a series of reactions in the retinal pigmented epithelium (RPE). Light-driven chromophore consumption by photoreceptors is greater in daytime compared to night time, suggesting that correspondingly higher activity of the visual cycle may be required. On the other hand, as rod photoreceptors are saturated in bright light, the continuous turnover of their chromophore through the visual cycle during daytime would unnecessarily utilize precious energy and produce toxic byproducts. Here, we sought to determine whether the recycling of chromophore and the dark adaptation of rods is regulated by the circadian clock and light exposure. We demonstrate that in melatonin-proficient C3H/f+/+ mice, rod dark adaptation is slower during the day or after light exposure. This surprising daytime downregulation of the RPE visual cycle was further demonstrated by gene analysis, which revealed light-driven reduction in the expression of Rpe65, which encodes a key enzyme of the RPE visual cycle. In contrast, rods in melatonin-deficient strains (C57BL6/J and 129/Sv) were not affected by this daily visual cycle modulation. Our results demonstrate that the circadian clock and light exposure regulate the recycling of chromophore in the RPE visual cycle. This daily modulation of rod dark adaptation is mediated by melatonin and could potentially protect the retina from light-induced damage during the day.",mRNA-seq of murine eyes (lens removed) in objective day (OD) vs. subjective day (SD) conditions (2 biological replicates per condition). Each biological replicate consisted of 4 eyes (from 1 female and 1 male).,26626567,,,34216,GPL17021,Mus musculus,GSE,Expression profiling by high throughput sequencing,2015/11/19,4,ftp://ftp.ncbi.nlm.nih.gov/geo/series/GSE68nnn/GSE68470/,Circadian and light-driven regulation of rod dark adaptation.,Scientific reports,2015 Dec 2,10.1038/srep17616,OSD-397|M21,Space Flight
3,GSM2349279,0.9915590286254883,GSE88819,Deletion of the Tug1 locus leads to male sterility and affects gene expression in multiple tissues,,,"We have sequenced wild type and mutant testes, prostate, liver, heart, spleen, and eye from adult males, as well as embryonic fibroblasts from the mutant lncRNA strain Tug1_tm1.1Vlcg (Tug1).",Comparison between wild type and mutant organs and primary cell transcriptomes from the Tug1_tm1.1Vlcg mutant strain.,32894169,,,78534,GPL17021; GPL13112,Mus musculus,GSE,Expression profiling by high throughput sequencing,2019/11/22,42,ftp://ftp.ncbi.nlm.nih.gov/geo/series/GSE88nnn/GSE88819/,The Tug1 lncRNA locus is essential for male fertility.,Genome biology,2020 Sep 7,10.1186/s13059-020-02081-5,OSD-397|M21,Space Flight
4,GSM3552977,0.9915036559104919,GSE124745,"The Tug1 locus is required for male fertility and comprised of DNA, RNA and Protein regulatory elements",,,"We have sequenced mouse embryonic fibroblasts (MEFs) and 6 organs (testes, prostate, liver, heart, spleen, and eye) harvested from adult male wild type and Tug1 knockout (Tug1_tm1.1Vlcg) mice in a C57BL/6J/129S6 (N3-C57BL/6J, no Neo) background.  Additional sequencing was done on the testes of a Tug1 rescue mouse, which contains a doxycycline inducible allele for Tug1 (tg(Tug1)) and CAGs-rtTA3 in the Tug1 knockout background (Tug1_tmn1.1Vlcg).","Comparison between wild type and Tug1 knockout (Tug1_tm1.1Vlcg) organs and primary cell transcriptomes. Additional comparisons of the transcriptomes of wildtype, knockout, and rescue testes.",32894169,,,230240,GPL17021; GPL13112,Mus musculus,GSE,Expression profiling by high throughput sequencing,2020/05/27,52,ftp://ftp.ncbi.nlm.nih.gov/geo/series/GSE124nnn/GSE124745/,The Tug1 lncRNA locus is essential for male fertility.,Genome biology,2020 Sep 7,10.1186/s13059-020-02081-5,OSD-397|M21,Space Flight
5,GSM4256054,0.9914882183074951,GSE143281,Transcriptome changes in mouse retina after conditional knockout of UXT,,,"Ubiquitously expressed transcript (UXT), a small chaperone-like protein, is widely expressed in diverse human and mouse tissues and is more abundant in retina and kidney. Here, we investigated changes after  conditional knockout of UXT in mouse retina at  molecular, morphological and functional aspects.","Total RNA in mouse retina after conditional knockout of UXT was isolated and sequenced by deep sequencing using the Hi-Seq (Illumina) platform at Beijing Novel Bioinformatics Co., Ltd. (https://en.novogene.com/).",32744119,,,330779,GPL17021,Mus musculus,GSE,Expression profiling by high throughput sequencing,2020/08/07,16,ftp://ftp.ncbi.nlm.nih.gov/geo/series/GSE143nnn/GSE143281/,Mice deficient in UXT exhibit retinitis pigmentosa-like features via aberrant autophagy activation.,Autophagy,2021 Aug,10.1080/15548627.2020.1796015,OSD-397|M21,Space Flight
6,GSM1673352,0.9914650321006775,GSE68470,Circadian and light-driven regulation of rod dark adaptation,,,"The sensation of light is initiated in photoreceptor cells by the photoisomerization of a chromophore molecule from 11-cis to all-trans retinal. Continuous visual perception requires recycling of the spent chromophore back to the 11-cis form through the visual cycle, a series of reactions in the retinal pigmented epithelium (RPE). Light-driven chromophore consumption by photoreceptors is greater in daytime compared to night time, suggesting that correspondingly higher activity of the visual cycle may be required. On the other hand, as rod photoreceptors are saturated in bright light, the continuous turnover of their chromophore through the visual cycle during daytime would unnecessarily utilize precious energy and produce toxic byproducts. Here, we sought to determine whether the recycling of chromophore and the dark adaptation of rods is regulated by the circadian clock and light exposure. We demonstrate that in melatonin-proficient C3H/f+/+ mice, rod dark adaptation is slower during the day or after light exposure. This surprising daytime downregulation of the RPE visual cycle was further demonstrated by gene analysis, which revealed light-driven reduction in the expression of Rpe65, which encodes a key enzyme of the RPE visual cycle. In contrast, rods in melatonin-deficient strains (C57BL6/J and 129/Sv) were not affected by this daily visual cycle modulation. Our results demonstrate that the circadian clock and light exposure regulate the recycling of chromophore in the RPE visual cycle. This daily modulation of rod dark adaptation is mediated by melatonin and could potentially protect the retina from light-induced damage during the day.",mRNA-seq of murine eyes (lens removed) in objective day (OD) vs. subjective day (SD) conditions (2 biological replicates per condition). Each biological replicate consisted of 4 eyes (from 1 female and 1 male).,26626567,,,34214,GPL17021,Mus musculus,GSE,Expression profiling by high throughput sequencing,2015/11/19,4,ftp://ftp.ncbi.nlm.nih.gov/geo/series/GSE68nnn/GSE68470/,Circadian and light-driven regulation of rod dark adaptation.,Scientific reports,2015 Dec 2,10.1038/srep17616,OSD-397|M21,Space Flight
7,GSM2843662,0.9914084076881409,GSE106591,Next Generation Sequencing Facilitates Quantitative Analysis of Wild Type and miR-211-/- Whole Eye Transcriptomes,,,"Purpose: Next-generation sequencing (NGS) has revolutionized systems-based analysis of cellular pathways. The goals of this study are to compare NGS transcriptome profiling (RNA-seq) from whole eye, after removal of the lens and cornea from 1-2 month old miR-211-/- mice and compare it with wt mice Methods: Whole eye (after removal of the lens and cornea) mRNA profiles of 1-2 month old  wild-type (WT) and neural miR-211-/-mice were generated by deep sequencing, in multiple biological replicates, five for WT and six for miR-211-/- animals, using Illumina GAIIx. The sequence reads that passed quality filters were analyzed at the transcript isoform level with two methods: Burrows–Wheeler Aligner (BWA) followed by ANOVA (ANOVA) and TopHat followed by Cufflinks. qRT–PCR validation was performed using TaqMan and SYBR Green assays RNA-Seq libraries were prepared from whole eye, after removal of the lens and cornea from miR-211-/- mice. Results: Each library was sequenced using 100 bp paired-end sequencing on the Illumina HiSeq 1000 system. Gene abundances from RNA-Seq data were quantified using RSEM45. Using an optimized data analysis workflow, we mapped about 30 million sequence reads per sample to the mouse genome. This approach yielded read count values for a total of 38253 mouse genes annotated in GenCode. We only considered genes that had at least 1 count per million in at least five out of 11 samples as expressed, yielding a total of 15590 genes. Next we performed differential gene expression analysis to determine the transcriptional effects of miR-211 deletion. This analysis yielded a total of 63 genes that were differentially expressed with a False Discovery Rate (FDR) <0.1 (Fig. 4). Of these, the expression levels of 61 genes were significantly decreased upon miR-211 deletion, while only 2 genes were upregulated. Conclusions: Our study represents the first detailed analysis of whole eye transcriptomes, with biologic replicates, generated by RNA-seq technology on miR-211-/-.","Whole eye (after removal of the lens and cornea) mRNA profiles of 1-2 month old  wild-type (WT) and neural miR-211-/-mice were generated by deep sequencing, in multiple biological replicates, five for WT and six for miR-211-/- animals, using Illumina GAIIx.",29209045,,,136562,GPL15103,Mus musculus,GSE,Expression profiling by high throughput sequencing,2018/03/01,11,ftp://ftp.ncbi.nlm.nih.gov/geo/series/GSE106nnn/GSE106591/,MiR-211 is essential for adult cone photoreceptor maintenance and visual function.,Scientific reports,2017 Dec 5,10.1038/s41598-017-17331-z,OSD-397|M21,Space Flight
8,GSM1673353,0.991208016872406,GSE68470,Circadian and light-driven regulation of rod dark adaptation,,,"The sensation of light is initiated in photoreceptor cells by the photoisomerization of a chromophore molecule from 11-cis to all-trans retinal. Continuous visual perception requires recycling of the spent chromophore back to the 11-cis form through the visual cycle, a series of reactions in the retinal pigmented epithelium (RPE). Light-driven chromophore consumption by photoreceptors is greater in daytime compared to night time, suggesting that correspondingly higher activity of the visual cycle may be required. On the other hand, as rod photoreceptors are saturated in bright light, the continuous turnover of their chromophore through the visual cycle during daytime would unnecessarily utilize precious energy and produce toxic byproducts. Here, we sought to determine whether the recycling of chromophore and the dark adaptation of rods is regulated by the circadian clock and light exposure. We demonstrate that in melatonin-proficient C3H/f+/+ mice, rod dark adaptation is slower during the day or after light exposure. This surprising daytime downregulation of the RPE visual cycle was further demonstrated by gene analysis, which revealed light-driven reduction in the expression of Rpe65, which encodes a key enzyme of the RPE visual cycle. In contrast, rods in melatonin-deficient strains (C57BL6/J and 129/Sv) were not affected by this daily visual cycle modulation. Our results demonstrate that the circadian clock and light exposure regulate the recycling of chromophore in the RPE visual cycle. This daily modulation of rod dark adaptation is mediated by melatonin and could potentially protect the retina from light-induced damage during the day.",mRNA-seq of murine eyes (lens removed) in objective day (OD) vs. subjective day (SD) conditions (2 biological replicates per condition). Each biological replicate consisted of 4 eyes (from 1 female and 1 male).,26626567,,,34215,GPL17021,Mus musculus,GSE,Expression profiling by high throughput sequencing,2015/11/19,4,ftp://ftp.ncbi.nlm.nih.gov/geo/series/GSE68nnn/GSE68470/,Circadian and light-driven regulation of rod dark adaptation.,Scientific reports,2015 Dec 2,10.1038/srep17616,OSD-397|M21,Space Flight
9,GSM5208762,0.9909536242485046,GSE169527,Inhibition of epigenetic modifiers LSD1 and HDAC1 blocks rod photoreceptor death in mouse models of Retinitis Pigmentosa.,,,"In retinitis pigmentosa mouse models inhibitors of histone modification enzymes LSD1and HDAC1 blocked rod degeneration, preserved vision and affected the expression of multiple genes including maintenance of rod-specific transcripts and downregulation those involved in inflammation, gliosis and cell death.","Total 11 samples of mouse retina at PN24: 2 wild type controls C57Bl/6J, 3 rd10 B6.CXB1-Pde6brd10/Jrd10, 3 wild type treated with GSK2879552 (LSD1 inhibitor) from PN9 till PN24 and 3 rd10 treated with GSK2879552  from PN9 till PN24",34193554,,,477807,GPL24247,Mus musculus,GSE,Expression profiling by high throughput sequencing,2021/08/11,11,ftp://ftp.ncbi.nlm.nih.gov/geo/series/GSE169nnn/GSE169527/,Inhibition of Epigenetic Modifiers LSD1 and HDAC1 Blocks Rod Photoreceptor Death in Mouse Models of Retinitis Pigmentosa.,The Journal of neuroscience : the official journal of the Society for Neuroscience,2021 Aug 4,10.1523/JNEUROSCI.3102-20.2021,OSD-397|M21,Space Flight
10,GSM4844310,0.9946011304855347,GSE159771,Illumina NGS RNA-seq and RRBS Sequencing on Spaceflight Mouse Retina,,,"We reported the retinal transcriptome and methylome profiles of spaceflight and habitat control mice. The retinal transcrtiome was generated including 764 million paired-end 75x2 bp RNA-seq data. The methylome was generated including 788  million 75-bp RRBS DNA methylation data. We identified 177 differentially expressed genes (DEGs) induced by spaceflight based on the RNA-seq dataset, and 643 differentially methylated genes (DMGs) based on RRBS dataset. Functional enrichement analysis based on DEGs and DMGs revealed that spaceflight altered extracellular matrix component (EMC), cell to cell junction, inflammation pathway, wound-healing process, etc. Integration analysis based on transcriptome and methylome  suggested that modifications on DNA methylation were correlated with transcriptome changes for several significant biological processes and/or pathways.","This study was under the umbrella of the NASA Rodent Research-1 project consortium. In this project, 16-week-old female C57 BL/6J mice were sent to International Space Station (ISS) in NASA's animal enclosure modules (AEM) and were kept inside ISS middeck for 37 days. We used transcrptomic and methylomic approaches to investigated the spaceflight-associated neuro-ocular syndrome (SANS) using retinas from those spaceflight mice.",34179686,,,431364,GPL21626,Mus musculus,GSE,Expression profiling by high throughput sequencing; Methylation profiling by high throughput sequencing,2021/06/30,32,ftp://ftp.ncbi.nlm.nih.gov/geo/series/GSE159nnn/GSE159771/,Spaceflight decelerates the epigenetic clock orchestrated with a global alteration in DNA methylome and transcriptome in the mouse retina.,Precision clinical medicine,2021 Jun,10.1093/pcmedi/pbab012,OSD-397|M22,Space Flight
11,GSM4844309,0.9936726689338684,GSE159771,Illumina NGS RNA-seq and RRBS Sequencing on Spaceflight Mouse Retina,,,"We reported the retinal transcriptome and methylome profiles of spaceflight and habitat control mice. The retinal transcrtiome was generated including 764 million paired-end 75x2 bp RNA-seq data. The methylome was generated including 788  million 75-bp RRBS DNA methylation data. We identified 177 differentially expressed genes (DEGs) induced by spaceflight based on the RNA-seq dataset, and 643 differentially methylated genes (DMGs) based on RRBS dataset. Functional enrichement analysis based on DEGs and DMGs revealed that spaceflight altered extracellular matrix component (EMC), cell to cell junction, inflammation pathway, wound-healing process, etc. Integration analysis based on transcriptome and methylome  suggested that modifications on DNA methylation were correlated with transcriptome changes for several significant biological processes and/or pathways.","This study was under the umbrella of the NASA Rodent Research-1 project consortium. In this project, 16-week-old female C57 BL/6J mice were sent to International Space Station (ISS) in NASA's animal enclosure modules (AEM) and were kept inside ISS middeck for 37 days. We used transcrptomic and methylomic approaches to investigated the spaceflight-associated neuro-ocular syndrome (SANS) using retinas from those spaceflight mice.",34179686,,,431363,GPL21626,Mus musculus,GSE,Expression profiling by high throughput sequencing; Methylation profiling by high throughput sequencing,2021/06/30,32,ftp://ftp.ncbi.nlm.nih.gov/geo/series/GSE159nnn/GSE159771/,Spaceflight decelerates the epigenetic clock orchestrated with a global alteration in DNA methylome and transcriptome in the mouse retina.,Precision clinical medicine,2021 Jun,10.1093/pcmedi/pbab012,OSD-397|M22,Space Flight
12,GSM2412073,0.9929285049438477,GSE90755,Transcriptome profiling of wildtype C57BL/6 mouse with metformin treatment,,,"Background: Metformin, one of the first-line medication for the treatment of type 2 diabetes and gestational diabetes, has recently be suggested for targeting cardiovascular disease, cancer and aging. Therefore, current understanding of the mechanism of this drug is incompletely understood, and the function of multiple tissues, other than liver metabolism alone, may be influenced. Methods: The wildtype healthy mice treated with metformin were compared with controls (treated with double distilled water). The transcriptome changes with/without metformin treatment were probed by using high-throughput RNA-seq techniques Results: A comprehensive mouse transcriptome map with metformin treatment across ten tissues including aorta, eyeball, brain, adipose tissue, heart, kidney, liver, skeletal muscle, stomach and testis, was provided. Function enrichment, network characteristics and disease association of the differentially expressed genes were analyzed. We also compared our expression profiles with related microarray data in order to find conditions that share similar expression profiles with metformin treatment. Conclusions: This dataset could serve as a baseline resource for investigating the potential beneficial or adverse effects of metformin across different tissues.","Wildtype healthy C57BL/6 mice were treated with either metformin (treatment group) or double distilled water (control group). The mRNA profiles across 10 tissues (including aorta, eyeball, brain, adipose tissue, heart, kidney, liver, skeletal muscle, stomach and testis) were generated RNA-seq technique, in triplicate for each group, using Illumina HiSeq 2500.",32529766,,,91861,GPL17021,Mus musculus,GSE,Expression profiling by high throughput sequencing,2020/07/15,60,ftp://ftp.ncbi.nlm.nih.gov/geo/series/GSE90nnn/GSE90755/,Transcriptomic landscape profiling of metformin-treated healthy mice: Implication for potential hypertension risk when prophylactically used.,Journal of cellular and molecular medicine,2020 Jul,10.1111/jcmm.15472,OSD-397|M22,Space Flight
13,GSM3832702,0.9927681684494019,GSE131954,"Spaceflight causes changes in gene expression, photoreceptor integrity, and oxidative stress-related damage in the murine retina",,,"Purpose:The purpose of this study was to determine whether the spaceflight environment induces oxidative damage on ocular structure and how gene expression profiles change during spaceflight. Methods: RNA sequencing, immunofluorescence, and microCT assays were performed on two groups of mice to assess the effects of spaceflight on the mammalian retina. Ten week old adult C57BL/6 mice was flown aboard the ISS for 35 days and returned to Earth alive. Ground control mice were maintained on Earth in identical flight hardware. Within 38 (+/-4) hours of splashdown, mice were euthanized and ocular tissues were collected for analysis. Results:RNA sequencing detected 600 differentially expressed genes in spaceflight retina. This set of differentially expressed genes is enriched for genes related to visual perception, the phototransduction pathway, and numerous retina and photoreceptor phenotype categories. Eleven of the differentially expressed genes are associated with the disease retinitis pigmentosa, a retinal disease characterized by dystrophy of the rods and cones of the photoreceptor layer. Analysis of differentially expressed transcription factors indicate changes in chromatin structure, offering clues to the causes of the phenotypic changes observed. Additionally, immunofluorescence assays showed degradation of cone photoreceptors and increased oxidative stress in the retina. Retinal thickness, as well as thickness of the retinal pigment epithelium and choroid layers, were significantly reduced after spaceflight. Conclusions: These results indicate that retinal performance may decrease over extended periods of spaceflight and cause visual impairment.",Retinal RNA-Seq libraries of ten week old adult C57BL/6 mice were constructed (Ovation® Mouse RNA-Seq System; Nugen) and sequencing performed on  Illumina HiSeq 4000,31527661,,,258084,GPL21103,Mus musculus,GSE,Expression profiling by high throughput sequencing,2019/05/31,16,ftp://ftp.ncbi.nlm.nih.gov/geo/series/GSE131nnn/GSE131954/,"Spaceflight influences gene expression, photoreceptor integrity, and oxidative stress-related damage in the murine retina.",Scientific reports,2019 Sep 16,10.1038/s41598-019-49453-x,OSD-397|M22,Space Flight
14,GSM6508497,0.9924981594085693,GSE212054,Phosphatidylinositol-Specific Phospholipase C can inhibit the proliferation of and suppress the phagocytosis of Müller cells via modulating PI3K/AKT signaling pathway,,,Transcriptome analysis showed that the PI-PLC protein is closely related to phagocytosis by tissue cells,We then performed gene expression profiling analysis using data obtained from RNA-seq of eyeball organization from C57/B6 mouse and human muller cell,37672795,,,675493,GPL24247; GPL24676,Mus musculus; Homo sapiens,GSE,Expression profiling by high throughput sequencing,2022/09/01,24,ftp://ftp.ncbi.nlm.nih.gov/geo/series/GSE212nnn/GSE212054/,Phosphatidylinositol-specific phospholipase C can decrease Müller cell viability and suppress its phagocytic activity by modulating PI3K/AKT signaling pathway.,Canadian journal of microbiology,2023 Dec 1,10.1139/cjm-2023-0044,OSD-397|M22,Space Flight
15,GSM6508507,0.9921177625656128,GSE212054,Phosphatidylinositol-Specific Phospholipase C can inhibit the proliferation of and suppress the phagocytosis of Müller cells via modulating PI3K/AKT signaling pathway,,,Transcriptome analysis showed that the PI-PLC protein is closely related to phagocytosis by tissue cells,We then performed gene expression profiling analysis using data obtained from RNA-seq of eyeball organization from C57/B6 mouse and human muller cell,37672795,,,675503,GPL24247; GPL24676,Mus musculus; Homo sapiens,GSE,Expression profiling by high throughput sequencing,2022/09/01,24,ftp://ftp.ncbi.nlm.nih.gov/geo/series/GSE212nnn/GSE212054/,Phosphatidylinositol-specific phospholipase C can decrease Müller cell viability and suppress its phagocytic activity by modulating PI3K/AKT signaling pathway.,Canadian journal of microbiology,2023 Dec 1,10.1139/cjm-2023-0044,OSD-397|M22,Space Flight
16,GSM1673351,0.9920507073402405,GSE68470,Circadian and light-driven regulation of rod dark adaptation,,,"The sensation of light is initiated in photoreceptor cells by the photoisomerization of a chromophore molecule from 11-cis to all-trans retinal. Continuous visual perception requires recycling of the spent chromophore back to the 11-cis form through the visual cycle, a series of reactions in the retinal pigmented epithelium (RPE). Light-driven chromophore consumption by photoreceptors is greater in daytime compared to night time, suggesting that correspondingly higher activity of the visual cycle may be required. On the other hand, as rod photoreceptors are saturated in bright light, the continuous turnover of their chromophore through the visual cycle during daytime would unnecessarily utilize precious energy and produce toxic byproducts. Here, we sought to determine whether the recycling of chromophore and the dark adaptation of rods is regulated by the circadian clock and light exposure. We demonstrate that in melatonin-proficient C3H/f+/+ mice, rod dark adaptation is slower during the day or after light exposure. This surprising daytime downregulation of the RPE visual cycle was further demonstrated by gene analysis, which revealed light-driven reduction in the expression of Rpe65, which encodes a key enzyme of the RPE visual cycle. In contrast, rods in melatonin-deficient strains (C57BL6/J and 129/Sv) were not affected by this daily visual cycle modulation. Our results demonstrate that the circadian clock and light exposure regulate the recycling of chromophore in the RPE visual cycle. This daily modulation of rod dark adaptation is mediated by melatonin and could potentially protect the retina from light-induced damage during the day.",mRNA-seq of murine eyes (lens removed) in objective day (OD) vs. subjective day (SD) conditions (2 biological replicates per condition). Each biological replicate consisted of 4 eyes (from 1 female and 1 male).,26626567,,,34213,GPL17021,Mus musculus,GSE,Expression profiling by high throughput sequencing,2015/11/19,4,ftp://ftp.ncbi.nlm.nih.gov/geo/series/GSE68nnn/GSE68470/,Circadian and light-driven regulation of rod dark adaptation.,Scientific reports,2015 Dec 2,10.1038/srep17616,OSD-397|M22,Space Flight
17,GSM4844323,0.9918107986450195,GSE159771,Illumina NGS RNA-seq and RRBS Sequencing on Spaceflight Mouse Retina,,,"We reported the retinal transcriptome and methylome profiles of spaceflight and habitat control mice. The retinal transcrtiome was generated including 764 million paired-end 75x2 bp RNA-seq data. The methylome was generated including 788  million 75-bp RRBS DNA methylation data. We identified 177 differentially expressed genes (DEGs) induced by spaceflight based on the RNA-seq dataset, and 643 differentially methylated genes (DMGs) based on RRBS dataset. Functional enrichement analysis based on DEGs and DMGs revealed that spaceflight altered extracellular matrix component (EMC), cell to cell junction, inflammation pathway, wound-healing process, etc. Integration analysis based on transcriptome and methylome  suggested that modifications on DNA methylation were correlated with transcriptome changes for several significant biological processes and/or pathways.","This study was under the umbrella of the NASA Rodent Research-1 project consortium. In this project, 16-week-old female C57 BL/6J mice were sent to International Space Station (ISS) in NASA's animal enclosure modules (AEM) and were kept inside ISS middeck for 37 days. We used transcrptomic and methylomic approaches to investigated the spaceflight-associated neuro-ocular syndrome (SANS) using retinas from those spaceflight mice.",34179686,,,431377,GPL21626,Mus musculus,GSE,Expression profiling by high throughput sequencing; Methylation profiling by high throughput sequencing,2021/06/30,32,ftp://ftp.ncbi.nlm.nih.gov/geo/series/GSE159nnn/GSE159771/,Spaceflight decelerates the epigenetic clock orchestrated with a global alteration in DNA methylome and transcriptome in the mouse retina.,Precision clinical medicine,2021 Jun,10.1093/pcmedi/pbab012,OSD-397|M22,Space Flight
18,GSM4008352,0.9917904138565063,GSE135415,Tissue- and Species-Specific Patterns of RNA metabolism in Post-Mortem Mammalian Retina and Retinal Pigment Epithelium,,,"Accurate analysis of gene expression in human tissues using RNA Sequencing is often dependent on the quality of source material. One major source of variation in mRNA quality is post-mortem time. While it is known that individual transcripts show differential post-mortem stability, few studies have directly and comprehensively analyzed mRNA stability following death, and in particular, the extent to which tissue- and species-specific factors influence post-mortem mRNA stability are poorly understood. This knowledge is particularly important for ocular tissues studies, where tissues obtained post-mortem are frequently used for research or therapeutic applications. To directly investigate this question, we profiled mRNA levels in both neuroretina and retinal pigment epithelium (RPE) from mouse and baboon over a series of post-mortem intervals. We found substantial changes in gene expression as early as 15 minutes in the mouse and as early as three hours in the baboon eye tissues. Importantly, our findings demonstrate both tissue- and species- specific patterns of RNA metabolism, by identifying a set of genes that are either rapidly degraded or very stable in both species and/or tissues. Taken together, the data from this study lays the foundation for understanding RNA regulation post-mortem, and provide novel insights into RNA metabolism in the tissues of the mammalian eye.",Mice at different post-mortem intervals were used to collect retina and RPE/choroid tissues.,31616038,,,278677,GPL27009; GPL19057,Papio anubis; Mus musculus,GSE,Expression profiling by high throughput sequencing,2019/11/04,106,ftp://ftp.ncbi.nlm.nih.gov/geo/series/GSE135nnn/GSE135415/,Tissue- and Species-Specific Patterns of RNA metabolism in Post-Mortem Mammalian Retina and Retinal Pigment Epithelium.,Scientific reports,2019 Oct 15,10.1038/s41598-019-51379-3,OSD-397|M22,Space Flight
19,GSM3832696,0.991593599319458,GSE131954,"Spaceflight causes changes in gene expression, photoreceptor integrity, and oxidative stress-related damage in the murine retina",,,"Purpose:The purpose of this study was to determine whether the spaceflight environment induces oxidative damage on ocular structure and how gene expression profiles change during spaceflight. Methods: RNA sequencing, immunofluorescence, and microCT assays were performed on two groups of mice to assess the effects of spaceflight on the mammalian retina. Ten week old adult C57BL/6 mice was flown aboard the ISS for 35 days and returned to Earth alive. Ground control mice were maintained on Earth in identical flight hardware. Within 38 (+/-4) hours of splashdown, mice were euthanized and ocular tissues were collected for analysis. Results:RNA sequencing detected 600 differentially expressed genes in spaceflight retina. This set of differentially expressed genes is enriched for genes related to visual perception, the phototransduction pathway, and numerous retina and photoreceptor phenotype categories. Eleven of the differentially expressed genes are associated with the disease retinitis pigmentosa, a retinal disease characterized by dystrophy of the rods and cones of the photoreceptor layer. Analysis of differentially expressed transcription factors indicate changes in chromatin structure, offering clues to the causes of the phenotypic changes observed. Additionally, immunofluorescence assays showed degradation of cone photoreceptors and increased oxidative stress in the retina. Retinal thickness, as well as thickness of the retinal pigment epithelium and choroid layers, were significantly reduced after spaceflight. Conclusions: These results indicate that retinal performance may decrease over extended periods of spaceflight and cause visual impairment.",Retinal RNA-Seq libraries of ten week old adult C57BL/6 mice were constructed (Ovation® Mouse RNA-Seq System; Nugen) and sequencing performed on  Illumina HiSeq 4000,31527661,,,258078,GPL21103,Mus musculus,GSE,Expression profiling by high throughput sequencing,2019/05/31,16,ftp://ftp.ncbi.nlm.nih.gov/geo/series/GSE131nnn/GSE131954/,"Spaceflight influences gene expression, photoreceptor integrity, and oxidative stress-related damage in the murine retina.",Scientific reports,2019 Sep 16,10.1038/s41598-019-49453-x,OSD-397|M22,Space Flight
20,GSM4844319,0.9970841407775879,GSE159771,Illumina NGS RNA-seq and RRBS Sequencing on Spaceflight Mouse Retina,,,"We reported the retinal transcriptome and methylome profiles of spaceflight and habitat control mice. The retinal transcrtiome was generated including 764 million paired-end 75x2 bp RNA-seq data. The methylome was generated including 788  million 75-bp RRBS DNA methylation data. We identified 177 differentially expressed genes (DEGs) induced by spaceflight based on the RNA-seq dataset, and 643 differentially methylated genes (DMGs) based on RRBS dataset. Functional enrichement analysis based on DEGs and DMGs revealed that spaceflight altered extracellular matrix component (EMC), cell to cell junction, inflammation pathway, wound-healing process, etc. Integration analysis based on transcriptome and methylome  suggested that modifications on DNA methylation were correlated with transcriptome changes for several significant biological processes and/or pathways.","This study was under the umbrella of the NASA Rodent Research-1 project consortium. In this project, 16-week-old female C57 BL/6J mice were sent to International Space Station (ISS) in NASA's animal enclosure modules (AEM) and were kept inside ISS middeck for 37 days. We used transcrptomic and methylomic approaches to investigated the spaceflight-associated neuro-ocular syndrome (SANS) using retinas from those spaceflight mice.",34179686,,,431373,GPL21626,Mus musculus,GSE,Expression profiling by high throughput sequencing; Methylation profiling by high throughput sequencing,2021/06/30,32,ftp://ftp.ncbi.nlm.nih.gov/geo/series/GSE159nnn/GSE159771/,Spaceflight decelerates the epigenetic clock orchestrated with a global alteration in DNA methylome and transcriptome in the mouse retina.,Precision clinical medicine,2021 Jun,10.1093/pcmedi/pbab012,OSD-397|M23,Space Flight
21,GSM4844320,0.9970669746398926,GSE159771,Illumina NGS RNA-seq and RRBS Sequencing on Spaceflight Mouse Retina,,,"We reported the retinal transcriptome and methylome profiles of spaceflight and habitat control mice. The retinal transcrtiome was generated including 764 million paired-end 75x2 bp RNA-seq data. The methylome was generated including 788  million 75-bp RRBS DNA methylation data. We identified 177 differentially expressed genes (DEGs) induced by spaceflight based on the RNA-seq dataset, and 643 differentially methylated genes (DMGs) based on RRBS dataset. Functional enrichement analysis based on DEGs and DMGs revealed that spaceflight altered extracellular matrix component (EMC), cell to cell junction, inflammation pathway, wound-healing process, etc. Integration analysis based on transcriptome and methylome  suggested that modifications on DNA methylation were correlated with transcriptome changes for several significant biological processes and/or pathways.","This study was under the umbrella of the NASA Rodent Research-1 project consortium. In this project, 16-week-old female C57 BL/6J mice were sent to International Space Station (ISS) in NASA's animal enclosure modules (AEM) and were kept inside ISS middeck for 37 days. We used transcrptomic and methylomic approaches to investigated the spaceflight-associated neuro-ocular syndrome (SANS) using retinas from those spaceflight mice.",34179686,,,431374,GPL21626,Mus musculus,GSE,Expression profiling by high throughput sequencing; Methylation profiling by high throughput sequencing,2021/06/30,32,ftp://ftp.ncbi.nlm.nih.gov/geo/series/GSE159nnn/GSE159771/,Spaceflight decelerates the epigenetic clock orchestrated with a global alteration in DNA methylome and transcriptome in the mouse retina.,Precision clinical medicine,2021 Jun,10.1093/pcmedi/pbab012,OSD-397|M23,Space Flight
22,GSM2084776,0.9966690540313721,GSE79061,Synergistically acting agonists and antagonists of G protein–coupled receptors prevent photoreceptor cell degeneration,,,"Photoreceptor degeneration is the central event leading to visual impairment or blindness in most retinal diseases. However, the discovery of safe and effective therapeutic strategies conferring photoreceptor protection remains challenging. A systems pharmacology approach, synergistically targeting distinct cellular pathways could provide an effective strategy for evaluating, preventing or treating retinal dystrophies. Here this concept was investigated using a mouse model of light-induced retinal degeneration. We show that a combination of FDA-approved drugs acting on different G protein-coupled receptors in a synergistic manner could protect retinas against light-induced degeneration when each drug in the combination treatment was administered at a sub-therapeutic dose. Furthermore, transcriptome analyses demonstrated that such combined treatments also preserved patterns of retinal gene expression more characteristic of the normal retina than did single therapies at higher doses. The current study thus supports a new systems pharmacology approach that may extend to other complex neurodegenerative disorders in addition to retinal diseases.","Male and female Abca4-/-Rdh8-/- at the age of 4- to 6-weeks were used for the current study. All mice were housed and maintained in a 12 h light (≤10 lux)/12 h dark cyclic environment in the Animal Resource Center at the School of Medicine, Case Western Reserve University (CWRU). Bright light-induced retinal damage was generated by exposing Abca4-/-Rdh8-/- mice to white light delivered at 10,000 lux (150 W spiral lamp, Commercial Electric) for 30 min. All indicated treatments were administered by intraperitoneal injection 30 min prior to bright light exposure and retinas collected one day later. Single compounds and their tested doses were: 2-Bromo-α-ergocryptine methanesulfonate salt (BRM), metoprolol tartrate (MTP), tamsulosin (TAM), and doxazosin (DOX). Combined treatments were: BRM, MTP and TAM (BMT), or MTP, DOX, and BRM (MDB). Processed data files (linked as series supplementary files): DE_combined.txt; Significant differential expression results from the combined pretreatment experiment. DE_mono.txt; Significant differential expression results from the mono pretreatment experiment. eXpress_counts_combined.txt; Quantitation output from eXpress of effective counts from the combined pretreatment experiment. eXpress_counts_mono.txt; Quantitation output from eXpress of effective counts from the mono pretreatment experiment. eXpress_fpkm_combined.txt; Quantitation output from eXpress of fpkm values from the combined pretreatment experiment. eXpress_fpkm_mono.txt; Quantitation output from eXpress of fpkm values from the mono pretreatment experiment. normalized_fpkm_combined.txt; TMM normalized fpkm values from the combined pretreatment experiment. normalized_fpkm_mono.txt; TMM normalized fpkm values from the mono pretreatment experiment.",27460988,,,57542,GPL17021,Mus musculus,GSE,Expression profiling by high throughput sequencing,2016/11/15,30,ftp://ftp.ncbi.nlm.nih.gov/geo/series/GSE79nnn/GSE79061/,Synergistically acting agonists and antagonists of G protein-coupled receptors prevent photoreceptor cell degeneration.,Science signaling,2016 Jul 26,10.1126/scisignal.aag0245,OSD-397|M23,Space Flight
23,GSM4844324,0.9963575601577759,GSE159771,Illumina NGS RNA-seq and RRBS Sequencing on Spaceflight Mouse Retina,,,"We reported the retinal transcriptome and methylome profiles of spaceflight and habitat control mice. The retinal transcrtiome was generated including 764 million paired-end 75x2 bp RNA-seq data. The methylome was generated including 788  million 75-bp RRBS DNA methylation data. We identified 177 differentially expressed genes (DEGs) induced by spaceflight based on the RNA-seq dataset, and 643 differentially methylated genes (DMGs) based on RRBS dataset. Functional enrichement analysis based on DEGs and DMGs revealed that spaceflight altered extracellular matrix component (EMC), cell to cell junction, inflammation pathway, wound-healing process, etc. Integration analysis based on transcriptome and methylome  suggested that modifications on DNA methylation were correlated with transcriptome changes for several significant biological processes and/or pathways.","This study was under the umbrella of the NASA Rodent Research-1 project consortium. In this project, 16-week-old female C57 BL/6J mice were sent to International Space Station (ISS) in NASA's animal enclosure modules (AEM) and were kept inside ISS middeck for 37 days. We used transcrptomic and methylomic approaches to investigated the spaceflight-associated neuro-ocular syndrome (SANS) using retinas from those spaceflight mice.",34179686,,,431378,GPL21626,Mus musculus,GSE,Expression profiling by high throughput sequencing; Methylation profiling by high throughput sequencing,2021/06/30,32,ftp://ftp.ncbi.nlm.nih.gov/geo/series/GSE159nnn/GSE159771/,Spaceflight decelerates the epigenetic clock orchestrated with a global alteration in DNA methylome and transcriptome in the mouse retina.,Precision clinical medicine,2021 Jun,10.1093/pcmedi/pbab012,OSD-397|M23,Space Flight
24,GSM4844316,0.9963347911834717,GSE159771,Illumina NGS RNA-seq and RRBS Sequencing on Spaceflight Mouse Retina,,,"We reported the retinal transcriptome and methylome profiles of spaceflight and habitat control mice. The retinal transcrtiome was generated including 764 million paired-end 75x2 bp RNA-seq data. The methylome was generated including 788  million 75-bp RRBS DNA methylation data. We identified 177 differentially expressed genes (DEGs) induced by spaceflight based on the RNA-seq dataset, and 643 differentially methylated genes (DMGs) based on RRBS dataset. Functional enrichement analysis based on DEGs and DMGs revealed that spaceflight altered extracellular matrix component (EMC), cell to cell junction, inflammation pathway, wound-healing process, etc. Integration analysis based on transcriptome and methylome  suggested that modifications on DNA methylation were correlated with transcriptome changes for several significant biological processes and/or pathways.","This study was under the umbrella of the NASA Rodent Research-1 project consortium. In this project, 16-week-old female C57 BL/6J mice were sent to International Space Station (ISS) in NASA's animal enclosure modules (AEM) and were kept inside ISS middeck for 37 days. We used transcrptomic and methylomic approaches to investigated the spaceflight-associated neuro-ocular syndrome (SANS) using retinas from those spaceflight mice.",34179686,,,431370,GPL21626,Mus musculus,GSE,Expression profiling by high throughput sequencing; Methylation profiling by high throughput sequencing,2021/06/30,32,ftp://ftp.ncbi.nlm.nih.gov/geo/series/GSE159nnn/GSE159771/,Spaceflight decelerates the epigenetic clock orchestrated with a global alteration in DNA methylome and transcriptome in the mouse retina.,Precision clinical medicine,2021 Jun,10.1093/pcmedi/pbab012,OSD-397|M23,Space Flight
25,GSM1362144,0.9960297346115112,GSE56473,rd10 transcriptome analysis,,,"Retinitis pigmentosa (RP) is a photoreceptor disease that affects approximately 100,000 people in the United States. There are currently very limited treatment options and the prognosis for most patients is progressive vision loss. Unfortunately, the understanding of the molecular underpinnings of RP initiation and progression is still poorly understood. However, the development of animal models of RP, coupled with high-throughput sequencing, has provided an opportunity to study the underlying cellular and molecular changes of this disease. Using RNA-Seq, we present the first retinal transcriptome analysis of the rd10 murine model of retinal degeneration.","RNA-Seq on whole-retina samples from rd10, wild-type and GFP-expressing mouse retina. Three biological replicates of each.",25489233,,,15282,GPL13112,Mus musculus,GSE,Expression profiling by high throughput sequencing,2014/10/26,9,ftp://ftp.ncbi.nlm.nih.gov/geo/series/GSE56nnn/GSE56473/,A profile of transcriptomic changes in the rd10 mouse model of retinitis pigmentosa.,Molecular vision,2014,,OSD-397|M23,Space Flight
26,GSM1362151,0.995983362197876,GSE56473,rd10 transcriptome analysis,,,"Retinitis pigmentosa (RP) is a photoreceptor disease that affects approximately 100,000 people in the United States. There are currently very limited treatment options and the prognosis for most patients is progressive vision loss. Unfortunately, the understanding of the molecular underpinnings of RP initiation and progression is still poorly understood. However, the development of animal models of RP, coupled with high-throughput sequencing, has provided an opportunity to study the underlying cellular and molecular changes of this disease. Using RNA-Seq, we present the first retinal transcriptome analysis of the rd10 murine model of retinal degeneration.","RNA-Seq on whole-retina samples from rd10, wild-type and GFP-expressing mouse retina. Three biological replicates of each.",25489233,,,15289,GPL13112,Mus musculus,GSE,Expression profiling by high throughput sequencing,2014/10/26,9,ftp://ftp.ncbi.nlm.nih.gov/geo/series/GSE56nnn/GSE56473/,A profile of transcriptomic changes in the rd10 mouse model of retinitis pigmentosa.,Molecular vision,2014,,OSD-397|M23,Space Flight
27,GSM3263641,0.9959449768066406,GSE116915,RNAseq quantitative analysis of ion channel mRNA expression in microbead occlusion model,,,"The purpose of this study was to utilize RNAseq to determine if there are changes in ion channel mRNA expression in the retina of C57BL/6 mice subjected to the Microbead Occlusion Model. Whole retina was isolated from 2 month old mice that received intracameral injections of either saline or 15-um-diameter microbeads. Total RNA was isolated from the retinas and subjected to RNA sequencing using Illumina HiSeq 2500. Fold change in mRNA expression was compared between saline- and microbead-injected samples. We then analyzed these data for changes in expression of potassium channels, such as tandem-pore domain K+ channels, inwardly rectifying K+ channels, and the Na+/K+-ATPase.",Retinal mRNA profiles of saline- and microbead-injected C57BL/6 mice  were generated by whole genome sequencing using Illumina NovaSeq6000,31736686,,,190565,GPL24247,Mus musculus,GSE,Expression profiling by high throughput sequencing,2018/10/01,6,ftp://ftp.ncbi.nlm.nih.gov/geo/series/GSE116nnn/GSE116915/,Impairment of Membrane Repolarization Accompanies Axon Transport Deficits in Glaucoma.,Frontiers in neuroscience,2019,10.3389/fnins.2019.01139,OSD-397|M23,Space Flight
28,GSM2084763,0.9959307909011841,GSE79061,Synergistically acting agonists and antagonists of G protein–coupled receptors prevent photoreceptor cell degeneration,,,"Photoreceptor degeneration is the central event leading to visual impairment or blindness in most retinal diseases. However, the discovery of safe and effective therapeutic strategies conferring photoreceptor protection remains challenging. A systems pharmacology approach, synergistically targeting distinct cellular pathways could provide an effective strategy for evaluating, preventing or treating retinal dystrophies. Here this concept was investigated using a mouse model of light-induced retinal degeneration. We show that a combination of FDA-approved drugs acting on different G protein-coupled receptors in a synergistic manner could protect retinas against light-induced degeneration when each drug in the combination treatment was administered at a sub-therapeutic dose. Furthermore, transcriptome analyses demonstrated that such combined treatments also preserved patterns of retinal gene expression more characteristic of the normal retina than did single therapies at higher doses. The current study thus supports a new systems pharmacology approach that may extend to other complex neurodegenerative disorders in addition to retinal diseases.","Male and female Abca4-/-Rdh8-/- at the age of 4- to 6-weeks were used for the current study. All mice were housed and maintained in a 12 h light (≤10 lux)/12 h dark cyclic environment in the Animal Resource Center at the School of Medicine, Case Western Reserve University (CWRU). Bright light-induced retinal damage was generated by exposing Abca4-/-Rdh8-/- mice to white light delivered at 10,000 lux (150 W spiral lamp, Commercial Electric) for 30 min. All indicated treatments were administered by intraperitoneal injection 30 min prior to bright light exposure and retinas collected one day later. Single compounds and their tested doses were: 2-Bromo-α-ergocryptine methanesulfonate salt (BRM), metoprolol tartrate (MTP), tamsulosin (TAM), and doxazosin (DOX). Combined treatments were: BRM, MTP and TAM (BMT), or MTP, DOX, and BRM (MDB). Processed data files (linked as series supplementary files): DE_combined.txt; Significant differential expression results from the combined pretreatment experiment. DE_mono.txt; Significant differential expression results from the mono pretreatment experiment. eXpress_counts_combined.txt; Quantitation output from eXpress of effective counts from the combined pretreatment experiment. eXpress_counts_mono.txt; Quantitation output from eXpress of effective counts from the mono pretreatment experiment. eXpress_fpkm_combined.txt; Quantitation output from eXpress of fpkm values from the combined pretreatment experiment. eXpress_fpkm_mono.txt; Quantitation output from eXpress of fpkm values from the mono pretreatment experiment. normalized_fpkm_combined.txt; TMM normalized fpkm values from the combined pretreatment experiment. normalized_fpkm_mono.txt; TMM normalized fpkm values from the mono pretreatment experiment.",27460988,,,57529,GPL17021,Mus musculus,GSE,Expression profiling by high throughput sequencing,2016/11/15,30,ftp://ftp.ncbi.nlm.nih.gov/geo/series/GSE79nnn/GSE79061/,Synergistically acting agonists and antagonists of G protein-coupled receptors prevent photoreceptor cell degeneration.,Science signaling,2016 Jul 26,10.1126/scisignal.aag0245,OSD-397|M23,Space Flight
29,GSM2084783,0.9959227442741394,GSE79061,Synergistically acting agonists and antagonists of G protein–coupled receptors prevent photoreceptor cell degeneration,,,"Photoreceptor degeneration is the central event leading to visual impairment or blindness in most retinal diseases. However, the discovery of safe and effective therapeutic strategies conferring photoreceptor protection remains challenging. A systems pharmacology approach, synergistically targeting distinct cellular pathways could provide an effective strategy for evaluating, preventing or treating retinal dystrophies. Here this concept was investigated using a mouse model of light-induced retinal degeneration. We show that a combination of FDA-approved drugs acting on different G protein-coupled receptors in a synergistic manner could protect retinas against light-induced degeneration when each drug in the combination treatment was administered at a sub-therapeutic dose. Furthermore, transcriptome analyses demonstrated that such combined treatments also preserved patterns of retinal gene expression more characteristic of the normal retina than did single therapies at higher doses. The current study thus supports a new systems pharmacology approach that may extend to other complex neurodegenerative disorders in addition to retinal diseases.","Male and female Abca4-/-Rdh8-/- at the age of 4- to 6-weeks were used for the current study. All mice were housed and maintained in a 12 h light (≤10 lux)/12 h dark cyclic environment in the Animal Resource Center at the School of Medicine, Case Western Reserve University (CWRU). Bright light-induced retinal damage was generated by exposing Abca4-/-Rdh8-/- mice to white light delivered at 10,000 lux (150 W spiral lamp, Commercial Electric) for 30 min. All indicated treatments were administered by intraperitoneal injection 30 min prior to bright light exposure and retinas collected one day later. Single compounds and their tested doses were: 2-Bromo-α-ergocryptine methanesulfonate salt (BRM), metoprolol tartrate (MTP), tamsulosin (TAM), and doxazosin (DOX). Combined treatments were: BRM, MTP and TAM (BMT), or MTP, DOX, and BRM (MDB). Processed data files (linked as series supplementary files): DE_combined.txt; Significant differential expression results from the combined pretreatment experiment. DE_mono.txt; Significant differential expression results from the mono pretreatment experiment. eXpress_counts_combined.txt; Quantitation output from eXpress of effective counts from the combined pretreatment experiment. eXpress_counts_mono.txt; Quantitation output from eXpress of effective counts from the mono pretreatment experiment. eXpress_fpkm_combined.txt; Quantitation output from eXpress of fpkm values from the combined pretreatment experiment. eXpress_fpkm_mono.txt; Quantitation output from eXpress of fpkm values from the mono pretreatment experiment. normalized_fpkm_combined.txt; TMM normalized fpkm values from the combined pretreatment experiment. normalized_fpkm_mono.txt; TMM normalized fpkm values from the mono pretreatment experiment.",27460988,,,57549,GPL17021,Mus musculus,GSE,Expression profiling by high throughput sequencing,2016/11/15,30,ftp://ftp.ncbi.nlm.nih.gov/geo/series/GSE79nnn/GSE79061/,Synergistically acting agonists and antagonists of G protein-coupled receptors prevent photoreceptor cell degeneration.,Science signaling,2016 Jul 26,10.1126/scisignal.aag0245,OSD-397|M23,Space Flight
30,GSM3832708,0.9972952008247375,GSE131954,"Spaceflight causes changes in gene expression, photoreceptor integrity, and oxidative stress-related damage in the murine retina",,,"Purpose:The purpose of this study was to determine whether the spaceflight environment induces oxidative damage on ocular structure and how gene expression profiles change during spaceflight. Methods: RNA sequencing, immunofluorescence, and microCT assays were performed on two groups of mice to assess the effects of spaceflight on the mammalian retina. Ten week old adult C57BL/6 mice was flown aboard the ISS for 35 days and returned to Earth alive. Ground control mice were maintained on Earth in identical flight hardware. Within 38 (+/-4) hours of splashdown, mice were euthanized and ocular tissues were collected for analysis. Results:RNA sequencing detected 600 differentially expressed genes in spaceflight retina. This set of differentially expressed genes is enriched for genes related to visual perception, the phototransduction pathway, and numerous retina and photoreceptor phenotype categories. Eleven of the differentially expressed genes are associated with the disease retinitis pigmentosa, a retinal disease characterized by dystrophy of the rods and cones of the photoreceptor layer. Analysis of differentially expressed transcription factors indicate changes in chromatin structure, offering clues to the causes of the phenotypic changes observed. Additionally, immunofluorescence assays showed degradation of cone photoreceptors and increased oxidative stress in the retina. Retinal thickness, as well as thickness of the retinal pigment epithelium and choroid layers, were significantly reduced after spaceflight. Conclusions: These results indicate that retinal performance may decrease over extended periods of spaceflight and cause visual impairment.",Retinal RNA-Seq libraries of ten week old adult C57BL/6 mice were constructed (Ovation® Mouse RNA-Seq System; Nugen) and sequencing performed on  Illumina HiSeq 4000,31527661,,,258090,GPL21103,Mus musculus,GSE,Expression profiling by high throughput sequencing,2019/05/31,16,ftp://ftp.ncbi.nlm.nih.gov/geo/series/GSE131nnn/GSE131954/,"Spaceflight influences gene expression, photoreceptor integrity, and oxidative stress-related damage in the murine retina.",Scientific reports,2019 Sep 16,10.1038/s41598-019-49453-x,OSD-397|M24,Space Flight
31,GSM1362151,0.9969108700752258,GSE56473,rd10 transcriptome analysis,,,"Retinitis pigmentosa (RP) is a photoreceptor disease that affects approximately 100,000 people in the United States. There are currently very limited treatment options and the prognosis for most patients is progressive vision loss. Unfortunately, the understanding of the molecular underpinnings of RP initiation and progression is still poorly understood. However, the development of animal models of RP, coupled with high-throughput sequencing, has provided an opportunity to study the underlying cellular and molecular changes of this disease. Using RNA-Seq, we present the first retinal transcriptome analysis of the rd10 murine model of retinal degeneration.","RNA-Seq on whole-retina samples from rd10, wild-type and GFP-expressing mouse retina. Three biological replicates of each.",25489233,,,15289,GPL13112,Mus musculus,GSE,Expression profiling by high throughput sequencing,2014/10/26,9,ftp://ftp.ncbi.nlm.nih.gov/geo/series/GSE56nnn/GSE56473/,A profile of transcriptomic changes in the rd10 mouse model of retinitis pigmentosa.,Molecular vision,2014,,OSD-397|M24,Space Flight
32,GSM5191728,0.9967225193977356,GSE169262,Identification of a modular super-enhancer in murine retinal development,,,"Single cell RNA-sequencing shows cell type specific expression of genes in the retina. Single cell ATAC-sequencing of the wild type retina at multiple stages revealed that chromatin in the Vsx2 CRC SE, a stage- and cell type-specific core regulatory circuit super-enhancer (CRC-SE) upstream of the Vsx2 gene, was only open in bipolar cells in Region3 in adult retina. Chromatin in Region0 was open in retinal progenitor cells in E14.5 retina.","Single cell RNA sequencing, single cell ATAC sequencing, bulk RNA sequencing,  and ChIP sequening from WT and VSX2SE Region deletion mice retina at E14.5 and adult stages",35017532,,,476944,GPL24247; GPL17021,Mus musculus,GSE,Expression profiling by high throughput sequencing; Genome binding/occupancy profiling by high throughput sequencing,2021/11/16,43,ftp://ftp.ncbi.nlm.nih.gov/geo/series/GSE169nnn/GSE169262/,Identification of a modular super-enhancer in murine retinal development.,Nature communications,2022 Jan 11,10.1038/s41467-021-27924-y,OSD-397|M24,Space Flight
33,GSM4844319,0.9964724779129028,GSE159771,Illumina NGS RNA-seq and RRBS Sequencing on Spaceflight Mouse Retina,,,"We reported the retinal transcriptome and methylome profiles of spaceflight and habitat control mice. The retinal transcrtiome was generated including 764 million paired-end 75x2 bp RNA-seq data. The methylome was generated including 788  million 75-bp RRBS DNA methylation data. We identified 177 differentially expressed genes (DEGs) induced by spaceflight based on the RNA-seq dataset, and 643 differentially methylated genes (DMGs) based on RRBS dataset. Functional enrichement analysis based on DEGs and DMGs revealed that spaceflight altered extracellular matrix component (EMC), cell to cell junction, inflammation pathway, wound-healing process, etc. Integration analysis based on transcriptome and methylome  suggested that modifications on DNA methylation were correlated with transcriptome changes for several significant biological processes and/or pathways.","This study was under the umbrella of the NASA Rodent Research-1 project consortium. In this project, 16-week-old female C57 BL/6J mice were sent to International Space Station (ISS) in NASA's animal enclosure modules (AEM) and were kept inside ISS middeck for 37 days. We used transcrptomic and methylomic approaches to investigated the spaceflight-associated neuro-ocular syndrome (SANS) using retinas from those spaceflight mice.",34179686,,,431373,GPL21626,Mus musculus,GSE,Expression profiling by high throughput sequencing; Methylation profiling by high throughput sequencing,2021/06/30,32,ftp://ftp.ncbi.nlm.nih.gov/geo/series/GSE159nnn/GSE159771/,Spaceflight decelerates the epigenetic clock orchestrated with a global alteration in DNA methylome and transcriptome in the mouse retina.,Precision clinical medicine,2021 Jun,10.1093/pcmedi/pbab012,OSD-397|M24,Space Flight
34,GSM2084783,0.9963914155960083,GSE79061,Synergistically acting agonists and antagonists of G protein–coupled receptors prevent photoreceptor cell degeneration,,,"Photoreceptor degeneration is the central event leading to visual impairment or blindness in most retinal diseases. However, the discovery of safe and effective therapeutic strategies conferring photoreceptor protection remains challenging. A systems pharmacology approach, synergistically targeting distinct cellular pathways could provide an effective strategy for evaluating, preventing or treating retinal dystrophies. Here this concept was investigated using a mouse model of light-induced retinal degeneration. We show that a combination of FDA-approved drugs acting on different G protein-coupled receptors in a synergistic manner could protect retinas against light-induced degeneration when each drug in the combination treatment was administered at a sub-therapeutic dose. Furthermore, transcriptome analyses demonstrated that such combined treatments also preserved patterns of retinal gene expression more characteristic of the normal retina than did single therapies at higher doses. The current study thus supports a new systems pharmacology approach that may extend to other complex neurodegenerative disorders in addition to retinal diseases.","Male and female Abca4-/-Rdh8-/- at the age of 4- to 6-weeks were used for the current study. All mice were housed and maintained in a 12 h light (≤10 lux)/12 h dark cyclic environment in the Animal Resource Center at the School of Medicine, Case Western Reserve University (CWRU). Bright light-induced retinal damage was generated by exposing Abca4-/-Rdh8-/- mice to white light delivered at 10,000 lux (150 W spiral lamp, Commercial Electric) for 30 min. All indicated treatments were administered by intraperitoneal injection 30 min prior to bright light exposure and retinas collected one day later. Single compounds and their tested doses were: 2-Bromo-α-ergocryptine methanesulfonate salt (BRM), metoprolol tartrate (MTP), tamsulosin (TAM), and doxazosin (DOX). Combined treatments were: BRM, MTP and TAM (BMT), or MTP, DOX, and BRM (MDB). Processed data files (linked as series supplementary files): DE_combined.txt; Significant differential expression results from the combined pretreatment experiment. DE_mono.txt; Significant differential expression results from the mono pretreatment experiment. eXpress_counts_combined.txt; Quantitation output from eXpress of effective counts from the combined pretreatment experiment. eXpress_counts_mono.txt; Quantitation output from eXpress of effective counts from the mono pretreatment experiment. eXpress_fpkm_combined.txt; Quantitation output from eXpress of fpkm values from the combined pretreatment experiment. eXpress_fpkm_mono.txt; Quantitation output from eXpress of fpkm values from the mono pretreatment experiment. normalized_fpkm_combined.txt; TMM normalized fpkm values from the combined pretreatment experiment. normalized_fpkm_mono.txt; TMM normalized fpkm values from the mono pretreatment experiment.",27460988,,,57549,GPL17021,Mus musculus,GSE,Expression profiling by high throughput sequencing,2016/11/15,30,ftp://ftp.ncbi.nlm.nih.gov/geo/series/GSE79nnn/GSE79061/,Synergistically acting agonists and antagonists of G protein-coupled receptors prevent photoreceptor cell degeneration.,Science signaling,2016 Jul 26,10.1126/scisignal.aag0245,OSD-397|M24,Space Flight
35,GSM1331907,0.9963667392730713,GSE55228,RNA sequence reveals mouse retinal transcriptome changes early after axonal injury,,,"Purpose: The purpose of this study was　to use RNA-seq to investigate the molecular mechanisms of damage in the early stages of the response to axonal injury, before the onset of RGC death. Methods: 12-week-old wild-type (WT) mice were used in this study. The experiment group underwent an optic nerve crush (ONC) procedure to induce axonal injury in the right eye, and the control group underwent a sham procedure. Retinal mRNA profiles were generated by deep sequencing, in triplicate, using IlluminaHiseq2000. The sequence reads were analyzed by CLC genomics workbench and R software. qRT–PCR validation was performed using TaqMan assays. Results: Using an optimized data analysis workflow, we mapped about 66 million sequence reads per sample to the mouse genome (build mm9). Differential gene expression analysis showed that endoplasmic reticulum stress-related genes and antioxidative response-related genes have been shown to be significantly upregulated 2 days after ONC. Conclusions: Our study represents the first detailed analysis of retinal transcriptomes in the early stages after axonal injury. Our results indicated that ER stress plays a key role under these conditions. Furthermore, the antioxidative defense and immune responses occurred concurrently in the early stages after axonal injury. We believe that our study will lead to a better understanding of and insight into the molecular mechanisms underlying RGC death after axonal injury.","Retinal mRNA profiles of 12 week-old wild type (WT) after ONC or sham were generated by deep sequencing, in triplicate, using Illumina Hiseq2000.",24676137,,,14953,GPL13112,Mus musculus,GSE,Expression profiling by high throughput sequencing,2014/02/21,6,ftp://ftp.ncbi.nlm.nih.gov/geo/series/GSE55nnn/GSE55228/,RNA sequence reveals mouse retinal transcriptome changes early after axonal injury.,PloS one,2014,10.1371/journal.pone.0093258,OSD-397|M24,Space Flight
36,GSM1331909,0.9963362216949463,GSE55228,RNA sequence reveals mouse retinal transcriptome changes early after axonal injury,,,"Purpose: The purpose of this study was　to use RNA-seq to investigate the molecular mechanisms of damage in the early stages of the response to axonal injury, before the onset of RGC death. Methods: 12-week-old wild-type (WT) mice were used in this study. The experiment group underwent an optic nerve crush (ONC) procedure to induce axonal injury in the right eye, and the control group underwent a sham procedure. Retinal mRNA profiles were generated by deep sequencing, in triplicate, using IlluminaHiseq2000. The sequence reads were analyzed by CLC genomics workbench and R software. qRT–PCR validation was performed using TaqMan assays. Results: Using an optimized data analysis workflow, we mapped about 66 million sequence reads per sample to the mouse genome (build mm9). Differential gene expression analysis showed that endoplasmic reticulum stress-related genes and antioxidative response-related genes have been shown to be significantly upregulated 2 days after ONC. Conclusions: Our study represents the first detailed analysis of retinal transcriptomes in the early stages after axonal injury. Our results indicated that ER stress plays a key role under these conditions. Furthermore, the antioxidative defense and immune responses occurred concurrently in the early stages after axonal injury. We believe that our study will lead to a better understanding of and insight into the molecular mechanisms underlying RGC death after axonal injury.","Retinal mRNA profiles of 12 week-old wild type (WT) after ONC or sham were generated by deep sequencing, in triplicate, using Illumina Hiseq2000.",24676137,,,14955,GPL13112,Mus musculus,GSE,Expression profiling by high throughput sequencing,2014/02/21,6,ftp://ftp.ncbi.nlm.nih.gov/geo/series/GSE55nnn/GSE55228/,RNA sequence reveals mouse retinal transcriptome changes early after axonal injury.,PloS one,2014,10.1371/journal.pone.0093258,OSD-397|M24,Space Flight
37,GSM2084781,0.9962836503982544,GSE79061,Synergistically acting agonists and antagonists of G protein–coupled receptors prevent photoreceptor cell degeneration,,,"Photoreceptor degeneration is the central event leading to visual impairment or blindness in most retinal diseases. However, the discovery of safe and effective therapeutic strategies conferring photoreceptor protection remains challenging. A systems pharmacology approach, synergistically targeting distinct cellular pathways could provide an effective strategy for evaluating, preventing or treating retinal dystrophies. Here this concept was investigated using a mouse model of light-induced retinal degeneration. We show that a combination of FDA-approved drugs acting on different G protein-coupled receptors in a synergistic manner could protect retinas against light-induced degeneration when each drug in the combination treatment was administered at a sub-therapeutic dose. Furthermore, transcriptome analyses demonstrated that such combined treatments also preserved patterns of retinal gene expression more characteristic of the normal retina than did single therapies at higher doses. The current study thus supports a new systems pharmacology approach that may extend to other complex neurodegenerative disorders in addition to retinal diseases.","Male and female Abca4-/-Rdh8-/- at the age of 4- to 6-weeks were used for the current study. All mice were housed and maintained in a 12 h light (≤10 lux)/12 h dark cyclic environment in the Animal Resource Center at the School of Medicine, Case Western Reserve University (CWRU). Bright light-induced retinal damage was generated by exposing Abca4-/-Rdh8-/- mice to white light delivered at 10,000 lux (150 W spiral lamp, Commercial Electric) for 30 min. All indicated treatments were administered by intraperitoneal injection 30 min prior to bright light exposure and retinas collected one day later. Single compounds and their tested doses were: 2-Bromo-α-ergocryptine methanesulfonate salt (BRM), metoprolol tartrate (MTP), tamsulosin (TAM), and doxazosin (DOX). Combined treatments were: BRM, MTP and TAM (BMT), or MTP, DOX, and BRM (MDB). Processed data files (linked as series supplementary files): DE_combined.txt; Significant differential expression results from the combined pretreatment experiment. DE_mono.txt; Significant differential expression results from the mono pretreatment experiment. eXpress_counts_combined.txt; Quantitation output from eXpress of effective counts from the combined pretreatment experiment. eXpress_counts_mono.txt; Quantitation output from eXpress of effective counts from the mono pretreatment experiment. eXpress_fpkm_combined.txt; Quantitation output from eXpress of fpkm values from the combined pretreatment experiment. eXpress_fpkm_mono.txt; Quantitation output from eXpress of fpkm values from the mono pretreatment experiment. normalized_fpkm_combined.txt; TMM normalized fpkm values from the combined pretreatment experiment. normalized_fpkm_mono.txt; TMM normalized fpkm values from the mono pretreatment experiment.",27460988,,,57547,GPL17021,Mus musculus,GSE,Expression profiling by high throughput sequencing,2016/11/15,30,ftp://ftp.ncbi.nlm.nih.gov/geo/series/GSE79nnn/GSE79061/,Synergistically acting agonists and antagonists of G protein-coupled receptors prevent photoreceptor cell degeneration.,Science signaling,2016 Jul 26,10.1126/scisignal.aag0245,OSD-397|M24,Space Flight
38,GSM3263641,0.9962743520736694,GSE116915,RNAseq quantitative analysis of ion channel mRNA expression in microbead occlusion model,,,"The purpose of this study was to utilize RNAseq to determine if there are changes in ion channel mRNA expression in the retina of C57BL/6 mice subjected to the Microbead Occlusion Model. Whole retina was isolated from 2 month old mice that received intracameral injections of either saline or 15-um-diameter microbeads. Total RNA was isolated from the retinas and subjected to RNA sequencing using Illumina HiSeq 2500. Fold change in mRNA expression was compared between saline- and microbead-injected samples. We then analyzed these data for changes in expression of potassium channels, such as tandem-pore domain K+ channels, inwardly rectifying K+ channels, and the Na+/K+-ATPase.",Retinal mRNA profiles of saline- and microbead-injected C57BL/6 mice  were generated by whole genome sequencing using Illumina NovaSeq6000,31736686,,,190565,GPL24247,Mus musculus,GSE,Expression profiling by high throughput sequencing,2018/10/01,6,ftp://ftp.ncbi.nlm.nih.gov/geo/series/GSE116nnn/GSE116915/,Impairment of Membrane Repolarization Accompanies Axon Transport Deficits in Glaucoma.,Frontiers in neuroscience,2019,10.3389/fnins.2019.01139,OSD-397|M24,Space Flight
39,GSM2823054,0.9962188005447388,GSE105135,The RNA sequencing of microglia repopulated retina,,,The RNA sequencing of retina after microglial depletion and repopulation,"Retinal mRNA profiles of adult wild type C57BL/6J mice, after treatment for PLX5622, LPS, vechcle control or microglial repopulation",29507754,,,134838,GPL23479,Mus musculus,GSE,Expression profiling by high throughput sequencing,2018/02/10,65,ftp://ftp.ncbi.nlm.nih.gov/geo/series/GSE105nnn/GSE105135/,Dual extra-retinal origins of microglia in the model of retinal microglia repopulation.,Cell discovery,2018,10.1038/s41421-018-0011-8,OSD-397|M24,Space Flight
40,GSM3832694,0.9982379078865051,GSE131954,"Spaceflight causes changes in gene expression, photoreceptor integrity, and oxidative stress-related damage in the murine retina",,,"Purpose:The purpose of this study was to determine whether the spaceflight environment induces oxidative damage on ocular structure and how gene expression profiles change during spaceflight. Methods: RNA sequencing, immunofluorescence, and microCT assays were performed on two groups of mice to assess the effects of spaceflight on the mammalian retina. Ten week old adult C57BL/6 mice was flown aboard the ISS for 35 days and returned to Earth alive. Ground control mice were maintained on Earth in identical flight hardware. Within 38 (+/-4) hours of splashdown, mice were euthanized and ocular tissues were collected for analysis. Results:RNA sequencing detected 600 differentially expressed genes in spaceflight retina. This set of differentially expressed genes is enriched for genes related to visual perception, the phototransduction pathway, and numerous retina and photoreceptor phenotype categories. Eleven of the differentially expressed genes are associated with the disease retinitis pigmentosa, a retinal disease characterized by dystrophy of the rods and cones of the photoreceptor layer. Analysis of differentially expressed transcription factors indicate changes in chromatin structure, offering clues to the causes of the phenotypic changes observed. Additionally, immunofluorescence assays showed degradation of cone photoreceptors and increased oxidative stress in the retina. Retinal thickness, as well as thickness of the retinal pigment epithelium and choroid layers, were significantly reduced after spaceflight. Conclusions: These results indicate that retinal performance may decrease over extended periods of spaceflight and cause visual impairment.",Retinal RNA-Seq libraries of ten week old adult C57BL/6 mice were constructed (Ovation® Mouse RNA-Seq System; Nugen) and sequencing performed on  Illumina HiSeq 4000,31527661,,,258076,GPL21103,Mus musculus,GSE,Expression profiling by high throughput sequencing,2019/05/31,16,ftp://ftp.ncbi.nlm.nih.gov/geo/series/GSE131nnn/GSE131954/,"Spaceflight influences gene expression, photoreceptor integrity, and oxidative stress-related damage in the murine retina.",Scientific reports,2019 Sep 16,10.1038/s41598-019-49453-x,OSD-397|M25,Space Flight
41,GSM3832699,0.9980999231338501,GSE131954,"Spaceflight causes changes in gene expression, photoreceptor integrity, and oxidative stress-related damage in the murine retina",,,"Purpose:The purpose of this study was to determine whether the spaceflight environment induces oxidative damage on ocular structure and how gene expression profiles change during spaceflight. Methods: RNA sequencing, immunofluorescence, and microCT assays were performed on two groups of mice to assess the effects of spaceflight on the mammalian retina. Ten week old adult C57BL/6 mice was flown aboard the ISS for 35 days and returned to Earth alive. Ground control mice were maintained on Earth in identical flight hardware. Within 38 (+/-4) hours of splashdown, mice were euthanized and ocular tissues were collected for analysis. Results:RNA sequencing detected 600 differentially expressed genes in spaceflight retina. This set of differentially expressed genes is enriched for genes related to visual perception, the phototransduction pathway, and numerous retina and photoreceptor phenotype categories. Eleven of the differentially expressed genes are associated with the disease retinitis pigmentosa, a retinal disease characterized by dystrophy of the rods and cones of the photoreceptor layer. Analysis of differentially expressed transcription factors indicate changes in chromatin structure, offering clues to the causes of the phenotypic changes observed. Additionally, immunofluorescence assays showed degradation of cone photoreceptors and increased oxidative stress in the retina. Retinal thickness, as well as thickness of the retinal pigment epithelium and choroid layers, were significantly reduced after spaceflight. Conclusions: These results indicate that retinal performance may decrease over extended periods of spaceflight and cause visual impairment.",Retinal RNA-Seq libraries of ten week old adult C57BL/6 mice were constructed (Ovation® Mouse RNA-Seq System; Nugen) and sequencing performed on  Illumina HiSeq 4000,31527661,,,258081,GPL21103,Mus musculus,GSE,Expression profiling by high throughput sequencing,2019/05/31,16,ftp://ftp.ncbi.nlm.nih.gov/geo/series/GSE131nnn/GSE131954/,"Spaceflight influences gene expression, photoreceptor integrity, and oxidative stress-related damage in the murine retina.",Scientific reports,2019 Sep 16,10.1038/s41598-019-49453-x,OSD-397|M25,Space Flight
42,GSM3832701,0.997916042804718,GSE131954,"Spaceflight causes changes in gene expression, photoreceptor integrity, and oxidative stress-related damage in the murine retina",,,"Purpose:The purpose of this study was to determine whether the spaceflight environment induces oxidative damage on ocular structure and how gene expression profiles change during spaceflight. Methods: RNA sequencing, immunofluorescence, and microCT assays were performed on two groups of mice to assess the effects of spaceflight on the mammalian retina. Ten week old adult C57BL/6 mice was flown aboard the ISS for 35 days and returned to Earth alive. Ground control mice were maintained on Earth in identical flight hardware. Within 38 (+/-4) hours of splashdown, mice were euthanized and ocular tissues were collected for analysis. Results:RNA sequencing detected 600 differentially expressed genes in spaceflight retina. This set of differentially expressed genes is enriched for genes related to visual perception, the phototransduction pathway, and numerous retina and photoreceptor phenotype categories. Eleven of the differentially expressed genes are associated with the disease retinitis pigmentosa, a retinal disease characterized by dystrophy of the rods and cones of the photoreceptor layer. Analysis of differentially expressed transcription factors indicate changes in chromatin structure, offering clues to the causes of the phenotypic changes observed. Additionally, immunofluorescence assays showed degradation of cone photoreceptors and increased oxidative stress in the retina. Retinal thickness, as well as thickness of the retinal pigment epithelium and choroid layers, were significantly reduced after spaceflight. Conclusions: These results indicate that retinal performance may decrease over extended periods of spaceflight and cause visual impairment.",Retinal RNA-Seq libraries of ten week old adult C57BL/6 mice were constructed (Ovation® Mouse RNA-Seq System; Nugen) and sequencing performed on  Illumina HiSeq 4000,31527661,,,258083,GPL21103,Mus musculus,GSE,Expression profiling by high throughput sequencing,2019/05/31,16,ftp://ftp.ncbi.nlm.nih.gov/geo/series/GSE131nnn/GSE131954/,"Spaceflight influences gene expression, photoreceptor integrity, and oxidative stress-related damage in the murine retina.",Scientific reports,2019 Sep 16,10.1038/s41598-019-49453-x,OSD-397|M25,Space Flight
43,GSM3832700,0.9978433847427368,GSE131954,"Spaceflight causes changes in gene expression, photoreceptor integrity, and oxidative stress-related damage in the murine retina",,,"Purpose:The purpose of this study was to determine whether the spaceflight environment induces oxidative damage on ocular structure and how gene expression profiles change during spaceflight. Methods: RNA sequencing, immunofluorescence, and microCT assays were performed on two groups of mice to assess the effects of spaceflight on the mammalian retina. Ten week old adult C57BL/6 mice was flown aboard the ISS for 35 days and returned to Earth alive. Ground control mice were maintained on Earth in identical flight hardware. Within 38 (+/-4) hours of splashdown, mice were euthanized and ocular tissues were collected for analysis. Results:RNA sequencing detected 600 differentially expressed genes in spaceflight retina. This set of differentially expressed genes is enriched for genes related to visual perception, the phototransduction pathway, and numerous retina and photoreceptor phenotype categories. Eleven of the differentially expressed genes are associated with the disease retinitis pigmentosa, a retinal disease characterized by dystrophy of the rods and cones of the photoreceptor layer. Analysis of differentially expressed transcription factors indicate changes in chromatin structure, offering clues to the causes of the phenotypic changes observed. Additionally, immunofluorescence assays showed degradation of cone photoreceptors and increased oxidative stress in the retina. Retinal thickness, as well as thickness of the retinal pigment epithelium and choroid layers, were significantly reduced after spaceflight. Conclusions: These results indicate that retinal performance may decrease over extended periods of spaceflight and cause visual impairment.",Retinal RNA-Seq libraries of ten week old adult C57BL/6 mice were constructed (Ovation® Mouse RNA-Seq System; Nugen) and sequencing performed on  Illumina HiSeq 4000,31527661,,,258082,GPL21103,Mus musculus,GSE,Expression profiling by high throughput sequencing,2019/05/31,16,ftp://ftp.ncbi.nlm.nih.gov/geo/series/GSE131nnn/GSE131954/,"Spaceflight influences gene expression, photoreceptor integrity, and oxidative stress-related damage in the murine retina.",Scientific reports,2019 Sep 16,10.1038/s41598-019-49453-x,OSD-397|M25,Space Flight
44,GSM3832696,0.9977905750274658,GSE131954,"Spaceflight causes changes in gene expression, photoreceptor integrity, and oxidative stress-related damage in the murine retina",,,"Purpose:The purpose of this study was to determine whether the spaceflight environment induces oxidative damage on ocular structure and how gene expression profiles change during spaceflight. Methods: RNA sequencing, immunofluorescence, and microCT assays were performed on two groups of mice to assess the effects of spaceflight on the mammalian retina. Ten week old adult C57BL/6 mice was flown aboard the ISS for 35 days and returned to Earth alive. Ground control mice were maintained on Earth in identical flight hardware. Within 38 (+/-4) hours of splashdown, mice were euthanized and ocular tissues were collected for analysis. Results:RNA sequencing detected 600 differentially expressed genes in spaceflight retina. This set of differentially expressed genes is enriched for genes related to visual perception, the phototransduction pathway, and numerous retina and photoreceptor phenotype categories. Eleven of the differentially expressed genes are associated with the disease retinitis pigmentosa, a retinal disease characterized by dystrophy of the rods and cones of the photoreceptor layer. Analysis of differentially expressed transcription factors indicate changes in chromatin structure, offering clues to the causes of the phenotypic changes observed. Additionally, immunofluorescence assays showed degradation of cone photoreceptors and increased oxidative stress in the retina. Retinal thickness, as well as thickness of the retinal pigment epithelium and choroid layers, were significantly reduced after spaceflight. Conclusions: These results indicate that retinal performance may decrease over extended periods of spaceflight and cause visual impairment.",Retinal RNA-Seq libraries of ten week old adult C57BL/6 mice were constructed (Ovation® Mouse RNA-Seq System; Nugen) and sequencing performed on  Illumina HiSeq 4000,31527661,,,258078,GPL21103,Mus musculus,GSE,Expression profiling by high throughput sequencing,2019/05/31,16,ftp://ftp.ncbi.nlm.nih.gov/geo/series/GSE131nnn/GSE131954/,"Spaceflight influences gene expression, photoreceptor integrity, and oxidative stress-related damage in the murine retina.",Scientific reports,2019 Sep 16,10.1038/s41598-019-49453-x,OSD-397|M25,Space Flight
45,GSM3832698,0.9977695941925049,GSE131954,"Spaceflight causes changes in gene expression, photoreceptor integrity, and oxidative stress-related damage in the murine retina",,,"Purpose:The purpose of this study was to determine whether the spaceflight environment induces oxidative damage on ocular structure and how gene expression profiles change during spaceflight. Methods: RNA sequencing, immunofluorescence, and microCT assays were performed on two groups of mice to assess the effects of spaceflight on the mammalian retina. Ten week old adult C57BL/6 mice was flown aboard the ISS for 35 days and returned to Earth alive. Ground control mice were maintained on Earth in identical flight hardware. Within 38 (+/-4) hours of splashdown, mice were euthanized and ocular tissues were collected for analysis. Results:RNA sequencing detected 600 differentially expressed genes in spaceflight retina. This set of differentially expressed genes is enriched for genes related to visual perception, the phototransduction pathway, and numerous retina and photoreceptor phenotype categories. Eleven of the differentially expressed genes are associated with the disease retinitis pigmentosa, a retinal disease characterized by dystrophy of the rods and cones of the photoreceptor layer. Analysis of differentially expressed transcription factors indicate changes in chromatin structure, offering clues to the causes of the phenotypic changes observed. Additionally, immunofluorescence assays showed degradation of cone photoreceptors and increased oxidative stress in the retina. Retinal thickness, as well as thickness of the retinal pigment epithelium and choroid layers, were significantly reduced after spaceflight. Conclusions: These results indicate that retinal performance may decrease over extended periods of spaceflight and cause visual impairment.",Retinal RNA-Seq libraries of ten week old adult C57BL/6 mice were constructed (Ovation® Mouse RNA-Seq System; Nugen) and sequencing performed on  Illumina HiSeq 4000,31527661,,,258080,GPL21103,Mus musculus,GSE,Expression profiling by high throughput sequencing,2019/05/31,16,ftp://ftp.ncbi.nlm.nih.gov/geo/series/GSE131nnn/GSE131954/,"Spaceflight influences gene expression, photoreceptor integrity, and oxidative stress-related damage in the murine retina.",Scientific reports,2019 Sep 16,10.1038/s41598-019-49453-x,OSD-397|M25,Space Flight
46,GSM3832704,0.9977613687515259,GSE131954,"Spaceflight causes changes in gene expression, photoreceptor integrity, and oxidative stress-related damage in the murine retina",,,"Purpose:The purpose of this study was to determine whether the spaceflight environment induces oxidative damage on ocular structure and how gene expression profiles change during spaceflight. Methods: RNA sequencing, immunofluorescence, and microCT assays were performed on two groups of mice to assess the effects of spaceflight on the mammalian retina. Ten week old adult C57BL/6 mice was flown aboard the ISS for 35 days and returned to Earth alive. Ground control mice were maintained on Earth in identical flight hardware. Within 38 (+/-4) hours of splashdown, mice were euthanized and ocular tissues were collected for analysis. Results:RNA sequencing detected 600 differentially expressed genes in spaceflight retina. This set of differentially expressed genes is enriched for genes related to visual perception, the phototransduction pathway, and numerous retina and photoreceptor phenotype categories. Eleven of the differentially expressed genes are associated with the disease retinitis pigmentosa, a retinal disease characterized by dystrophy of the rods and cones of the photoreceptor layer. Analysis of differentially expressed transcription factors indicate changes in chromatin structure, offering clues to the causes of the phenotypic changes observed. Additionally, immunofluorescence assays showed degradation of cone photoreceptors and increased oxidative stress in the retina. Retinal thickness, as well as thickness of the retinal pigment epithelium and choroid layers, were significantly reduced after spaceflight. Conclusions: These results indicate that retinal performance may decrease over extended periods of spaceflight and cause visual impairment.",Retinal RNA-Seq libraries of ten week old adult C57BL/6 mice were constructed (Ovation® Mouse RNA-Seq System; Nugen) and sequencing performed on  Illumina HiSeq 4000,31527661,,,258086,GPL21103,Mus musculus,GSE,Expression profiling by high throughput sequencing,2019/05/31,16,ftp://ftp.ncbi.nlm.nih.gov/geo/series/GSE131nnn/GSE131954/,"Spaceflight influences gene expression, photoreceptor integrity, and oxidative stress-related damage in the murine retina.",Scientific reports,2019 Sep 16,10.1038/s41598-019-49453-x,OSD-397|M25,Space Flight
47,GSM3832707,0.9977611899375916,GSE131954,"Spaceflight causes changes in gene expression, photoreceptor integrity, and oxidative stress-related damage in the murine retina",,,"Purpose:The purpose of this study was to determine whether the spaceflight environment induces oxidative damage on ocular structure and how gene expression profiles change during spaceflight. Methods: RNA sequencing, immunofluorescence, and microCT assays were performed on two groups of mice to assess the effects of spaceflight on the mammalian retina. Ten week old adult C57BL/6 mice was flown aboard the ISS for 35 days and returned to Earth alive. Ground control mice were maintained on Earth in identical flight hardware. Within 38 (+/-4) hours of splashdown, mice were euthanized and ocular tissues were collected for analysis. Results:RNA sequencing detected 600 differentially expressed genes in spaceflight retina. This set of differentially expressed genes is enriched for genes related to visual perception, the phototransduction pathway, and numerous retina and photoreceptor phenotype categories. Eleven of the differentially expressed genes are associated with the disease retinitis pigmentosa, a retinal disease characterized by dystrophy of the rods and cones of the photoreceptor layer. Analysis of differentially expressed transcription factors indicate changes in chromatin structure, offering clues to the causes of the phenotypic changes observed. Additionally, immunofluorescence assays showed degradation of cone photoreceptors and increased oxidative stress in the retina. Retinal thickness, as well as thickness of the retinal pigment epithelium and choroid layers, were significantly reduced after spaceflight. Conclusions: These results indicate that retinal performance may decrease over extended periods of spaceflight and cause visual impairment.",Retinal RNA-Seq libraries of ten week old adult C57BL/6 mice were constructed (Ovation® Mouse RNA-Seq System; Nugen) and sequencing performed on  Illumina HiSeq 4000,31527661,,,258089,GPL21103,Mus musculus,GSE,Expression profiling by high throughput sequencing,2019/05/31,16,ftp://ftp.ncbi.nlm.nih.gov/geo/series/GSE131nnn/GSE131954/,"Spaceflight influences gene expression, photoreceptor integrity, and oxidative stress-related damage in the murine retina.",Scientific reports,2019 Sep 16,10.1038/s41598-019-49453-x,OSD-397|M25,Space Flight
48,GSM3832693,0.9977539777755737,GSE131954,"Spaceflight causes changes in gene expression, photoreceptor integrity, and oxidative stress-related damage in the murine retina",,,"Purpose:The purpose of this study was to determine whether the spaceflight environment induces oxidative damage on ocular structure and how gene expression profiles change during spaceflight. Methods: RNA sequencing, immunofluorescence, and microCT assays were performed on two groups of mice to assess the effects of spaceflight on the mammalian retina. Ten week old adult C57BL/6 mice was flown aboard the ISS for 35 days and returned to Earth alive. Ground control mice were maintained on Earth in identical flight hardware. Within 38 (+/-4) hours of splashdown, mice were euthanized and ocular tissues were collected for analysis. Results:RNA sequencing detected 600 differentially expressed genes in spaceflight retina. This set of differentially expressed genes is enriched for genes related to visual perception, the phototransduction pathway, and numerous retina and photoreceptor phenotype categories. Eleven of the differentially expressed genes are associated with the disease retinitis pigmentosa, a retinal disease characterized by dystrophy of the rods and cones of the photoreceptor layer. Analysis of differentially expressed transcription factors indicate changes in chromatin structure, offering clues to the causes of the phenotypic changes observed. Additionally, immunofluorescence assays showed degradation of cone photoreceptors and increased oxidative stress in the retina. Retinal thickness, as well as thickness of the retinal pigment epithelium and choroid layers, were significantly reduced after spaceflight. Conclusions: These results indicate that retinal performance may decrease over extended periods of spaceflight and cause visual impairment.",Retinal RNA-Seq libraries of ten week old adult C57BL/6 mice were constructed (Ovation® Mouse RNA-Seq System; Nugen) and sequencing performed on  Illumina HiSeq 4000,31527661,,,258075,GPL21103,Mus musculus,GSE,Expression profiling by high throughput sequencing,2019/05/31,16,ftp://ftp.ncbi.nlm.nih.gov/geo/series/GSE131nnn/GSE131954/,"Spaceflight influences gene expression, photoreceptor integrity, and oxidative stress-related damage in the murine retina.",Scientific reports,2019 Sep 16,10.1038/s41598-019-49453-x,OSD-397|M25,Space Flight
49,GSM3832695,0.9977170825004578,GSE131954,"Spaceflight causes changes in gene expression, photoreceptor integrity, and oxidative stress-related damage in the murine retina",,,"Purpose:The purpose of this study was to determine whether the spaceflight environment induces oxidative damage on ocular structure and how gene expression profiles change during spaceflight. Methods: RNA sequencing, immunofluorescence, and microCT assays were performed on two groups of mice to assess the effects of spaceflight on the mammalian retina. Ten week old adult C57BL/6 mice was flown aboard the ISS for 35 days and returned to Earth alive. Ground control mice were maintained on Earth in identical flight hardware. Within 38 (+/-4) hours of splashdown, mice were euthanized and ocular tissues were collected for analysis. Results:RNA sequencing detected 600 differentially expressed genes in spaceflight retina. This set of differentially expressed genes is enriched for genes related to visual perception, the phototransduction pathway, and numerous retina and photoreceptor phenotype categories. Eleven of the differentially expressed genes are associated with the disease retinitis pigmentosa, a retinal disease characterized by dystrophy of the rods and cones of the photoreceptor layer. Analysis of differentially expressed transcription factors indicate changes in chromatin structure, offering clues to the causes of the phenotypic changes observed. Additionally, immunofluorescence assays showed degradation of cone photoreceptors and increased oxidative stress in the retina. Retinal thickness, as well as thickness of the retinal pigment epithelium and choroid layers, were significantly reduced after spaceflight. Conclusions: These results indicate that retinal performance may decrease over extended periods of spaceflight and cause visual impairment.",Retinal RNA-Seq libraries of ten week old adult C57BL/6 mice were constructed (Ovation® Mouse RNA-Seq System; Nugen) and sequencing performed on  Illumina HiSeq 4000,31527661,,,258077,GPL21103,Mus musculus,GSE,Expression profiling by high throughput sequencing,2019/05/31,16,ftp://ftp.ncbi.nlm.nih.gov/geo/series/GSE131nnn/GSE131954/,"Spaceflight influences gene expression, photoreceptor integrity, and oxidative stress-related damage in the murine retina.",Scientific reports,2019 Sep 16,10.1038/s41598-019-49453-x,OSD-397|M25,Space Flight
50,GSM3832708,0.9981173276901245,GSE131954,"Spaceflight causes changes in gene expression, photoreceptor integrity, and oxidative stress-related damage in the murine retina",,,"Purpose:The purpose of this study was to determine whether the spaceflight environment induces oxidative damage on ocular structure and how gene expression profiles change during spaceflight. Methods: RNA sequencing, immunofluorescence, and microCT assays were performed on two groups of mice to assess the effects of spaceflight on the mammalian retina. Ten week old adult C57BL/6 mice was flown aboard the ISS for 35 days and returned to Earth alive. Ground control mice were maintained on Earth in identical flight hardware. Within 38 (+/-4) hours of splashdown, mice were euthanized and ocular tissues were collected for analysis. Results:RNA sequencing detected 600 differentially expressed genes in spaceflight retina. This set of differentially expressed genes is enriched for genes related to visual perception, the phototransduction pathway, and numerous retina and photoreceptor phenotype categories. Eleven of the differentially expressed genes are associated with the disease retinitis pigmentosa, a retinal disease characterized by dystrophy of the rods and cones of the photoreceptor layer. Analysis of differentially expressed transcription factors indicate changes in chromatin structure, offering clues to the causes of the phenotypic changes observed. Additionally, immunofluorescence assays showed degradation of cone photoreceptors and increased oxidative stress in the retina. Retinal thickness, as well as thickness of the retinal pigment epithelium and choroid layers, were significantly reduced after spaceflight. Conclusions: These results indicate that retinal performance may decrease over extended periods of spaceflight and cause visual impairment.",Retinal RNA-Seq libraries of ten week old adult C57BL/6 mice were constructed (Ovation® Mouse RNA-Seq System; Nugen) and sequencing performed on  Illumina HiSeq 4000,31527661,,,258090,GPL21103,Mus musculus,GSE,Expression profiling by high throughput sequencing,2019/05/31,16,ftp://ftp.ncbi.nlm.nih.gov/geo/series/GSE131nnn/GSE131954/,"Spaceflight influences gene expression, photoreceptor integrity, and oxidative stress-related damage in the murine retina.",Scientific reports,2019 Sep 16,10.1038/s41598-019-49453-x,OSD-397|M26,Space Flight
51,GSM3832706,0.9979484677314758,GSE131954,"Spaceflight causes changes in gene expression, photoreceptor integrity, and oxidative stress-related damage in the murine retina",,,"Purpose:The purpose of this study was to determine whether the spaceflight environment induces oxidative damage on ocular structure and how gene expression profiles change during spaceflight. Methods: RNA sequencing, immunofluorescence, and microCT assays were performed on two groups of mice to assess the effects of spaceflight on the mammalian retina. Ten week old adult C57BL/6 mice was flown aboard the ISS for 35 days and returned to Earth alive. Ground control mice were maintained on Earth in identical flight hardware. Within 38 (+/-4) hours of splashdown, mice were euthanized and ocular tissues were collected for analysis. Results:RNA sequencing detected 600 differentially expressed genes in spaceflight retina. This set of differentially expressed genes is enriched for genes related to visual perception, the phototransduction pathway, and numerous retina and photoreceptor phenotype categories. Eleven of the differentially expressed genes are associated with the disease retinitis pigmentosa, a retinal disease characterized by dystrophy of the rods and cones of the photoreceptor layer. Analysis of differentially expressed transcription factors indicate changes in chromatin structure, offering clues to the causes of the phenotypic changes observed. Additionally, immunofluorescence assays showed degradation of cone photoreceptors and increased oxidative stress in the retina. Retinal thickness, as well as thickness of the retinal pigment epithelium and choroid layers, were significantly reduced after spaceflight. Conclusions: These results indicate that retinal performance may decrease over extended periods of spaceflight and cause visual impairment.",Retinal RNA-Seq libraries of ten week old adult C57BL/6 mice were constructed (Ovation® Mouse RNA-Seq System; Nugen) and sequencing performed on  Illumina HiSeq 4000,31527661,,,258088,GPL21103,Mus musculus,GSE,Expression profiling by high throughput sequencing,2019/05/31,16,ftp://ftp.ncbi.nlm.nih.gov/geo/series/GSE131nnn/GSE131954/,"Spaceflight influences gene expression, photoreceptor integrity, and oxidative stress-related damage in the murine retina.",Scientific reports,2019 Sep 16,10.1038/s41598-019-49453-x,OSD-397|M26,Space Flight
52,GSM2823033,0.9978001713752747,GSE105135,The RNA sequencing of microglia repopulated retina,,,The RNA sequencing of retina after microglial depletion and repopulation,"Retinal mRNA profiles of adult wild type C57BL/6J mice, after treatment for PLX5622, LPS, vechcle control or microglial repopulation",29507754,,,134817,GPL23479,Mus musculus,GSE,Expression profiling by high throughput sequencing,2018/02/10,65,ftp://ftp.ncbi.nlm.nih.gov/geo/series/GSE105nnn/GSE105135/,Dual extra-retinal origins of microglia in the model of retinal microglia repopulation.,Cell discovery,2018,10.1038/s41421-018-0011-8,OSD-397|M26,Space Flight
53,GSM2823042,0.9977619051933289,GSE105135,The RNA sequencing of microglia repopulated retina,,,The RNA sequencing of retina after microglial depletion and repopulation,"Retinal mRNA profiles of adult wild type C57BL/6J mice, after treatment for PLX5622, LPS, vechcle control or microglial repopulation",29507754,,,134826,GPL23479,Mus musculus,GSE,Expression profiling by high throughput sequencing,2018/02/10,65,ftp://ftp.ncbi.nlm.nih.gov/geo/series/GSE105nnn/GSE105135/,Dual extra-retinal origins of microglia in the model of retinal microglia repopulation.,Cell discovery,2018,10.1038/s41421-018-0011-8,OSD-397|M26,Space Flight
54,GSM2823022,0.9977540969848633,GSE105135,The RNA sequencing of microglia repopulated retina,,,The RNA sequencing of retina after microglial depletion and repopulation,"Retinal mRNA profiles of adult wild type C57BL/6J mice, after treatment for PLX5622, LPS, vechcle control or microglial repopulation",29507754,,,134806,GPL23479,Mus musculus,GSE,Expression profiling by high throughput sequencing,2018/02/10,65,ftp://ftp.ncbi.nlm.nih.gov/geo/series/GSE105nnn/GSE105135/,Dual extra-retinal origins of microglia in the model of retinal microglia repopulation.,Cell discovery,2018,10.1038/s41421-018-0011-8,OSD-397|M26,Space Flight
55,GSM1362149,0.9977478384971619,GSE56473,rd10 transcriptome analysis,,,"Retinitis pigmentosa (RP) is a photoreceptor disease that affects approximately 100,000 people in the United States. There are currently very limited treatment options and the prognosis for most patients is progressive vision loss. Unfortunately, the understanding of the molecular underpinnings of RP initiation and progression is still poorly understood. However, the development of animal models of RP, coupled with high-throughput sequencing, has provided an opportunity to study the underlying cellular and molecular changes of this disease. Using RNA-Seq, we present the first retinal transcriptome analysis of the rd10 murine model of retinal degeneration.","RNA-Seq on whole-retina samples from rd10, wild-type and GFP-expressing mouse retina. Three biological replicates of each.",25489233,,,15287,GPL13112,Mus musculus,GSE,Expression profiling by high throughput sequencing,2014/10/26,9,ftp://ftp.ncbi.nlm.nih.gov/geo/series/GSE56nnn/GSE56473/,A profile of transcriptomic changes in the rd10 mouse model of retinitis pigmentosa.,Molecular vision,2014,,OSD-397|M26,Space Flight
56,GSM2823060,0.9977370500564575,GSE105135,The RNA sequencing of microglia repopulated retina,,,The RNA sequencing of retina after microglial depletion and repopulation,"Retinal mRNA profiles of adult wild type C57BL/6J mice, after treatment for PLX5622, LPS, vechcle control or microglial repopulation",29507754,,,134844,GPL23479,Mus musculus,GSE,Expression profiling by high throughput sequencing,2018/02/10,65,ftp://ftp.ncbi.nlm.nih.gov/geo/series/GSE105nnn/GSE105135/,Dual extra-retinal origins of microglia in the model of retinal microglia repopulation.,Cell discovery,2018,10.1038/s41421-018-0011-8,OSD-397|M26,Space Flight
57,GSM3832695,0.9977220296859741,GSE131954,"Spaceflight causes changes in gene expression, photoreceptor integrity, and oxidative stress-related damage in the murine retina",,,"Purpose:The purpose of this study was to determine whether the spaceflight environment induces oxidative damage on ocular structure and how gene expression profiles change during spaceflight. Methods: RNA sequencing, immunofluorescence, and microCT assays were performed on two groups of mice to assess the effects of spaceflight on the mammalian retina. Ten week old adult C57BL/6 mice was flown aboard the ISS for 35 days and returned to Earth alive. Ground control mice were maintained on Earth in identical flight hardware. Within 38 (+/-4) hours of splashdown, mice were euthanized and ocular tissues were collected for analysis. Results:RNA sequencing detected 600 differentially expressed genes in spaceflight retina. This set of differentially expressed genes is enriched for genes related to visual perception, the phototransduction pathway, and numerous retina and photoreceptor phenotype categories. Eleven of the differentially expressed genes are associated with the disease retinitis pigmentosa, a retinal disease characterized by dystrophy of the rods and cones of the photoreceptor layer. Analysis of differentially expressed transcription factors indicate changes in chromatin structure, offering clues to the causes of the phenotypic changes observed. Additionally, immunofluorescence assays showed degradation of cone photoreceptors and increased oxidative stress in the retina. Retinal thickness, as well as thickness of the retinal pigment epithelium and choroid layers, were significantly reduced after spaceflight. Conclusions: These results indicate that retinal performance may decrease over extended periods of spaceflight and cause visual impairment.",Retinal RNA-Seq libraries of ten week old adult C57BL/6 mice were constructed (Ovation® Mouse RNA-Seq System; Nugen) and sequencing performed on  Illumina HiSeq 4000,31527661,,,258077,GPL21103,Mus musculus,GSE,Expression profiling by high throughput sequencing,2019/05/31,16,ftp://ftp.ncbi.nlm.nih.gov/geo/series/GSE131nnn/GSE131954/,"Spaceflight influences gene expression, photoreceptor integrity, and oxidative stress-related damage in the murine retina.",Scientific reports,2019 Sep 16,10.1038/s41598-019-49453-x,OSD-397|M26,Space Flight
58,GSM2823027,0.997713565826416,GSE105135,The RNA sequencing of microglia repopulated retina,,,The RNA sequencing of retina after microglial depletion and repopulation,"Retinal mRNA profiles of adult wild type C57BL/6J mice, after treatment for PLX5622, LPS, vechcle control or microglial repopulation",29507754,,,134811,GPL23479,Mus musculus,GSE,Expression profiling by high throughput sequencing,2018/02/10,65,ftp://ftp.ncbi.nlm.nih.gov/geo/series/GSE105nnn/GSE105135/,Dual extra-retinal origins of microglia in the model of retinal microglia repopulation.,Cell discovery,2018,10.1038/s41421-018-0011-8,OSD-397|M26,Space Flight
59,GSM2823041,0.9977105259895325,GSE105135,The RNA sequencing of microglia repopulated retina,,,The RNA sequencing of retina after microglial depletion and repopulation,"Retinal mRNA profiles of adult wild type C57BL/6J mice, after treatment for PLX5622, LPS, vechcle control or microglial repopulation",29507754,,,134825,GPL23479,Mus musculus,GSE,Expression profiling by high throughput sequencing,2018/02/10,65,ftp://ftp.ncbi.nlm.nih.gov/geo/series/GSE105nnn/GSE105135/,Dual extra-retinal origins of microglia in the model of retinal microglia repopulation.,Cell discovery,2018,10.1038/s41421-018-0011-8,OSD-397|M26,Space Flight
60,GSM3832694,0.99852055311203,GSE131954,"Spaceflight causes changes in gene expression, photoreceptor integrity, and oxidative stress-related damage in the murine retina",,,"Purpose:The purpose of this study was to determine whether the spaceflight environment induces oxidative damage on ocular structure and how gene expression profiles change during spaceflight. Methods: RNA sequencing, immunofluorescence, and microCT assays were performed on two groups of mice to assess the effects of spaceflight on the mammalian retina. Ten week old adult C57BL/6 mice was flown aboard the ISS for 35 days and returned to Earth alive. Ground control mice were maintained on Earth in identical flight hardware. Within 38 (+/-4) hours of splashdown, mice were euthanized and ocular tissues were collected for analysis. Results:RNA sequencing detected 600 differentially expressed genes in spaceflight retina. This set of differentially expressed genes is enriched for genes related to visual perception, the phototransduction pathway, and numerous retina and photoreceptor phenotype categories. Eleven of the differentially expressed genes are associated with the disease retinitis pigmentosa, a retinal disease characterized by dystrophy of the rods and cones of the photoreceptor layer. Analysis of differentially expressed transcription factors indicate changes in chromatin structure, offering clues to the causes of the phenotypic changes observed. Additionally, immunofluorescence assays showed degradation of cone photoreceptors and increased oxidative stress in the retina. Retinal thickness, as well as thickness of the retinal pigment epithelium and choroid layers, were significantly reduced after spaceflight. Conclusions: These results indicate that retinal performance may decrease over extended periods of spaceflight and cause visual impairment.",Retinal RNA-Seq libraries of ten week old adult C57BL/6 mice were constructed (Ovation® Mouse RNA-Seq System; Nugen) and sequencing performed on  Illumina HiSeq 4000,31527661,,,258076,GPL21103,Mus musculus,GSE,Expression profiling by high throughput sequencing,2019/05/31,16,ftp://ftp.ncbi.nlm.nih.gov/geo/series/GSE131nnn/GSE131954/,"Spaceflight influences gene expression, photoreceptor integrity, and oxidative stress-related damage in the murine retina.",Scientific reports,2019 Sep 16,10.1038/s41598-019-49453-x,OSD-397|M27,Space Flight
61,GSM3832701,0.99784255027771,GSE131954,"Spaceflight causes changes in gene expression, photoreceptor integrity, and oxidative stress-related damage in the murine retina",,,"Purpose:The purpose of this study was to determine whether the spaceflight environment induces oxidative damage on ocular structure and how gene expression profiles change during spaceflight. Methods: RNA sequencing, immunofluorescence, and microCT assays were performed on two groups of mice to assess the effects of spaceflight on the mammalian retina. Ten week old adult C57BL/6 mice was flown aboard the ISS for 35 days and returned to Earth alive. Ground control mice were maintained on Earth in identical flight hardware. Within 38 (+/-4) hours of splashdown, mice were euthanized and ocular tissues were collected for analysis. Results:RNA sequencing detected 600 differentially expressed genes in spaceflight retina. This set of differentially expressed genes is enriched for genes related to visual perception, the phototransduction pathway, and numerous retina and photoreceptor phenotype categories. Eleven of the differentially expressed genes are associated with the disease retinitis pigmentosa, a retinal disease characterized by dystrophy of the rods and cones of the photoreceptor layer. Analysis of differentially expressed transcription factors indicate changes in chromatin structure, offering clues to the causes of the phenotypic changes observed. Additionally, immunofluorescence assays showed degradation of cone photoreceptors and increased oxidative stress in the retina. Retinal thickness, as well as thickness of the retinal pigment epithelium and choroid layers, were significantly reduced after spaceflight. Conclusions: These results indicate that retinal performance may decrease over extended periods of spaceflight and cause visual impairment.",Retinal RNA-Seq libraries of ten week old adult C57BL/6 mice were constructed (Ovation® Mouse RNA-Seq System; Nugen) and sequencing performed on  Illumina HiSeq 4000,31527661,,,258083,GPL21103,Mus musculus,GSE,Expression profiling by high throughput sequencing,2019/05/31,16,ftp://ftp.ncbi.nlm.nih.gov/geo/series/GSE131nnn/GSE131954/,"Spaceflight influences gene expression, photoreceptor integrity, and oxidative stress-related damage in the murine retina.",Scientific reports,2019 Sep 16,10.1038/s41598-019-49453-x,OSD-397|M27,Space Flight
62,GSM3832696,0.9978142976760864,GSE131954,"Spaceflight causes changes in gene expression, photoreceptor integrity, and oxidative stress-related damage in the murine retina",,,"Purpose:The purpose of this study was to determine whether the spaceflight environment induces oxidative damage on ocular structure and how gene expression profiles change during spaceflight. Methods: RNA sequencing, immunofluorescence, and microCT assays were performed on two groups of mice to assess the effects of spaceflight on the mammalian retina. Ten week old adult C57BL/6 mice was flown aboard the ISS for 35 days and returned to Earth alive. Ground control mice were maintained on Earth in identical flight hardware. Within 38 (+/-4) hours of splashdown, mice were euthanized and ocular tissues were collected for analysis. Results:RNA sequencing detected 600 differentially expressed genes in spaceflight retina. This set of differentially expressed genes is enriched for genes related to visual perception, the phototransduction pathway, and numerous retina and photoreceptor phenotype categories. Eleven of the differentially expressed genes are associated with the disease retinitis pigmentosa, a retinal disease characterized by dystrophy of the rods and cones of the photoreceptor layer. Analysis of differentially expressed transcription factors indicate changes in chromatin structure, offering clues to the causes of the phenotypic changes observed. Additionally, immunofluorescence assays showed degradation of cone photoreceptors and increased oxidative stress in the retina. Retinal thickness, as well as thickness of the retinal pigment epithelium and choroid layers, were significantly reduced after spaceflight. Conclusions: These results indicate that retinal performance may decrease over extended periods of spaceflight and cause visual impairment.",Retinal RNA-Seq libraries of ten week old adult C57BL/6 mice were constructed (Ovation® Mouse RNA-Seq System; Nugen) and sequencing performed on  Illumina HiSeq 4000,31527661,,,258078,GPL21103,Mus musculus,GSE,Expression profiling by high throughput sequencing,2019/05/31,16,ftp://ftp.ncbi.nlm.nih.gov/geo/series/GSE131nnn/GSE131954/,"Spaceflight influences gene expression, photoreceptor integrity, and oxidative stress-related damage in the murine retina.",Scientific reports,2019 Sep 16,10.1038/s41598-019-49453-x,OSD-397|M27,Space Flight
63,GSM3832706,0.9977790713310242,GSE131954,"Spaceflight causes changes in gene expression, photoreceptor integrity, and oxidative stress-related damage in the murine retina",,,"Purpose:The purpose of this study was to determine whether the spaceflight environment induces oxidative damage on ocular structure and how gene expression profiles change during spaceflight. Methods: RNA sequencing, immunofluorescence, and microCT assays were performed on two groups of mice to assess the effects of spaceflight on the mammalian retina. Ten week old adult C57BL/6 mice was flown aboard the ISS for 35 days and returned to Earth alive. Ground control mice were maintained on Earth in identical flight hardware. Within 38 (+/-4) hours of splashdown, mice were euthanized and ocular tissues were collected for analysis. Results:RNA sequencing detected 600 differentially expressed genes in spaceflight retina. This set of differentially expressed genes is enriched for genes related to visual perception, the phototransduction pathway, and numerous retina and photoreceptor phenotype categories. Eleven of the differentially expressed genes are associated with the disease retinitis pigmentosa, a retinal disease characterized by dystrophy of the rods and cones of the photoreceptor layer. Analysis of differentially expressed transcription factors indicate changes in chromatin structure, offering clues to the causes of the phenotypic changes observed. Additionally, immunofluorescence assays showed degradation of cone photoreceptors and increased oxidative stress in the retina. Retinal thickness, as well as thickness of the retinal pigment epithelium and choroid layers, were significantly reduced after spaceflight. Conclusions: These results indicate that retinal performance may decrease over extended periods of spaceflight and cause visual impairment.",Retinal RNA-Seq libraries of ten week old adult C57BL/6 mice were constructed (Ovation® Mouse RNA-Seq System; Nugen) and sequencing performed on  Illumina HiSeq 4000,31527661,,,258088,GPL21103,Mus musculus,GSE,Expression profiling by high throughput sequencing,2019/05/31,16,ftp://ftp.ncbi.nlm.nih.gov/geo/series/GSE131nnn/GSE131954/,"Spaceflight influences gene expression, photoreceptor integrity, and oxidative stress-related damage in the murine retina.",Scientific reports,2019 Sep 16,10.1038/s41598-019-49453-x,OSD-397|M27,Space Flight
64,GSM3832699,0.9977313876152039,GSE131954,"Spaceflight causes changes in gene expression, photoreceptor integrity, and oxidative stress-related damage in the murine retina",,,"Purpose:The purpose of this study was to determine whether the spaceflight environment induces oxidative damage on ocular structure and how gene expression profiles change during spaceflight. Methods: RNA sequencing, immunofluorescence, and microCT assays were performed on two groups of mice to assess the effects of spaceflight on the mammalian retina. Ten week old adult C57BL/6 mice was flown aboard the ISS for 35 days and returned to Earth alive. Ground control mice were maintained on Earth in identical flight hardware. Within 38 (+/-4) hours of splashdown, mice were euthanized and ocular tissues were collected for analysis. Results:RNA sequencing detected 600 differentially expressed genes in spaceflight retina. This set of differentially expressed genes is enriched for genes related to visual perception, the phototransduction pathway, and numerous retina and photoreceptor phenotype categories. Eleven of the differentially expressed genes are associated with the disease retinitis pigmentosa, a retinal disease characterized by dystrophy of the rods and cones of the photoreceptor layer. Analysis of differentially expressed transcription factors indicate changes in chromatin structure, offering clues to the causes of the phenotypic changes observed. Additionally, immunofluorescence assays showed degradation of cone photoreceptors and increased oxidative stress in the retina. Retinal thickness, as well as thickness of the retinal pigment epithelium and choroid layers, were significantly reduced after spaceflight. Conclusions: These results indicate that retinal performance may decrease over extended periods of spaceflight and cause visual impairment.",Retinal RNA-Seq libraries of ten week old adult C57BL/6 mice were constructed (Ovation® Mouse RNA-Seq System; Nugen) and sequencing performed on  Illumina HiSeq 4000,31527661,,,258081,GPL21103,Mus musculus,GSE,Expression profiling by high throughput sequencing,2019/05/31,16,ftp://ftp.ncbi.nlm.nih.gov/geo/series/GSE131nnn/GSE131954/,"Spaceflight influences gene expression, photoreceptor integrity, and oxidative stress-related damage in the murine retina.",Scientific reports,2019 Sep 16,10.1038/s41598-019-49453-x,OSD-397|M27,Space Flight
65,GSM3832695,0.9975218772888184,GSE131954,"Spaceflight causes changes in gene expression, photoreceptor integrity, and oxidative stress-related damage in the murine retina",,,"Purpose:The purpose of this study was to determine whether the spaceflight environment induces oxidative damage on ocular structure and how gene expression profiles change during spaceflight. Methods: RNA sequencing, immunofluorescence, and microCT assays were performed on two groups of mice to assess the effects of spaceflight on the mammalian retina. Ten week old adult C57BL/6 mice was flown aboard the ISS for 35 days and returned to Earth alive. Ground control mice were maintained on Earth in identical flight hardware. Within 38 (+/-4) hours of splashdown, mice were euthanized and ocular tissues were collected for analysis. Results:RNA sequencing detected 600 differentially expressed genes in spaceflight retina. This set of differentially expressed genes is enriched for genes related to visual perception, the phototransduction pathway, and numerous retina and photoreceptor phenotype categories. Eleven of the differentially expressed genes are associated with the disease retinitis pigmentosa, a retinal disease characterized by dystrophy of the rods and cones of the photoreceptor layer. Analysis of differentially expressed transcription factors indicate changes in chromatin structure, offering clues to the causes of the phenotypic changes observed. Additionally, immunofluorescence assays showed degradation of cone photoreceptors and increased oxidative stress in the retina. Retinal thickness, as well as thickness of the retinal pigment epithelium and choroid layers, were significantly reduced after spaceflight. Conclusions: These results indicate that retinal performance may decrease over extended periods of spaceflight and cause visual impairment.",Retinal RNA-Seq libraries of ten week old adult C57BL/6 mice were constructed (Ovation® Mouse RNA-Seq System; Nugen) and sequencing performed on  Illumina HiSeq 4000,31527661,,,258077,GPL21103,Mus musculus,GSE,Expression profiling by high throughput sequencing,2019/05/31,16,ftp://ftp.ncbi.nlm.nih.gov/geo/series/GSE131nnn/GSE131954/,"Spaceflight influences gene expression, photoreceptor integrity, and oxidative stress-related damage in the murine retina.",Scientific reports,2019 Sep 16,10.1038/s41598-019-49453-x,OSD-397|M27,Space Flight
66,GSM3832700,0.9974735379219055,GSE131954,"Spaceflight causes changes in gene expression, photoreceptor integrity, and oxidative stress-related damage in the murine retina",,,"Purpose:The purpose of this study was to determine whether the spaceflight environment induces oxidative damage on ocular structure and how gene expression profiles change during spaceflight. Methods: RNA sequencing, immunofluorescence, and microCT assays were performed on two groups of mice to assess the effects of spaceflight on the mammalian retina. Ten week old adult C57BL/6 mice was flown aboard the ISS for 35 days and returned to Earth alive. Ground control mice were maintained on Earth in identical flight hardware. Within 38 (+/-4) hours of splashdown, mice were euthanized and ocular tissues were collected for analysis. Results:RNA sequencing detected 600 differentially expressed genes in spaceflight retina. This set of differentially expressed genes is enriched for genes related to visual perception, the phototransduction pathway, and numerous retina and photoreceptor phenotype categories. Eleven of the differentially expressed genes are associated with the disease retinitis pigmentosa, a retinal disease characterized by dystrophy of the rods and cones of the photoreceptor layer. Analysis of differentially expressed transcription factors indicate changes in chromatin structure, offering clues to the causes of the phenotypic changes observed. Additionally, immunofluorescence assays showed degradation of cone photoreceptors and increased oxidative stress in the retina. Retinal thickness, as well as thickness of the retinal pigment epithelium and choroid layers, were significantly reduced after spaceflight. Conclusions: These results indicate that retinal performance may decrease over extended periods of spaceflight and cause visual impairment.",Retinal RNA-Seq libraries of ten week old adult C57BL/6 mice were constructed (Ovation® Mouse RNA-Seq System; Nugen) and sequencing performed on  Illumina HiSeq 4000,31527661,,,258082,GPL21103,Mus musculus,GSE,Expression profiling by high throughput sequencing,2019/05/31,16,ftp://ftp.ncbi.nlm.nih.gov/geo/series/GSE131nnn/GSE131954/,"Spaceflight influences gene expression, photoreceptor integrity, and oxidative stress-related damage in the murine retina.",Scientific reports,2019 Sep 16,10.1038/s41598-019-49453-x,OSD-397|M27,Space Flight
67,GSM3832703,0.9973890781402588,GSE131954,"Spaceflight causes changes in gene expression, photoreceptor integrity, and oxidative stress-related damage in the murine retina",,,"Purpose:The purpose of this study was to determine whether the spaceflight environment induces oxidative damage on ocular structure and how gene expression profiles change during spaceflight. Methods: RNA sequencing, immunofluorescence, and microCT assays were performed on two groups of mice to assess the effects of spaceflight on the mammalian retina. Ten week old adult C57BL/6 mice was flown aboard the ISS for 35 days and returned to Earth alive. Ground control mice were maintained on Earth in identical flight hardware. Within 38 (+/-4) hours of splashdown, mice were euthanized and ocular tissues were collected for analysis. Results:RNA sequencing detected 600 differentially expressed genes in spaceflight retina. This set of differentially expressed genes is enriched for genes related to visual perception, the phototransduction pathway, and numerous retina and photoreceptor phenotype categories. Eleven of the differentially expressed genes are associated with the disease retinitis pigmentosa, a retinal disease characterized by dystrophy of the rods and cones of the photoreceptor layer. Analysis of differentially expressed transcription factors indicate changes in chromatin structure, offering clues to the causes of the phenotypic changes observed. Additionally, immunofluorescence assays showed degradation of cone photoreceptors and increased oxidative stress in the retina. Retinal thickness, as well as thickness of the retinal pigment epithelium and choroid layers, were significantly reduced after spaceflight. Conclusions: These results indicate that retinal performance may decrease over extended periods of spaceflight and cause visual impairment.",Retinal RNA-Seq libraries of ten week old adult C57BL/6 mice were constructed (Ovation® Mouse RNA-Seq System; Nugen) and sequencing performed on  Illumina HiSeq 4000,31527661,,,258085,GPL21103,Mus musculus,GSE,Expression profiling by high throughput sequencing,2019/05/31,16,ftp://ftp.ncbi.nlm.nih.gov/geo/series/GSE131nnn/GSE131954/,"Spaceflight influences gene expression, photoreceptor integrity, and oxidative stress-related damage in the murine retina.",Scientific reports,2019 Sep 16,10.1038/s41598-019-49453-x,OSD-397|M27,Space Flight
68,GSM3832707,0.9973596930503845,GSE131954,"Spaceflight causes changes in gene expression, photoreceptor integrity, and oxidative stress-related damage in the murine retina",,,"Purpose:The purpose of this study was to determine whether the spaceflight environment induces oxidative damage on ocular structure and how gene expression profiles change during spaceflight. Methods: RNA sequencing, immunofluorescence, and microCT assays were performed on two groups of mice to assess the effects of spaceflight on the mammalian retina. Ten week old adult C57BL/6 mice was flown aboard the ISS for 35 days and returned to Earth alive. Ground control mice were maintained on Earth in identical flight hardware. Within 38 (+/-4) hours of splashdown, mice were euthanized and ocular tissues were collected for analysis. Results:RNA sequencing detected 600 differentially expressed genes in spaceflight retina. This set of differentially expressed genes is enriched for genes related to visual perception, the phototransduction pathway, and numerous retina and photoreceptor phenotype categories. Eleven of the differentially expressed genes are associated with the disease retinitis pigmentosa, a retinal disease characterized by dystrophy of the rods and cones of the photoreceptor layer. Analysis of differentially expressed transcription factors indicate changes in chromatin structure, offering clues to the causes of the phenotypic changes observed. Additionally, immunofluorescence assays showed degradation of cone photoreceptors and increased oxidative stress in the retina. Retinal thickness, as well as thickness of the retinal pigment epithelium and choroid layers, were significantly reduced after spaceflight. Conclusions: These results indicate that retinal performance may decrease over extended periods of spaceflight and cause visual impairment.",Retinal RNA-Seq libraries of ten week old adult C57BL/6 mice were constructed (Ovation® Mouse RNA-Seq System; Nugen) and sequencing performed on  Illumina HiSeq 4000,31527661,,,258089,GPL21103,Mus musculus,GSE,Expression profiling by high throughput sequencing,2019/05/31,16,ftp://ftp.ncbi.nlm.nih.gov/geo/series/GSE131nnn/GSE131954/,"Spaceflight influences gene expression, photoreceptor integrity, and oxidative stress-related damage in the murine retina.",Scientific reports,2019 Sep 16,10.1038/s41598-019-49453-x,OSD-397|M27,Space Flight
69,GSM3832693,0.9973422288894653,GSE131954,"Spaceflight causes changes in gene expression, photoreceptor integrity, and oxidative stress-related damage in the murine retina",,,"Purpose:The purpose of this study was to determine whether the spaceflight environment induces oxidative damage on ocular structure and how gene expression profiles change during spaceflight. Methods: RNA sequencing, immunofluorescence, and microCT assays were performed on two groups of mice to assess the effects of spaceflight on the mammalian retina. Ten week old adult C57BL/6 mice was flown aboard the ISS for 35 days and returned to Earth alive. Ground control mice were maintained on Earth in identical flight hardware. Within 38 (+/-4) hours of splashdown, mice were euthanized and ocular tissues were collected for analysis. Results:RNA sequencing detected 600 differentially expressed genes in spaceflight retina. This set of differentially expressed genes is enriched for genes related to visual perception, the phototransduction pathway, and numerous retina and photoreceptor phenotype categories. Eleven of the differentially expressed genes are associated with the disease retinitis pigmentosa, a retinal disease characterized by dystrophy of the rods and cones of the photoreceptor layer. Analysis of differentially expressed transcription factors indicate changes in chromatin structure, offering clues to the causes of the phenotypic changes observed. Additionally, immunofluorescence assays showed degradation of cone photoreceptors and increased oxidative stress in the retina. Retinal thickness, as well as thickness of the retinal pigment epithelium and choroid layers, were significantly reduced after spaceflight. Conclusions: These results indicate that retinal performance may decrease over extended periods of spaceflight and cause visual impairment.",Retinal RNA-Seq libraries of ten week old adult C57BL/6 mice were constructed (Ovation® Mouse RNA-Seq System; Nugen) and sequencing performed on  Illumina HiSeq 4000,31527661,,,258075,GPL21103,Mus musculus,GSE,Expression profiling by high throughput sequencing,2019/05/31,16,ftp://ftp.ncbi.nlm.nih.gov/geo/series/GSE131nnn/GSE131954/,"Spaceflight influences gene expression, photoreceptor integrity, and oxidative stress-related damage in the murine retina.",Scientific reports,2019 Sep 16,10.1038/s41598-019-49453-x,OSD-397|M27,Space Flight
70,GSM3832708,0.9978189468383789,GSE131954,"Spaceflight causes changes in gene expression, photoreceptor integrity, and oxidative stress-related damage in the murine retina",,,"Purpose:The purpose of this study was to determine whether the spaceflight environment induces oxidative damage on ocular structure and how gene expression profiles change during spaceflight. Methods: RNA sequencing, immunofluorescence, and microCT assays were performed on two groups of mice to assess the effects of spaceflight on the mammalian retina. Ten week old adult C57BL/6 mice was flown aboard the ISS for 35 days and returned to Earth alive. Ground control mice were maintained on Earth in identical flight hardware. Within 38 (+/-4) hours of splashdown, mice were euthanized and ocular tissues were collected for analysis. Results:RNA sequencing detected 600 differentially expressed genes in spaceflight retina. This set of differentially expressed genes is enriched for genes related to visual perception, the phototransduction pathway, and numerous retina and photoreceptor phenotype categories. Eleven of the differentially expressed genes are associated with the disease retinitis pigmentosa, a retinal disease characterized by dystrophy of the rods and cones of the photoreceptor layer. Analysis of differentially expressed transcription factors indicate changes in chromatin structure, offering clues to the causes of the phenotypic changes observed. Additionally, immunofluorescence assays showed degradation of cone photoreceptors and increased oxidative stress in the retina. Retinal thickness, as well as thickness of the retinal pigment epithelium and choroid layers, were significantly reduced after spaceflight. Conclusions: These results indicate that retinal performance may decrease over extended periods of spaceflight and cause visual impairment.",Retinal RNA-Seq libraries of ten week old adult C57BL/6 mice were constructed (Ovation® Mouse RNA-Seq System; Nugen) and sequencing performed on  Illumina HiSeq 4000,31527661,,,258090,GPL21103,Mus musculus,GSE,Expression profiling by high throughput sequencing,2019/05/31,16,ftp://ftp.ncbi.nlm.nih.gov/geo/series/GSE131nnn/GSE131954/,"Spaceflight influences gene expression, photoreceptor integrity, and oxidative stress-related damage in the murine retina.",Scientific reports,2019 Sep 16,10.1038/s41598-019-49453-x,OSD-397|M29,Space Flight
71,GSM5191728,0.9972707033157349,GSE169262,Identification of a modular super-enhancer in murine retinal development,,,"Single cell RNA-sequencing shows cell type specific expression of genes in the retina. Single cell ATAC-sequencing of the wild type retina at multiple stages revealed that chromatin in the Vsx2 CRC SE, a stage- and cell type-specific core regulatory circuit super-enhancer (CRC-SE) upstream of the Vsx2 gene, was only open in bipolar cells in Region3 in adult retina. Chromatin in Region0 was open in retinal progenitor cells in E14.5 retina.","Single cell RNA sequencing, single cell ATAC sequencing, bulk RNA sequencing,  and ChIP sequening from WT and VSX2SE Region deletion mice retina at E14.5 and adult stages",35017532,,,476944,GPL24247; GPL17021,Mus musculus,GSE,Expression profiling by high throughput sequencing; Genome binding/occupancy profiling by high throughput sequencing,2021/11/16,43,ftp://ftp.ncbi.nlm.nih.gov/geo/series/GSE169nnn/GSE169262/,Identification of a modular super-enhancer in murine retinal development.,Nature communications,2022 Jan 11,10.1038/s41467-021-27924-y,OSD-397|M29,Space Flight
72,GSM1362151,0.9969823360443115,GSE56473,rd10 transcriptome analysis,,,"Retinitis pigmentosa (RP) is a photoreceptor disease that affects approximately 100,000 people in the United States. There are currently very limited treatment options and the prognosis for most patients is progressive vision loss. Unfortunately, the understanding of the molecular underpinnings of RP initiation and progression is still poorly understood. However, the development of animal models of RP, coupled with high-throughput sequencing, has provided an opportunity to study the underlying cellular and molecular changes of this disease. Using RNA-Seq, we present the first retinal transcriptome analysis of the rd10 murine model of retinal degeneration.","RNA-Seq on whole-retina samples from rd10, wild-type and GFP-expressing mouse retina. Three biological replicates of each.",25489233,,,15289,GPL13112,Mus musculus,GSE,Expression profiling by high throughput sequencing,2014/10/26,9,ftp://ftp.ncbi.nlm.nih.gov/geo/series/GSE56nnn/GSE56473/,A profile of transcriptomic changes in the rd10 mouse model of retinitis pigmentosa.,Molecular vision,2014,,OSD-397|M29,Space Flight
73,GSM1331907,0.9969523549079895,GSE55228,RNA sequence reveals mouse retinal transcriptome changes early after axonal injury,,,"Purpose: The purpose of this study was　to use RNA-seq to investigate the molecular mechanisms of damage in the early stages of the response to axonal injury, before the onset of RGC death. Methods: 12-week-old wild-type (WT) mice were used in this study. The experiment group underwent an optic nerve crush (ONC) procedure to induce axonal injury in the right eye, and the control group underwent a sham procedure. Retinal mRNA profiles were generated by deep sequencing, in triplicate, using IlluminaHiseq2000. The sequence reads were analyzed by CLC genomics workbench and R software. qRT–PCR validation was performed using TaqMan assays. Results: Using an optimized data analysis workflow, we mapped about 66 million sequence reads per sample to the mouse genome (build mm9). Differential gene expression analysis showed that endoplasmic reticulum stress-related genes and antioxidative response-related genes have been shown to be significantly upregulated 2 days after ONC. Conclusions: Our study represents the first detailed analysis of retinal transcriptomes in the early stages after axonal injury. Our results indicated that ER stress plays a key role under these conditions. Furthermore, the antioxidative defense and immune responses occurred concurrently in the early stages after axonal injury. We believe that our study will lead to a better understanding of and insight into the molecular mechanisms underlying RGC death after axonal injury.","Retinal mRNA profiles of 12 week-old wild type (WT) after ONC or sham were generated by deep sequencing, in triplicate, using Illumina Hiseq2000.",24676137,,,14953,GPL13112,Mus musculus,GSE,Expression profiling by high throughput sequencing,2014/02/21,6,ftp://ftp.ncbi.nlm.nih.gov/geo/series/GSE55nnn/GSE55228/,RNA sequence reveals mouse retinal transcriptome changes early after axonal injury.,PloS one,2014,10.1371/journal.pone.0093258,OSD-397|M29,Space Flight
74,GSM4027491,0.9969478845596313,GSE135752,Tamoxifen induction of Cre recombinase does not cause long lasting or sexually divergent responses in the CNS epigenome or transcriptome: implications for the design of aging studies (RNA-Seq).,,,"The systemic delivery of tamoxifen (Tam) to activate inducible CreERT2-loxP transgenic mouse systems is now widely used in neuroscience studies. This critical technological advancement allows temporal control of DNA-cre recombination, avoidance of embryonically lethal phenotypes, and minimization of residual cell labeling encountered in constitutively active drivers. Despite its advantages, the use of Tam has the potential to cause long-lasting, uncharacterized side effects on the transcriptome and epigenome in the CNS, given its mixed estrogen receptor (ER) agonist/antagonist actions. With the welcome focus on including both sexes in biomedical studies and efforts to understand sex differences, Tam administration could also cause sexually divergent responses that would confound studies. To examine these issues, epigenetic and transcriptomic profiles were compared in C57BL/6J female and male hippocampus, cortex, and retina 1 month after a five- day Tam treatment typical for cre induction, or vehicle control (sunflower seed oil). Cytosine methylation and hydroxymethylation levels, in both CG and non-CG contexts, were unchanged as determined by oxidative bisulfite sequencing. Long-lasting Tam transcriptomic effects were also not evident/minimal. Furthermore, there is no evidence of sexually divergent responses with Tam administration and Tam did not alter sex differences evident in controls. Combined with recently reported data that Tam alone does not cause long-lasting changes in behavior and neurogenesis, our findings provide confidence that Tam can be used as a cre-recombinase inducer without introducing significant confounds in transcriptomic and epigenomic neuroscience studies, particularly those focused on genomic and transcriptomic aspects of the aging brain.","Examination of the effect of tamoxifen administration on RNA Expression in the retina, cortex, and hippocampus of mouse by RNA-Seq",31493147;35589920,,,279518,GPL17021; GPL19057,Mus musculus,GSE,Expression profiling by high throughput sequencing,2019/08/13,45,ftp://ftp.ncbi.nlm.nih.gov/geo/series/GSE135nnn/GSE135752/,Tamoxifen induction of Cre recombinase does not cause long-lasting or sexually divergent responses in the CNS epigenome or transcriptome: implications for the design of aging studies.,GeroScience,2019 Oct,10.1007/s11357-019-00090-2,OSD-397|M29,Space Flight
75,GSM2823064,0.9969115853309631,GSE105135,The RNA sequencing of microglia repopulated retina,,,The RNA sequencing of retina after microglial depletion and repopulation,"Retinal mRNA profiles of adult wild type C57BL/6J mice, after treatment for PLX5622, LPS, vechcle control or microglial repopulation",29507754,,,134848,GPL23479,Mus musculus,GSE,Expression profiling by high throughput sequencing,2018/02/10,65,ftp://ftp.ncbi.nlm.nih.gov/geo/series/GSE105nnn/GSE105135/,Dual extra-retinal origins of microglia in the model of retinal microglia repopulation.,Cell discovery,2018,10.1038/s41421-018-0011-8,OSD-397|M29,Space Flight
76,GSM4027495,0.9968603849411011,GSE135752,Tamoxifen induction of Cre recombinase does not cause long lasting or sexually divergent responses in the CNS epigenome or transcriptome: implications for the design of aging studies (RNA-Seq).,,,"The systemic delivery of tamoxifen (Tam) to activate inducible CreERT2-loxP transgenic mouse systems is now widely used in neuroscience studies. This critical technological advancement allows temporal control of DNA-cre recombination, avoidance of embryonically lethal phenotypes, and minimization of residual cell labeling encountered in constitutively active drivers. Despite its advantages, the use of Tam has the potential to cause long-lasting, uncharacterized side effects on the transcriptome and epigenome in the CNS, given its mixed estrogen receptor (ER) agonist/antagonist actions. With the welcome focus on including both sexes in biomedical studies and efforts to understand sex differences, Tam administration could also cause sexually divergent responses that would confound studies. To examine these issues, epigenetic and transcriptomic profiles were compared in C57BL/6J female and male hippocampus, cortex, and retina 1 month after a five- day Tam treatment typical for cre induction, or vehicle control (sunflower seed oil). Cytosine methylation and hydroxymethylation levels, in both CG and non-CG contexts, were unchanged as determined by oxidative bisulfite sequencing. Long-lasting Tam transcriptomic effects were also not evident/minimal. Furthermore, there is no evidence of sexually divergent responses with Tam administration and Tam did not alter sex differences evident in controls. Combined with recently reported data that Tam alone does not cause long-lasting changes in behavior and neurogenesis, our findings provide confidence that Tam can be used as a cre-recombinase inducer without introducing significant confounds in transcriptomic and epigenomic neuroscience studies, particularly those focused on genomic and transcriptomic aspects of the aging brain.","Examination of the effect of tamoxifen administration on RNA Expression in the retina, cortex, and hippocampus of mouse by RNA-Seq",31493147;35589920,,,279522,GPL17021; GPL19057,Mus musculus,GSE,Expression profiling by high throughput sequencing,2019/08/13,45,ftp://ftp.ncbi.nlm.nih.gov/geo/series/GSE135nnn/GSE135752/,Tamoxifen induction of Cre recombinase does not cause long-lasting or sexually divergent responses in the CNS epigenome or transcriptome: implications for the design of aging studies.,GeroScience,2019 Oct,10.1007/s11357-019-00090-2,OSD-397|M29,Space Flight
77,GSM2823054,0.9968461394309998,GSE105135,The RNA sequencing of microglia repopulated retina,,,The RNA sequencing of retina after microglial depletion and repopulation,"Retinal mRNA profiles of adult wild type C57BL/6J mice, after treatment for PLX5622, LPS, vechcle control or microglial repopulation",29507754,,,134838,GPL23479,Mus musculus,GSE,Expression profiling by high throughput sequencing,2018/02/10,65,ftp://ftp.ncbi.nlm.nih.gov/geo/series/GSE105nnn/GSE105135/,Dual extra-retinal origins of microglia in the model of retinal microglia repopulation.,Cell discovery,2018,10.1038/s41421-018-0011-8,OSD-397|M29,Space Flight
78,GSM4027498,0.996732771396637,GSE135752,Tamoxifen induction of Cre recombinase does not cause long lasting or sexually divergent responses in the CNS epigenome or transcriptome: implications for the design of aging studies (RNA-Seq).,,,"The systemic delivery of tamoxifen (Tam) to activate inducible CreERT2-loxP transgenic mouse systems is now widely used in neuroscience studies. This critical technological advancement allows temporal control of DNA-cre recombination, avoidance of embryonically lethal phenotypes, and minimization of residual cell labeling encountered in constitutively active drivers. Despite its advantages, the use of Tam has the potential to cause long-lasting, uncharacterized side effects on the transcriptome and epigenome in the CNS, given its mixed estrogen receptor (ER) agonist/antagonist actions. With the welcome focus on including both sexes in biomedical studies and efforts to understand sex differences, Tam administration could also cause sexually divergent responses that would confound studies. To examine these issues, epigenetic and transcriptomic profiles were compared in C57BL/6J female and male hippocampus, cortex, and retina 1 month after a five- day Tam treatment typical for cre induction, or vehicle control (sunflower seed oil). Cytosine methylation and hydroxymethylation levels, in both CG and non-CG contexts, were unchanged as determined by oxidative bisulfite sequencing. Long-lasting Tam transcriptomic effects were also not evident/minimal. Furthermore, there is no evidence of sexually divergent responses with Tam administration and Tam did not alter sex differences evident in controls. Combined with recently reported data that Tam alone does not cause long-lasting changes in behavior and neurogenesis, our findings provide confidence that Tam can be used as a cre-recombinase inducer without introducing significant confounds in transcriptomic and epigenomic neuroscience studies, particularly those focused on genomic and transcriptomic aspects of the aging brain.","Examination of the effect of tamoxifen administration on RNA Expression in the retina, cortex, and hippocampus of mouse by RNA-Seq",31493147;35589920,,,279525,GPL17021; GPL19057,Mus musculus,GSE,Expression profiling by high throughput sequencing,2019/08/13,45,ftp://ftp.ncbi.nlm.nih.gov/geo/series/GSE135nnn/GSE135752/,Tamoxifen induction of Cre recombinase does not cause long-lasting or sexually divergent responses in the CNS epigenome or transcriptome: implications for the design of aging studies.,GeroScience,2019 Oct,10.1007/s11357-019-00090-2,OSD-397|M29,Space Flight
79,GSM1331906,0.9966932535171509,GSE55228,RNA sequence reveals mouse retinal transcriptome changes early after axonal injury,,,"Purpose: The purpose of this study was　to use RNA-seq to investigate the molecular mechanisms of damage in the early stages of the response to axonal injury, before the onset of RGC death. Methods: 12-week-old wild-type (WT) mice were used in this study. The experiment group underwent an optic nerve crush (ONC) procedure to induce axonal injury in the right eye, and the control group underwent a sham procedure. Retinal mRNA profiles were generated by deep sequencing, in triplicate, using IlluminaHiseq2000. The sequence reads were analyzed by CLC genomics workbench and R software. qRT–PCR validation was performed using TaqMan assays. Results: Using an optimized data analysis workflow, we mapped about 66 million sequence reads per sample to the mouse genome (build mm9). Differential gene expression analysis showed that endoplasmic reticulum stress-related genes and antioxidative response-related genes have been shown to be significantly upregulated 2 days after ONC. Conclusions: Our study represents the first detailed analysis of retinal transcriptomes in the early stages after axonal injury. Our results indicated that ER stress plays a key role under these conditions. Furthermore, the antioxidative defense and immune responses occurred concurrently in the early stages after axonal injury. We believe that our study will lead to a better understanding of and insight into the molecular mechanisms underlying RGC death after axonal injury.","Retinal mRNA profiles of 12 week-old wild type (WT) after ONC or sham were generated by deep sequencing, in triplicate, using Illumina Hiseq2000.",24676137,,,14952,GPL13112,Mus musculus,GSE,Expression profiling by high throughput sequencing,2014/02/21,6,ftp://ftp.ncbi.nlm.nih.gov/geo/series/GSE55nnn/GSE55228/,RNA sequence reveals mouse retinal transcriptome changes early after axonal injury.,PloS one,2014,10.1371/journal.pone.0093258,OSD-397|M29,Space Flight
80,GSM3832694,0.9982398152351379,GSE131954,"Spaceflight causes changes in gene expression, photoreceptor integrity, and oxidative stress-related damage in the murine retina",,,"Purpose:The purpose of this study was to determine whether the spaceflight environment induces oxidative damage on ocular structure and how gene expression profiles change during spaceflight. Methods: RNA sequencing, immunofluorescence, and microCT assays were performed on two groups of mice to assess the effects of spaceflight on the mammalian retina. Ten week old adult C57BL/6 mice was flown aboard the ISS for 35 days and returned to Earth alive. Ground control mice were maintained on Earth in identical flight hardware. Within 38 (+/-4) hours of splashdown, mice were euthanized and ocular tissues were collected for analysis. Results:RNA sequencing detected 600 differentially expressed genes in spaceflight retina. This set of differentially expressed genes is enriched for genes related to visual perception, the phototransduction pathway, and numerous retina and photoreceptor phenotype categories. Eleven of the differentially expressed genes are associated with the disease retinitis pigmentosa, a retinal disease characterized by dystrophy of the rods and cones of the photoreceptor layer. Analysis of differentially expressed transcription factors indicate changes in chromatin structure, offering clues to the causes of the phenotypic changes observed. Additionally, immunofluorescence assays showed degradation of cone photoreceptors and increased oxidative stress in the retina. Retinal thickness, as well as thickness of the retinal pigment epithelium and choroid layers, were significantly reduced after spaceflight. Conclusions: These results indicate that retinal performance may decrease over extended periods of spaceflight and cause visual impairment.",Retinal RNA-Seq libraries of ten week old adult C57BL/6 mice were constructed (Ovation® Mouse RNA-Seq System; Nugen) and sequencing performed on  Illumina HiSeq 4000,31527661,,,258076,GPL21103,Mus musculus,GSE,Expression profiling by high throughput sequencing,2019/05/31,16,ftp://ftp.ncbi.nlm.nih.gov/geo/series/GSE131nnn/GSE131954/,"Spaceflight influences gene expression, photoreceptor integrity, and oxidative stress-related damage in the murine retina.",Scientific reports,2019 Sep 16,10.1038/s41598-019-49453-x,OSD-397|M30,Space Flight
81,GSM3832706,0.9977793097496033,GSE131954,"Spaceflight causes changes in gene expression, photoreceptor integrity, and oxidative stress-related damage in the murine retina",,,"Purpose:The purpose of this study was to determine whether the spaceflight environment induces oxidative damage on ocular structure and how gene expression profiles change during spaceflight. Methods: RNA sequencing, immunofluorescence, and microCT assays were performed on two groups of mice to assess the effects of spaceflight on the mammalian retina. Ten week old adult C57BL/6 mice was flown aboard the ISS for 35 days and returned to Earth alive. Ground control mice were maintained on Earth in identical flight hardware. Within 38 (+/-4) hours of splashdown, mice were euthanized and ocular tissues were collected for analysis. Results:RNA sequencing detected 600 differentially expressed genes in spaceflight retina. This set of differentially expressed genes is enriched for genes related to visual perception, the phototransduction pathway, and numerous retina and photoreceptor phenotype categories. Eleven of the differentially expressed genes are associated with the disease retinitis pigmentosa, a retinal disease characterized by dystrophy of the rods and cones of the photoreceptor layer. Analysis of differentially expressed transcription factors indicate changes in chromatin structure, offering clues to the causes of the phenotypic changes observed. Additionally, immunofluorescence assays showed degradation of cone photoreceptors and increased oxidative stress in the retina. Retinal thickness, as well as thickness of the retinal pigment epithelium and choroid layers, were significantly reduced after spaceflight. Conclusions: These results indicate that retinal performance may decrease over extended periods of spaceflight and cause visual impairment.",Retinal RNA-Seq libraries of ten week old adult C57BL/6 mice were constructed (Ovation® Mouse RNA-Seq System; Nugen) and sequencing performed on  Illumina HiSeq 4000,31527661,,,258088,GPL21103,Mus musculus,GSE,Expression profiling by high throughput sequencing,2019/05/31,16,ftp://ftp.ncbi.nlm.nih.gov/geo/series/GSE131nnn/GSE131954/,"Spaceflight influences gene expression, photoreceptor integrity, and oxidative stress-related damage in the murine retina.",Scientific reports,2019 Sep 16,10.1038/s41598-019-49453-x,OSD-397|M30,Space Flight
82,GSM3832699,0.9977552890777588,GSE131954,"Spaceflight causes changes in gene expression, photoreceptor integrity, and oxidative stress-related damage in the murine retina",,,"Purpose:The purpose of this study was to determine whether the spaceflight environment induces oxidative damage on ocular structure and how gene expression profiles change during spaceflight. Methods: RNA sequencing, immunofluorescence, and microCT assays were performed on two groups of mice to assess the effects of spaceflight on the mammalian retina. Ten week old adult C57BL/6 mice was flown aboard the ISS for 35 days and returned to Earth alive. Ground control mice were maintained on Earth in identical flight hardware. Within 38 (+/-4) hours of splashdown, mice were euthanized and ocular tissues were collected for analysis. Results:RNA sequencing detected 600 differentially expressed genes in spaceflight retina. This set of differentially expressed genes is enriched for genes related to visual perception, the phototransduction pathway, and numerous retina and photoreceptor phenotype categories. Eleven of the differentially expressed genes are associated with the disease retinitis pigmentosa, a retinal disease characterized by dystrophy of the rods and cones of the photoreceptor layer. Analysis of differentially expressed transcription factors indicate changes in chromatin structure, offering clues to the causes of the phenotypic changes observed. Additionally, immunofluorescence assays showed degradation of cone photoreceptors and increased oxidative stress in the retina. Retinal thickness, as well as thickness of the retinal pigment epithelium and choroid layers, were significantly reduced after spaceflight. Conclusions: These results indicate that retinal performance may decrease over extended periods of spaceflight and cause visual impairment.",Retinal RNA-Seq libraries of ten week old adult C57BL/6 mice were constructed (Ovation® Mouse RNA-Seq System; Nugen) and sequencing performed on  Illumina HiSeq 4000,31527661,,,258081,GPL21103,Mus musculus,GSE,Expression profiling by high throughput sequencing,2019/05/31,16,ftp://ftp.ncbi.nlm.nih.gov/geo/series/GSE131nnn/GSE131954/,"Spaceflight influences gene expression, photoreceptor integrity, and oxidative stress-related damage in the murine retina.",Scientific reports,2019 Sep 16,10.1038/s41598-019-49453-x,OSD-397|M30,Space Flight
83,GSM3832701,0.9976259469985962,GSE131954,"Spaceflight causes changes in gene expression, photoreceptor integrity, and oxidative stress-related damage in the murine retina",,,"Purpose:The purpose of this study was to determine whether the spaceflight environment induces oxidative damage on ocular structure and how gene expression profiles change during spaceflight. Methods: RNA sequencing, immunofluorescence, and microCT assays were performed on two groups of mice to assess the effects of spaceflight on the mammalian retina. Ten week old adult C57BL/6 mice was flown aboard the ISS for 35 days and returned to Earth alive. Ground control mice were maintained on Earth in identical flight hardware. Within 38 (+/-4) hours of splashdown, mice were euthanized and ocular tissues were collected for analysis. Results:RNA sequencing detected 600 differentially expressed genes in spaceflight retina. This set of differentially expressed genes is enriched for genes related to visual perception, the phototransduction pathway, and numerous retina and photoreceptor phenotype categories. Eleven of the differentially expressed genes are associated with the disease retinitis pigmentosa, a retinal disease characterized by dystrophy of the rods and cones of the photoreceptor layer. Analysis of differentially expressed transcription factors indicate changes in chromatin structure, offering clues to the causes of the phenotypic changes observed. Additionally, immunofluorescence assays showed degradation of cone photoreceptors and increased oxidative stress in the retina. Retinal thickness, as well as thickness of the retinal pigment epithelium and choroid layers, were significantly reduced after spaceflight. Conclusions: These results indicate that retinal performance may decrease over extended periods of spaceflight and cause visual impairment.",Retinal RNA-Seq libraries of ten week old adult C57BL/6 mice were constructed (Ovation® Mouse RNA-Seq System; Nugen) and sequencing performed on  Illumina HiSeq 4000,31527661,,,258083,GPL21103,Mus musculus,GSE,Expression profiling by high throughput sequencing,2019/05/31,16,ftp://ftp.ncbi.nlm.nih.gov/geo/series/GSE131nnn/GSE131954/,"Spaceflight influences gene expression, photoreceptor integrity, and oxidative stress-related damage in the murine retina.",Scientific reports,2019 Sep 16,10.1038/s41598-019-49453-x,OSD-397|M30,Space Flight
84,GSM3832696,0.9974316954612732,GSE131954,"Spaceflight causes changes in gene expression, photoreceptor integrity, and oxidative stress-related damage in the murine retina",,,"Purpose:The purpose of this study was to determine whether the spaceflight environment induces oxidative damage on ocular structure and how gene expression profiles change during spaceflight. Methods: RNA sequencing, immunofluorescence, and microCT assays were performed on two groups of mice to assess the effects of spaceflight on the mammalian retina. Ten week old adult C57BL/6 mice was flown aboard the ISS for 35 days and returned to Earth alive. Ground control mice were maintained on Earth in identical flight hardware. Within 38 (+/-4) hours of splashdown, mice were euthanized and ocular tissues were collected for analysis. Results:RNA sequencing detected 600 differentially expressed genes in spaceflight retina. This set of differentially expressed genes is enriched for genes related to visual perception, the phototransduction pathway, and numerous retina and photoreceptor phenotype categories. Eleven of the differentially expressed genes are associated with the disease retinitis pigmentosa, a retinal disease characterized by dystrophy of the rods and cones of the photoreceptor layer. Analysis of differentially expressed transcription factors indicate changes in chromatin structure, offering clues to the causes of the phenotypic changes observed. Additionally, immunofluorescence assays showed degradation of cone photoreceptors and increased oxidative stress in the retina. Retinal thickness, as well as thickness of the retinal pigment epithelium and choroid layers, were significantly reduced after spaceflight. Conclusions: These results indicate that retinal performance may decrease over extended periods of spaceflight and cause visual impairment.",Retinal RNA-Seq libraries of ten week old adult C57BL/6 mice were constructed (Ovation® Mouse RNA-Seq System; Nugen) and sequencing performed on  Illumina HiSeq 4000,31527661,,,258078,GPL21103,Mus musculus,GSE,Expression profiling by high throughput sequencing,2019/05/31,16,ftp://ftp.ncbi.nlm.nih.gov/geo/series/GSE131nnn/GSE131954/,"Spaceflight influences gene expression, photoreceptor integrity, and oxidative stress-related damage in the murine retina.",Scientific reports,2019 Sep 16,10.1038/s41598-019-49453-x,OSD-397|M30,Space Flight
85,GSM3832695,0.9974040985107422,GSE131954,"Spaceflight causes changes in gene expression, photoreceptor integrity, and oxidative stress-related damage in the murine retina",,,"Purpose:The purpose of this study was to determine whether the spaceflight environment induces oxidative damage on ocular structure and how gene expression profiles change during spaceflight. Methods: RNA sequencing, immunofluorescence, and microCT assays were performed on two groups of mice to assess the effects of spaceflight on the mammalian retina. Ten week old adult C57BL/6 mice was flown aboard the ISS for 35 days and returned to Earth alive. Ground control mice were maintained on Earth in identical flight hardware. Within 38 (+/-4) hours of splashdown, mice were euthanized and ocular tissues were collected for analysis. Results:RNA sequencing detected 600 differentially expressed genes in spaceflight retina. This set of differentially expressed genes is enriched for genes related to visual perception, the phototransduction pathway, and numerous retina and photoreceptor phenotype categories. Eleven of the differentially expressed genes are associated with the disease retinitis pigmentosa, a retinal disease characterized by dystrophy of the rods and cones of the photoreceptor layer. Analysis of differentially expressed transcription factors indicate changes in chromatin structure, offering clues to the causes of the phenotypic changes observed. Additionally, immunofluorescence assays showed degradation of cone photoreceptors and increased oxidative stress in the retina. Retinal thickness, as well as thickness of the retinal pigment epithelium and choroid layers, were significantly reduced after spaceflight. Conclusions: These results indicate that retinal performance may decrease over extended periods of spaceflight and cause visual impairment.",Retinal RNA-Seq libraries of ten week old adult C57BL/6 mice were constructed (Ovation® Mouse RNA-Seq System; Nugen) and sequencing performed on  Illumina HiSeq 4000,31527661,,,258077,GPL21103,Mus musculus,GSE,Expression profiling by high throughput sequencing,2019/05/31,16,ftp://ftp.ncbi.nlm.nih.gov/geo/series/GSE131nnn/GSE131954/,"Spaceflight influences gene expression, photoreceptor integrity, and oxidative stress-related damage in the murine retina.",Scientific reports,2019 Sep 16,10.1038/s41598-019-49453-x,OSD-397|M30,Space Flight
86,GSM3832693,0.9972497224807739,GSE131954,"Spaceflight causes changes in gene expression, photoreceptor integrity, and oxidative stress-related damage in the murine retina",,,"Purpose:The purpose of this study was to determine whether the spaceflight environment induces oxidative damage on ocular structure and how gene expression profiles change during spaceflight. Methods: RNA sequencing, immunofluorescence, and microCT assays were performed on two groups of mice to assess the effects of spaceflight on the mammalian retina. Ten week old adult C57BL/6 mice was flown aboard the ISS for 35 days and returned to Earth alive. Ground control mice were maintained on Earth in identical flight hardware. Within 38 (+/-4) hours of splashdown, mice were euthanized and ocular tissues were collected for analysis. Results:RNA sequencing detected 600 differentially expressed genes in spaceflight retina. This set of differentially expressed genes is enriched for genes related to visual perception, the phototransduction pathway, and numerous retina and photoreceptor phenotype categories. Eleven of the differentially expressed genes are associated with the disease retinitis pigmentosa, a retinal disease characterized by dystrophy of the rods and cones of the photoreceptor layer. Analysis of differentially expressed transcription factors indicate changes in chromatin structure, offering clues to the causes of the phenotypic changes observed. Additionally, immunofluorescence assays showed degradation of cone photoreceptors and increased oxidative stress in the retina. Retinal thickness, as well as thickness of the retinal pigment epithelium and choroid layers, were significantly reduced after spaceflight. Conclusions: These results indicate that retinal performance may decrease over extended periods of spaceflight and cause visual impairment.",Retinal RNA-Seq libraries of ten week old adult C57BL/6 mice were constructed (Ovation® Mouse RNA-Seq System; Nugen) and sequencing performed on  Illumina HiSeq 4000,31527661,,,258075,GPL21103,Mus musculus,GSE,Expression profiling by high throughput sequencing,2019/05/31,16,ftp://ftp.ncbi.nlm.nih.gov/geo/series/GSE131nnn/GSE131954/,"Spaceflight influences gene expression, photoreceptor integrity, and oxidative stress-related damage in the murine retina.",Scientific reports,2019 Sep 16,10.1038/s41598-019-49453-x,OSD-397|M30,Space Flight
87,GSM3832703,0.9971782565116882,GSE131954,"Spaceflight causes changes in gene expression, photoreceptor integrity, and oxidative stress-related damage in the murine retina",,,"Purpose:The purpose of this study was to determine whether the spaceflight environment induces oxidative damage on ocular structure and how gene expression profiles change during spaceflight. Methods: RNA sequencing, immunofluorescence, and microCT assays were performed on two groups of mice to assess the effects of spaceflight on the mammalian retina. Ten week old adult C57BL/6 mice was flown aboard the ISS for 35 days and returned to Earth alive. Ground control mice were maintained on Earth in identical flight hardware. Within 38 (+/-4) hours of splashdown, mice were euthanized and ocular tissues were collected for analysis. Results:RNA sequencing detected 600 differentially expressed genes in spaceflight retina. This set of differentially expressed genes is enriched for genes related to visual perception, the phototransduction pathway, and numerous retina and photoreceptor phenotype categories. Eleven of the differentially expressed genes are associated with the disease retinitis pigmentosa, a retinal disease characterized by dystrophy of the rods and cones of the photoreceptor layer. Analysis of differentially expressed transcription factors indicate changes in chromatin structure, offering clues to the causes of the phenotypic changes observed. Additionally, immunofluorescence assays showed degradation of cone photoreceptors and increased oxidative stress in the retina. Retinal thickness, as well as thickness of the retinal pigment epithelium and choroid layers, were significantly reduced after spaceflight. Conclusions: These results indicate that retinal performance may decrease over extended periods of spaceflight and cause visual impairment.",Retinal RNA-Seq libraries of ten week old adult C57BL/6 mice were constructed (Ovation® Mouse RNA-Seq System; Nugen) and sequencing performed on  Illumina HiSeq 4000,31527661,,,258085,GPL21103,Mus musculus,GSE,Expression profiling by high throughput sequencing,2019/05/31,16,ftp://ftp.ncbi.nlm.nih.gov/geo/series/GSE131nnn/GSE131954/,"Spaceflight influences gene expression, photoreceptor integrity, and oxidative stress-related damage in the murine retina.",Scientific reports,2019 Sep 16,10.1038/s41598-019-49453-x,OSD-397|M30,Space Flight
88,GSM3832700,0.9971514940261841,GSE131954,"Spaceflight causes changes in gene expression, photoreceptor integrity, and oxidative stress-related damage in the murine retina",,,"Purpose:The purpose of this study was to determine whether the spaceflight environment induces oxidative damage on ocular structure and how gene expression profiles change during spaceflight. Methods: RNA sequencing, immunofluorescence, and microCT assays were performed on two groups of mice to assess the effects of spaceflight on the mammalian retina. Ten week old adult C57BL/6 mice was flown aboard the ISS for 35 days and returned to Earth alive. Ground control mice were maintained on Earth in identical flight hardware. Within 38 (+/-4) hours of splashdown, mice were euthanized and ocular tissues were collected for analysis. Results:RNA sequencing detected 600 differentially expressed genes in spaceflight retina. This set of differentially expressed genes is enriched for genes related to visual perception, the phototransduction pathway, and numerous retina and photoreceptor phenotype categories. Eleven of the differentially expressed genes are associated with the disease retinitis pigmentosa, a retinal disease characterized by dystrophy of the rods and cones of the photoreceptor layer. Analysis of differentially expressed transcription factors indicate changes in chromatin structure, offering clues to the causes of the phenotypic changes observed. Additionally, immunofluorescence assays showed degradation of cone photoreceptors and increased oxidative stress in the retina. Retinal thickness, as well as thickness of the retinal pigment epithelium and choroid layers, were significantly reduced after spaceflight. Conclusions: These results indicate that retinal performance may decrease over extended periods of spaceflight and cause visual impairment.",Retinal RNA-Seq libraries of ten week old adult C57BL/6 mice were constructed (Ovation® Mouse RNA-Seq System; Nugen) and sequencing performed on  Illumina HiSeq 4000,31527661,,,258082,GPL21103,Mus musculus,GSE,Expression profiling by high throughput sequencing,2019/05/31,16,ftp://ftp.ncbi.nlm.nih.gov/geo/series/GSE131nnn/GSE131954/,"Spaceflight influences gene expression, photoreceptor integrity, and oxidative stress-related damage in the murine retina.",Scientific reports,2019 Sep 16,10.1038/s41598-019-49453-x,OSD-397|M30,Space Flight
89,GSM3832698,0.9971058368682861,GSE131954,"Spaceflight causes changes in gene expression, photoreceptor integrity, and oxidative stress-related damage in the murine retina",,,"Purpose:The purpose of this study was to determine whether the spaceflight environment induces oxidative damage on ocular structure and how gene expression profiles change during spaceflight. Methods: RNA sequencing, immunofluorescence, and microCT assays were performed on two groups of mice to assess the effects of spaceflight on the mammalian retina. Ten week old adult C57BL/6 mice was flown aboard the ISS for 35 days and returned to Earth alive. Ground control mice were maintained on Earth in identical flight hardware. Within 38 (+/-4) hours of splashdown, mice were euthanized and ocular tissues were collected for analysis. Results:RNA sequencing detected 600 differentially expressed genes in spaceflight retina. This set of differentially expressed genes is enriched for genes related to visual perception, the phototransduction pathway, and numerous retina and photoreceptor phenotype categories. Eleven of the differentially expressed genes are associated with the disease retinitis pigmentosa, a retinal disease characterized by dystrophy of the rods and cones of the photoreceptor layer. Analysis of differentially expressed transcription factors indicate changes in chromatin structure, offering clues to the causes of the phenotypic changes observed. Additionally, immunofluorescence assays showed degradation of cone photoreceptors and increased oxidative stress in the retina. Retinal thickness, as well as thickness of the retinal pigment epithelium and choroid layers, were significantly reduced after spaceflight. Conclusions: These results indicate that retinal performance may decrease over extended periods of spaceflight and cause visual impairment.",Retinal RNA-Seq libraries of ten week old adult C57BL/6 mice were constructed (Ovation® Mouse RNA-Seq System; Nugen) and sequencing performed on  Illumina HiSeq 4000,31527661,,,258080,GPL21103,Mus musculus,GSE,Expression profiling by high throughput sequencing,2019/05/31,16,ftp://ftp.ncbi.nlm.nih.gov/geo/series/GSE131nnn/GSE131954/,"Spaceflight influences gene expression, photoreceptor integrity, and oxidative stress-related damage in the murine retina.",Scientific reports,2019 Sep 16,10.1038/s41598-019-49453-x,OSD-397|M30,Space Flight
90,GSM4844318,0.9953540563583374,GSE159771,Illumina NGS RNA-seq and RRBS Sequencing on Spaceflight Mouse Retina,,,"We reported the retinal transcriptome and methylome profiles of spaceflight and habitat control mice. The retinal transcrtiome was generated including 764 million paired-end 75x2 bp RNA-seq data. The methylome was generated including 788  million 75-bp RRBS DNA methylation data. We identified 177 differentially expressed genes (DEGs) induced by spaceflight based on the RNA-seq dataset, and 643 differentially methylated genes (DMGs) based on RRBS dataset. Functional enrichement analysis based on DEGs and DMGs revealed that spaceflight altered extracellular matrix component (EMC), cell to cell junction, inflammation pathway, wound-healing process, etc. Integration analysis based on transcriptome and methylome  suggested that modifications on DNA methylation were correlated with transcriptome changes for several significant biological processes and/or pathways.","This study was under the umbrella of the NASA Rodent Research-1 project consortium. In this project, 16-week-old female C57 BL/6J mice were sent to International Space Station (ISS) in NASA's animal enclosure modules (AEM) and were kept inside ISS middeck for 37 days. We used transcrptomic and methylomic approaches to investigated the spaceflight-associated neuro-ocular syndrome (SANS) using retinas from those spaceflight mice.",34179686,,,431372,GPL21626,Mus musculus,GSE,Expression profiling by high throughput sequencing; Methylation profiling by high throughput sequencing,2021/06/30,32,ftp://ftp.ncbi.nlm.nih.gov/geo/series/GSE159nnn/GSE159771/,Spaceflight decelerates the epigenetic clock orchestrated with a global alteration in DNA methylome and transcriptome in the mouse retina.,Precision clinical medicine,2021 Jun,10.1093/pcmedi/pbab012,OSD-397|M31,Ground Control
91,GSM4844311,0.994619607925415,GSE159771,Illumina NGS RNA-seq and RRBS Sequencing on Spaceflight Mouse Retina,,,"We reported the retinal transcriptome and methylome profiles of spaceflight and habitat control mice. The retinal transcrtiome was generated including 764 million paired-end 75x2 bp RNA-seq data. The methylome was generated including 788  million 75-bp RRBS DNA methylation data. We identified 177 differentially expressed genes (DEGs) induced by spaceflight based on the RNA-seq dataset, and 643 differentially methylated genes (DMGs) based on RRBS dataset. Functional enrichement analysis based on DEGs and DMGs revealed that spaceflight altered extracellular matrix component (EMC), cell to cell junction, inflammation pathway, wound-healing process, etc. Integration analysis based on transcriptome and methylome  suggested that modifications on DNA methylation were correlated with transcriptome changes for several significant biological processes and/or pathways.","This study was under the umbrella of the NASA Rodent Research-1 project consortium. In this project, 16-week-old female C57 BL/6J mice were sent to International Space Station (ISS) in NASA's animal enclosure modules (AEM) and were kept inside ISS middeck for 37 days. We used transcrptomic and methylomic approaches to investigated the spaceflight-associated neuro-ocular syndrome (SANS) using retinas from those spaceflight mice.",34179686,,,431365,GPL21626,Mus musculus,GSE,Expression profiling by high throughput sequencing; Methylation profiling by high throughput sequencing,2021/06/30,32,ftp://ftp.ncbi.nlm.nih.gov/geo/series/GSE159nnn/GSE159771/,Spaceflight decelerates the epigenetic clock orchestrated with a global alteration in DNA methylome and transcriptome in the mouse retina.,Precision clinical medicine,2021 Jun,10.1093/pcmedi/pbab012,OSD-397|M31,Ground Control
92,GSM2477837,0.9933112263679504,GSE94534,Retinal degeneration triggers the activation of YAP/TEAD in reactive Müller cells,,,"PURPOSE. During retinal degeneration, Müller glia cells respond to photoreceptor loss by undergoing reactive gliosis, with both detrimental and beneficial effects. Increasing our knowledge of the complex molecular response of Müller cells to retinal degeneration is thus essential for the development of new therapeutic strategies. The purpose of this work was to identify new factors involved in Müller cell response to photoreceptor cell death.   METHODS. Whole transcriptome sequencing was performed from wild-type and degenerating rd10 mouse retinas at P30. The changes in mRNA abundance for several deregulated genes were assessed by RT-qPCR. Protein expression level and retinal cellular localization were determined by western-blot and immunohistochemistry, respectively.  RESULTS. Pathway-level analysis from whole transcriptomic data revealed the Hippo/YAP pathway as one of the main signaling pathways altered in response to photoreceptor degeneration in rd10 retinas. We found that downstream effectors of this pathway, YAP and TEAD1, are specifically expressed in Müller cells and that their expression, at both the mRNA and protein levels, is increased in rd10 reactive Müller glia after the onset of photoreceptor degeneration. The expression of Ctgf and Cyr61, two target genes of the transcriptional YAP/TEAD complex, is also upregulated following photoreceptor loss.  CONCLUSIONS. This work reveals for the first time that YAP and TEAD1, key downstream effectors of the Hippo pathway, are specifically expressed in Müller cells. We also uncovered a deregulation of the expression and activity of Hippo/YAP pathway components in reactive Müller cells under pathological conditions.",Retinal samples were harvested from C57Bl6/J and rd10 mouse retina at postnatal days 30 for whole transcriptome sequencing (RNAseq).  Each sample included 2 frozen retina and experiments were performed in triplicate. RNA-seq transcriptome libraries were constructed from 1 ug of total RNA.,28384715,,,95971,GPL17021,Mus musculus,GSE,Expression profiling by high throughput sequencing,2017/05/29,6,ftp://ftp.ncbi.nlm.nih.gov/geo/series/GSE94nnn/GSE94534/,Retinal Degeneration Triggers the Activation of YAP/TEAD in Reactive Müller Cells.,Investigative ophthalmology & visual science,2017 Apr 1,10.1167/iovs.16-21366,OSD-397|M31,Ground Control
93,GSM2477835,0.993039608001709,GSE94534,Retinal degeneration triggers the activation of YAP/TEAD in reactive Müller cells,,,"PURPOSE. During retinal degeneration, Müller glia cells respond to photoreceptor loss by undergoing reactive gliosis, with both detrimental and beneficial effects. Increasing our knowledge of the complex molecular response of Müller cells to retinal degeneration is thus essential for the development of new therapeutic strategies. The purpose of this work was to identify new factors involved in Müller cell response to photoreceptor cell death.   METHODS. Whole transcriptome sequencing was performed from wild-type and degenerating rd10 mouse retinas at P30. The changes in mRNA abundance for several deregulated genes were assessed by RT-qPCR. Protein expression level and retinal cellular localization were determined by western-blot and immunohistochemistry, respectively.  RESULTS. Pathway-level analysis from whole transcriptomic data revealed the Hippo/YAP pathway as one of the main signaling pathways altered in response to photoreceptor degeneration in rd10 retinas. We found that downstream effectors of this pathway, YAP and TEAD1, are specifically expressed in Müller cells and that their expression, at both the mRNA and protein levels, is increased in rd10 reactive Müller glia after the onset of photoreceptor degeneration. The expression of Ctgf and Cyr61, two target genes of the transcriptional YAP/TEAD complex, is also upregulated following photoreceptor loss.  CONCLUSIONS. This work reveals for the first time that YAP and TEAD1, key downstream effectors of the Hippo pathway, are specifically expressed in Müller cells. We also uncovered a deregulation of the expression and activity of Hippo/YAP pathway components in reactive Müller cells under pathological conditions.",Retinal samples were harvested from C57Bl6/J and rd10 mouse retina at postnatal days 30 for whole transcriptome sequencing (RNAseq).  Each sample included 2 frozen retina and experiments were performed in triplicate. RNA-seq transcriptome libraries were constructed from 1 ug of total RNA.,28384715,,,95969,GPL17021,Mus musculus,GSE,Expression profiling by high throughput sequencing,2017/05/29,6,ftp://ftp.ncbi.nlm.nih.gov/geo/series/GSE94nnn/GSE94534/,Retinal Degeneration Triggers the Activation of YAP/TEAD in Reactive Müller Cells.,Investigative ophthalmology & visual science,2017 Apr 1,10.1167/iovs.16-21366,OSD-397|M31,Ground Control
94,GSM1557915,0.9926787614822388,GSE63810,Next Generation Sequencing Comparison of C57BL/6J and BC027072 -/- Eye Transcriptomes,,,We report the single base pair analysis of the ocular transcriptome from wild type and BC027072 knockout animals. Comparison was analyzed to understand gene expression changes in a mouse model for early onset retinal degeneration which phenocopies a human form of autosomal recessive retinitis pigmentosa,Eye mRNA profiles were generated from 3 week-old C57BL/6J and BC027072 -/- in triplicate and sequenced using the Illumina HiSeq 2500,25616964,,,30038,GPL17021,Mus musculus,GSE,Expression profiling by high throughput sequencing,2015/02/03,6,ftp://ftp.ncbi.nlm.nih.gov/geo/series/GSE63nnn/GSE63810/,"Animals deficient in C2Orf71, an autosomal recessive retinitis pigmentosa-associated locus, develop severe early-onset retinal degeneration.",Human molecular genetics,2015 May 1,10.1093/hmg/ddv025,OSD-397|M31,Ground Control
95,GSM2084778,0.9926086664199829,GSE79061,Synergistically acting agonists and antagonists of G protein–coupled receptors prevent photoreceptor cell degeneration,,,"Photoreceptor degeneration is the central event leading to visual impairment or blindness in most retinal diseases. However, the discovery of safe and effective therapeutic strategies conferring photoreceptor protection remains challenging. A systems pharmacology approach, synergistically targeting distinct cellular pathways could provide an effective strategy for evaluating, preventing or treating retinal dystrophies. Here this concept was investigated using a mouse model of light-induced retinal degeneration. We show that a combination of FDA-approved drugs acting on different G protein-coupled receptors in a synergistic manner could protect retinas against light-induced degeneration when each drug in the combination treatment was administered at a sub-therapeutic dose. Furthermore, transcriptome analyses demonstrated that such combined treatments also preserved patterns of retinal gene expression more characteristic of the normal retina than did single therapies at higher doses. The current study thus supports a new systems pharmacology approach that may extend to other complex neurodegenerative disorders in addition to retinal diseases.","Male and female Abca4-/-Rdh8-/- at the age of 4- to 6-weeks were used for the current study. All mice were housed and maintained in a 12 h light (≤10 lux)/12 h dark cyclic environment in the Animal Resource Center at the School of Medicine, Case Western Reserve University (CWRU). Bright light-induced retinal damage was generated by exposing Abca4-/-Rdh8-/- mice to white light delivered at 10,000 lux (150 W spiral lamp, Commercial Electric) for 30 min. All indicated treatments were administered by intraperitoneal injection 30 min prior to bright light exposure and retinas collected one day later. Single compounds and their tested doses were: 2-Bromo-α-ergocryptine methanesulfonate salt (BRM), metoprolol tartrate (MTP), tamsulosin (TAM), and doxazosin (DOX). Combined treatments were: BRM, MTP and TAM (BMT), or MTP, DOX, and BRM (MDB). Processed data files (linked as series supplementary files): DE_combined.txt; Significant differential expression results from the combined pretreatment experiment. DE_mono.txt; Significant differential expression results from the mono pretreatment experiment. eXpress_counts_combined.txt; Quantitation output from eXpress of effective counts from the combined pretreatment experiment. eXpress_counts_mono.txt; Quantitation output from eXpress of effective counts from the mono pretreatment experiment. eXpress_fpkm_combined.txt; Quantitation output from eXpress of fpkm values from the combined pretreatment experiment. eXpress_fpkm_mono.txt; Quantitation output from eXpress of fpkm values from the mono pretreatment experiment. normalized_fpkm_combined.txt; TMM normalized fpkm values from the combined pretreatment experiment. normalized_fpkm_mono.txt; TMM normalized fpkm values from the mono pretreatment experiment.",27460988,,,57544,GPL17021,Mus musculus,GSE,Expression profiling by high throughput sequencing,2016/11/15,30,ftp://ftp.ncbi.nlm.nih.gov/geo/series/GSE79nnn/GSE79061/,Synergistically acting agonists and antagonists of G protein-coupled receptors prevent photoreceptor cell degeneration.,Science signaling,2016 Jul 26,10.1126/scisignal.aag0245,OSD-397|M31,Ground Control
96,GSM2477836,0.9925732612609863,GSE94534,Retinal degeneration triggers the activation of YAP/TEAD in reactive Müller cells,,,"PURPOSE. During retinal degeneration, Müller glia cells respond to photoreceptor loss by undergoing reactive gliosis, with both detrimental and beneficial effects. Increasing our knowledge of the complex molecular response of Müller cells to retinal degeneration is thus essential for the development of new therapeutic strategies. The purpose of this work was to identify new factors involved in Müller cell response to photoreceptor cell death.   METHODS. Whole transcriptome sequencing was performed from wild-type and degenerating rd10 mouse retinas at P30. The changes in mRNA abundance for several deregulated genes were assessed by RT-qPCR. Protein expression level and retinal cellular localization were determined by western-blot and immunohistochemistry, respectively.  RESULTS. Pathway-level analysis from whole transcriptomic data revealed the Hippo/YAP pathway as one of the main signaling pathways altered in response to photoreceptor degeneration in rd10 retinas. We found that downstream effectors of this pathway, YAP and TEAD1, are specifically expressed in Müller cells and that their expression, at both the mRNA and protein levels, is increased in rd10 reactive Müller glia after the onset of photoreceptor degeneration. The expression of Ctgf and Cyr61, two target genes of the transcriptional YAP/TEAD complex, is also upregulated following photoreceptor loss.  CONCLUSIONS. This work reveals for the first time that YAP and TEAD1, key downstream effectors of the Hippo pathway, are specifically expressed in Müller cells. We also uncovered a deregulation of the expression and activity of Hippo/YAP pathway components in reactive Müller cells under pathological conditions.",Retinal samples were harvested from C57Bl6/J and rd10 mouse retina at postnatal days 30 for whole transcriptome sequencing (RNAseq).  Each sample included 2 frozen retina and experiments were performed in triplicate. RNA-seq transcriptome libraries were constructed from 1 ug of total RNA.,28384715,,,95970,GPL17021,Mus musculus,GSE,Expression profiling by high throughput sequencing,2017/05/29,6,ftp://ftp.ncbi.nlm.nih.gov/geo/series/GSE94nnn/GSE94534/,Retinal Degeneration Triggers the Activation of YAP/TEAD in Reactive Müller Cells.,Investigative ophthalmology & visual science,2017 Apr 1,10.1167/iovs.16-21366,OSD-397|M31,Ground Control
97,GSM2084786,0.9924869537353516,GSE79061,Synergistically acting agonists and antagonists of G protein–coupled receptors prevent photoreceptor cell degeneration,,,"Photoreceptor degeneration is the central event leading to visual impairment or blindness in most retinal diseases. However, the discovery of safe and effective therapeutic strategies conferring photoreceptor protection remains challenging. A systems pharmacology approach, synergistically targeting distinct cellular pathways could provide an effective strategy for evaluating, preventing or treating retinal dystrophies. Here this concept was investigated using a mouse model of light-induced retinal degeneration. We show that a combination of FDA-approved drugs acting on different G protein-coupled receptors in a synergistic manner could protect retinas against light-induced degeneration when each drug in the combination treatment was administered at a sub-therapeutic dose. Furthermore, transcriptome analyses demonstrated that such combined treatments also preserved patterns of retinal gene expression more characteristic of the normal retina than did single therapies at higher doses. The current study thus supports a new systems pharmacology approach that may extend to other complex neurodegenerative disorders in addition to retinal diseases.","Male and female Abca4-/-Rdh8-/- at the age of 4- to 6-weeks were used for the current study. All mice were housed and maintained in a 12 h light (≤10 lux)/12 h dark cyclic environment in the Animal Resource Center at the School of Medicine, Case Western Reserve University (CWRU). Bright light-induced retinal damage was generated by exposing Abca4-/-Rdh8-/- mice to white light delivered at 10,000 lux (150 W spiral lamp, Commercial Electric) for 30 min. All indicated treatments were administered by intraperitoneal injection 30 min prior to bright light exposure and retinas collected one day later. Single compounds and their tested doses were: 2-Bromo-α-ergocryptine methanesulfonate salt (BRM), metoprolol tartrate (MTP), tamsulosin (TAM), and doxazosin (DOX). Combined treatments were: BRM, MTP and TAM (BMT), or MTP, DOX, and BRM (MDB). Processed data files (linked as series supplementary files): DE_combined.txt; Significant differential expression results from the combined pretreatment experiment. DE_mono.txt; Significant differential expression results from the mono pretreatment experiment. eXpress_counts_combined.txt; Quantitation output from eXpress of effective counts from the combined pretreatment experiment. eXpress_counts_mono.txt; Quantitation output from eXpress of effective counts from the mono pretreatment experiment. eXpress_fpkm_combined.txt; Quantitation output from eXpress of fpkm values from the combined pretreatment experiment. eXpress_fpkm_mono.txt; Quantitation output from eXpress of fpkm values from the mono pretreatment experiment. normalized_fpkm_combined.txt; TMM normalized fpkm values from the combined pretreatment experiment. normalized_fpkm_mono.txt; TMM normalized fpkm values from the mono pretreatment experiment.",27460988,,,57552,GPL17021,Mus musculus,GSE,Expression profiling by high throughput sequencing,2016/11/15,30,ftp://ftp.ncbi.nlm.nih.gov/geo/series/GSE79nnn/GSE79061/,Synergistically acting agonists and antagonists of G protein-coupled receptors prevent photoreceptor cell degeneration.,Science signaling,2016 Jul 26,10.1126/scisignal.aag0245,OSD-397|M31,Ground Control
98,GSM4844321,0.9922319650650024,GSE159771,Illumina NGS RNA-seq and RRBS Sequencing on Spaceflight Mouse Retina,,,"We reported the retinal transcriptome and methylome profiles of spaceflight and habitat control mice. The retinal transcrtiome was generated including 764 million paired-end 75x2 bp RNA-seq data. The methylome was generated including 788  million 75-bp RRBS DNA methylation data. We identified 177 differentially expressed genes (DEGs) induced by spaceflight based on the RNA-seq dataset, and 643 differentially methylated genes (DMGs) based on RRBS dataset. Functional enrichement analysis based on DEGs and DMGs revealed that spaceflight altered extracellular matrix component (EMC), cell to cell junction, inflammation pathway, wound-healing process, etc. Integration analysis based on transcriptome and methylome  suggested that modifications on DNA methylation were correlated with transcriptome changes for several significant biological processes and/or pathways.","This study was under the umbrella of the NASA Rodent Research-1 project consortium. In this project, 16-week-old female C57 BL/6J mice were sent to International Space Station (ISS) in NASA's animal enclosure modules (AEM) and were kept inside ISS middeck for 37 days. We used transcrptomic and methylomic approaches to investigated the spaceflight-associated neuro-ocular syndrome (SANS) using retinas from those spaceflight mice.",34179686,,,431375,GPL21626,Mus musculus,GSE,Expression profiling by high throughput sequencing; Methylation profiling by high throughput sequencing,2021/06/30,32,ftp://ftp.ncbi.nlm.nih.gov/geo/series/GSE159nnn/GSE159771/,Spaceflight decelerates the epigenetic clock orchestrated with a global alteration in DNA methylome and transcriptome in the mouse retina.,Precision clinical medicine,2021 Jun,10.1093/pcmedi/pbab012,OSD-397|M31,Ground Control
99,GSM2084765,0.9921901226043701,GSE79061,Synergistically acting agonists and antagonists of G protein–coupled receptors prevent photoreceptor cell degeneration,,,"Photoreceptor degeneration is the central event leading to visual impairment or blindness in most retinal diseases. However, the discovery of safe and effective therapeutic strategies conferring photoreceptor protection remains challenging. A systems pharmacology approach, synergistically targeting distinct cellular pathways could provide an effective strategy for evaluating, preventing or treating retinal dystrophies. Here this concept was investigated using a mouse model of light-induced retinal degeneration. We show that a combination of FDA-approved drugs acting on different G protein-coupled receptors in a synergistic manner could protect retinas against light-induced degeneration when each drug in the combination treatment was administered at a sub-therapeutic dose. Furthermore, transcriptome analyses demonstrated that such combined treatments also preserved patterns of retinal gene expression more characteristic of the normal retina than did single therapies at higher doses. The current study thus supports a new systems pharmacology approach that may extend to other complex neurodegenerative disorders in addition to retinal diseases.","Male and female Abca4-/-Rdh8-/- at the age of 4- to 6-weeks were used for the current study. All mice were housed and maintained in a 12 h light (≤10 lux)/12 h dark cyclic environment in the Animal Resource Center at the School of Medicine, Case Western Reserve University (CWRU). Bright light-induced retinal damage was generated by exposing Abca4-/-Rdh8-/- mice to white light delivered at 10,000 lux (150 W spiral lamp, Commercial Electric) for 30 min. All indicated treatments were administered by intraperitoneal injection 30 min prior to bright light exposure and retinas collected one day later. Single compounds and their tested doses were: 2-Bromo-α-ergocryptine methanesulfonate salt (BRM), metoprolol tartrate (MTP), tamsulosin (TAM), and doxazosin (DOX). Combined treatments were: BRM, MTP and TAM (BMT), or MTP, DOX, and BRM (MDB). Processed data files (linked as series supplementary files): DE_combined.txt; Significant differential expression results from the combined pretreatment experiment. DE_mono.txt; Significant differential expression results from the mono pretreatment experiment. eXpress_counts_combined.txt; Quantitation output from eXpress of effective counts from the combined pretreatment experiment. eXpress_counts_mono.txt; Quantitation output from eXpress of effective counts from the mono pretreatment experiment. eXpress_fpkm_combined.txt; Quantitation output from eXpress of fpkm values from the combined pretreatment experiment. eXpress_fpkm_mono.txt; Quantitation output from eXpress of fpkm values from the mono pretreatment experiment. normalized_fpkm_combined.txt; TMM normalized fpkm values from the combined pretreatment experiment. normalized_fpkm_mono.txt; TMM normalized fpkm values from the mono pretreatment experiment.",27460988,,,57531,GPL17021,Mus musculus,GSE,Expression profiling by high throughput sequencing,2016/11/15,30,ftp://ftp.ncbi.nlm.nih.gov/geo/series/GSE79nnn/GSE79061/,Synergistically acting agonists and antagonists of G protein-coupled receptors prevent photoreceptor cell degeneration.,Science signaling,2016 Jul 26,10.1126/scisignal.aag0245,OSD-397|M31,Ground Control
100,GSM3832708,0.9977824687957764,GSE131954,"Spaceflight causes changes in gene expression, photoreceptor integrity, and oxidative stress-related damage in the murine retina",,,"Purpose:The purpose of this study was to determine whether the spaceflight environment induces oxidative damage on ocular structure and how gene expression profiles change during spaceflight. Methods: RNA sequencing, immunofluorescence, and microCT assays were performed on two groups of mice to assess the effects of spaceflight on the mammalian retina. Ten week old adult C57BL/6 mice was flown aboard the ISS for 35 days and returned to Earth alive. Ground control mice were maintained on Earth in identical flight hardware. Within 38 (+/-4) hours of splashdown, mice were euthanized and ocular tissues were collected for analysis. Results:RNA sequencing detected 600 differentially expressed genes in spaceflight retina. This set of differentially expressed genes is enriched for genes related to visual perception, the phototransduction pathway, and numerous retina and photoreceptor phenotype categories. Eleven of the differentially expressed genes are associated with the disease retinitis pigmentosa, a retinal disease characterized by dystrophy of the rods and cones of the photoreceptor layer. Analysis of differentially expressed transcription factors indicate changes in chromatin structure, offering clues to the causes of the phenotypic changes observed. Additionally, immunofluorescence assays showed degradation of cone photoreceptors and increased oxidative stress in the retina. Retinal thickness, as well as thickness of the retinal pigment epithelium and choroid layers, were significantly reduced after spaceflight. Conclusions: These results indicate that retinal performance may decrease over extended periods of spaceflight and cause visual impairment.",Retinal RNA-Seq libraries of ten week old adult C57BL/6 mice were constructed (Ovation® Mouse RNA-Seq System; Nugen) and sequencing performed on  Illumina HiSeq 4000,31527661,,,258090,GPL21103,Mus musculus,GSE,Expression profiling by high throughput sequencing,2019/05/31,16,ftp://ftp.ncbi.nlm.nih.gov/geo/series/GSE131nnn/GSE131954/,"Spaceflight influences gene expression, photoreceptor integrity, and oxidative stress-related damage in the murine retina.",Scientific reports,2019 Sep 16,10.1038/s41598-019-49453-x,OSD-397|M32,Ground Control
101,GSM3832706,0.9971370697021484,GSE131954,"Spaceflight causes changes in gene expression, photoreceptor integrity, and oxidative stress-related damage in the murine retina",,,"Purpose:The purpose of this study was to determine whether the spaceflight environment induces oxidative damage on ocular structure and how gene expression profiles change during spaceflight. Methods: RNA sequencing, immunofluorescence, and microCT assays were performed on two groups of mice to assess the effects of spaceflight on the mammalian retina. Ten week old adult C57BL/6 mice was flown aboard the ISS for 35 days and returned to Earth alive. Ground control mice were maintained on Earth in identical flight hardware. Within 38 (+/-4) hours of splashdown, mice were euthanized and ocular tissues were collected for analysis. Results:RNA sequencing detected 600 differentially expressed genes in spaceflight retina. This set of differentially expressed genes is enriched for genes related to visual perception, the phototransduction pathway, and numerous retina and photoreceptor phenotype categories. Eleven of the differentially expressed genes are associated with the disease retinitis pigmentosa, a retinal disease characterized by dystrophy of the rods and cones of the photoreceptor layer. Analysis of differentially expressed transcription factors indicate changes in chromatin structure, offering clues to the causes of the phenotypic changes observed. Additionally, immunofluorescence assays showed degradation of cone photoreceptors and increased oxidative stress in the retina. Retinal thickness, as well as thickness of the retinal pigment epithelium and choroid layers, were significantly reduced after spaceflight. Conclusions: These results indicate that retinal performance may decrease over extended periods of spaceflight and cause visual impairment.",Retinal RNA-Seq libraries of ten week old adult C57BL/6 mice were constructed (Ovation® Mouse RNA-Seq System; Nugen) and sequencing performed on  Illumina HiSeq 4000,31527661,,,258088,GPL21103,Mus musculus,GSE,Expression profiling by high throughput sequencing,2019/05/31,16,ftp://ftp.ncbi.nlm.nih.gov/geo/series/GSE131nnn/GSE131954/,"Spaceflight influences gene expression, photoreceptor integrity, and oxidative stress-related damage in the murine retina.",Scientific reports,2019 Sep 16,10.1038/s41598-019-49453-x,OSD-397|M32,Ground Control
102,GSM5191728,0.9970135688781738,GSE169262,Identification of a modular super-enhancer in murine retinal development,,,"Single cell RNA-sequencing shows cell type specific expression of genes in the retina. Single cell ATAC-sequencing of the wild type retina at multiple stages revealed that chromatin in the Vsx2 CRC SE, a stage- and cell type-specific core regulatory circuit super-enhancer (CRC-SE) upstream of the Vsx2 gene, was only open in bipolar cells in Region3 in adult retina. Chromatin in Region0 was open in retinal progenitor cells in E14.5 retina.","Single cell RNA sequencing, single cell ATAC sequencing, bulk RNA sequencing,  and ChIP sequening from WT and VSX2SE Region deletion mice retina at E14.5 and adult stages",35017532,,,476944,GPL24247; GPL17021,Mus musculus,GSE,Expression profiling by high throughput sequencing; Genome binding/occupancy profiling by high throughput sequencing,2021/11/16,43,ftp://ftp.ncbi.nlm.nih.gov/geo/series/GSE169nnn/GSE169262/,Identification of a modular super-enhancer in murine retinal development.,Nature communications,2022 Jan 11,10.1038/s41467-021-27924-y,OSD-397|M32,Ground Control
103,GSM7985998,0.9966036677360535,GSE251685,Uveitic glaucoma-like features in Yap conditional knockout mice,,,"Glaucoma is a multifactorial neurodegenerative disease characterized by the progressive and irreversible degeneration of the optic nerve and retinal ganglion cells. Despite medical advances aiming at slowing degeneration down, around 40% of treated glaucomatous patients will undergo vision loss. It is thus of utmost importance to have a better understanding of the disease and to investigate more deeply its early causes. The transcriptional coactivator YAP, an important regulator of eye homeostasis, has recently drawn attention in the glaucoma research field. Here we show that Yap conditional knockout mice (Yap cKO), in which the deletion of Yap is induced in both Müller glia (i.e. the only retinal YAP-expressing cells) and the non-pigmented epithelial cells of the ciliary body, exhibit a breakdown of the aqueous-blood barrier, accompanied by a progressive collapse of the ciliary body. A similar phenotype is observed in human samples that we obtained from patients presenting with uveitis. In addition, aged Yap cKO mice harbor glaucoma-like features, including deregulation of key homeostatic Müller-derived proteins, retinal vascular defects, optic nerve degeneration and retinal ganglion cell death. Finally, transcriptomic analysis of Yap cKO retinas pointed to early-deregulated genes involved in extracellular matrix organization potentially underlying the onset and/or progression of the observed phenotype. Together, our findings reveal the essential role of YAP in preserving the integrity of the ciliary body and retinal ganglion cells, thereby preventing the onset of uveitic glaucoma-like features.",Comparative gene expression analysis of three mouse retinas dissected either from Yapfl/fl wild-type eyes or from Yapfl/fl;RaxCreERT2  to unravel the molecular signature that could explain the uveitic glauoma-like phenotype of Yap cKO mice.,38272861,,,836618,GPL19057,Mus musculus,GSE,Expression profiling by high throughput sequencing,2024/01/01,6,ftp://ftp.ncbi.nlm.nih.gov/geo/series/GSE251nnn/GSE251685/,Uveitic glaucoma-like features in Yap conditional knockout mice.,Cell death discovery,2024 Jan 25,10.1038/s41420-023-01791-6,OSD-397|M32,Ground Control
104,GSM7985999,0.9965773820877075,GSE251685,Uveitic glaucoma-like features in Yap conditional knockout mice,,,"Glaucoma is a multifactorial neurodegenerative disease characterized by the progressive and irreversible degeneration of the optic nerve and retinal ganglion cells. Despite medical advances aiming at slowing degeneration down, around 40% of treated glaucomatous patients will undergo vision loss. It is thus of utmost importance to have a better understanding of the disease and to investigate more deeply its early causes. The transcriptional coactivator YAP, an important regulator of eye homeostasis, has recently drawn attention in the glaucoma research field. Here we show that Yap conditional knockout mice (Yap cKO), in which the deletion of Yap is induced in both Müller glia (i.e. the only retinal YAP-expressing cells) and the non-pigmented epithelial cells of the ciliary body, exhibit a breakdown of the aqueous-blood barrier, accompanied by a progressive collapse of the ciliary body. A similar phenotype is observed in human samples that we obtained from patients presenting with uveitis. In addition, aged Yap cKO mice harbor glaucoma-like features, including deregulation of key homeostatic Müller-derived proteins, retinal vascular defects, optic nerve degeneration and retinal ganglion cell death. Finally, transcriptomic analysis of Yap cKO retinas pointed to early-deregulated genes involved in extracellular matrix organization potentially underlying the onset and/or progression of the observed phenotype. Together, our findings reveal the essential role of YAP in preserving the integrity of the ciliary body and retinal ganglion cells, thereby preventing the onset of uveitic glaucoma-like features.",Comparative gene expression analysis of three mouse retinas dissected either from Yapfl/fl wild-type eyes or from Yapfl/fl;RaxCreERT2  to unravel the molecular signature that could explain the uveitic glauoma-like phenotype of Yap cKO mice.,38272861,,,836619,GPL19057,Mus musculus,GSE,Expression profiling by high throughput sequencing,2024/01/01,6,ftp://ftp.ncbi.nlm.nih.gov/geo/series/GSE251nnn/GSE251685/,Uveitic glaucoma-like features in Yap conditional knockout mice.,Cell death discovery,2024 Jan 25,10.1038/s41420-023-01791-6,OSD-397|M32,Ground Control
105,GSM4027495,0.9965288043022156,GSE135752,Tamoxifen induction of Cre recombinase does not cause long lasting or sexually divergent responses in the CNS epigenome or transcriptome: implications for the design of aging studies (RNA-Seq).,,,"The systemic delivery of tamoxifen (Tam) to activate inducible CreERT2-loxP transgenic mouse systems is now widely used in neuroscience studies. This critical technological advancement allows temporal control of DNA-cre recombination, avoidance of embryonically lethal phenotypes, and minimization of residual cell labeling encountered in constitutively active drivers. Despite its advantages, the use of Tam has the potential to cause long-lasting, uncharacterized side effects on the transcriptome and epigenome in the CNS, given its mixed estrogen receptor (ER) agonist/antagonist actions. With the welcome focus on including both sexes in biomedical studies and efforts to understand sex differences, Tam administration could also cause sexually divergent responses that would confound studies. To examine these issues, epigenetic and transcriptomic profiles were compared in C57BL/6J female and male hippocampus, cortex, and retina 1 month after a five- day Tam treatment typical for cre induction, or vehicle control (sunflower seed oil). Cytosine methylation and hydroxymethylation levels, in both CG and non-CG contexts, were unchanged as determined by oxidative bisulfite sequencing. Long-lasting Tam transcriptomic effects were also not evident/minimal. Furthermore, there is no evidence of sexually divergent responses with Tam administration and Tam did not alter sex differences evident in controls. Combined with recently reported data that Tam alone does not cause long-lasting changes in behavior and neurogenesis, our findings provide confidence that Tam can be used as a cre-recombinase inducer without introducing significant confounds in transcriptomic and epigenomic neuroscience studies, particularly those focused on genomic and transcriptomic aspects of the aging brain.","Examination of the effect of tamoxifen administration on RNA Expression in the retina, cortex, and hippocampus of mouse by RNA-Seq",31493147;35589920,,,279522,GPL17021; GPL19057,Mus musculus,GSE,Expression profiling by high throughput sequencing,2019/08/13,45,ftp://ftp.ncbi.nlm.nih.gov/geo/series/GSE135nnn/GSE135752/,Tamoxifen induction of Cre recombinase does not cause long-lasting or sexually divergent responses in the CNS epigenome or transcriptome: implications for the design of aging studies.,GeroScience,2019 Oct,10.1007/s11357-019-00090-2,OSD-397|M32,Ground Control
106,GSM4027491,0.9964563846588135,GSE135752,Tamoxifen induction of Cre recombinase does not cause long lasting or sexually divergent responses in the CNS epigenome or transcriptome: implications for the design of aging studies (RNA-Seq).,,,"The systemic delivery of tamoxifen (Tam) to activate inducible CreERT2-loxP transgenic mouse systems is now widely used in neuroscience studies. This critical technological advancement allows temporal control of DNA-cre recombination, avoidance of embryonically lethal phenotypes, and minimization of residual cell labeling encountered in constitutively active drivers. Despite its advantages, the use of Tam has the potential to cause long-lasting, uncharacterized side effects on the transcriptome and epigenome in the CNS, given its mixed estrogen receptor (ER) agonist/antagonist actions. With the welcome focus on including both sexes in biomedical studies and efforts to understand sex differences, Tam administration could also cause sexually divergent responses that would confound studies. To examine these issues, epigenetic and transcriptomic profiles were compared in C57BL/6J female and male hippocampus, cortex, and retina 1 month after a five- day Tam treatment typical for cre induction, or vehicle control (sunflower seed oil). Cytosine methylation and hydroxymethylation levels, in both CG and non-CG contexts, were unchanged as determined by oxidative bisulfite sequencing. Long-lasting Tam transcriptomic effects were also not evident/minimal. Furthermore, there is no evidence of sexually divergent responses with Tam administration and Tam did not alter sex differences evident in controls. Combined with recently reported data that Tam alone does not cause long-lasting changes in behavior and neurogenesis, our findings provide confidence that Tam can be used as a cre-recombinase inducer without introducing significant confounds in transcriptomic and epigenomic neuroscience studies, particularly those focused on genomic and transcriptomic aspects of the aging brain.","Examination of the effect of tamoxifen administration on RNA Expression in the retina, cortex, and hippocampus of mouse by RNA-Seq",31493147;35589920,,,279518,GPL17021; GPL19057,Mus musculus,GSE,Expression profiling by high throughput sequencing,2019/08/13,45,ftp://ftp.ncbi.nlm.nih.gov/geo/series/GSE135nnn/GSE135752/,Tamoxifen induction of Cre recombinase does not cause long-lasting or sexually divergent responses in the CNS epigenome or transcriptome: implications for the design of aging studies.,GeroScience,2019 Oct,10.1007/s11357-019-00090-2,OSD-397|M32,Ground Control
107,GSM7985996,0.9964230060577393,GSE251685,Uveitic glaucoma-like features in Yap conditional knockout mice,,,"Glaucoma is a multifactorial neurodegenerative disease characterized by the progressive and irreversible degeneration of the optic nerve and retinal ganglion cells. Despite medical advances aiming at slowing degeneration down, around 40% of treated glaucomatous patients will undergo vision loss. It is thus of utmost importance to have a better understanding of the disease and to investigate more deeply its early causes. The transcriptional coactivator YAP, an important regulator of eye homeostasis, has recently drawn attention in the glaucoma research field. Here we show that Yap conditional knockout mice (Yap cKO), in which the deletion of Yap is induced in both Müller glia (i.e. the only retinal YAP-expressing cells) and the non-pigmented epithelial cells of the ciliary body, exhibit a breakdown of the aqueous-blood barrier, accompanied by a progressive collapse of the ciliary body. A similar phenotype is observed in human samples that we obtained from patients presenting with uveitis. In addition, aged Yap cKO mice harbor glaucoma-like features, including deregulation of key homeostatic Müller-derived proteins, retinal vascular defects, optic nerve degeneration and retinal ganglion cell death. Finally, transcriptomic analysis of Yap cKO retinas pointed to early-deregulated genes involved in extracellular matrix organization potentially underlying the onset and/or progression of the observed phenotype. Together, our findings reveal the essential role of YAP in preserving the integrity of the ciliary body and retinal ganglion cells, thereby preventing the onset of uveitic glaucoma-like features.",Comparative gene expression analysis of three mouse retinas dissected either from Yapfl/fl wild-type eyes or from Yapfl/fl;RaxCreERT2  to unravel the molecular signature that could explain the uveitic glauoma-like phenotype of Yap cKO mice.,38272861,,,836616,GPL19057,Mus musculus,GSE,Expression profiling by high throughput sequencing,2024/01/01,6,ftp://ftp.ncbi.nlm.nih.gov/geo/series/GSE251nnn/GSE251685/,Uveitic glaucoma-like features in Yap conditional knockout mice.,Cell death discovery,2024 Jan 25,10.1038/s41420-023-01791-6,OSD-397|M32,Ground Control
108,GSM4027499,0.9963420629501343,GSE135752,Tamoxifen induction of Cre recombinase does not cause long lasting or sexually divergent responses in the CNS epigenome or transcriptome: implications for the design of aging studies (RNA-Seq).,,,"The systemic delivery of tamoxifen (Tam) to activate inducible CreERT2-loxP transgenic mouse systems is now widely used in neuroscience studies. This critical technological advancement allows temporal control of DNA-cre recombination, avoidance of embryonically lethal phenotypes, and minimization of residual cell labeling encountered in constitutively active drivers. Despite its advantages, the use of Tam has the potential to cause long-lasting, uncharacterized side effects on the transcriptome and epigenome in the CNS, given its mixed estrogen receptor (ER) agonist/antagonist actions. With the welcome focus on including both sexes in biomedical studies and efforts to understand sex differences, Tam administration could also cause sexually divergent responses that would confound studies. To examine these issues, epigenetic and transcriptomic profiles were compared in C57BL/6J female and male hippocampus, cortex, and retina 1 month after a five- day Tam treatment typical for cre induction, or vehicle control (sunflower seed oil). Cytosine methylation and hydroxymethylation levels, in both CG and non-CG contexts, were unchanged as determined by oxidative bisulfite sequencing. Long-lasting Tam transcriptomic effects were also not evident/minimal. Furthermore, there is no evidence of sexually divergent responses with Tam administration and Tam did not alter sex differences evident in controls. Combined with recently reported data that Tam alone does not cause long-lasting changes in behavior and neurogenesis, our findings provide confidence that Tam can be used as a cre-recombinase inducer without introducing significant confounds in transcriptomic and epigenomic neuroscience studies, particularly those focused on genomic and transcriptomic aspects of the aging brain.","Examination of the effect of tamoxifen administration on RNA Expression in the retina, cortex, and hippocampus of mouse by RNA-Seq",31493147;35589920,,,279526,GPL17021; GPL19057,Mus musculus,GSE,Expression profiling by high throughput sequencing,2019/08/13,45,ftp://ftp.ncbi.nlm.nih.gov/geo/series/GSE135nnn/GSE135752/,Tamoxifen induction of Cre recombinase does not cause long-lasting or sexually divergent responses in the CNS epigenome or transcriptome: implications for the design of aging studies.,GeroScience,2019 Oct,10.1007/s11357-019-00090-2,OSD-397|M32,Ground Control
109,GSM4027498,0.996322751045227,GSE135752,Tamoxifen induction of Cre recombinase does not cause long lasting or sexually divergent responses in the CNS epigenome or transcriptome: implications for the design of aging studies (RNA-Seq).,,,"The systemic delivery of tamoxifen (Tam) to activate inducible CreERT2-loxP transgenic mouse systems is now widely used in neuroscience studies. This critical technological advancement allows temporal control of DNA-cre recombination, avoidance of embryonically lethal phenotypes, and minimization of residual cell labeling encountered in constitutively active drivers. Despite its advantages, the use of Tam has the potential to cause long-lasting, uncharacterized side effects on the transcriptome and epigenome in the CNS, given its mixed estrogen receptor (ER) agonist/antagonist actions. With the welcome focus on including both sexes in biomedical studies and efforts to understand sex differences, Tam administration could also cause sexually divergent responses that would confound studies. To examine these issues, epigenetic and transcriptomic profiles were compared in C57BL/6J female and male hippocampus, cortex, and retina 1 month after a five- day Tam treatment typical for cre induction, or vehicle control (sunflower seed oil). Cytosine methylation and hydroxymethylation levels, in both CG and non-CG contexts, were unchanged as determined by oxidative bisulfite sequencing. Long-lasting Tam transcriptomic effects were also not evident/minimal. Furthermore, there is no evidence of sexually divergent responses with Tam administration and Tam did not alter sex differences evident in controls. Combined with recently reported data that Tam alone does not cause long-lasting changes in behavior and neurogenesis, our findings provide confidence that Tam can be used as a cre-recombinase inducer without introducing significant confounds in transcriptomic and epigenomic neuroscience studies, particularly those focused on genomic and transcriptomic aspects of the aging brain.","Examination of the effect of tamoxifen administration on RNA Expression in the retina, cortex, and hippocampus of mouse by RNA-Seq",31493147;35589920,,,279525,GPL17021; GPL19057,Mus musculus,GSE,Expression profiling by high throughput sequencing,2019/08/13,45,ftp://ftp.ncbi.nlm.nih.gov/geo/series/GSE135nnn/GSE135752/,Tamoxifen induction of Cre recombinase does not cause long-lasting or sexually divergent responses in the CNS epigenome or transcriptome: implications for the design of aging studies.,GeroScience,2019 Oct,10.1007/s11357-019-00090-2,OSD-397|M32,Ground Control
110,GSM3832706,0.9974216222763062,GSE131954,"Spaceflight causes changes in gene expression, photoreceptor integrity, and oxidative stress-related damage in the murine retina",,,"Purpose:The purpose of this study was to determine whether the spaceflight environment induces oxidative damage on ocular structure and how gene expression profiles change during spaceflight. Methods: RNA sequencing, immunofluorescence, and microCT assays were performed on two groups of mice to assess the effects of spaceflight on the mammalian retina. Ten week old adult C57BL/6 mice was flown aboard the ISS for 35 days and returned to Earth alive. Ground control mice were maintained on Earth in identical flight hardware. Within 38 (+/-4) hours of splashdown, mice were euthanized and ocular tissues were collected for analysis. Results:RNA sequencing detected 600 differentially expressed genes in spaceflight retina. This set of differentially expressed genes is enriched for genes related to visual perception, the phototransduction pathway, and numerous retina and photoreceptor phenotype categories. Eleven of the differentially expressed genes are associated with the disease retinitis pigmentosa, a retinal disease characterized by dystrophy of the rods and cones of the photoreceptor layer. Analysis of differentially expressed transcription factors indicate changes in chromatin structure, offering clues to the causes of the phenotypic changes observed. Additionally, immunofluorescence assays showed degradation of cone photoreceptors and increased oxidative stress in the retina. Retinal thickness, as well as thickness of the retinal pigment epithelium and choroid layers, were significantly reduced after spaceflight. Conclusions: These results indicate that retinal performance may decrease over extended periods of spaceflight and cause visual impairment.",Retinal RNA-Seq libraries of ten week old adult C57BL/6 mice were constructed (Ovation® Mouse RNA-Seq System; Nugen) and sequencing performed on  Illumina HiSeq 4000,31527661,,,258088,GPL21103,Mus musculus,GSE,Expression profiling by high throughput sequencing,2019/05/31,16,ftp://ftp.ncbi.nlm.nih.gov/geo/series/GSE131nnn/GSE131954/,"Spaceflight influences gene expression, photoreceptor integrity, and oxidative stress-related damage in the murine retina.",Scientific reports,2019 Sep 16,10.1038/s41598-019-49453-x,OSD-397|M33,Ground Control
111,GSM3832708,0.9972820281982422,GSE131954,"Spaceflight causes changes in gene expression, photoreceptor integrity, and oxidative stress-related damage in the murine retina",,,"Purpose:The purpose of this study was to determine whether the spaceflight environment induces oxidative damage on ocular structure and how gene expression profiles change during spaceflight. Methods: RNA sequencing, immunofluorescence, and microCT assays were performed on two groups of mice to assess the effects of spaceflight on the mammalian retina. Ten week old adult C57BL/6 mice was flown aboard the ISS for 35 days and returned to Earth alive. Ground control mice were maintained on Earth in identical flight hardware. Within 38 (+/-4) hours of splashdown, mice were euthanized and ocular tissues were collected for analysis. Results:RNA sequencing detected 600 differentially expressed genes in spaceflight retina. This set of differentially expressed genes is enriched for genes related to visual perception, the phototransduction pathway, and numerous retina and photoreceptor phenotype categories. Eleven of the differentially expressed genes are associated with the disease retinitis pigmentosa, a retinal disease characterized by dystrophy of the rods and cones of the photoreceptor layer. Analysis of differentially expressed transcription factors indicate changes in chromatin structure, offering clues to the causes of the phenotypic changes observed. Additionally, immunofluorescence assays showed degradation of cone photoreceptors and increased oxidative stress in the retina. Retinal thickness, as well as thickness of the retinal pigment epithelium and choroid layers, were significantly reduced after spaceflight. Conclusions: These results indicate that retinal performance may decrease over extended periods of spaceflight and cause visual impairment.",Retinal RNA-Seq libraries of ten week old adult C57BL/6 mice were constructed (Ovation® Mouse RNA-Seq System; Nugen) and sequencing performed on  Illumina HiSeq 4000,31527661,,,258090,GPL21103,Mus musculus,GSE,Expression profiling by high throughput sequencing,2019/05/31,16,ftp://ftp.ncbi.nlm.nih.gov/geo/series/GSE131nnn/GSE131954/,"Spaceflight influences gene expression, photoreceptor integrity, and oxidative stress-related damage in the murine retina.",Scientific reports,2019 Sep 16,10.1038/s41598-019-49453-x,OSD-397|M33,Ground Control
112,GSM3832699,0.996505081653595,GSE131954,"Spaceflight causes changes in gene expression, photoreceptor integrity, and oxidative stress-related damage in the murine retina",,,"Purpose:The purpose of this study was to determine whether the spaceflight environment induces oxidative damage on ocular structure and how gene expression profiles change during spaceflight. Methods: RNA sequencing, immunofluorescence, and microCT assays were performed on two groups of mice to assess the effects of spaceflight on the mammalian retina. Ten week old adult C57BL/6 mice was flown aboard the ISS for 35 days and returned to Earth alive. Ground control mice were maintained on Earth in identical flight hardware. Within 38 (+/-4) hours of splashdown, mice were euthanized and ocular tissues were collected for analysis. Results:RNA sequencing detected 600 differentially expressed genes in spaceflight retina. This set of differentially expressed genes is enriched for genes related to visual perception, the phototransduction pathway, and numerous retina and photoreceptor phenotype categories. Eleven of the differentially expressed genes are associated with the disease retinitis pigmentosa, a retinal disease characterized by dystrophy of the rods and cones of the photoreceptor layer. Analysis of differentially expressed transcription factors indicate changes in chromatin structure, offering clues to the causes of the phenotypic changes observed. Additionally, immunofluorescence assays showed degradation of cone photoreceptors and increased oxidative stress in the retina. Retinal thickness, as well as thickness of the retinal pigment epithelium and choroid layers, were significantly reduced after spaceflight. Conclusions: These results indicate that retinal performance may decrease over extended periods of spaceflight and cause visual impairment.",Retinal RNA-Seq libraries of ten week old adult C57BL/6 mice were constructed (Ovation® Mouse RNA-Seq System; Nugen) and sequencing performed on  Illumina HiSeq 4000,31527661,,,258081,GPL21103,Mus musculus,GSE,Expression profiling by high throughput sequencing,2019/05/31,16,ftp://ftp.ncbi.nlm.nih.gov/geo/series/GSE131nnn/GSE131954/,"Spaceflight influences gene expression, photoreceptor integrity, and oxidative stress-related damage in the murine retina.",Scientific reports,2019 Sep 16,10.1038/s41598-019-49453-x,OSD-397|M33,Ground Control
113,GSM3832694,0.9964413642883301,GSE131954,"Spaceflight causes changes in gene expression, photoreceptor integrity, and oxidative stress-related damage in the murine retina",,,"Purpose:The purpose of this study was to determine whether the spaceflight environment induces oxidative damage on ocular structure and how gene expression profiles change during spaceflight. Methods: RNA sequencing, immunofluorescence, and microCT assays were performed on two groups of mice to assess the effects of spaceflight on the mammalian retina. Ten week old adult C57BL/6 mice was flown aboard the ISS for 35 days and returned to Earth alive. Ground control mice were maintained on Earth in identical flight hardware. Within 38 (+/-4) hours of splashdown, mice were euthanized and ocular tissues were collected for analysis. Results:RNA sequencing detected 600 differentially expressed genes in spaceflight retina. This set of differentially expressed genes is enriched for genes related to visual perception, the phototransduction pathway, and numerous retina and photoreceptor phenotype categories. Eleven of the differentially expressed genes are associated with the disease retinitis pigmentosa, a retinal disease characterized by dystrophy of the rods and cones of the photoreceptor layer. Analysis of differentially expressed transcription factors indicate changes in chromatin structure, offering clues to the causes of the phenotypic changes observed. Additionally, immunofluorescence assays showed degradation of cone photoreceptors and increased oxidative stress in the retina. Retinal thickness, as well as thickness of the retinal pigment epithelium and choroid layers, were significantly reduced after spaceflight. Conclusions: These results indicate that retinal performance may decrease over extended periods of spaceflight and cause visual impairment.",Retinal RNA-Seq libraries of ten week old adult C57BL/6 mice were constructed (Ovation® Mouse RNA-Seq System; Nugen) and sequencing performed on  Illumina HiSeq 4000,31527661,,,258076,GPL21103,Mus musculus,GSE,Expression profiling by high throughput sequencing,2019/05/31,16,ftp://ftp.ncbi.nlm.nih.gov/geo/series/GSE131nnn/GSE131954/,"Spaceflight influences gene expression, photoreceptor integrity, and oxidative stress-related damage in the murine retina.",Scientific reports,2019 Sep 16,10.1038/s41598-019-49453-x,OSD-397|M33,Ground Control
114,GSM3832695,0.9963912963867188,GSE131954,"Spaceflight causes changes in gene expression, photoreceptor integrity, and oxidative stress-related damage in the murine retina",,,"Purpose:The purpose of this study was to determine whether the spaceflight environment induces oxidative damage on ocular structure and how gene expression profiles change during spaceflight. Methods: RNA sequencing, immunofluorescence, and microCT assays were performed on two groups of mice to assess the effects of spaceflight on the mammalian retina. Ten week old adult C57BL/6 mice was flown aboard the ISS for 35 days and returned to Earth alive. Ground control mice were maintained on Earth in identical flight hardware. Within 38 (+/-4) hours of splashdown, mice were euthanized and ocular tissues were collected for analysis. Results:RNA sequencing detected 600 differentially expressed genes in spaceflight retina. This set of differentially expressed genes is enriched for genes related to visual perception, the phototransduction pathway, and numerous retina and photoreceptor phenotype categories. Eleven of the differentially expressed genes are associated with the disease retinitis pigmentosa, a retinal disease characterized by dystrophy of the rods and cones of the photoreceptor layer. Analysis of differentially expressed transcription factors indicate changes in chromatin structure, offering clues to the causes of the phenotypic changes observed. Additionally, immunofluorescence assays showed degradation of cone photoreceptors and increased oxidative stress in the retina. Retinal thickness, as well as thickness of the retinal pigment epithelium and choroid layers, were significantly reduced after spaceflight. Conclusions: These results indicate that retinal performance may decrease over extended periods of spaceflight and cause visual impairment.",Retinal RNA-Seq libraries of ten week old adult C57BL/6 mice were constructed (Ovation® Mouse RNA-Seq System; Nugen) and sequencing performed on  Illumina HiSeq 4000,31527661,,,258077,GPL21103,Mus musculus,GSE,Expression profiling by high throughput sequencing,2019/05/31,16,ftp://ftp.ncbi.nlm.nih.gov/geo/series/GSE131nnn/GSE131954/,"Spaceflight influences gene expression, photoreceptor integrity, and oxidative stress-related damage in the murine retina.",Scientific reports,2019 Sep 16,10.1038/s41598-019-49453-x,OSD-397|M33,Ground Control
115,GSM5191728,0.9963578581809998,GSE169262,Identification of a modular super-enhancer in murine retinal development,,,"Single cell RNA-sequencing shows cell type specific expression of genes in the retina. Single cell ATAC-sequencing of the wild type retina at multiple stages revealed that chromatin in the Vsx2 CRC SE, a stage- and cell type-specific core regulatory circuit super-enhancer (CRC-SE) upstream of the Vsx2 gene, was only open in bipolar cells in Region3 in adult retina. Chromatin in Region0 was open in retinal progenitor cells in E14.5 retina.","Single cell RNA sequencing, single cell ATAC sequencing, bulk RNA sequencing,  and ChIP sequening from WT and VSX2SE Region deletion mice retina at E14.5 and adult stages",35017532,,,476944,GPL24247; GPL17021,Mus musculus,GSE,Expression profiling by high throughput sequencing; Genome binding/occupancy profiling by high throughput sequencing,2021/11/16,43,ftp://ftp.ncbi.nlm.nih.gov/geo/series/GSE169nnn/GSE169262/,Identification of a modular super-enhancer in murine retinal development.,Nature communications,2022 Jan 11,10.1038/s41467-021-27924-y,OSD-397|M33,Ground Control
116,GSM4027494,0.9962940216064453,GSE135752,Tamoxifen induction of Cre recombinase does not cause long lasting or sexually divergent responses in the CNS epigenome or transcriptome: implications for the design of aging studies (RNA-Seq).,,,"The systemic delivery of tamoxifen (Tam) to activate inducible CreERT2-loxP transgenic mouse systems is now widely used in neuroscience studies. This critical technological advancement allows temporal control of DNA-cre recombination, avoidance of embryonically lethal phenotypes, and minimization of residual cell labeling encountered in constitutively active drivers. Despite its advantages, the use of Tam has the potential to cause long-lasting, uncharacterized side effects on the transcriptome and epigenome in the CNS, given its mixed estrogen receptor (ER) agonist/antagonist actions. With the welcome focus on including both sexes in biomedical studies and efforts to understand sex differences, Tam administration could also cause sexually divergent responses that would confound studies. To examine these issues, epigenetic and transcriptomic profiles were compared in C57BL/6J female and male hippocampus, cortex, and retina 1 month after a five- day Tam treatment typical for cre induction, or vehicle control (sunflower seed oil). Cytosine methylation and hydroxymethylation levels, in both CG and non-CG contexts, were unchanged as determined by oxidative bisulfite sequencing. Long-lasting Tam transcriptomic effects were also not evident/minimal. Furthermore, there is no evidence of sexually divergent responses with Tam administration and Tam did not alter sex differences evident in controls. Combined with recently reported data that Tam alone does not cause long-lasting changes in behavior and neurogenesis, our findings provide confidence that Tam can be used as a cre-recombinase inducer without introducing significant confounds in transcriptomic and epigenomic neuroscience studies, particularly those focused on genomic and transcriptomic aspects of the aging brain.","Examination of the effect of tamoxifen administration on RNA Expression in the retina, cortex, and hippocampus of mouse by RNA-Seq",31493147;35589920,,,279521,GPL17021; GPL19057,Mus musculus,GSE,Expression profiling by high throughput sequencing,2019/08/13,45,ftp://ftp.ncbi.nlm.nih.gov/geo/series/GSE135nnn/GSE135752/,Tamoxifen induction of Cre recombinase does not cause long-lasting or sexually divergent responses in the CNS epigenome or transcriptome: implications for the design of aging studies.,GeroScience,2019 Oct,10.1007/s11357-019-00090-2,OSD-397|M33,Ground Control
117,GSM4027499,0.9962347745895386,GSE135752,Tamoxifen induction of Cre recombinase does not cause long lasting or sexually divergent responses in the CNS epigenome or transcriptome: implications for the design of aging studies (RNA-Seq).,,,"The systemic delivery of tamoxifen (Tam) to activate inducible CreERT2-loxP transgenic mouse systems is now widely used in neuroscience studies. This critical technological advancement allows temporal control of DNA-cre recombination, avoidance of embryonically lethal phenotypes, and minimization of residual cell labeling encountered in constitutively active drivers. Despite its advantages, the use of Tam has the potential to cause long-lasting, uncharacterized side effects on the transcriptome and epigenome in the CNS, given its mixed estrogen receptor (ER) agonist/antagonist actions. With the welcome focus on including both sexes in biomedical studies and efforts to understand sex differences, Tam administration could also cause sexually divergent responses that would confound studies. To examine these issues, epigenetic and transcriptomic profiles were compared in C57BL/6J female and male hippocampus, cortex, and retina 1 month after a five- day Tam treatment typical for cre induction, or vehicle control (sunflower seed oil). Cytosine methylation and hydroxymethylation levels, in both CG and non-CG contexts, were unchanged as determined by oxidative bisulfite sequencing. Long-lasting Tam transcriptomic effects were also not evident/minimal. Furthermore, there is no evidence of sexually divergent responses with Tam administration and Tam did not alter sex differences evident in controls. Combined with recently reported data that Tam alone does not cause long-lasting changes in behavior and neurogenesis, our findings provide confidence that Tam can be used as a cre-recombinase inducer without introducing significant confounds in transcriptomic and epigenomic neuroscience studies, particularly those focused on genomic and transcriptomic aspects of the aging brain.","Examination of the effect of tamoxifen administration on RNA Expression in the retina, cortex, and hippocampus of mouse by RNA-Seq",31493147;35589920,,,279526,GPL17021; GPL19057,Mus musculus,GSE,Expression profiling by high throughput sequencing,2019/08/13,45,ftp://ftp.ncbi.nlm.nih.gov/geo/series/GSE135nnn/GSE135752/,Tamoxifen induction of Cre recombinase does not cause long-lasting or sexually divergent responses in the CNS epigenome or transcriptome: implications for the design of aging studies.,GeroScience,2019 Oct,10.1007/s11357-019-00090-2,OSD-397|M33,Ground Control
118,GSM4027492,0.9962334036827087,GSE135752,Tamoxifen induction of Cre recombinase does not cause long lasting or sexually divergent responses in the CNS epigenome or transcriptome: implications for the design of aging studies (RNA-Seq).,,,"The systemic delivery of tamoxifen (Tam) to activate inducible CreERT2-loxP transgenic mouse systems is now widely used in neuroscience studies. This critical technological advancement allows temporal control of DNA-cre recombination, avoidance of embryonically lethal phenotypes, and minimization of residual cell labeling encountered in constitutively active drivers. Despite its advantages, the use of Tam has the potential to cause long-lasting, uncharacterized side effects on the transcriptome and epigenome in the CNS, given its mixed estrogen receptor (ER) agonist/antagonist actions. With the welcome focus on including both sexes in biomedical studies and efforts to understand sex differences, Tam administration could also cause sexually divergent responses that would confound studies. To examine these issues, epigenetic and transcriptomic profiles were compared in C57BL/6J female and male hippocampus, cortex, and retina 1 month after a five- day Tam treatment typical for cre induction, or vehicle control (sunflower seed oil). Cytosine methylation and hydroxymethylation levels, in both CG and non-CG contexts, were unchanged as determined by oxidative bisulfite sequencing. Long-lasting Tam transcriptomic effects were also not evident/minimal. Furthermore, there is no evidence of sexually divergent responses with Tam administration and Tam did not alter sex differences evident in controls. Combined with recently reported data that Tam alone does not cause long-lasting changes in behavior and neurogenesis, our findings provide confidence that Tam can be used as a cre-recombinase inducer without introducing significant confounds in transcriptomic and epigenomic neuroscience studies, particularly those focused on genomic and transcriptomic aspects of the aging brain.","Examination of the effect of tamoxifen administration on RNA Expression in the retina, cortex, and hippocampus of mouse by RNA-Seq",31493147;35589920,,,279519,GPL17021; GPL19057,Mus musculus,GSE,Expression profiling by high throughput sequencing,2019/08/13,45,ftp://ftp.ncbi.nlm.nih.gov/geo/series/GSE135nnn/GSE135752/,Tamoxifen induction of Cre recombinase does not cause long-lasting or sexually divergent responses in the CNS epigenome or transcriptome: implications for the design of aging studies.,GeroScience,2019 Oct,10.1007/s11357-019-00090-2,OSD-397|M33,Ground Control
119,GSM1362149,0.996189534664154,GSE56473,rd10 transcriptome analysis,,,"Retinitis pigmentosa (RP) is a photoreceptor disease that affects approximately 100,000 people in the United States. There are currently very limited treatment options and the prognosis for most patients is progressive vision loss. Unfortunately, the understanding of the molecular underpinnings of RP initiation and progression is still poorly understood. However, the development of animal models of RP, coupled with high-throughput sequencing, has provided an opportunity to study the underlying cellular and molecular changes of this disease. Using RNA-Seq, we present the first retinal transcriptome analysis of the rd10 murine model of retinal degeneration.","RNA-Seq on whole-retina samples from rd10, wild-type and GFP-expressing mouse retina. Three biological replicates of each.",25489233,,,15287,GPL13112,Mus musculus,GSE,Expression profiling by high throughput sequencing,2014/10/26,9,ftp://ftp.ncbi.nlm.nih.gov/geo/series/GSE56nnn/GSE56473/,A profile of transcriptomic changes in the rd10 mouse model of retinitis pigmentosa.,Molecular vision,2014,,OSD-397|M33,Ground Control
120,GSM1362151,0.9971510171890259,GSE56473,rd10 transcriptome analysis,,,"Retinitis pigmentosa (RP) is a photoreceptor disease that affects approximately 100,000 people in the United States. There are currently very limited treatment options and the prognosis for most patients is progressive vision loss. Unfortunately, the understanding of the molecular underpinnings of RP initiation and progression is still poorly understood. However, the development of animal models of RP, coupled with high-throughput sequencing, has provided an opportunity to study the underlying cellular and molecular changes of this disease. Using RNA-Seq, we present the first retinal transcriptome analysis of the rd10 murine model of retinal degeneration.","RNA-Seq on whole-retina samples from rd10, wild-type and GFP-expressing mouse retina. Three biological replicates of each.",25489233,,,15289,GPL13112,Mus musculus,GSE,Expression profiling by high throughput sequencing,2014/10/26,9,ftp://ftp.ncbi.nlm.nih.gov/geo/series/GSE56nnn/GSE56473/,A profile of transcriptomic changes in the rd10 mouse model of retinitis pigmentosa.,Molecular vision,2014,,OSD-397|M34,Ground Control
121,GSM4844319,0.9969156980514526,GSE159771,Illumina NGS RNA-seq and RRBS Sequencing on Spaceflight Mouse Retina,,,"We reported the retinal transcriptome and methylome profiles of spaceflight and habitat control mice. The retinal transcrtiome was generated including 764 million paired-end 75x2 bp RNA-seq data. The methylome was generated including 788  million 75-bp RRBS DNA methylation data. We identified 177 differentially expressed genes (DEGs) induced by spaceflight based on the RNA-seq dataset, and 643 differentially methylated genes (DMGs) based on RRBS dataset. Functional enrichement analysis based on DEGs and DMGs revealed that spaceflight altered extracellular matrix component (EMC), cell to cell junction, inflammation pathway, wound-healing process, etc. Integration analysis based on transcriptome and methylome  suggested that modifications on DNA methylation were correlated with transcriptome changes for several significant biological processes and/or pathways.","This study was under the umbrella of the NASA Rodent Research-1 project consortium. In this project, 16-week-old female C57 BL/6J mice were sent to International Space Station (ISS) in NASA's animal enclosure modules (AEM) and were kept inside ISS middeck for 37 days. We used transcrptomic and methylomic approaches to investigated the spaceflight-associated neuro-ocular syndrome (SANS) using retinas from those spaceflight mice.",34179686,,,431373,GPL21626,Mus musculus,GSE,Expression profiling by high throughput sequencing; Methylation profiling by high throughput sequencing,2021/06/30,32,ftp://ftp.ncbi.nlm.nih.gov/geo/series/GSE159nnn/GSE159771/,Spaceflight decelerates the epigenetic clock orchestrated with a global alteration in DNA methylome and transcriptome in the mouse retina.,Precision clinical medicine,2021 Jun,10.1093/pcmedi/pbab012,OSD-397|M34,Ground Control
122,GSM3832708,0.9968887567520142,GSE131954,"Spaceflight causes changes in gene expression, photoreceptor integrity, and oxidative stress-related damage in the murine retina",,,"Purpose:The purpose of this study was to determine whether the spaceflight environment induces oxidative damage on ocular structure and how gene expression profiles change during spaceflight. Methods: RNA sequencing, immunofluorescence, and microCT assays were performed on two groups of mice to assess the effects of spaceflight on the mammalian retina. Ten week old adult C57BL/6 mice was flown aboard the ISS for 35 days and returned to Earth alive. Ground control mice were maintained on Earth in identical flight hardware. Within 38 (+/-4) hours of splashdown, mice were euthanized and ocular tissues were collected for analysis. Results:RNA sequencing detected 600 differentially expressed genes in spaceflight retina. This set of differentially expressed genes is enriched for genes related to visual perception, the phototransduction pathway, and numerous retina and photoreceptor phenotype categories. Eleven of the differentially expressed genes are associated with the disease retinitis pigmentosa, a retinal disease characterized by dystrophy of the rods and cones of the photoreceptor layer. Analysis of differentially expressed transcription factors indicate changes in chromatin structure, offering clues to the causes of the phenotypic changes observed. Additionally, immunofluorescence assays showed degradation of cone photoreceptors and increased oxidative stress in the retina. Retinal thickness, as well as thickness of the retinal pigment epithelium and choroid layers, were significantly reduced after spaceflight. Conclusions: These results indicate that retinal performance may decrease over extended periods of spaceflight and cause visual impairment.",Retinal RNA-Seq libraries of ten week old adult C57BL/6 mice were constructed (Ovation® Mouse RNA-Seq System; Nugen) and sequencing performed on  Illumina HiSeq 4000,31527661,,,258090,GPL21103,Mus musculus,GSE,Expression profiling by high throughput sequencing,2019/05/31,16,ftp://ftp.ncbi.nlm.nih.gov/geo/series/GSE131nnn/GSE131954/,"Spaceflight influences gene expression, photoreceptor integrity, and oxidative stress-related damage in the murine retina.",Scientific reports,2019 Sep 16,10.1038/s41598-019-49453-x,OSD-397|M34,Ground Control
123,GSM2084783,0.9967681169509888,GSE79061,Synergistically acting agonists and antagonists of G protein–coupled receptors prevent photoreceptor cell degeneration,,,"Photoreceptor degeneration is the central event leading to visual impairment or blindness in most retinal diseases. However, the discovery of safe and effective therapeutic strategies conferring photoreceptor protection remains challenging. A systems pharmacology approach, synergistically targeting distinct cellular pathways could provide an effective strategy for evaluating, preventing or treating retinal dystrophies. Here this concept was investigated using a mouse model of light-induced retinal degeneration. We show that a combination of FDA-approved drugs acting on different G protein-coupled receptors in a synergistic manner could protect retinas against light-induced degeneration when each drug in the combination treatment was administered at a sub-therapeutic dose. Furthermore, transcriptome analyses demonstrated that such combined treatments also preserved patterns of retinal gene expression more characteristic of the normal retina than did single therapies at higher doses. The current study thus supports a new systems pharmacology approach that may extend to other complex neurodegenerative disorders in addition to retinal diseases.","Male and female Abca4-/-Rdh8-/- at the age of 4- to 6-weeks were used for the current study. All mice were housed and maintained in a 12 h light (≤10 lux)/12 h dark cyclic environment in the Animal Resource Center at the School of Medicine, Case Western Reserve University (CWRU). Bright light-induced retinal damage was generated by exposing Abca4-/-Rdh8-/- mice to white light delivered at 10,000 lux (150 W spiral lamp, Commercial Electric) for 30 min. All indicated treatments were administered by intraperitoneal injection 30 min prior to bright light exposure and retinas collected one day later. Single compounds and their tested doses were: 2-Bromo-α-ergocryptine methanesulfonate salt (BRM), metoprolol tartrate (MTP), tamsulosin (TAM), and doxazosin (DOX). Combined treatments were: BRM, MTP and TAM (BMT), or MTP, DOX, and BRM (MDB). Processed data files (linked as series supplementary files): DE_combined.txt; Significant differential expression results from the combined pretreatment experiment. DE_mono.txt; Significant differential expression results from the mono pretreatment experiment. eXpress_counts_combined.txt; Quantitation output from eXpress of effective counts from the combined pretreatment experiment. eXpress_counts_mono.txt; Quantitation output from eXpress of effective counts from the mono pretreatment experiment. eXpress_fpkm_combined.txt; Quantitation output from eXpress of fpkm values from the combined pretreatment experiment. eXpress_fpkm_mono.txt; Quantitation output from eXpress of fpkm values from the mono pretreatment experiment. normalized_fpkm_combined.txt; TMM normalized fpkm values from the combined pretreatment experiment. normalized_fpkm_mono.txt; TMM normalized fpkm values from the mono pretreatment experiment.",27460988,,,57549,GPL17021,Mus musculus,GSE,Expression profiling by high throughput sequencing,2016/11/15,30,ftp://ftp.ncbi.nlm.nih.gov/geo/series/GSE79nnn/GSE79061/,Synergistically acting agonists and antagonists of G protein-coupled receptors prevent photoreceptor cell degeneration.,Science signaling,2016 Jul 26,10.1126/scisignal.aag0245,OSD-397|M34,Ground Control
124,GSM2084781,0.9966722726821899,GSE79061,Synergistically acting agonists and antagonists of G protein–coupled receptors prevent photoreceptor cell degeneration,,,"Photoreceptor degeneration is the central event leading to visual impairment or blindness in most retinal diseases. However, the discovery of safe and effective therapeutic strategies conferring photoreceptor protection remains challenging. A systems pharmacology approach, synergistically targeting distinct cellular pathways could provide an effective strategy for evaluating, preventing or treating retinal dystrophies. Here this concept was investigated using a mouse model of light-induced retinal degeneration. We show that a combination of FDA-approved drugs acting on different G protein-coupled receptors in a synergistic manner could protect retinas against light-induced degeneration when each drug in the combination treatment was administered at a sub-therapeutic dose. Furthermore, transcriptome analyses demonstrated that such combined treatments also preserved patterns of retinal gene expression more characteristic of the normal retina than did single therapies at higher doses. The current study thus supports a new systems pharmacology approach that may extend to other complex neurodegenerative disorders in addition to retinal diseases.","Male and female Abca4-/-Rdh8-/- at the age of 4- to 6-weeks were used for the current study. All mice were housed and maintained in a 12 h light (≤10 lux)/12 h dark cyclic environment in the Animal Resource Center at the School of Medicine, Case Western Reserve University (CWRU). Bright light-induced retinal damage was generated by exposing Abca4-/-Rdh8-/- mice to white light delivered at 10,000 lux (150 W spiral lamp, Commercial Electric) for 30 min. All indicated treatments were administered by intraperitoneal injection 30 min prior to bright light exposure and retinas collected one day later. Single compounds and their tested doses were: 2-Bromo-α-ergocryptine methanesulfonate salt (BRM), metoprolol tartrate (MTP), tamsulosin (TAM), and doxazosin (DOX). Combined treatments were: BRM, MTP and TAM (BMT), or MTP, DOX, and BRM (MDB). Processed data files (linked as series supplementary files): DE_combined.txt; Significant differential expression results from the combined pretreatment experiment. DE_mono.txt; Significant differential expression results from the mono pretreatment experiment. eXpress_counts_combined.txt; Quantitation output from eXpress of effective counts from the combined pretreatment experiment. eXpress_counts_mono.txt; Quantitation output from eXpress of effective counts from the mono pretreatment experiment. eXpress_fpkm_combined.txt; Quantitation output from eXpress of fpkm values from the combined pretreatment experiment. eXpress_fpkm_mono.txt; Quantitation output from eXpress of fpkm values from the mono pretreatment experiment. normalized_fpkm_combined.txt; TMM normalized fpkm values from the combined pretreatment experiment. normalized_fpkm_mono.txt; TMM normalized fpkm values from the mono pretreatment experiment.",27460988,,,57547,GPL17021,Mus musculus,GSE,Expression profiling by high throughput sequencing,2016/11/15,30,ftp://ftp.ncbi.nlm.nih.gov/geo/series/GSE79nnn/GSE79061/,Synergistically acting agonists and antagonists of G protein-coupled receptors prevent photoreceptor cell degeneration.,Science signaling,2016 Jul 26,10.1126/scisignal.aag0245,OSD-397|M34,Ground Control
125,GSM1331909,0.9966526031494141,GSE55228,RNA sequence reveals mouse retinal transcriptome changes early after axonal injury,,,"Purpose: The purpose of this study was　to use RNA-seq to investigate the molecular mechanisms of damage in the early stages of the response to axonal injury, before the onset of RGC death. Methods: 12-week-old wild-type (WT) mice were used in this study. The experiment group underwent an optic nerve crush (ONC) procedure to induce axonal injury in the right eye, and the control group underwent a sham procedure. Retinal mRNA profiles were generated by deep sequencing, in triplicate, using IlluminaHiseq2000. The sequence reads were analyzed by CLC genomics workbench and R software. qRT–PCR validation was performed using TaqMan assays. Results: Using an optimized data analysis workflow, we mapped about 66 million sequence reads per sample to the mouse genome (build mm9). Differential gene expression analysis showed that endoplasmic reticulum stress-related genes and antioxidative response-related genes have been shown to be significantly upregulated 2 days after ONC. Conclusions: Our study represents the first detailed analysis of retinal transcriptomes in the early stages after axonal injury. Our results indicated that ER stress plays a key role under these conditions. Furthermore, the antioxidative defense and immune responses occurred concurrently in the early stages after axonal injury. We believe that our study will lead to a better understanding of and insight into the molecular mechanisms underlying RGC death after axonal injury.","Retinal mRNA profiles of 12 week-old wild type (WT) after ONC or sham were generated by deep sequencing, in triplicate, using Illumina Hiseq2000.",24676137,,,14955,GPL13112,Mus musculus,GSE,Expression profiling by high throughput sequencing,2014/02/21,6,ftp://ftp.ncbi.nlm.nih.gov/geo/series/GSE55nnn/GSE55228/,RNA sequence reveals mouse retinal transcriptome changes early after axonal injury.,PloS one,2014,10.1371/journal.pone.0093258,OSD-397|M34,Ground Control
126,GSM5191728,0.9965510368347168,GSE169262,Identification of a modular super-enhancer in murine retinal development,,,"Single cell RNA-sequencing shows cell type specific expression of genes in the retina. Single cell ATAC-sequencing of the wild type retina at multiple stages revealed that chromatin in the Vsx2 CRC SE, a stage- and cell type-specific core regulatory circuit super-enhancer (CRC-SE) upstream of the Vsx2 gene, was only open in bipolar cells in Region3 in adult retina. Chromatin in Region0 was open in retinal progenitor cells in E14.5 retina.","Single cell RNA sequencing, single cell ATAC sequencing, bulk RNA sequencing,  and ChIP sequening from WT and VSX2SE Region deletion mice retina at E14.5 and adult stages",35017532,,,476944,GPL24247; GPL17021,Mus musculus,GSE,Expression profiling by high throughput sequencing; Genome binding/occupancy profiling by high throughput sequencing,2021/11/16,43,ftp://ftp.ncbi.nlm.nih.gov/geo/series/GSE169nnn/GSE169262/,Identification of a modular super-enhancer in murine retinal development.,Nature communications,2022 Jan 11,10.1038/s41467-021-27924-y,OSD-397|M34,Ground Control
127,GSM1362144,0.9965166449546814,GSE56473,rd10 transcriptome analysis,,,"Retinitis pigmentosa (RP) is a photoreceptor disease that affects approximately 100,000 people in the United States. There are currently very limited treatment options and the prognosis for most patients is progressive vision loss. Unfortunately, the understanding of the molecular underpinnings of RP initiation and progression is still poorly understood. However, the development of animal models of RP, coupled with high-throughput sequencing, has provided an opportunity to study the underlying cellular and molecular changes of this disease. Using RNA-Seq, we present the first retinal transcriptome analysis of the rd10 murine model of retinal degeneration.","RNA-Seq on whole-retina samples from rd10, wild-type and GFP-expressing mouse retina. Three biological replicates of each.",25489233,,,15282,GPL13112,Mus musculus,GSE,Expression profiling by high throughput sequencing,2014/10/26,9,ftp://ftp.ncbi.nlm.nih.gov/geo/series/GSE56nnn/GSE56473/,A profile of transcriptomic changes in the rd10 mouse model of retinitis pigmentosa.,Molecular vision,2014,,OSD-397|M34,Ground Control
128,GSM1331907,0.9964747428894043,GSE55228,RNA sequence reveals mouse retinal transcriptome changes early after axonal injury,,,"Purpose: The purpose of this study was　to use RNA-seq to investigate the molecular mechanisms of damage in the early stages of the response to axonal injury, before the onset of RGC death. Methods: 12-week-old wild-type (WT) mice were used in this study. The experiment group underwent an optic nerve crush (ONC) procedure to induce axonal injury in the right eye, and the control group underwent a sham procedure. Retinal mRNA profiles were generated by deep sequencing, in triplicate, using IlluminaHiseq2000. The sequence reads were analyzed by CLC genomics workbench and R software. qRT–PCR validation was performed using TaqMan assays. Results: Using an optimized data analysis workflow, we mapped about 66 million sequence reads per sample to the mouse genome (build mm9). Differential gene expression analysis showed that endoplasmic reticulum stress-related genes and antioxidative response-related genes have been shown to be significantly upregulated 2 days after ONC. Conclusions: Our study represents the first detailed analysis of retinal transcriptomes in the early stages after axonal injury. Our results indicated that ER stress plays a key role under these conditions. Furthermore, the antioxidative defense and immune responses occurred concurrently in the early stages after axonal injury. We believe that our study will lead to a better understanding of and insight into the molecular mechanisms underlying RGC death after axonal injury.","Retinal mRNA profiles of 12 week-old wild type (WT) after ONC or sham were generated by deep sequencing, in triplicate, using Illumina Hiseq2000.",24676137,,,14953,GPL13112,Mus musculus,GSE,Expression profiling by high throughput sequencing,2014/02/21,6,ftp://ftp.ncbi.nlm.nih.gov/geo/series/GSE55nnn/GSE55228/,RNA sequence reveals mouse retinal transcriptome changes early after axonal injury.,PloS one,2014,10.1371/journal.pone.0093258,OSD-397|M34,Ground Control
129,GSM2084787,0.9962679743766785,GSE79061,Synergistically acting agonists and antagonists of G protein–coupled receptors prevent photoreceptor cell degeneration,,,"Photoreceptor degeneration is the central event leading to visual impairment or blindness in most retinal diseases. However, the discovery of safe and effective therapeutic strategies conferring photoreceptor protection remains challenging. A systems pharmacology approach, synergistically targeting distinct cellular pathways could provide an effective strategy for evaluating, preventing or treating retinal dystrophies. Here this concept was investigated using a mouse model of light-induced retinal degeneration. We show that a combination of FDA-approved drugs acting on different G protein-coupled receptors in a synergistic manner could protect retinas against light-induced degeneration when each drug in the combination treatment was administered at a sub-therapeutic dose. Furthermore, transcriptome analyses demonstrated that such combined treatments also preserved patterns of retinal gene expression more characteristic of the normal retina than did single therapies at higher doses. The current study thus supports a new systems pharmacology approach that may extend to other complex neurodegenerative disorders in addition to retinal diseases.","Male and female Abca4-/-Rdh8-/- at the age of 4- to 6-weeks were used for the current study. All mice were housed and maintained in a 12 h light (≤10 lux)/12 h dark cyclic environment in the Animal Resource Center at the School of Medicine, Case Western Reserve University (CWRU). Bright light-induced retinal damage was generated by exposing Abca4-/-Rdh8-/- mice to white light delivered at 10,000 lux (150 W spiral lamp, Commercial Electric) for 30 min. All indicated treatments were administered by intraperitoneal injection 30 min prior to bright light exposure and retinas collected one day later. Single compounds and their tested doses were: 2-Bromo-α-ergocryptine methanesulfonate salt (BRM), metoprolol tartrate (MTP), tamsulosin (TAM), and doxazosin (DOX). Combined treatments were: BRM, MTP and TAM (BMT), or MTP, DOX, and BRM (MDB). Processed data files (linked as series supplementary files): DE_combined.txt; Significant differential expression results from the combined pretreatment experiment. DE_mono.txt; Significant differential expression results from the mono pretreatment experiment. eXpress_counts_combined.txt; Quantitation output from eXpress of effective counts from the combined pretreatment experiment. eXpress_counts_mono.txt; Quantitation output from eXpress of effective counts from the mono pretreatment experiment. eXpress_fpkm_combined.txt; Quantitation output from eXpress of fpkm values from the combined pretreatment experiment. eXpress_fpkm_mono.txt; Quantitation output from eXpress of fpkm values from the mono pretreatment experiment. normalized_fpkm_combined.txt; TMM normalized fpkm values from the combined pretreatment experiment. normalized_fpkm_mono.txt; TMM normalized fpkm values from the mono pretreatment experiment.",27460988,,,57553,GPL17021,Mus musculus,GSE,Expression profiling by high throughput sequencing,2016/11/15,30,ftp://ftp.ncbi.nlm.nih.gov/geo/series/GSE79nnn/GSE79061/,Synergistically acting agonists and antagonists of G protein-coupled receptors prevent photoreceptor cell degeneration.,Science signaling,2016 Jul 26,10.1126/scisignal.aag0245,OSD-397|M34,Ground Control
130,GSM3832708,0.9979887008666992,GSE131954,"Spaceflight causes changes in gene expression, photoreceptor integrity, and oxidative stress-related damage in the murine retina",,,"Purpose:The purpose of this study was to determine whether the spaceflight environment induces oxidative damage on ocular structure and how gene expression profiles change during spaceflight. Methods: RNA sequencing, immunofluorescence, and microCT assays were performed on two groups of mice to assess the effects of spaceflight on the mammalian retina. Ten week old adult C57BL/6 mice was flown aboard the ISS for 35 days and returned to Earth alive. Ground control mice were maintained on Earth in identical flight hardware. Within 38 (+/-4) hours of splashdown, mice were euthanized and ocular tissues were collected for analysis. Results:RNA sequencing detected 600 differentially expressed genes in spaceflight retina. This set of differentially expressed genes is enriched for genes related to visual perception, the phototransduction pathway, and numerous retina and photoreceptor phenotype categories. Eleven of the differentially expressed genes are associated with the disease retinitis pigmentosa, a retinal disease characterized by dystrophy of the rods and cones of the photoreceptor layer. Analysis of differentially expressed transcription factors indicate changes in chromatin structure, offering clues to the causes of the phenotypic changes observed. Additionally, immunofluorescence assays showed degradation of cone photoreceptors and increased oxidative stress in the retina. Retinal thickness, as well as thickness of the retinal pigment epithelium and choroid layers, were significantly reduced after spaceflight. Conclusions: These results indicate that retinal performance may decrease over extended periods of spaceflight and cause visual impairment.",Retinal RNA-Seq libraries of ten week old adult C57BL/6 mice were constructed (Ovation® Mouse RNA-Seq System; Nugen) and sequencing performed on  Illumina HiSeq 4000,31527661,,,258090,GPL21103,Mus musculus,GSE,Expression profiling by high throughput sequencing,2019/05/31,16,ftp://ftp.ncbi.nlm.nih.gov/geo/series/GSE131nnn/GSE131954/,"Spaceflight influences gene expression, photoreceptor integrity, and oxidative stress-related damage in the murine retina.",Scientific reports,2019 Sep 16,10.1038/s41598-019-49453-x,OSD-397|M35,Ground Control
131,GSM3832706,0.9971150159835815,GSE131954,"Spaceflight causes changes in gene expression, photoreceptor integrity, and oxidative stress-related damage in the murine retina",,,"Purpose:The purpose of this study was to determine whether the spaceflight environment induces oxidative damage on ocular structure and how gene expression profiles change during spaceflight. Methods: RNA sequencing, immunofluorescence, and microCT assays were performed on two groups of mice to assess the effects of spaceflight on the mammalian retina. Ten week old adult C57BL/6 mice was flown aboard the ISS for 35 days and returned to Earth alive. Ground control mice were maintained on Earth in identical flight hardware. Within 38 (+/-4) hours of splashdown, mice were euthanized and ocular tissues were collected for analysis. Results:RNA sequencing detected 600 differentially expressed genes in spaceflight retina. This set of differentially expressed genes is enriched for genes related to visual perception, the phototransduction pathway, and numerous retina and photoreceptor phenotype categories. Eleven of the differentially expressed genes are associated with the disease retinitis pigmentosa, a retinal disease characterized by dystrophy of the rods and cones of the photoreceptor layer. Analysis of differentially expressed transcription factors indicate changes in chromatin structure, offering clues to the causes of the phenotypic changes observed. Additionally, immunofluorescence assays showed degradation of cone photoreceptors and increased oxidative stress in the retina. Retinal thickness, as well as thickness of the retinal pigment epithelium and choroid layers, were significantly reduced after spaceflight. Conclusions: These results indicate that retinal performance may decrease over extended periods of spaceflight and cause visual impairment.",Retinal RNA-Seq libraries of ten week old adult C57BL/6 mice were constructed (Ovation® Mouse RNA-Seq System; Nugen) and sequencing performed on  Illumina HiSeq 4000,31527661,,,258088,GPL21103,Mus musculus,GSE,Expression profiling by high throughput sequencing,2019/05/31,16,ftp://ftp.ncbi.nlm.nih.gov/geo/series/GSE131nnn/GSE131954/,"Spaceflight influences gene expression, photoreceptor integrity, and oxidative stress-related damage in the murine retina.",Scientific reports,2019 Sep 16,10.1038/s41598-019-49453-x,OSD-397|M35,Ground Control
132,GSM5191728,0.9969998598098755,GSE169262,Identification of a modular super-enhancer in murine retinal development,,,"Single cell RNA-sequencing shows cell type specific expression of genes in the retina. Single cell ATAC-sequencing of the wild type retina at multiple stages revealed that chromatin in the Vsx2 CRC SE, a stage- and cell type-specific core regulatory circuit super-enhancer (CRC-SE) upstream of the Vsx2 gene, was only open in bipolar cells in Region3 in adult retina. Chromatin in Region0 was open in retinal progenitor cells in E14.5 retina.","Single cell RNA sequencing, single cell ATAC sequencing, bulk RNA sequencing,  and ChIP sequening from WT and VSX2SE Region deletion mice retina at E14.5 and adult stages",35017532,,,476944,GPL24247; GPL17021,Mus musculus,GSE,Expression profiling by high throughput sequencing; Genome binding/occupancy profiling by high throughput sequencing,2021/11/16,43,ftp://ftp.ncbi.nlm.nih.gov/geo/series/GSE169nnn/GSE169262/,Identification of a modular super-enhancer in murine retinal development.,Nature communications,2022 Jan 11,10.1038/s41467-021-27924-y,OSD-397|M35,Ground Control
133,GSM2823064,0.9968467950820923,GSE105135,The RNA sequencing of microglia repopulated retina,,,The RNA sequencing of retina after microglial depletion and repopulation,"Retinal mRNA profiles of adult wild type C57BL/6J mice, after treatment for PLX5622, LPS, vechcle control or microglial repopulation",29507754,,,134848,GPL23479,Mus musculus,GSE,Expression profiling by high throughput sequencing,2018/02/10,65,ftp://ftp.ncbi.nlm.nih.gov/geo/series/GSE105nnn/GSE105135/,Dual extra-retinal origins of microglia in the model of retinal microglia repopulation.,Cell discovery,2018,10.1038/s41421-018-0011-8,OSD-397|M35,Ground Control
134,GSM4027495,0.9968377351760864,GSE135752,Tamoxifen induction of Cre recombinase does not cause long lasting or sexually divergent responses in the CNS epigenome or transcriptome: implications for the design of aging studies (RNA-Seq).,,,"The systemic delivery of tamoxifen (Tam) to activate inducible CreERT2-loxP transgenic mouse systems is now widely used in neuroscience studies. This critical technological advancement allows temporal control of DNA-cre recombination, avoidance of embryonically lethal phenotypes, and minimization of residual cell labeling encountered in constitutively active drivers. Despite its advantages, the use of Tam has the potential to cause long-lasting, uncharacterized side effects on the transcriptome and epigenome in the CNS, given its mixed estrogen receptor (ER) agonist/antagonist actions. With the welcome focus on including both sexes in biomedical studies and efforts to understand sex differences, Tam administration could also cause sexually divergent responses that would confound studies. To examine these issues, epigenetic and transcriptomic profiles were compared in C57BL/6J female and male hippocampus, cortex, and retina 1 month after a five- day Tam treatment typical for cre induction, or vehicle control (sunflower seed oil). Cytosine methylation and hydroxymethylation levels, in both CG and non-CG contexts, were unchanged as determined by oxidative bisulfite sequencing. Long-lasting Tam transcriptomic effects were also not evident/minimal. Furthermore, there is no evidence of sexually divergent responses with Tam administration and Tam did not alter sex differences evident in controls. Combined with recently reported data that Tam alone does not cause long-lasting changes in behavior and neurogenesis, our findings provide confidence that Tam can be used as a cre-recombinase inducer without introducing significant confounds in transcriptomic and epigenomic neuroscience studies, particularly those focused on genomic and transcriptomic aspects of the aging brain.","Examination of the effect of tamoxifen administration on RNA Expression in the retina, cortex, and hippocampus of mouse by RNA-Seq",31493147;35589920,,,279522,GPL17021; GPL19057,Mus musculus,GSE,Expression profiling by high throughput sequencing,2019/08/13,45,ftp://ftp.ncbi.nlm.nih.gov/geo/series/GSE135nnn/GSE135752/,Tamoxifen induction of Cre recombinase does not cause long-lasting or sexually divergent responses in the CNS epigenome or transcriptome: implications for the design of aging studies.,GeroScience,2019 Oct,10.1007/s11357-019-00090-2,OSD-397|M35,Ground Control
135,GSM4027491,0.9967525005340576,GSE135752,Tamoxifen induction of Cre recombinase does not cause long lasting or sexually divergent responses in the CNS epigenome or transcriptome: implications for the design of aging studies (RNA-Seq).,,,"The systemic delivery of tamoxifen (Tam) to activate inducible CreERT2-loxP transgenic mouse systems is now widely used in neuroscience studies. This critical technological advancement allows temporal control of DNA-cre recombination, avoidance of embryonically lethal phenotypes, and minimization of residual cell labeling encountered in constitutively active drivers. Despite its advantages, the use of Tam has the potential to cause long-lasting, uncharacterized side effects on the transcriptome and epigenome in the CNS, given its mixed estrogen receptor (ER) agonist/antagonist actions. With the welcome focus on including both sexes in biomedical studies and efforts to understand sex differences, Tam administration could also cause sexually divergent responses that would confound studies. To examine these issues, epigenetic and transcriptomic profiles were compared in C57BL/6J female and male hippocampus, cortex, and retina 1 month after a five- day Tam treatment typical for cre induction, or vehicle control (sunflower seed oil). Cytosine methylation and hydroxymethylation levels, in both CG and non-CG contexts, were unchanged as determined by oxidative bisulfite sequencing. Long-lasting Tam transcriptomic effects were also not evident/minimal. Furthermore, there is no evidence of sexually divergent responses with Tam administration and Tam did not alter sex differences evident in controls. Combined with recently reported data that Tam alone does not cause long-lasting changes in behavior and neurogenesis, our findings provide confidence that Tam can be used as a cre-recombinase inducer without introducing significant confounds in transcriptomic and epigenomic neuroscience studies, particularly those focused on genomic and transcriptomic aspects of the aging brain.","Examination of the effect of tamoxifen administration on RNA Expression in the retina, cortex, and hippocampus of mouse by RNA-Seq",31493147;35589920,,,279518,GPL17021; GPL19057,Mus musculus,GSE,Expression profiling by high throughput sequencing,2019/08/13,45,ftp://ftp.ncbi.nlm.nih.gov/geo/series/GSE135nnn/GSE135752/,Tamoxifen induction of Cre recombinase does not cause long-lasting or sexually divergent responses in the CNS epigenome or transcriptome: implications for the design of aging studies.,GeroScience,2019 Oct,10.1007/s11357-019-00090-2,OSD-397|M35,Ground Control
136,GSM2823054,0.9967174530029297,GSE105135,The RNA sequencing of microglia repopulated retina,,,The RNA sequencing of retina after microglial depletion and repopulation,"Retinal mRNA profiles of adult wild type C57BL/6J mice, after treatment for PLX5622, LPS, vechcle control or microglial repopulation",29507754,,,134838,GPL23479,Mus musculus,GSE,Expression profiling by high throughput sequencing,2018/02/10,65,ftp://ftp.ncbi.nlm.nih.gov/geo/series/GSE105nnn/GSE105135/,Dual extra-retinal origins of microglia in the model of retinal microglia repopulation.,Cell discovery,2018,10.1038/s41421-018-0011-8,OSD-397|M35,Ground Control
137,GSM4027499,0.9966704845428467,GSE135752,Tamoxifen induction of Cre recombinase does not cause long lasting or sexually divergent responses in the CNS epigenome or transcriptome: implications for the design of aging studies (RNA-Seq).,,,"The systemic delivery of tamoxifen (Tam) to activate inducible CreERT2-loxP transgenic mouse systems is now widely used in neuroscience studies. This critical technological advancement allows temporal control of DNA-cre recombination, avoidance of embryonically lethal phenotypes, and minimization of residual cell labeling encountered in constitutively active drivers. Despite its advantages, the use of Tam has the potential to cause long-lasting, uncharacterized side effects on the transcriptome and epigenome in the CNS, given its mixed estrogen receptor (ER) agonist/antagonist actions. With the welcome focus on including both sexes in biomedical studies and efforts to understand sex differences, Tam administration could also cause sexually divergent responses that would confound studies. To examine these issues, epigenetic and transcriptomic profiles were compared in C57BL/6J female and male hippocampus, cortex, and retina 1 month after a five- day Tam treatment typical for cre induction, or vehicle control (sunflower seed oil). Cytosine methylation and hydroxymethylation levels, in both CG and non-CG contexts, were unchanged as determined by oxidative bisulfite sequencing. Long-lasting Tam transcriptomic effects were also not evident/minimal. Furthermore, there is no evidence of sexually divergent responses with Tam administration and Tam did not alter sex differences evident in controls. Combined with recently reported data that Tam alone does not cause long-lasting changes in behavior and neurogenesis, our findings provide confidence that Tam can be used as a cre-recombinase inducer without introducing significant confounds in transcriptomic and epigenomic neuroscience studies, particularly those focused on genomic and transcriptomic aspects of the aging brain.","Examination of the effect of tamoxifen administration on RNA Expression in the retina, cortex, and hippocampus of mouse by RNA-Seq",31493147;35589920,,,279526,GPL17021; GPL19057,Mus musculus,GSE,Expression profiling by high throughput sequencing,2019/08/13,45,ftp://ftp.ncbi.nlm.nih.gov/geo/series/GSE135nnn/GSE135752/,Tamoxifen induction of Cre recombinase does not cause long-lasting or sexually divergent responses in the CNS epigenome or transcriptome: implications for the design of aging studies.,GeroScience,2019 Oct,10.1007/s11357-019-00090-2,OSD-397|M35,Ground Control
138,GSM4027498,0.9966635704040527,GSE135752,Tamoxifen induction of Cre recombinase does not cause long lasting or sexually divergent responses in the CNS epigenome or transcriptome: implications for the design of aging studies (RNA-Seq).,,,"The systemic delivery of tamoxifen (Tam) to activate inducible CreERT2-loxP transgenic mouse systems is now widely used in neuroscience studies. This critical technological advancement allows temporal control of DNA-cre recombination, avoidance of embryonically lethal phenotypes, and minimization of residual cell labeling encountered in constitutively active drivers. Despite its advantages, the use of Tam has the potential to cause long-lasting, uncharacterized side effects on the transcriptome and epigenome in the CNS, given its mixed estrogen receptor (ER) agonist/antagonist actions. With the welcome focus on including both sexes in biomedical studies and efforts to understand sex differences, Tam administration could also cause sexually divergent responses that would confound studies. To examine these issues, epigenetic and transcriptomic profiles were compared in C57BL/6J female and male hippocampus, cortex, and retina 1 month after a five- day Tam treatment typical for cre induction, or vehicle control (sunflower seed oil). Cytosine methylation and hydroxymethylation levels, in both CG and non-CG contexts, were unchanged as determined by oxidative bisulfite sequencing. Long-lasting Tam transcriptomic effects were also not evident/minimal. Furthermore, there is no evidence of sexually divergent responses with Tam administration and Tam did not alter sex differences evident in controls. Combined with recently reported data that Tam alone does not cause long-lasting changes in behavior and neurogenesis, our findings provide confidence that Tam can be used as a cre-recombinase inducer without introducing significant confounds in transcriptomic and epigenomic neuroscience studies, particularly those focused on genomic and transcriptomic aspects of the aging brain.","Examination of the effect of tamoxifen administration on RNA Expression in the retina, cortex, and hippocampus of mouse by RNA-Seq",31493147;35589920,,,279525,GPL17021; GPL19057,Mus musculus,GSE,Expression profiling by high throughput sequencing,2019/08/13,45,ftp://ftp.ncbi.nlm.nih.gov/geo/series/GSE135nnn/GSE135752/,Tamoxifen induction of Cre recombinase does not cause long-lasting or sexually divergent responses in the CNS epigenome or transcriptome: implications for the design of aging studies.,GeroScience,2019 Oct,10.1007/s11357-019-00090-2,OSD-397|M35,Ground Control
139,GSM2302811,0.9965656399726868,GSE86442,The role of retinol dehydrogenase 10 in the retina visual cycle,,,"Pigment regeneration is critical for the function of cone photoreceptors in bright and rapidly-changing light conditions. This process is facilitated by the recently-characterized retina visual cycle, in which Müller cells recycle spent all-trans-retinol visual chromophore back to 11-cis-retinol. This 11-cis-retinol is oxidized selectively in cones to the 11-cis-retinal used for pigment regeneration. However, the enzyme responsible for the oxidation of 11-cis-retinol remains unknown. Here, we sought to determine whether retinol dehydrogenase 10 (RDH10), upregulated in rod/cone hybrid retinas and expressed abundantly in Müller cells, is the enzyme that drives this reaction. We created mice lacking RDH10 either in cone photoreceptors, Müller cells, or the entire retina. In vivo electroretinography and transretinal recordings revealed normal cone photoresponses in all RDH10-deficient mouse lines. Notably, their cone-driven dark adaptation both in vivo and in isolated retina was unaffected, indicating that RDH10 is not required for the function of the retina visual cycle. We also generated transgenic mice expressing RDH10 ectopically in rod cells. However, rod dark adaptation was unaffected by the expression of RDH10 and transgenic rods were unable to use cis-retinol for pigment regeneration. We conclude that RDH10 is not the dominant retina 11-cis-RDH, leaving its primary function in the retina unknown.","Retinas from rd7 and wild-type (C57BL/6J) mice at age 21 days were harvested. Two biological replicates per strain were collected. Each replicate consisted of 8 retinas total from two female and two male mice. RNA was extracted with Trizol, polyA-selected, and processed for mRNA-seq. All four samples were sequenced on a single lane of Illumina HiSeq 2000 (1x50 bp). Note that Nr2e3 transcript levels are higher in the rd7 mutant, as previously reported (Chen et al 2006 Hum Mol Genet 15(13):2146-56).",28539612,,,76670,GPL13112,Mus musculus,GSE,Expression profiling by high throughput sequencing,2017/03/07,4,ftp://ftp.ncbi.nlm.nih.gov/geo/series/GSE86nnn/GSE86442/,The role of retinol dehydrogenase 10 in the cone visual cycle.,Scientific reports,2017 May 24,10.1038/s41598-017-02549-8,OSD-397|M35,Ground Control
140,GSM3832694,0.9972940683364868,GSE131954,"Spaceflight causes changes in gene expression, photoreceptor integrity, and oxidative stress-related damage in the murine retina",,,"Purpose:The purpose of this study was to determine whether the spaceflight environment induces oxidative damage on ocular structure and how gene expression profiles change during spaceflight. Methods: RNA sequencing, immunofluorescence, and microCT assays were performed on two groups of mice to assess the effects of spaceflight on the mammalian retina. Ten week old adult C57BL/6 mice was flown aboard the ISS for 35 days and returned to Earth alive. Ground control mice were maintained on Earth in identical flight hardware. Within 38 (+/-4) hours of splashdown, mice were euthanized and ocular tissues were collected for analysis. Results:RNA sequencing detected 600 differentially expressed genes in spaceflight retina. This set of differentially expressed genes is enriched for genes related to visual perception, the phototransduction pathway, and numerous retina and photoreceptor phenotype categories. Eleven of the differentially expressed genes are associated with the disease retinitis pigmentosa, a retinal disease characterized by dystrophy of the rods and cones of the photoreceptor layer. Analysis of differentially expressed transcription factors indicate changes in chromatin structure, offering clues to the causes of the phenotypic changes observed. Additionally, immunofluorescence assays showed degradation of cone photoreceptors and increased oxidative stress in the retina. Retinal thickness, as well as thickness of the retinal pigment epithelium and choroid layers, were significantly reduced after spaceflight. Conclusions: These results indicate that retinal performance may decrease over extended periods of spaceflight and cause visual impairment.",Retinal RNA-Seq libraries of ten week old adult C57BL/6 mice were constructed (Ovation® Mouse RNA-Seq System; Nugen) and sequencing performed on  Illumina HiSeq 4000,31527661,,,258076,GPL21103,Mus musculus,GSE,Expression profiling by high throughput sequencing,2019/05/31,16,ftp://ftp.ncbi.nlm.nih.gov/geo/series/GSE131nnn/GSE131954/,"Spaceflight influences gene expression, photoreceptor integrity, and oxidative stress-related damage in the murine retina.",Scientific reports,2019 Sep 16,10.1038/s41598-019-49453-x,OSD-397|M36,Ground Control
141,GSM3832696,0.9971011281013489,GSE131954,"Spaceflight causes changes in gene expression, photoreceptor integrity, and oxidative stress-related damage in the murine retina",,,"Purpose:The purpose of this study was to determine whether the spaceflight environment induces oxidative damage on ocular structure and how gene expression profiles change during spaceflight. Methods: RNA sequencing, immunofluorescence, and microCT assays were performed on two groups of mice to assess the effects of spaceflight on the mammalian retina. Ten week old adult C57BL/6 mice was flown aboard the ISS for 35 days and returned to Earth alive. Ground control mice were maintained on Earth in identical flight hardware. Within 38 (+/-4) hours of splashdown, mice were euthanized and ocular tissues were collected for analysis. Results:RNA sequencing detected 600 differentially expressed genes in spaceflight retina. This set of differentially expressed genes is enriched for genes related to visual perception, the phototransduction pathway, and numerous retina and photoreceptor phenotype categories. Eleven of the differentially expressed genes are associated with the disease retinitis pigmentosa, a retinal disease characterized by dystrophy of the rods and cones of the photoreceptor layer. Analysis of differentially expressed transcription factors indicate changes in chromatin structure, offering clues to the causes of the phenotypic changes observed. Additionally, immunofluorescence assays showed degradation of cone photoreceptors and increased oxidative stress in the retina. Retinal thickness, as well as thickness of the retinal pigment epithelium and choroid layers, were significantly reduced after spaceflight. Conclusions: These results indicate that retinal performance may decrease over extended periods of spaceflight and cause visual impairment.",Retinal RNA-Seq libraries of ten week old adult C57BL/6 mice were constructed (Ovation® Mouse RNA-Seq System; Nugen) and sequencing performed on  Illumina HiSeq 4000,31527661,,,258078,GPL21103,Mus musculus,GSE,Expression profiling by high throughput sequencing,2019/05/31,16,ftp://ftp.ncbi.nlm.nih.gov/geo/series/GSE131nnn/GSE131954/,"Spaceflight influences gene expression, photoreceptor integrity, and oxidative stress-related damage in the murine retina.",Scientific reports,2019 Sep 16,10.1038/s41598-019-49453-x,OSD-397|M36,Ground Control
142,GSM3832702,0.9970176219940186,GSE131954,"Spaceflight causes changes in gene expression, photoreceptor integrity, and oxidative stress-related damage in the murine retina",,,"Purpose:The purpose of this study was to determine whether the spaceflight environment induces oxidative damage on ocular structure and how gene expression profiles change during spaceflight. Methods: RNA sequencing, immunofluorescence, and microCT assays were performed on two groups of mice to assess the effects of spaceflight on the mammalian retina. Ten week old adult C57BL/6 mice was flown aboard the ISS for 35 days and returned to Earth alive. Ground control mice were maintained on Earth in identical flight hardware. Within 38 (+/-4) hours of splashdown, mice were euthanized and ocular tissues were collected for analysis. Results:RNA sequencing detected 600 differentially expressed genes in spaceflight retina. This set of differentially expressed genes is enriched for genes related to visual perception, the phototransduction pathway, and numerous retina and photoreceptor phenotype categories. Eleven of the differentially expressed genes are associated with the disease retinitis pigmentosa, a retinal disease characterized by dystrophy of the rods and cones of the photoreceptor layer. Analysis of differentially expressed transcription factors indicate changes in chromatin structure, offering clues to the causes of the phenotypic changes observed. Additionally, immunofluorescence assays showed degradation of cone photoreceptors and increased oxidative stress in the retina. Retinal thickness, as well as thickness of the retinal pigment epithelium and choroid layers, were significantly reduced after spaceflight. Conclusions: These results indicate that retinal performance may decrease over extended periods of spaceflight and cause visual impairment.",Retinal RNA-Seq libraries of ten week old adult C57BL/6 mice were constructed (Ovation® Mouse RNA-Seq System; Nugen) and sequencing performed on  Illumina HiSeq 4000,31527661,,,258084,GPL21103,Mus musculus,GSE,Expression profiling by high throughput sequencing,2019/05/31,16,ftp://ftp.ncbi.nlm.nih.gov/geo/series/GSE131nnn/GSE131954/,"Spaceflight influences gene expression, photoreceptor integrity, and oxidative stress-related damage in the murine retina.",Scientific reports,2019 Sep 16,10.1038/s41598-019-49453-x,OSD-397|M36,Ground Control
143,GSM3832700,0.9961665868759155,GSE131954,"Spaceflight causes changes in gene expression, photoreceptor integrity, and oxidative stress-related damage in the murine retina",,,"Purpose:The purpose of this study was to determine whether the spaceflight environment induces oxidative damage on ocular structure and how gene expression profiles change during spaceflight. Methods: RNA sequencing, immunofluorescence, and microCT assays were performed on two groups of mice to assess the effects of spaceflight on the mammalian retina. Ten week old adult C57BL/6 mice was flown aboard the ISS for 35 days and returned to Earth alive. Ground control mice were maintained on Earth in identical flight hardware. Within 38 (+/-4) hours of splashdown, mice were euthanized and ocular tissues were collected for analysis. Results:RNA sequencing detected 600 differentially expressed genes in spaceflight retina. This set of differentially expressed genes is enriched for genes related to visual perception, the phototransduction pathway, and numerous retina and photoreceptor phenotype categories. Eleven of the differentially expressed genes are associated with the disease retinitis pigmentosa, a retinal disease characterized by dystrophy of the rods and cones of the photoreceptor layer. Analysis of differentially expressed transcription factors indicate changes in chromatin structure, offering clues to the causes of the phenotypic changes observed. Additionally, immunofluorescence assays showed degradation of cone photoreceptors and increased oxidative stress in the retina. Retinal thickness, as well as thickness of the retinal pigment epithelium and choroid layers, were significantly reduced after spaceflight. Conclusions: These results indicate that retinal performance may decrease over extended periods of spaceflight and cause visual impairment.",Retinal RNA-Seq libraries of ten week old adult C57BL/6 mice were constructed (Ovation® Mouse RNA-Seq System; Nugen) and sequencing performed on  Illumina HiSeq 4000,31527661,,,258082,GPL21103,Mus musculus,GSE,Expression profiling by high throughput sequencing,2019/05/31,16,ftp://ftp.ncbi.nlm.nih.gov/geo/series/GSE131nnn/GSE131954/,"Spaceflight influences gene expression, photoreceptor integrity, and oxidative stress-related damage in the murine retina.",Scientific reports,2019 Sep 16,10.1038/s41598-019-49453-x,OSD-397|M36,Ground Control
144,GSM1673351,0.9958678483963013,GSE68470,Circadian and light-driven regulation of rod dark adaptation,,,"The sensation of light is initiated in photoreceptor cells by the photoisomerization of a chromophore molecule from 11-cis to all-trans retinal. Continuous visual perception requires recycling of the spent chromophore back to the 11-cis form through the visual cycle, a series of reactions in the retinal pigmented epithelium (RPE). Light-driven chromophore consumption by photoreceptors is greater in daytime compared to night time, suggesting that correspondingly higher activity of the visual cycle may be required. On the other hand, as rod photoreceptors are saturated in bright light, the continuous turnover of their chromophore through the visual cycle during daytime would unnecessarily utilize precious energy and produce toxic byproducts. Here, we sought to determine whether the recycling of chromophore and the dark adaptation of rods is regulated by the circadian clock and light exposure. We demonstrate that in melatonin-proficient C3H/f+/+ mice, rod dark adaptation is slower during the day or after light exposure. This surprising daytime downregulation of the RPE visual cycle was further demonstrated by gene analysis, which revealed light-driven reduction in the expression of Rpe65, which encodes a key enzyme of the RPE visual cycle. In contrast, rods in melatonin-deficient strains (C57BL6/J and 129/Sv) were not affected by this daily visual cycle modulation. Our results demonstrate that the circadian clock and light exposure regulate the recycling of chromophore in the RPE visual cycle. This daily modulation of rod dark adaptation is mediated by melatonin and could potentially protect the retina from light-induced damage during the day.",mRNA-seq of murine eyes (lens removed) in objective day (OD) vs. subjective day (SD) conditions (2 biological replicates per condition). Each biological replicate consisted of 4 eyes (from 1 female and 1 male).,26626567,,,34213,GPL17021,Mus musculus,GSE,Expression profiling by high throughput sequencing,2015/11/19,4,ftp://ftp.ncbi.nlm.nih.gov/geo/series/GSE68nnn/GSE68470/,Circadian and light-driven regulation of rod dark adaptation.,Scientific reports,2015 Dec 2,10.1038/srep17616,OSD-397|M36,Ground Control
145,GSM3832701,0.9957304000854492,GSE131954,"Spaceflight causes changes in gene expression, photoreceptor integrity, and oxidative stress-related damage in the murine retina",,,"Purpose:The purpose of this study was to determine whether the spaceflight environment induces oxidative damage on ocular structure and how gene expression profiles change during spaceflight. Methods: RNA sequencing, immunofluorescence, and microCT assays were performed on two groups of mice to assess the effects of spaceflight on the mammalian retina. Ten week old adult C57BL/6 mice was flown aboard the ISS for 35 days and returned to Earth alive. Ground control mice were maintained on Earth in identical flight hardware. Within 38 (+/-4) hours of splashdown, mice were euthanized and ocular tissues were collected for analysis. Results:RNA sequencing detected 600 differentially expressed genes in spaceflight retina. This set of differentially expressed genes is enriched for genes related to visual perception, the phototransduction pathway, and numerous retina and photoreceptor phenotype categories. Eleven of the differentially expressed genes are associated with the disease retinitis pigmentosa, a retinal disease characterized by dystrophy of the rods and cones of the photoreceptor layer. Analysis of differentially expressed transcription factors indicate changes in chromatin structure, offering clues to the causes of the phenotypic changes observed. Additionally, immunofluorescence assays showed degradation of cone photoreceptors and increased oxidative stress in the retina. Retinal thickness, as well as thickness of the retinal pigment epithelium and choroid layers, were significantly reduced after spaceflight. Conclusions: These results indicate that retinal performance may decrease over extended periods of spaceflight and cause visual impairment.",Retinal RNA-Seq libraries of ten week old adult C57BL/6 mice were constructed (Ovation® Mouse RNA-Seq System; Nugen) and sequencing performed on  Illumina HiSeq 4000,31527661,,,258083,GPL21103,Mus musculus,GSE,Expression profiling by high throughput sequencing,2019/05/31,16,ftp://ftp.ncbi.nlm.nih.gov/geo/series/GSE131nnn/GSE131954/,"Spaceflight influences gene expression, photoreceptor integrity, and oxidative stress-related damage in the murine retina.",Scientific reports,2019 Sep 16,10.1038/s41598-019-49453-x,OSD-397|M36,Ground Control
146,GSM3832704,0.9956701993942261,GSE131954,"Spaceflight causes changes in gene expression, photoreceptor integrity, and oxidative stress-related damage in the murine retina",,,"Purpose:The purpose of this study was to determine whether the spaceflight environment induces oxidative damage on ocular structure and how gene expression profiles change during spaceflight. Methods: RNA sequencing, immunofluorescence, and microCT assays were performed on two groups of mice to assess the effects of spaceflight on the mammalian retina. Ten week old adult C57BL/6 mice was flown aboard the ISS for 35 days and returned to Earth alive. Ground control mice were maintained on Earth in identical flight hardware. Within 38 (+/-4) hours of splashdown, mice were euthanized and ocular tissues were collected for analysis. Results:RNA sequencing detected 600 differentially expressed genes in spaceflight retina. This set of differentially expressed genes is enriched for genes related to visual perception, the phototransduction pathway, and numerous retina and photoreceptor phenotype categories. Eleven of the differentially expressed genes are associated with the disease retinitis pigmentosa, a retinal disease characterized by dystrophy of the rods and cones of the photoreceptor layer. Analysis of differentially expressed transcription factors indicate changes in chromatin structure, offering clues to the causes of the phenotypic changes observed. Additionally, immunofluorescence assays showed degradation of cone photoreceptors and increased oxidative stress in the retina. Retinal thickness, as well as thickness of the retinal pigment epithelium and choroid layers, were significantly reduced after spaceflight. Conclusions: These results indicate that retinal performance may decrease over extended periods of spaceflight and cause visual impairment.",Retinal RNA-Seq libraries of ten week old adult C57BL/6 mice were constructed (Ovation® Mouse RNA-Seq System; Nugen) and sequencing performed on  Illumina HiSeq 4000,31527661,,,258086,GPL21103,Mus musculus,GSE,Expression profiling by high throughput sequencing,2019/05/31,16,ftp://ftp.ncbi.nlm.nih.gov/geo/series/GSE131nnn/GSE131954/,"Spaceflight influences gene expression, photoreceptor integrity, and oxidative stress-related damage in the murine retina.",Scientific reports,2019 Sep 16,10.1038/s41598-019-49453-x,OSD-397|M36,Ground Control
147,GSM4844323,0.9954372644424438,GSE159771,Illumina NGS RNA-seq and RRBS Sequencing on Spaceflight Mouse Retina,,,"We reported the retinal transcriptome and methylome profiles of spaceflight and habitat control mice. The retinal transcrtiome was generated including 764 million paired-end 75x2 bp RNA-seq data. The methylome was generated including 788  million 75-bp RRBS DNA methylation data. We identified 177 differentially expressed genes (DEGs) induced by spaceflight based on the RNA-seq dataset, and 643 differentially methylated genes (DMGs) based on RRBS dataset. Functional enrichement analysis based on DEGs and DMGs revealed that spaceflight altered extracellular matrix component (EMC), cell to cell junction, inflammation pathway, wound-healing process, etc. Integration analysis based on transcriptome and methylome  suggested that modifications on DNA methylation were correlated with transcriptome changes for several significant biological processes and/or pathways.","This study was under the umbrella of the NASA Rodent Research-1 project consortium. In this project, 16-week-old female C57 BL/6J mice were sent to International Space Station (ISS) in NASA's animal enclosure modules (AEM) and were kept inside ISS middeck for 37 days. We used transcrptomic and methylomic approaches to investigated the spaceflight-associated neuro-ocular syndrome (SANS) using retinas from those spaceflight mice.",34179686,,,431377,GPL21626,Mus musculus,GSE,Expression profiling by high throughput sequencing; Methylation profiling by high throughput sequencing,2021/06/30,32,ftp://ftp.ncbi.nlm.nih.gov/geo/series/GSE159nnn/GSE159771/,Spaceflight decelerates the epigenetic clock orchestrated with a global alteration in DNA methylome and transcriptome in the mouse retina.,Precision clinical medicine,2021 Jun,10.1093/pcmedi/pbab012,OSD-397|M36,Ground Control
148,GSM3832706,0.9953838586807251,GSE131954,"Spaceflight causes changes in gene expression, photoreceptor integrity, and oxidative stress-related damage in the murine retina",,,"Purpose:The purpose of this study was to determine whether the spaceflight environment induces oxidative damage on ocular structure and how gene expression profiles change during spaceflight. Methods: RNA sequencing, immunofluorescence, and microCT assays were performed on two groups of mice to assess the effects of spaceflight on the mammalian retina. Ten week old adult C57BL/6 mice was flown aboard the ISS for 35 days and returned to Earth alive. Ground control mice were maintained on Earth in identical flight hardware. Within 38 (+/-4) hours of splashdown, mice were euthanized and ocular tissues were collected for analysis. Results:RNA sequencing detected 600 differentially expressed genes in spaceflight retina. This set of differentially expressed genes is enriched for genes related to visual perception, the phototransduction pathway, and numerous retina and photoreceptor phenotype categories. Eleven of the differentially expressed genes are associated with the disease retinitis pigmentosa, a retinal disease characterized by dystrophy of the rods and cones of the photoreceptor layer. Analysis of differentially expressed transcription factors indicate changes in chromatin structure, offering clues to the causes of the phenotypic changes observed. Additionally, immunofluorescence assays showed degradation of cone photoreceptors and increased oxidative stress in the retina. Retinal thickness, as well as thickness of the retinal pigment epithelium and choroid layers, were significantly reduced after spaceflight. Conclusions: These results indicate that retinal performance may decrease over extended periods of spaceflight and cause visual impairment.",Retinal RNA-Seq libraries of ten week old adult C57BL/6 mice were constructed (Ovation® Mouse RNA-Seq System; Nugen) and sequencing performed on  Illumina HiSeq 4000,31527661,,,258088,GPL21103,Mus musculus,GSE,Expression profiling by high throughput sequencing,2019/05/31,16,ftp://ftp.ncbi.nlm.nih.gov/geo/series/GSE131nnn/GSE131954/,"Spaceflight influences gene expression, photoreceptor integrity, and oxidative stress-related damage in the murine retina.",Scientific reports,2019 Sep 16,10.1038/s41598-019-49453-x,OSD-397|M36,Ground Control
149,GSM3832699,0.9953598976135254,GSE131954,"Spaceflight causes changes in gene expression, photoreceptor integrity, and oxidative stress-related damage in the murine retina",,,"Purpose:The purpose of this study was to determine whether the spaceflight environment induces oxidative damage on ocular structure and how gene expression profiles change during spaceflight. Methods: RNA sequencing, immunofluorescence, and microCT assays were performed on two groups of mice to assess the effects of spaceflight on the mammalian retina. Ten week old adult C57BL/6 mice was flown aboard the ISS for 35 days and returned to Earth alive. Ground control mice were maintained on Earth in identical flight hardware. Within 38 (+/-4) hours of splashdown, mice were euthanized and ocular tissues were collected for analysis. Results:RNA sequencing detected 600 differentially expressed genes in spaceflight retina. This set of differentially expressed genes is enriched for genes related to visual perception, the phototransduction pathway, and numerous retina and photoreceptor phenotype categories. Eleven of the differentially expressed genes are associated with the disease retinitis pigmentosa, a retinal disease characterized by dystrophy of the rods and cones of the photoreceptor layer. Analysis of differentially expressed transcription factors indicate changes in chromatin structure, offering clues to the causes of the phenotypic changes observed. Additionally, immunofluorescence assays showed degradation of cone photoreceptors and increased oxidative stress in the retina. Retinal thickness, as well as thickness of the retinal pigment epithelium and choroid layers, were significantly reduced after spaceflight. Conclusions: These results indicate that retinal performance may decrease over extended periods of spaceflight and cause visual impairment.",Retinal RNA-Seq libraries of ten week old adult C57BL/6 mice were constructed (Ovation® Mouse RNA-Seq System; Nugen) and sequencing performed on  Illumina HiSeq 4000,31527661,,,258081,GPL21103,Mus musculus,GSE,Expression profiling by high throughput sequencing,2019/05/31,16,ftp://ftp.ncbi.nlm.nih.gov/geo/series/GSE131nnn/GSE131954/,"Spaceflight influences gene expression, photoreceptor integrity, and oxidative stress-related damage in the murine retina.",Scientific reports,2019 Sep 16,10.1038/s41598-019-49453-x,OSD-397|M36,Ground Control
150,GSM3832708,0.9978812336921692,GSE131954,"Spaceflight causes changes in gene expression, photoreceptor integrity, and oxidative stress-related damage in the murine retina",,,"Purpose:The purpose of this study was to determine whether the spaceflight environment induces oxidative damage on ocular structure and how gene expression profiles change during spaceflight. Methods: RNA sequencing, immunofluorescence, and microCT assays were performed on two groups of mice to assess the effects of spaceflight on the mammalian retina. Ten week old adult C57BL/6 mice was flown aboard the ISS for 35 days and returned to Earth alive. Ground control mice were maintained on Earth in identical flight hardware. Within 38 (+/-4) hours of splashdown, mice were euthanized and ocular tissues were collected for analysis. Results:RNA sequencing detected 600 differentially expressed genes in spaceflight retina. This set of differentially expressed genes is enriched for genes related to visual perception, the phototransduction pathway, and numerous retina and photoreceptor phenotype categories. Eleven of the differentially expressed genes are associated with the disease retinitis pigmentosa, a retinal disease characterized by dystrophy of the rods and cones of the photoreceptor layer. Analysis of differentially expressed transcription factors indicate changes in chromatin structure, offering clues to the causes of the phenotypic changes observed. Additionally, immunofluorescence assays showed degradation of cone photoreceptors and increased oxidative stress in the retina. Retinal thickness, as well as thickness of the retinal pigment epithelium and choroid layers, were significantly reduced after spaceflight. Conclusions: These results indicate that retinal performance may decrease over extended periods of spaceflight and cause visual impairment.",Retinal RNA-Seq libraries of ten week old adult C57BL/6 mice were constructed (Ovation® Mouse RNA-Seq System; Nugen) and sequencing performed on  Illumina HiSeq 4000,31527661,,,258090,GPL21103,Mus musculus,GSE,Expression profiling by high throughput sequencing,2019/05/31,16,ftp://ftp.ncbi.nlm.nih.gov/geo/series/GSE131nnn/GSE131954/,"Spaceflight influences gene expression, photoreceptor integrity, and oxidative stress-related damage in the murine retina.",Scientific reports,2019 Sep 16,10.1038/s41598-019-49453-x,OSD-397|M37,Ground Control
151,GSM3832706,0.9978170990943909,GSE131954,"Spaceflight causes changes in gene expression, photoreceptor integrity, and oxidative stress-related damage in the murine retina",,,"Purpose:The purpose of this study was to determine whether the spaceflight environment induces oxidative damage on ocular structure and how gene expression profiles change during spaceflight. Methods: RNA sequencing, immunofluorescence, and microCT assays were performed on two groups of mice to assess the effects of spaceflight on the mammalian retina. Ten week old adult C57BL/6 mice was flown aboard the ISS for 35 days and returned to Earth alive. Ground control mice were maintained on Earth in identical flight hardware. Within 38 (+/-4) hours of splashdown, mice were euthanized and ocular tissues were collected for analysis. Results:RNA sequencing detected 600 differentially expressed genes in spaceflight retina. This set of differentially expressed genes is enriched for genes related to visual perception, the phototransduction pathway, and numerous retina and photoreceptor phenotype categories. Eleven of the differentially expressed genes are associated with the disease retinitis pigmentosa, a retinal disease characterized by dystrophy of the rods and cones of the photoreceptor layer. Analysis of differentially expressed transcription factors indicate changes in chromatin structure, offering clues to the causes of the phenotypic changes observed. Additionally, immunofluorescence assays showed degradation of cone photoreceptors and increased oxidative stress in the retina. Retinal thickness, as well as thickness of the retinal pigment epithelium and choroid layers, were significantly reduced after spaceflight. Conclusions: These results indicate that retinal performance may decrease over extended periods of spaceflight and cause visual impairment.",Retinal RNA-Seq libraries of ten week old adult C57BL/6 mice were constructed (Ovation® Mouse RNA-Seq System; Nugen) and sequencing performed on  Illumina HiSeq 4000,31527661,,,258088,GPL21103,Mus musculus,GSE,Expression profiling by high throughput sequencing,2019/05/31,16,ftp://ftp.ncbi.nlm.nih.gov/geo/series/GSE131nnn/GSE131954/,"Spaceflight influences gene expression, photoreceptor integrity, and oxidative stress-related damage in the murine retina.",Scientific reports,2019 Sep 16,10.1038/s41598-019-49453-x,OSD-397|M37,Ground Control
152,GSM3832699,0.9969407320022583,GSE131954,"Spaceflight causes changes in gene expression, photoreceptor integrity, and oxidative stress-related damage in the murine retina",,,"Purpose:The purpose of this study was to determine whether the spaceflight environment induces oxidative damage on ocular structure and how gene expression profiles change during spaceflight. Methods: RNA sequencing, immunofluorescence, and microCT assays were performed on two groups of mice to assess the effects of spaceflight on the mammalian retina. Ten week old adult C57BL/6 mice was flown aboard the ISS for 35 days and returned to Earth alive. Ground control mice were maintained on Earth in identical flight hardware. Within 38 (+/-4) hours of splashdown, mice were euthanized and ocular tissues were collected for analysis. Results:RNA sequencing detected 600 differentially expressed genes in spaceflight retina. This set of differentially expressed genes is enriched for genes related to visual perception, the phototransduction pathway, and numerous retina and photoreceptor phenotype categories. Eleven of the differentially expressed genes are associated with the disease retinitis pigmentosa, a retinal disease characterized by dystrophy of the rods and cones of the photoreceptor layer. Analysis of differentially expressed transcription factors indicate changes in chromatin structure, offering clues to the causes of the phenotypic changes observed. Additionally, immunofluorescence assays showed degradation of cone photoreceptors and increased oxidative stress in the retina. Retinal thickness, as well as thickness of the retinal pigment epithelium and choroid layers, were significantly reduced after spaceflight. Conclusions: These results indicate that retinal performance may decrease over extended periods of spaceflight and cause visual impairment.",Retinal RNA-Seq libraries of ten week old adult C57BL/6 mice were constructed (Ovation® Mouse RNA-Seq System; Nugen) and sequencing performed on  Illumina HiSeq 4000,31527661,,,258081,GPL21103,Mus musculus,GSE,Expression profiling by high throughput sequencing,2019/05/31,16,ftp://ftp.ncbi.nlm.nih.gov/geo/series/GSE131nnn/GSE131954/,"Spaceflight influences gene expression, photoreceptor integrity, and oxidative stress-related damage in the murine retina.",Scientific reports,2019 Sep 16,10.1038/s41598-019-49453-x,OSD-397|M37,Ground Control
153,GSM3832695,0.9969234466552734,GSE131954,"Spaceflight causes changes in gene expression, photoreceptor integrity, and oxidative stress-related damage in the murine retina",,,"Purpose:The purpose of this study was to determine whether the spaceflight environment induces oxidative damage on ocular structure and how gene expression profiles change during spaceflight. Methods: RNA sequencing, immunofluorescence, and microCT assays were performed on two groups of mice to assess the effects of spaceflight on the mammalian retina. Ten week old adult C57BL/6 mice was flown aboard the ISS for 35 days and returned to Earth alive. Ground control mice were maintained on Earth in identical flight hardware. Within 38 (+/-4) hours of splashdown, mice were euthanized and ocular tissues were collected for analysis. Results:RNA sequencing detected 600 differentially expressed genes in spaceflight retina. This set of differentially expressed genes is enriched for genes related to visual perception, the phototransduction pathway, and numerous retina and photoreceptor phenotype categories. Eleven of the differentially expressed genes are associated with the disease retinitis pigmentosa, a retinal disease characterized by dystrophy of the rods and cones of the photoreceptor layer. Analysis of differentially expressed transcription factors indicate changes in chromatin structure, offering clues to the causes of the phenotypic changes observed. Additionally, immunofluorescence assays showed degradation of cone photoreceptors and increased oxidative stress in the retina. Retinal thickness, as well as thickness of the retinal pigment epithelium and choroid layers, were significantly reduced after spaceflight. Conclusions: These results indicate that retinal performance may decrease over extended periods of spaceflight and cause visual impairment.",Retinal RNA-Seq libraries of ten week old adult C57BL/6 mice were constructed (Ovation® Mouse RNA-Seq System; Nugen) and sequencing performed on  Illumina HiSeq 4000,31527661,,,258077,GPL21103,Mus musculus,GSE,Expression profiling by high throughput sequencing,2019/05/31,16,ftp://ftp.ncbi.nlm.nih.gov/geo/series/GSE131nnn/GSE131954/,"Spaceflight influences gene expression, photoreceptor integrity, and oxidative stress-related damage in the murine retina.",Scientific reports,2019 Sep 16,10.1038/s41598-019-49453-x,OSD-397|M37,Ground Control
154,GSM5191728,0.9966537952423096,GSE169262,Identification of a modular super-enhancer in murine retinal development,,,"Single cell RNA-sequencing shows cell type specific expression of genes in the retina. Single cell ATAC-sequencing of the wild type retina at multiple stages revealed that chromatin in the Vsx2 CRC SE, a stage- and cell type-specific core regulatory circuit super-enhancer (CRC-SE) upstream of the Vsx2 gene, was only open in bipolar cells in Region3 in adult retina. Chromatin in Region0 was open in retinal progenitor cells in E14.5 retina.","Single cell RNA sequencing, single cell ATAC sequencing, bulk RNA sequencing,  and ChIP sequening from WT and VSX2SE Region deletion mice retina at E14.5 and adult stages",35017532,,,476944,GPL24247; GPL17021,Mus musculus,GSE,Expression profiling by high throughput sequencing; Genome binding/occupancy profiling by high throughput sequencing,2021/11/16,43,ftp://ftp.ncbi.nlm.nih.gov/geo/series/GSE169nnn/GSE169262/,Identification of a modular super-enhancer in murine retinal development.,Nature communications,2022 Jan 11,10.1038/s41467-021-27924-y,OSD-397|M37,Ground Control
155,GSM1362149,0.9966289401054382,GSE56473,rd10 transcriptome analysis,,,"Retinitis pigmentosa (RP) is a photoreceptor disease that affects approximately 100,000 people in the United States. There are currently very limited treatment options and the prognosis for most patients is progressive vision loss. Unfortunately, the understanding of the molecular underpinnings of RP initiation and progression is still poorly understood. However, the development of animal models of RP, coupled with high-throughput sequencing, has provided an opportunity to study the underlying cellular and molecular changes of this disease. Using RNA-Seq, we present the first retinal transcriptome analysis of the rd10 murine model of retinal degeneration.","RNA-Seq on whole-retina samples from rd10, wild-type and GFP-expressing mouse retina. Three biological replicates of each.",25489233,,,15287,GPL13112,Mus musculus,GSE,Expression profiling by high throughput sequencing,2014/10/26,9,ftp://ftp.ncbi.nlm.nih.gov/geo/series/GSE56nnn/GSE56473/,A profile of transcriptomic changes in the rd10 mouse model of retinitis pigmentosa.,Molecular vision,2014,,OSD-397|M37,Ground Control
156,GSM3832694,0.9965474009513855,GSE131954,"Spaceflight causes changes in gene expression, photoreceptor integrity, and oxidative stress-related damage in the murine retina",,,"Purpose:The purpose of this study was to determine whether the spaceflight environment induces oxidative damage on ocular structure and how gene expression profiles change during spaceflight. Methods: RNA sequencing, immunofluorescence, and microCT assays were performed on two groups of mice to assess the effects of spaceflight on the mammalian retina. Ten week old adult C57BL/6 mice was flown aboard the ISS for 35 days and returned to Earth alive. Ground control mice were maintained on Earth in identical flight hardware. Within 38 (+/-4) hours of splashdown, mice were euthanized and ocular tissues were collected for analysis. Results:RNA sequencing detected 600 differentially expressed genes in spaceflight retina. This set of differentially expressed genes is enriched for genes related to visual perception, the phototransduction pathway, and numerous retina and photoreceptor phenotype categories. Eleven of the differentially expressed genes are associated with the disease retinitis pigmentosa, a retinal disease characterized by dystrophy of the rods and cones of the photoreceptor layer. Analysis of differentially expressed transcription factors indicate changes in chromatin structure, offering clues to the causes of the phenotypic changes observed. Additionally, immunofluorescence assays showed degradation of cone photoreceptors and increased oxidative stress in the retina. Retinal thickness, as well as thickness of the retinal pigment epithelium and choroid layers, were significantly reduced after spaceflight. Conclusions: These results indicate that retinal performance may decrease over extended periods of spaceflight and cause visual impairment.",Retinal RNA-Seq libraries of ten week old adult C57BL/6 mice were constructed (Ovation® Mouse RNA-Seq System; Nugen) and sequencing performed on  Illumina HiSeq 4000,31527661,,,258076,GPL21103,Mus musculus,GSE,Expression profiling by high throughput sequencing,2019/05/31,16,ftp://ftp.ncbi.nlm.nih.gov/geo/series/GSE131nnn/GSE131954/,"Spaceflight influences gene expression, photoreceptor integrity, and oxidative stress-related damage in the murine retina.",Scientific reports,2019 Sep 16,10.1038/s41598-019-49453-x,OSD-397|M37,Ground Control
157,GSM4027499,0.9965285062789917,GSE135752,Tamoxifen induction of Cre recombinase does not cause long lasting or sexually divergent responses in the CNS epigenome or transcriptome: implications for the design of aging studies (RNA-Seq).,,,"The systemic delivery of tamoxifen (Tam) to activate inducible CreERT2-loxP transgenic mouse systems is now widely used in neuroscience studies. This critical technological advancement allows temporal control of DNA-cre recombination, avoidance of embryonically lethal phenotypes, and minimization of residual cell labeling encountered in constitutively active drivers. Despite its advantages, the use of Tam has the potential to cause long-lasting, uncharacterized side effects on the transcriptome and epigenome in the CNS, given its mixed estrogen receptor (ER) agonist/antagonist actions. With the welcome focus on including both sexes in biomedical studies and efforts to understand sex differences, Tam administration could also cause sexually divergent responses that would confound studies. To examine these issues, epigenetic and transcriptomic profiles were compared in C57BL/6J female and male hippocampus, cortex, and retina 1 month after a five- day Tam treatment typical for cre induction, or vehicle control (sunflower seed oil). Cytosine methylation and hydroxymethylation levels, in both CG and non-CG contexts, were unchanged as determined by oxidative bisulfite sequencing. Long-lasting Tam transcriptomic effects were also not evident/minimal. Furthermore, there is no evidence of sexually divergent responses with Tam administration and Tam did not alter sex differences evident in controls. Combined with recently reported data that Tam alone does not cause long-lasting changes in behavior and neurogenesis, our findings provide confidence that Tam can be used as a cre-recombinase inducer without introducing significant confounds in transcriptomic and epigenomic neuroscience studies, particularly those focused on genomic and transcriptomic aspects of the aging brain.","Examination of the effect of tamoxifen administration on RNA Expression in the retina, cortex, and hippocampus of mouse by RNA-Seq",31493147;35589920,,,279526,GPL17021; GPL19057,Mus musculus,GSE,Expression profiling by high throughput sequencing,2019/08/13,45,ftp://ftp.ncbi.nlm.nih.gov/geo/series/GSE135nnn/GSE135752/,Tamoxifen induction of Cre recombinase does not cause long-lasting or sexually divergent responses in the CNS epigenome or transcriptome: implications for the design of aging studies.,GeroScience,2019 Oct,10.1007/s11357-019-00090-2,OSD-397|M37,Ground Control
158,GSM3832701,0.9965220093727112,GSE131954,"Spaceflight causes changes in gene expression, photoreceptor integrity, and oxidative stress-related damage in the murine retina",,,"Purpose:The purpose of this study was to determine whether the spaceflight environment induces oxidative damage on ocular structure and how gene expression profiles change during spaceflight. Methods: RNA sequencing, immunofluorescence, and microCT assays were performed on two groups of mice to assess the effects of spaceflight on the mammalian retina. Ten week old adult C57BL/6 mice was flown aboard the ISS for 35 days and returned to Earth alive. Ground control mice were maintained on Earth in identical flight hardware. Within 38 (+/-4) hours of splashdown, mice were euthanized and ocular tissues were collected for analysis. Results:RNA sequencing detected 600 differentially expressed genes in spaceflight retina. This set of differentially expressed genes is enriched for genes related to visual perception, the phototransduction pathway, and numerous retina and photoreceptor phenotype categories. Eleven of the differentially expressed genes are associated with the disease retinitis pigmentosa, a retinal disease characterized by dystrophy of the rods and cones of the photoreceptor layer. Analysis of differentially expressed transcription factors indicate changes in chromatin structure, offering clues to the causes of the phenotypic changes observed. Additionally, immunofluorescence assays showed degradation of cone photoreceptors and increased oxidative stress in the retina. Retinal thickness, as well as thickness of the retinal pigment epithelium and choroid layers, were significantly reduced after spaceflight. Conclusions: These results indicate that retinal performance may decrease over extended periods of spaceflight and cause visual impairment.",Retinal RNA-Seq libraries of ten week old adult C57BL/6 mice were constructed (Ovation® Mouse RNA-Seq System; Nugen) and sequencing performed on  Illumina HiSeq 4000,31527661,,,258083,GPL21103,Mus musculus,GSE,Expression profiling by high throughput sequencing,2019/05/31,16,ftp://ftp.ncbi.nlm.nih.gov/geo/series/GSE131nnn/GSE131954/,"Spaceflight influences gene expression, photoreceptor integrity, and oxidative stress-related damage in the murine retina.",Scientific reports,2019 Sep 16,10.1038/s41598-019-49453-x,OSD-397|M37,Ground Control
159,GSM4027495,0.9965046048164368,GSE135752,Tamoxifen induction of Cre recombinase does not cause long lasting or sexually divergent responses in the CNS epigenome or transcriptome: implications for the design of aging studies (RNA-Seq).,,,"The systemic delivery of tamoxifen (Tam) to activate inducible CreERT2-loxP transgenic mouse systems is now widely used in neuroscience studies. This critical technological advancement allows temporal control of DNA-cre recombination, avoidance of embryonically lethal phenotypes, and minimization of residual cell labeling encountered in constitutively active drivers. Despite its advantages, the use of Tam has the potential to cause long-lasting, uncharacterized side effects on the transcriptome and epigenome in the CNS, given its mixed estrogen receptor (ER) agonist/antagonist actions. With the welcome focus on including both sexes in biomedical studies and efforts to understand sex differences, Tam administration could also cause sexually divergent responses that would confound studies. To examine these issues, epigenetic and transcriptomic profiles were compared in C57BL/6J female and male hippocampus, cortex, and retina 1 month after a five- day Tam treatment typical for cre induction, or vehicle control (sunflower seed oil). Cytosine methylation and hydroxymethylation levels, in both CG and non-CG contexts, were unchanged as determined by oxidative bisulfite sequencing. Long-lasting Tam transcriptomic effects were also not evident/minimal. Furthermore, there is no evidence of sexually divergent responses with Tam administration and Tam did not alter sex differences evident in controls. Combined with recently reported data that Tam alone does not cause long-lasting changes in behavior and neurogenesis, our findings provide confidence that Tam can be used as a cre-recombinase inducer without introducing significant confounds in transcriptomic and epigenomic neuroscience studies, particularly those focused on genomic and transcriptomic aspects of the aging brain.","Examination of the effect of tamoxifen administration on RNA Expression in the retina, cortex, and hippocampus of mouse by RNA-Seq",31493147;35589920,,,279522,GPL17021; GPL19057,Mus musculus,GSE,Expression profiling by high throughput sequencing,2019/08/13,45,ftp://ftp.ncbi.nlm.nih.gov/geo/series/GSE135nnn/GSE135752/,Tamoxifen induction of Cre recombinase does not cause long-lasting or sexually divergent responses in the CNS epigenome or transcriptome: implications for the design of aging studies.,GeroScience,2019 Oct,10.1007/s11357-019-00090-2,OSD-397|M37,Ground Control
