,gsm,score,gse,title,source_name,characteristics,geo_summary,geo_design,pubmed_ids,tissue,species,archs4_index,geo_platform_biopython,geo_taxon_biopython,geo_entry_type_biopython,geo_gds_type_biopython,geo_pdat_biopython,geo_n_samples_biopython,geo_ftp_link_biopython,pubmed_title_biopython,pubmed_journal_biopython,pubmed_pub_date_biopython,pubmed_doi_biopython,sample_name,spaceflight
0,GSM4199537,0.9955287575721741,GSE141252,Chronologic age and morbidities could converge on gene-specific traits through length-dependent failure of transcript polymerization,,,We provide evidence for the decrease of long transcripts during aging using a unique reference transcriptomic survey of 17 mouse organs sampled at 5 timepoints over the lifespan.,"Transcriptomic profiles of 17 mouse organs, sampled at 4, 9, 12, 18, 24 months of age, were generated by standard illumina RNA-Seq protocols.",,,,314932,GPL19057,Mus musculus,GSE,Expression profiling by high throughput sequencing,2021/12/31,518,ftp://ftp.ncbi.nlm.nih.gov/geo/series/GSE141nnn/GSE141252/,,,,,OSD-161|Mmus_BAL-TAL_ADR_BSL_Rep1_B1,Basal Control
1,GSM6138792,0.9954763650894165,GSE202940,Kinetic comparative analysis of gene expression in whole adrenal glands from Znrf3 cKO and control mice,,,"Unlike most cancers, adrenocortical carcinomas (ACC) are more frequent in women than men, but the underlying mechanisms of this sexual dimorphism remain elusive. Here, we show that inactivation of Znrf3 in steroidogenic cells of the mouse adrenal cortex is associated with sexually dimorphic tumour progression. Although female knockouts develop metastatic carcinomas at 18 months, adrenal hyperplasia regresses in male knockouts. This male-specific phenotype is associated with androgen-dependent induction of senescence, recruitment and differentiation of highly phagocytic macrophages that clear-out senescent cells. In contrast, in females, macrophage recruitment is delayed and dampened, which allows for aggressive tumour progression. Consistently, analysis of TCGA-ACC data shows that phagocytic macrophages are more prominent in men and associated with better prognosis. Altogether, these data show that phagocytic macrophages are key players in the sexual dimorphism of ACC and establish them as novel therapeutic targets for this devastating cancer.",These data analyse gene expression in whole adrenals from  wild-type control mice and mice with conditionnal ablation of Znrf3 (Znrf3 cKO = Sf1-Cre;Znrf3F/F) in steroidogenic cells of the adrenal cortex. Adrenals were collected at different timepoints to evaluate kinetic evolution of the phenotype and in both males and females to evaluate sexual dimorphism. Wild-type and Znrf3 cKO mice were littermates.,36240276,,,637936,GPL21103,Mus musculus,GSE,Expression profiling by high throughput sequencing,2022/10/15,73,ftp://ftp.ncbi.nlm.nih.gov/geo/series/GSE202nnn/GSE202940/,Sexually dimorphic activation of innate antitumor immunity prevents adrenocortical carcinoma development.,Science advances,2022 Oct 14,10.1126/sciadv.add0422,OSD-161|Mmus_BAL-TAL_ADR_BSL_Rep1_B1,Basal Control
2,GSM6138752,0.9953556060791016,GSE202940,Kinetic comparative analysis of gene expression in whole adrenal glands from Znrf3 cKO and control mice,,,"Unlike most cancers, adrenocortical carcinomas (ACC) are more frequent in women than men, but the underlying mechanisms of this sexual dimorphism remain elusive. Here, we show that inactivation of Znrf3 in steroidogenic cells of the mouse adrenal cortex is associated with sexually dimorphic tumour progression. Although female knockouts develop metastatic carcinomas at 18 months, adrenal hyperplasia regresses in male knockouts. This male-specific phenotype is associated with androgen-dependent induction of senescence, recruitment and differentiation of highly phagocytic macrophages that clear-out senescent cells. In contrast, in females, macrophage recruitment is delayed and dampened, which allows for aggressive tumour progression. Consistently, analysis of TCGA-ACC data shows that phagocytic macrophages are more prominent in men and associated with better prognosis. Altogether, these data show that phagocytic macrophages are key players in the sexual dimorphism of ACC and establish them as novel therapeutic targets for this devastating cancer.",These data analyse gene expression in whole adrenals from  wild-type control mice and mice with conditionnal ablation of Znrf3 (Znrf3 cKO = Sf1-Cre;Znrf3F/F) in steroidogenic cells of the adrenal cortex. Adrenals were collected at different timepoints to evaluate kinetic evolution of the phenotype and in both males and females to evaluate sexual dimorphism. Wild-type and Znrf3 cKO mice were littermates.,36240276,,,637896,GPL21103,Mus musculus,GSE,Expression profiling by high throughput sequencing,2022/10/15,73,ftp://ftp.ncbi.nlm.nih.gov/geo/series/GSE202nnn/GSE202940/,Sexually dimorphic activation of innate antitumor immunity prevents adrenocortical carcinoma development.,Science advances,2022 Oct 14,10.1126/sciadv.add0422,OSD-161|Mmus_BAL-TAL_ADR_BSL_Rep1_B1,Basal Control
3,GSM6138797,0.9951099157333374,GSE202940,Kinetic comparative analysis of gene expression in whole adrenal glands from Znrf3 cKO and control mice,,,"Unlike most cancers, adrenocortical carcinomas (ACC) are more frequent in women than men, but the underlying mechanisms of this sexual dimorphism remain elusive. Here, we show that inactivation of Znrf3 in steroidogenic cells of the mouse adrenal cortex is associated with sexually dimorphic tumour progression. Although female knockouts develop metastatic carcinomas at 18 months, adrenal hyperplasia regresses in male knockouts. This male-specific phenotype is associated with androgen-dependent induction of senescence, recruitment and differentiation of highly phagocytic macrophages that clear-out senescent cells. In contrast, in females, macrophage recruitment is delayed and dampened, which allows for aggressive tumour progression. Consistently, analysis of TCGA-ACC data shows that phagocytic macrophages are more prominent in men and associated with better prognosis. Altogether, these data show that phagocytic macrophages are key players in the sexual dimorphism of ACC and establish them as novel therapeutic targets for this devastating cancer.",These data analyse gene expression in whole adrenals from  wild-type control mice and mice with conditionnal ablation of Znrf3 (Znrf3 cKO = Sf1-Cre;Znrf3F/F) in steroidogenic cells of the adrenal cortex. Adrenals were collected at different timepoints to evaluate kinetic evolution of the phenotype and in both males and females to evaluate sexual dimorphism. Wild-type and Znrf3 cKO mice were littermates.,36240276,,,637941,GPL21103,Mus musculus,GSE,Expression profiling by high throughput sequencing,2022/10/15,73,ftp://ftp.ncbi.nlm.nih.gov/geo/series/GSE202nnn/GSE202940/,Sexually dimorphic activation of innate antitumor immunity prevents adrenocortical carcinoma development.,Science advances,2022 Oct 14,10.1126/sciadv.add0422,OSD-161|Mmus_BAL-TAL_ADR_BSL_Rep1_B1,Basal Control
4,GSM5808344,0.9950156211853027,GSE193480,SUMOylation in adrenal cortex homeostasis,,,Identify genetic programs impacted by increasing protein SUMOylation and controlling adrenal cortex zonation,We used adrenal glands from pubescent female and male mice having a genetically induced global SUMOylation. The mutant mice bear adrenal-specific deletion of the Senp2-floxed conditional allele that encodes a deSUMOylase.,36543805,,,591886,GPL21103,Mus musculus,GSE,Expression profiling by high throughput sequencing,2022/11/22,16,ftp://ftp.ncbi.nlm.nih.gov/geo/series/GSE193nnn/GSE193480/,Loss of SUMO-specific protease 2 causes isolated glucocorticoid deficiency by blocking adrenal cortex zonal transdifferentiation in mice.,Nature communications,2022 Dec 21,10.1038/s41467-022-35526-5,OSD-161|Mmus_BAL-TAL_ADR_BSL_Rep1_B1,Basal Control
5,GSM6138753,0.9949826002120972,GSE202940,Kinetic comparative analysis of gene expression in whole adrenal glands from Znrf3 cKO and control mice,,,"Unlike most cancers, adrenocortical carcinomas (ACC) are more frequent in women than men, but the underlying mechanisms of this sexual dimorphism remain elusive. Here, we show that inactivation of Znrf3 in steroidogenic cells of the mouse adrenal cortex is associated with sexually dimorphic tumour progression. Although female knockouts develop metastatic carcinomas at 18 months, adrenal hyperplasia regresses in male knockouts. This male-specific phenotype is associated with androgen-dependent induction of senescence, recruitment and differentiation of highly phagocytic macrophages that clear-out senescent cells. In contrast, in females, macrophage recruitment is delayed and dampened, which allows for aggressive tumour progression. Consistently, analysis of TCGA-ACC data shows that phagocytic macrophages are more prominent in men and associated with better prognosis. Altogether, these data show that phagocytic macrophages are key players in the sexual dimorphism of ACC and establish them as novel therapeutic targets for this devastating cancer.",These data analyse gene expression in whole adrenals from  wild-type control mice and mice with conditionnal ablation of Znrf3 (Znrf3 cKO = Sf1-Cre;Znrf3F/F) in steroidogenic cells of the adrenal cortex. Adrenals were collected at different timepoints to evaluate kinetic evolution of the phenotype and in both males and females to evaluate sexual dimorphism. Wild-type and Znrf3 cKO mice were littermates.,36240276,,,637897,GPL21103,Mus musculus,GSE,Expression profiling by high throughput sequencing,2022/10/15,73,ftp://ftp.ncbi.nlm.nih.gov/geo/series/GSE202nnn/GSE202940/,Sexually dimorphic activation of innate antitumor immunity prevents adrenocortical carcinoma development.,Science advances,2022 Oct 14,10.1126/sciadv.add0422,OSD-161|Mmus_BAL-TAL_ADR_BSL_Rep1_B1,Basal Control
6,GSM6138755,0.994896650314331,GSE202940,Kinetic comparative analysis of gene expression in whole adrenal glands from Znrf3 cKO and control mice,,,"Unlike most cancers, adrenocortical carcinomas (ACC) are more frequent in women than men, but the underlying mechanisms of this sexual dimorphism remain elusive. Here, we show that inactivation of Znrf3 in steroidogenic cells of the mouse adrenal cortex is associated with sexually dimorphic tumour progression. Although female knockouts develop metastatic carcinomas at 18 months, adrenal hyperplasia regresses in male knockouts. This male-specific phenotype is associated with androgen-dependent induction of senescence, recruitment and differentiation of highly phagocytic macrophages that clear-out senescent cells. In contrast, in females, macrophage recruitment is delayed and dampened, which allows for aggressive tumour progression. Consistently, analysis of TCGA-ACC data shows that phagocytic macrophages are more prominent in men and associated with better prognosis. Altogether, these data show that phagocytic macrophages are key players in the sexual dimorphism of ACC and establish them as novel therapeutic targets for this devastating cancer.",These data analyse gene expression in whole adrenals from  wild-type control mice and mice with conditionnal ablation of Znrf3 (Znrf3 cKO = Sf1-Cre;Znrf3F/F) in steroidogenic cells of the adrenal cortex. Adrenals were collected at different timepoints to evaluate kinetic evolution of the phenotype and in both males and females to evaluate sexual dimorphism. Wild-type and Znrf3 cKO mice were littermates.,36240276,,,637899,GPL21103,Mus musculus,GSE,Expression profiling by high throughput sequencing,2022/10/15,73,ftp://ftp.ncbi.nlm.nih.gov/geo/series/GSE202nnn/GSE202940/,Sexually dimorphic activation of innate antitumor immunity prevents adrenocortical carcinoma development.,Science advances,2022 Oct 14,10.1126/sciadv.add0422,OSD-161|Mmus_BAL-TAL_ADR_BSL_Rep1_B1,Basal Control
7,GSM5808336,0.9948632717132568,GSE193480,SUMOylation in adrenal cortex homeostasis,,,Identify genetic programs impacted by increasing protein SUMOylation and controlling adrenal cortex zonation,We used adrenal glands from pubescent female and male mice having a genetically induced global SUMOylation. The mutant mice bear adrenal-specific deletion of the Senp2-floxed conditional allele that encodes a deSUMOylase.,36543805,,,591878,GPL21103,Mus musculus,GSE,Expression profiling by high throughput sequencing,2022/11/22,16,ftp://ftp.ncbi.nlm.nih.gov/geo/series/GSE193nnn/GSE193480/,Loss of SUMO-specific protease 2 causes isolated glucocorticoid deficiency by blocking adrenal cortex zonal transdifferentiation in mice.,Nature communications,2022 Dec 21,10.1038/s41467-022-35526-5,OSD-161|Mmus_BAL-TAL_ADR_BSL_Rep1_B1,Basal Control
8,GSM6138785,0.9947808980941772,GSE202940,Kinetic comparative analysis of gene expression in whole adrenal glands from Znrf3 cKO and control mice,,,"Unlike most cancers, adrenocortical carcinomas (ACC) are more frequent in women than men, but the underlying mechanisms of this sexual dimorphism remain elusive. Here, we show that inactivation of Znrf3 in steroidogenic cells of the mouse adrenal cortex is associated with sexually dimorphic tumour progression. Although female knockouts develop metastatic carcinomas at 18 months, adrenal hyperplasia regresses in male knockouts. This male-specific phenotype is associated with androgen-dependent induction of senescence, recruitment and differentiation of highly phagocytic macrophages that clear-out senescent cells. In contrast, in females, macrophage recruitment is delayed and dampened, which allows for aggressive tumour progression. Consistently, analysis of TCGA-ACC data shows that phagocytic macrophages are more prominent in men and associated with better prognosis. Altogether, these data show that phagocytic macrophages are key players in the sexual dimorphism of ACC and establish them as novel therapeutic targets for this devastating cancer.",These data analyse gene expression in whole adrenals from  wild-type control mice and mice with conditionnal ablation of Znrf3 (Znrf3 cKO = Sf1-Cre;Znrf3F/F) in steroidogenic cells of the adrenal cortex. Adrenals were collected at different timepoints to evaluate kinetic evolution of the phenotype and in both males and females to evaluate sexual dimorphism. Wild-type and Znrf3 cKO mice were littermates.,36240276,,,637929,GPL21103,Mus musculus,GSE,Expression profiling by high throughput sequencing,2022/10/15,73,ftp://ftp.ncbi.nlm.nih.gov/geo/series/GSE202nnn/GSE202940/,Sexually dimorphic activation of innate antitumor immunity prevents adrenocortical carcinoma development.,Science advances,2022 Oct 14,10.1126/sciadv.add0422,OSD-161|Mmus_BAL-TAL_ADR_BSL_Rep1_B1,Basal Control
9,GSM4199718,0.994722306728363,GSE141252,Chronologic age and morbidities could converge on gene-specific traits through length-dependent failure of transcript polymerization,,,We provide evidence for the decrease of long transcripts during aging using a unique reference transcriptomic survey of 17 mouse organs sampled at 5 timepoints over the lifespan.,"Transcriptomic profiles of 17 mouse organs, sampled at 4, 9, 12, 18, 24 months of age, were generated by standard illumina RNA-Seq protocols.",,,,315106,GPL19057,Mus musculus,GSE,Expression profiling by high throughput sequencing,2021/12/31,518,ftp://ftp.ncbi.nlm.nih.gov/geo/series/GSE141nnn/GSE141252/,,,,,OSD-161|Mmus_BAL-TAL_ADR_BSL_Rep1_B1,Basal Control
10,GSM6138791,0.9965952038764954,GSE202940,Kinetic comparative analysis of gene expression in whole adrenal glands from Znrf3 cKO and control mice,,,"Unlike most cancers, adrenocortical carcinomas (ACC) are more frequent in women than men, but the underlying mechanisms of this sexual dimorphism remain elusive. Here, we show that inactivation of Znrf3 in steroidogenic cells of the mouse adrenal cortex is associated with sexually dimorphic tumour progression. Although female knockouts develop metastatic carcinomas at 18 months, adrenal hyperplasia regresses in male knockouts. This male-specific phenotype is associated with androgen-dependent induction of senescence, recruitment and differentiation of highly phagocytic macrophages that clear-out senescent cells. In contrast, in females, macrophage recruitment is delayed and dampened, which allows for aggressive tumour progression. Consistently, analysis of TCGA-ACC data shows that phagocytic macrophages are more prominent in men and associated with better prognosis. Altogether, these data show that phagocytic macrophages are key players in the sexual dimorphism of ACC and establish them as novel therapeutic targets for this devastating cancer.",These data analyse gene expression in whole adrenals from  wild-type control mice and mice with conditionnal ablation of Znrf3 (Znrf3 cKO = Sf1-Cre;Znrf3F/F) in steroidogenic cells of the adrenal cortex. Adrenals were collected at different timepoints to evaluate kinetic evolution of the phenotype and in both males and females to evaluate sexual dimorphism. Wild-type and Znrf3 cKO mice were littermates.,36240276,,,637935,GPL21103,Mus musculus,GSE,Expression profiling by high throughput sequencing,2022/10/15,73,ftp://ftp.ncbi.nlm.nih.gov/geo/series/GSE202nnn/GSE202940/,Sexually dimorphic activation of innate antitumor immunity prevents adrenocortical carcinoma development.,Science advances,2022 Oct 14,10.1126/sciadv.add0422,OSD-161|Mmus_BAL-TAL_ADR_BSL_Rep2_B3,Basal Control
11,GSM6138801,0.9964942932128906,GSE202940,Kinetic comparative analysis of gene expression in whole adrenal glands from Znrf3 cKO and control mice,,,"Unlike most cancers, adrenocortical carcinomas (ACC) are more frequent in women than men, but the underlying mechanisms of this sexual dimorphism remain elusive. Here, we show that inactivation of Znrf3 in steroidogenic cells of the mouse adrenal cortex is associated with sexually dimorphic tumour progression. Although female knockouts develop metastatic carcinomas at 18 months, adrenal hyperplasia regresses in male knockouts. This male-specific phenotype is associated with androgen-dependent induction of senescence, recruitment and differentiation of highly phagocytic macrophages that clear-out senescent cells. In contrast, in females, macrophage recruitment is delayed and dampened, which allows for aggressive tumour progression. Consistently, analysis of TCGA-ACC data shows that phagocytic macrophages are more prominent in men and associated with better prognosis. Altogether, these data show that phagocytic macrophages are key players in the sexual dimorphism of ACC and establish them as novel therapeutic targets for this devastating cancer.",These data analyse gene expression in whole adrenals from  wild-type control mice and mice with conditionnal ablation of Znrf3 (Znrf3 cKO = Sf1-Cre;Znrf3F/F) in steroidogenic cells of the adrenal cortex. Adrenals were collected at different timepoints to evaluate kinetic evolution of the phenotype and in both males and females to evaluate sexual dimorphism. Wild-type and Znrf3 cKO mice were littermates.,36240276,,,637945,GPL21103,Mus musculus,GSE,Expression profiling by high throughput sequencing,2022/10/15,73,ftp://ftp.ncbi.nlm.nih.gov/geo/series/GSE202nnn/GSE202940/,Sexually dimorphic activation of innate antitumor immunity prevents adrenocortical carcinoma development.,Science advances,2022 Oct 14,10.1126/sciadv.add0422,OSD-161|Mmus_BAL-TAL_ADR_BSL_Rep2_B3,Basal Control
12,GSM6138799,0.9962470531463623,GSE202940,Kinetic comparative analysis of gene expression in whole adrenal glands from Znrf3 cKO and control mice,,,"Unlike most cancers, adrenocortical carcinomas (ACC) are more frequent in women than men, but the underlying mechanisms of this sexual dimorphism remain elusive. Here, we show that inactivation of Znrf3 in steroidogenic cells of the mouse adrenal cortex is associated with sexually dimorphic tumour progression. Although female knockouts develop metastatic carcinomas at 18 months, adrenal hyperplasia regresses in male knockouts. This male-specific phenotype is associated with androgen-dependent induction of senescence, recruitment and differentiation of highly phagocytic macrophages that clear-out senescent cells. In contrast, in females, macrophage recruitment is delayed and dampened, which allows for aggressive tumour progression. Consistently, analysis of TCGA-ACC data shows that phagocytic macrophages are more prominent in men and associated with better prognosis. Altogether, these data show that phagocytic macrophages are key players in the sexual dimorphism of ACC and establish them as novel therapeutic targets for this devastating cancer.",These data analyse gene expression in whole adrenals from  wild-type control mice and mice with conditionnal ablation of Znrf3 (Znrf3 cKO = Sf1-Cre;Znrf3F/F) in steroidogenic cells of the adrenal cortex. Adrenals were collected at different timepoints to evaluate kinetic evolution of the phenotype and in both males and females to evaluate sexual dimorphism. Wild-type and Znrf3 cKO mice were littermates.,36240276,,,637943,GPL21103,Mus musculus,GSE,Expression profiling by high throughput sequencing,2022/10/15,73,ftp://ftp.ncbi.nlm.nih.gov/geo/series/GSE202nnn/GSE202940/,Sexually dimorphic activation of innate antitumor immunity prevents adrenocortical carcinoma development.,Science advances,2022 Oct 14,10.1126/sciadv.add0422,OSD-161|Mmus_BAL-TAL_ADR_BSL_Rep2_B3,Basal Control
13,GSM6051377,0.9961511492729187,GSE201127,Senescence-Induced Immune Remodeling Facilitates Metastatic Adrenal Cancer in a Sex-Dimorphic Manner,,,This SuperSeries is composed of the SubSeries listed below.,Refer to individual Series,37231196,,,633226,GPL24247,Mus musculus,GSE,Expression profiling by high throughput sequencing,2023/04/03,58,ftp://ftp.ncbi.nlm.nih.gov/geo/series/GSE201nnn/GSE201127/,Senescence-induced immune remodeling facilitates metastatic adrenal cancer in a sex-dimorphic manner.,Nature aging,2023 Jul,10.1038/s43587-023-00420-2,OSD-161|Mmus_BAL-TAL_ADR_BSL_Rep2_B3,Basal Control
14,GSM6138795,0.9960885047912598,GSE202940,Kinetic comparative analysis of gene expression in whole adrenal glands from Znrf3 cKO and control mice,,,"Unlike most cancers, adrenocortical carcinomas (ACC) are more frequent in women than men, but the underlying mechanisms of this sexual dimorphism remain elusive. Here, we show that inactivation of Znrf3 in steroidogenic cells of the mouse adrenal cortex is associated with sexually dimorphic tumour progression. Although female knockouts develop metastatic carcinomas at 18 months, adrenal hyperplasia regresses in male knockouts. This male-specific phenotype is associated with androgen-dependent induction of senescence, recruitment and differentiation of highly phagocytic macrophages that clear-out senescent cells. In contrast, in females, macrophage recruitment is delayed and dampened, which allows for aggressive tumour progression. Consistently, analysis of TCGA-ACC data shows that phagocytic macrophages are more prominent in men and associated with better prognosis. Altogether, these data show that phagocytic macrophages are key players in the sexual dimorphism of ACC and establish them as novel therapeutic targets for this devastating cancer.",These data analyse gene expression in whole adrenals from  wild-type control mice and mice with conditionnal ablation of Znrf3 (Znrf3 cKO = Sf1-Cre;Znrf3F/F) in steroidogenic cells of the adrenal cortex. Adrenals were collected at different timepoints to evaluate kinetic evolution of the phenotype and in both males and females to evaluate sexual dimorphism. Wild-type and Znrf3 cKO mice were littermates.,36240276,,,637939,GPL21103,Mus musculus,GSE,Expression profiling by high throughput sequencing,2022/10/15,73,ftp://ftp.ncbi.nlm.nih.gov/geo/series/GSE202nnn/GSE202940/,Sexually dimorphic activation of innate antitumor immunity prevents adrenocortical carcinoma development.,Science advances,2022 Oct 14,10.1126/sciadv.add0422,OSD-161|Mmus_BAL-TAL_ADR_BSL_Rep2_B3,Basal Control
15,GSM6782801,0.9960823059082031,GSE219552,total RNA-seq from adrenal gland (ENCSR173MHB),,,"B6 X Cast adrenal gland_8-10 months female For data usage terms and conditions, please refer to http://www.genome.gov/27528022 and http://www.genome.gov/Pages/Research/ENCODE/ENCODE_Data_Use_Policy_for_External_Users_03-07-14.pdf",https://www.encodeproject.org/ENCSR173MHB/,22955616,,,714557,GPL17021,Mus musculus,GSE,Expression profiling by high throughput sequencing,2022/12/04,2,ftp://ftp.ncbi.nlm.nih.gov/geo/series/GSE219nnn/GSE219552/,An integrated encyclopedia of DNA elements in the human genome.,Nature,2012 Sep 6,10.1038/nature11247,OSD-161|Mmus_BAL-TAL_ADR_BSL_Rep2_B3,Basal Control
16,GSM6138796,0.9957781434059143,GSE202940,Kinetic comparative analysis of gene expression in whole adrenal glands from Znrf3 cKO and control mice,,,"Unlike most cancers, adrenocortical carcinomas (ACC) are more frequent in women than men, but the underlying mechanisms of this sexual dimorphism remain elusive. Here, we show that inactivation of Znrf3 in steroidogenic cells of the mouse adrenal cortex is associated with sexually dimorphic tumour progression. Although female knockouts develop metastatic carcinomas at 18 months, adrenal hyperplasia regresses in male knockouts. This male-specific phenotype is associated with androgen-dependent induction of senescence, recruitment and differentiation of highly phagocytic macrophages that clear-out senescent cells. In contrast, in females, macrophage recruitment is delayed and dampened, which allows for aggressive tumour progression. Consistently, analysis of TCGA-ACC data shows that phagocytic macrophages are more prominent in men and associated with better prognosis. Altogether, these data show that phagocytic macrophages are key players in the sexual dimorphism of ACC and establish them as novel therapeutic targets for this devastating cancer.",These data analyse gene expression in whole adrenals from  wild-type control mice and mice with conditionnal ablation of Znrf3 (Znrf3 cKO = Sf1-Cre;Znrf3F/F) in steroidogenic cells of the adrenal cortex. Adrenals were collected at different timepoints to evaluate kinetic evolution of the phenotype and in both males and females to evaluate sexual dimorphism. Wild-type and Znrf3 cKO mice were littermates.,36240276,,,637940,GPL21103,Mus musculus,GSE,Expression profiling by high throughput sequencing,2022/10/15,73,ftp://ftp.ncbi.nlm.nih.gov/geo/series/GSE202nnn/GSE202940/,Sexually dimorphic activation of innate antitumor immunity prevents adrenocortical carcinoma development.,Science advances,2022 Oct 14,10.1126/sciadv.add0422,OSD-161|Mmus_BAL-TAL_ADR_BSL_Rep2_B3,Basal Control
17,GSM6138783,0.9957640767097473,GSE202940,Kinetic comparative analysis of gene expression in whole adrenal glands from Znrf3 cKO and control mice,,,"Unlike most cancers, adrenocortical carcinomas (ACC) are more frequent in women than men, but the underlying mechanisms of this sexual dimorphism remain elusive. Here, we show that inactivation of Znrf3 in steroidogenic cells of the mouse adrenal cortex is associated with sexually dimorphic tumour progression. Although female knockouts develop metastatic carcinomas at 18 months, adrenal hyperplasia regresses in male knockouts. This male-specific phenotype is associated with androgen-dependent induction of senescence, recruitment and differentiation of highly phagocytic macrophages that clear-out senescent cells. In contrast, in females, macrophage recruitment is delayed and dampened, which allows for aggressive tumour progression. Consistently, analysis of TCGA-ACC data shows that phagocytic macrophages are more prominent in men and associated with better prognosis. Altogether, these data show that phagocytic macrophages are key players in the sexual dimorphism of ACC and establish them as novel therapeutic targets for this devastating cancer.",These data analyse gene expression in whole adrenals from  wild-type control mice and mice with conditionnal ablation of Znrf3 (Znrf3 cKO = Sf1-Cre;Znrf3F/F) in steroidogenic cells of the adrenal cortex. Adrenals were collected at different timepoints to evaluate kinetic evolution of the phenotype and in both males and females to evaluate sexual dimorphism. Wild-type and Znrf3 cKO mice were littermates.,36240276,,,637927,GPL21103,Mus musculus,GSE,Expression profiling by high throughput sequencing,2022/10/15,73,ftp://ftp.ncbi.nlm.nih.gov/geo/series/GSE202nnn/GSE202940/,Sexually dimorphic activation of innate antitumor immunity prevents adrenocortical carcinoma development.,Science advances,2022 Oct 14,10.1126/sciadv.add0422,OSD-161|Mmus_BAL-TAL_ADR_BSL_Rep2_B3,Basal Control
18,GSM6138800,0.9957339763641357,GSE202940,Kinetic comparative analysis of gene expression in whole adrenal glands from Znrf3 cKO and control mice,,,"Unlike most cancers, adrenocortical carcinomas (ACC) are more frequent in women than men, but the underlying mechanisms of this sexual dimorphism remain elusive. Here, we show that inactivation of Znrf3 in steroidogenic cells of the mouse adrenal cortex is associated with sexually dimorphic tumour progression. Although female knockouts develop metastatic carcinomas at 18 months, adrenal hyperplasia regresses in male knockouts. This male-specific phenotype is associated with androgen-dependent induction of senescence, recruitment and differentiation of highly phagocytic macrophages that clear-out senescent cells. In contrast, in females, macrophage recruitment is delayed and dampened, which allows for aggressive tumour progression. Consistently, analysis of TCGA-ACC data shows that phagocytic macrophages are more prominent in men and associated with better prognosis. Altogether, these data show that phagocytic macrophages are key players in the sexual dimorphism of ACC and establish them as novel therapeutic targets for this devastating cancer.",These data analyse gene expression in whole adrenals from  wild-type control mice and mice with conditionnal ablation of Znrf3 (Znrf3 cKO = Sf1-Cre;Znrf3F/F) in steroidogenic cells of the adrenal cortex. Adrenals were collected at different timepoints to evaluate kinetic evolution of the phenotype and in both males and females to evaluate sexual dimorphism. Wild-type and Znrf3 cKO mice were littermates.,36240276,,,637944,GPL21103,Mus musculus,GSE,Expression profiling by high throughput sequencing,2022/10/15,73,ftp://ftp.ncbi.nlm.nih.gov/geo/series/GSE202nnn/GSE202940/,Sexually dimorphic activation of innate antitumor immunity prevents adrenocortical carcinoma development.,Science advances,2022 Oct 14,10.1126/sciadv.add0422,OSD-161|Mmus_BAL-TAL_ADR_BSL_Rep2_B3,Basal Control
19,GSM6051386,0.9956730008125305,GSE201127,Senescence-Induced Immune Remodeling Facilitates Metastatic Adrenal Cancer in a Sex-Dimorphic Manner,,,This SuperSeries is composed of the SubSeries listed below.,Refer to individual Series,37231196,,,633235,GPL24247,Mus musculus,GSE,Expression profiling by high throughput sequencing,2023/04/03,58,ftp://ftp.ncbi.nlm.nih.gov/geo/series/GSE201nnn/GSE201127/,Senescence-induced immune remodeling facilitates metastatic adrenal cancer in a sex-dimorphic manner.,Nature aging,2023 Jul,10.1038/s43587-023-00420-2,OSD-161|Mmus_BAL-TAL_ADR_BSL_Rep2_B3,Basal Control
20,GSM4199537,0.9955043196678162,GSE141252,Chronologic age and morbidities could converge on gene-specific traits through length-dependent failure of transcript polymerization,,,We provide evidence for the decrease of long transcripts during aging using a unique reference transcriptomic survey of 17 mouse organs sampled at 5 timepoints over the lifespan.,"Transcriptomic profiles of 17 mouse organs, sampled at 4, 9, 12, 18, 24 months of age, were generated by standard illumina RNA-Seq protocols.",,,,314932,GPL19057,Mus musculus,GSE,Expression profiling by high throughput sequencing,2021/12/31,518,ftp://ftp.ncbi.nlm.nih.gov/geo/series/GSE141nnn/GSE141252/,,,,,OSD-161|Mmus_BAL-TAL_ADR_BSL_Rep3_B4,Basal Control
21,GSM6138792,0.995444655418396,GSE202940,Kinetic comparative analysis of gene expression in whole adrenal glands from Znrf3 cKO and control mice,,,"Unlike most cancers, adrenocortical carcinomas (ACC) are more frequent in women than men, but the underlying mechanisms of this sexual dimorphism remain elusive. Here, we show that inactivation of Znrf3 in steroidogenic cells of the mouse adrenal cortex is associated with sexually dimorphic tumour progression. Although female knockouts develop metastatic carcinomas at 18 months, adrenal hyperplasia regresses in male knockouts. This male-specific phenotype is associated with androgen-dependent induction of senescence, recruitment and differentiation of highly phagocytic macrophages that clear-out senescent cells. In contrast, in females, macrophage recruitment is delayed and dampened, which allows for aggressive tumour progression. Consistently, analysis of TCGA-ACC data shows that phagocytic macrophages are more prominent in men and associated with better prognosis. Altogether, these data show that phagocytic macrophages are key players in the sexual dimorphism of ACC and establish them as novel therapeutic targets for this devastating cancer.",These data analyse gene expression in whole adrenals from  wild-type control mice and mice with conditionnal ablation of Znrf3 (Znrf3 cKO = Sf1-Cre;Znrf3F/F) in steroidogenic cells of the adrenal cortex. Adrenals were collected at different timepoints to evaluate kinetic evolution of the phenotype and in both males and females to evaluate sexual dimorphism. Wild-type and Znrf3 cKO mice were littermates.,36240276,,,637936,GPL21103,Mus musculus,GSE,Expression profiling by high throughput sequencing,2022/10/15,73,ftp://ftp.ncbi.nlm.nih.gov/geo/series/GSE202nnn/GSE202940/,Sexually dimorphic activation of innate antitumor immunity prevents adrenocortical carcinoma development.,Science advances,2022 Oct 14,10.1126/sciadv.add0422,OSD-161|Mmus_BAL-TAL_ADR_BSL_Rep3_B4,Basal Control
22,GSM6138752,0.9954384565353394,GSE202940,Kinetic comparative analysis of gene expression in whole adrenal glands from Znrf3 cKO and control mice,,,"Unlike most cancers, adrenocortical carcinomas (ACC) are more frequent in women than men, but the underlying mechanisms of this sexual dimorphism remain elusive. Here, we show that inactivation of Znrf3 in steroidogenic cells of the mouse adrenal cortex is associated with sexually dimorphic tumour progression. Although female knockouts develop metastatic carcinomas at 18 months, adrenal hyperplasia regresses in male knockouts. This male-specific phenotype is associated with androgen-dependent induction of senescence, recruitment and differentiation of highly phagocytic macrophages that clear-out senescent cells. In contrast, in females, macrophage recruitment is delayed and dampened, which allows for aggressive tumour progression. Consistently, analysis of TCGA-ACC data shows that phagocytic macrophages are more prominent in men and associated with better prognosis. Altogether, these data show that phagocytic macrophages are key players in the sexual dimorphism of ACC and establish them as novel therapeutic targets for this devastating cancer.",These data analyse gene expression in whole adrenals from  wild-type control mice and mice with conditionnal ablation of Znrf3 (Znrf3 cKO = Sf1-Cre;Znrf3F/F) in steroidogenic cells of the adrenal cortex. Adrenals were collected at different timepoints to evaluate kinetic evolution of the phenotype and in both males and females to evaluate sexual dimorphism. Wild-type and Znrf3 cKO mice were littermates.,36240276,,,637896,GPL21103,Mus musculus,GSE,Expression profiling by high throughput sequencing,2022/10/15,73,ftp://ftp.ncbi.nlm.nih.gov/geo/series/GSE202nnn/GSE202940/,Sexually dimorphic activation of innate antitumor immunity prevents adrenocortical carcinoma development.,Science advances,2022 Oct 14,10.1126/sciadv.add0422,OSD-161|Mmus_BAL-TAL_ADR_BSL_Rep3_B4,Basal Control
23,GSM6138797,0.9952748417854309,GSE202940,Kinetic comparative analysis of gene expression in whole adrenal glands from Znrf3 cKO and control mice,,,"Unlike most cancers, adrenocortical carcinomas (ACC) are more frequent in women than men, but the underlying mechanisms of this sexual dimorphism remain elusive. Here, we show that inactivation of Znrf3 in steroidogenic cells of the mouse adrenal cortex is associated with sexually dimorphic tumour progression. Although female knockouts develop metastatic carcinomas at 18 months, adrenal hyperplasia regresses in male knockouts. This male-specific phenotype is associated with androgen-dependent induction of senescence, recruitment and differentiation of highly phagocytic macrophages that clear-out senescent cells. In contrast, in females, macrophage recruitment is delayed and dampened, which allows for aggressive tumour progression. Consistently, analysis of TCGA-ACC data shows that phagocytic macrophages are more prominent in men and associated with better prognosis. Altogether, these data show that phagocytic macrophages are key players in the sexual dimorphism of ACC and establish them as novel therapeutic targets for this devastating cancer.",These data analyse gene expression in whole adrenals from  wild-type control mice and mice with conditionnal ablation of Znrf3 (Znrf3 cKO = Sf1-Cre;Znrf3F/F) in steroidogenic cells of the adrenal cortex. Adrenals were collected at different timepoints to evaluate kinetic evolution of the phenotype and in both males and females to evaluate sexual dimorphism. Wild-type and Znrf3 cKO mice were littermates.,36240276,,,637941,GPL21103,Mus musculus,GSE,Expression profiling by high throughput sequencing,2022/10/15,73,ftp://ftp.ncbi.nlm.nih.gov/geo/series/GSE202nnn/GSE202940/,Sexually dimorphic activation of innate antitumor immunity prevents adrenocortical carcinoma development.,Science advances,2022 Oct 14,10.1126/sciadv.add0422,OSD-161|Mmus_BAL-TAL_ADR_BSL_Rep3_B4,Basal Control
24,GSM5808336,0.9951878786087036,GSE193480,SUMOylation in adrenal cortex homeostasis,,,Identify genetic programs impacted by increasing protein SUMOylation and controlling adrenal cortex zonation,We used adrenal glands from pubescent female and male mice having a genetically induced global SUMOylation. The mutant mice bear adrenal-specific deletion of the Senp2-floxed conditional allele that encodes a deSUMOylase.,36543805,,,591878,GPL21103,Mus musculus,GSE,Expression profiling by high throughput sequencing,2022/11/22,16,ftp://ftp.ncbi.nlm.nih.gov/geo/series/GSE193nnn/GSE193480/,Loss of SUMO-specific protease 2 causes isolated glucocorticoid deficiency by blocking adrenal cortex zonal transdifferentiation in mice.,Nature communications,2022 Dec 21,10.1038/s41467-022-35526-5,OSD-161|Mmus_BAL-TAL_ADR_BSL_Rep3_B4,Basal Control
25,GSM5808344,0.9951479434967041,GSE193480,SUMOylation in adrenal cortex homeostasis,,,Identify genetic programs impacted by increasing protein SUMOylation and controlling adrenal cortex zonation,We used adrenal glands from pubescent female and male mice having a genetically induced global SUMOylation. The mutant mice bear adrenal-specific deletion of the Senp2-floxed conditional allele that encodes a deSUMOylase.,36543805,,,591886,GPL21103,Mus musculus,GSE,Expression profiling by high throughput sequencing,2022/11/22,16,ftp://ftp.ncbi.nlm.nih.gov/geo/series/GSE193nnn/GSE193480/,Loss of SUMO-specific protease 2 causes isolated glucocorticoid deficiency by blocking adrenal cortex zonal transdifferentiation in mice.,Nature communications,2022 Dec 21,10.1038/s41467-022-35526-5,OSD-161|Mmus_BAL-TAL_ADR_BSL_Rep3_B4,Basal Control
26,GSM6782801,0.995093822479248,GSE219552,total RNA-seq from adrenal gland (ENCSR173MHB),,,"B6 X Cast adrenal gland_8-10 months female For data usage terms and conditions, please refer to http://www.genome.gov/27528022 and http://www.genome.gov/Pages/Research/ENCODE/ENCODE_Data_Use_Policy_for_External_Users_03-07-14.pdf",https://www.encodeproject.org/ENCSR173MHB/,22955616,,,714557,GPL17021,Mus musculus,GSE,Expression profiling by high throughput sequencing,2022/12/04,2,ftp://ftp.ncbi.nlm.nih.gov/geo/series/GSE219nnn/GSE219552/,An integrated encyclopedia of DNA elements in the human genome.,Nature,2012 Sep 6,10.1038/nature11247,OSD-161|Mmus_BAL-TAL_ADR_BSL_Rep3_B4,Basal Control
27,GSM6138755,0.9950902462005615,GSE202940,Kinetic comparative analysis of gene expression in whole adrenal glands from Znrf3 cKO and control mice,,,"Unlike most cancers, adrenocortical carcinomas (ACC) are more frequent in women than men, but the underlying mechanisms of this sexual dimorphism remain elusive. Here, we show that inactivation of Znrf3 in steroidogenic cells of the mouse adrenal cortex is associated with sexually dimorphic tumour progression. Although female knockouts develop metastatic carcinomas at 18 months, adrenal hyperplasia regresses in male knockouts. This male-specific phenotype is associated with androgen-dependent induction of senescence, recruitment and differentiation of highly phagocytic macrophages that clear-out senescent cells. In contrast, in females, macrophage recruitment is delayed and dampened, which allows for aggressive tumour progression. Consistently, analysis of TCGA-ACC data shows that phagocytic macrophages are more prominent in men and associated with better prognosis. Altogether, these data show that phagocytic macrophages are key players in the sexual dimorphism of ACC and establish them as novel therapeutic targets for this devastating cancer.",These data analyse gene expression in whole adrenals from  wild-type control mice and mice with conditionnal ablation of Znrf3 (Znrf3 cKO = Sf1-Cre;Znrf3F/F) in steroidogenic cells of the adrenal cortex. Adrenals were collected at different timepoints to evaluate kinetic evolution of the phenotype and in both males and females to evaluate sexual dimorphism. Wild-type and Znrf3 cKO mice were littermates.,36240276,,,637899,GPL21103,Mus musculus,GSE,Expression profiling by high throughput sequencing,2022/10/15,73,ftp://ftp.ncbi.nlm.nih.gov/geo/series/GSE202nnn/GSE202940/,Sexually dimorphic activation of innate antitumor immunity prevents adrenocortical carcinoma development.,Science advances,2022 Oct 14,10.1126/sciadv.add0422,OSD-161|Mmus_BAL-TAL_ADR_BSL_Rep3_B4,Basal Control
28,GSM6138753,0.9950729608535767,GSE202940,Kinetic comparative analysis of gene expression in whole adrenal glands from Znrf3 cKO and control mice,,,"Unlike most cancers, adrenocortical carcinomas (ACC) are more frequent in women than men, but the underlying mechanisms of this sexual dimorphism remain elusive. Here, we show that inactivation of Znrf3 in steroidogenic cells of the mouse adrenal cortex is associated with sexually dimorphic tumour progression. Although female knockouts develop metastatic carcinomas at 18 months, adrenal hyperplasia regresses in male knockouts. This male-specific phenotype is associated with androgen-dependent induction of senescence, recruitment and differentiation of highly phagocytic macrophages that clear-out senescent cells. In contrast, in females, macrophage recruitment is delayed and dampened, which allows for aggressive tumour progression. Consistently, analysis of TCGA-ACC data shows that phagocytic macrophages are more prominent in men and associated with better prognosis. Altogether, these data show that phagocytic macrophages are key players in the sexual dimorphism of ACC and establish them as novel therapeutic targets for this devastating cancer.",These data analyse gene expression in whole adrenals from  wild-type control mice and mice with conditionnal ablation of Znrf3 (Znrf3 cKO = Sf1-Cre;Znrf3F/F) in steroidogenic cells of the adrenal cortex. Adrenals were collected at different timepoints to evaluate kinetic evolution of the phenotype and in both males and females to evaluate sexual dimorphism. Wild-type and Znrf3 cKO mice were littermates.,36240276,,,637897,GPL21103,Mus musculus,GSE,Expression profiling by high throughput sequencing,2022/10/15,73,ftp://ftp.ncbi.nlm.nih.gov/geo/series/GSE202nnn/GSE202940/,Sexually dimorphic activation of innate antitumor immunity prevents adrenocortical carcinoma development.,Science advances,2022 Oct 14,10.1126/sciadv.add0422,OSD-161|Mmus_BAL-TAL_ADR_BSL_Rep3_B4,Basal Control
29,GSM6138795,0.9950096011161804,GSE202940,Kinetic comparative analysis of gene expression in whole adrenal glands from Znrf3 cKO and control mice,,,"Unlike most cancers, adrenocortical carcinomas (ACC) are more frequent in women than men, but the underlying mechanisms of this sexual dimorphism remain elusive. Here, we show that inactivation of Znrf3 in steroidogenic cells of the mouse adrenal cortex is associated with sexually dimorphic tumour progression. Although female knockouts develop metastatic carcinomas at 18 months, adrenal hyperplasia regresses in male knockouts. This male-specific phenotype is associated with androgen-dependent induction of senescence, recruitment and differentiation of highly phagocytic macrophages that clear-out senescent cells. In contrast, in females, macrophage recruitment is delayed and dampened, which allows for aggressive tumour progression. Consistently, analysis of TCGA-ACC data shows that phagocytic macrophages are more prominent in men and associated with better prognosis. Altogether, these data show that phagocytic macrophages are key players in the sexual dimorphism of ACC and establish them as novel therapeutic targets for this devastating cancer.",These data analyse gene expression in whole adrenals from  wild-type control mice and mice with conditionnal ablation of Znrf3 (Znrf3 cKO = Sf1-Cre;Znrf3F/F) in steroidogenic cells of the adrenal cortex. Adrenals were collected at different timepoints to evaluate kinetic evolution of the phenotype and in both males and females to evaluate sexual dimorphism. Wild-type and Znrf3 cKO mice were littermates.,36240276,,,637939,GPL21103,Mus musculus,GSE,Expression profiling by high throughput sequencing,2022/10/15,73,ftp://ftp.ncbi.nlm.nih.gov/geo/series/GSE202nnn/GSE202940/,Sexually dimorphic activation of innate antitumor immunity prevents adrenocortical carcinoma development.,Science advances,2022 Oct 14,10.1126/sciadv.add0422,OSD-161|Mmus_BAL-TAL_ADR_BSL_Rep3_B4,Basal Control
30,GSM6138752,0.9954487085342407,GSE202940,Kinetic comparative analysis of gene expression in whole adrenal glands from Znrf3 cKO and control mice,,,"Unlike most cancers, adrenocortical carcinomas (ACC) are more frequent in women than men, but the underlying mechanisms of this sexual dimorphism remain elusive. Here, we show that inactivation of Znrf3 in steroidogenic cells of the mouse adrenal cortex is associated with sexually dimorphic tumour progression. Although female knockouts develop metastatic carcinomas at 18 months, adrenal hyperplasia regresses in male knockouts. This male-specific phenotype is associated with androgen-dependent induction of senescence, recruitment and differentiation of highly phagocytic macrophages that clear-out senescent cells. In contrast, in females, macrophage recruitment is delayed and dampened, which allows for aggressive tumour progression. Consistently, analysis of TCGA-ACC data shows that phagocytic macrophages are more prominent in men and associated with better prognosis. Altogether, these data show that phagocytic macrophages are key players in the sexual dimorphism of ACC and establish them as novel therapeutic targets for this devastating cancer.",These data analyse gene expression in whole adrenals from  wild-type control mice and mice with conditionnal ablation of Znrf3 (Znrf3 cKO = Sf1-Cre;Znrf3F/F) in steroidogenic cells of the adrenal cortex. Adrenals were collected at different timepoints to evaluate kinetic evolution of the phenotype and in both males and females to evaluate sexual dimorphism. Wild-type and Znrf3 cKO mice were littermates.,36240276,,,637896,GPL21103,Mus musculus,GSE,Expression profiling by high throughput sequencing,2022/10/15,73,ftp://ftp.ncbi.nlm.nih.gov/geo/series/GSE202nnn/GSE202940/,Sexually dimorphic activation of innate antitumor immunity prevents adrenocortical carcinoma development.,Science advances,2022 Oct 14,10.1126/sciadv.add0422,OSD-161|Mmus_BAL-TAL_ADR_BSL_Rep4_B7,Basal Control
31,GSM4199537,0.9954438209533691,GSE141252,Chronologic age and morbidities could converge on gene-specific traits through length-dependent failure of transcript polymerization,,,We provide evidence for the decrease of long transcripts during aging using a unique reference transcriptomic survey of 17 mouse organs sampled at 5 timepoints over the lifespan.,"Transcriptomic profiles of 17 mouse organs, sampled at 4, 9, 12, 18, 24 months of age, were generated by standard illumina RNA-Seq protocols.",,,,314932,GPL19057,Mus musculus,GSE,Expression profiling by high throughput sequencing,2021/12/31,518,ftp://ftp.ncbi.nlm.nih.gov/geo/series/GSE141nnn/GSE141252/,,,,,OSD-161|Mmus_BAL-TAL_ADR_BSL_Rep4_B7,Basal Control
32,GSM6138797,0.9954119920730591,GSE202940,Kinetic comparative analysis of gene expression in whole adrenal glands from Znrf3 cKO and control mice,,,"Unlike most cancers, adrenocortical carcinomas (ACC) are more frequent in women than men, but the underlying mechanisms of this sexual dimorphism remain elusive. Here, we show that inactivation of Znrf3 in steroidogenic cells of the mouse adrenal cortex is associated with sexually dimorphic tumour progression. Although female knockouts develop metastatic carcinomas at 18 months, adrenal hyperplasia regresses in male knockouts. This male-specific phenotype is associated with androgen-dependent induction of senescence, recruitment and differentiation of highly phagocytic macrophages that clear-out senescent cells. In contrast, in females, macrophage recruitment is delayed and dampened, which allows for aggressive tumour progression. Consistently, analysis of TCGA-ACC data shows that phagocytic macrophages are more prominent in men and associated with better prognosis. Altogether, these data show that phagocytic macrophages are key players in the sexual dimorphism of ACC and establish them as novel therapeutic targets for this devastating cancer.",These data analyse gene expression in whole adrenals from  wild-type control mice and mice with conditionnal ablation of Znrf3 (Znrf3 cKO = Sf1-Cre;Znrf3F/F) in steroidogenic cells of the adrenal cortex. Adrenals were collected at different timepoints to evaluate kinetic evolution of the phenotype and in both males and females to evaluate sexual dimorphism. Wild-type and Znrf3 cKO mice were littermates.,36240276,,,637941,GPL21103,Mus musculus,GSE,Expression profiling by high throughput sequencing,2022/10/15,73,ftp://ftp.ncbi.nlm.nih.gov/geo/series/GSE202nnn/GSE202940/,Sexually dimorphic activation of innate antitumor immunity prevents adrenocortical carcinoma development.,Science advances,2022 Oct 14,10.1126/sciadv.add0422,OSD-161|Mmus_BAL-TAL_ADR_BSL_Rep4_B7,Basal Control
33,GSM6138792,0.9953522086143494,GSE202940,Kinetic comparative analysis of gene expression in whole adrenal glands from Znrf3 cKO and control mice,,,"Unlike most cancers, adrenocortical carcinomas (ACC) are more frequent in women than men, but the underlying mechanisms of this sexual dimorphism remain elusive. Here, we show that inactivation of Znrf3 in steroidogenic cells of the mouse adrenal cortex is associated with sexually dimorphic tumour progression. Although female knockouts develop metastatic carcinomas at 18 months, adrenal hyperplasia regresses in male knockouts. This male-specific phenotype is associated with androgen-dependent induction of senescence, recruitment and differentiation of highly phagocytic macrophages that clear-out senescent cells. In contrast, in females, macrophage recruitment is delayed and dampened, which allows for aggressive tumour progression. Consistently, analysis of TCGA-ACC data shows that phagocytic macrophages are more prominent in men and associated with better prognosis. Altogether, these data show that phagocytic macrophages are key players in the sexual dimorphism of ACC and establish them as novel therapeutic targets for this devastating cancer.",These data analyse gene expression in whole adrenals from  wild-type control mice and mice with conditionnal ablation of Znrf3 (Znrf3 cKO = Sf1-Cre;Znrf3F/F) in steroidogenic cells of the adrenal cortex. Adrenals were collected at different timepoints to evaluate kinetic evolution of the phenotype and in both males and females to evaluate sexual dimorphism. Wild-type and Znrf3 cKO mice were littermates.,36240276,,,637936,GPL21103,Mus musculus,GSE,Expression profiling by high throughput sequencing,2022/10/15,73,ftp://ftp.ncbi.nlm.nih.gov/geo/series/GSE202nnn/GSE202940/,Sexually dimorphic activation of innate antitumor immunity prevents adrenocortical carcinoma development.,Science advances,2022 Oct 14,10.1126/sciadv.add0422,OSD-161|Mmus_BAL-TAL_ADR_BSL_Rep4_B7,Basal Control
34,GSM6138753,0.9950405359268188,GSE202940,Kinetic comparative analysis of gene expression in whole adrenal glands from Znrf3 cKO and control mice,,,"Unlike most cancers, adrenocortical carcinomas (ACC) are more frequent in women than men, but the underlying mechanisms of this sexual dimorphism remain elusive. Here, we show that inactivation of Znrf3 in steroidogenic cells of the mouse adrenal cortex is associated with sexually dimorphic tumour progression. Although female knockouts develop metastatic carcinomas at 18 months, adrenal hyperplasia regresses in male knockouts. This male-specific phenotype is associated with androgen-dependent induction of senescence, recruitment and differentiation of highly phagocytic macrophages that clear-out senescent cells. In contrast, in females, macrophage recruitment is delayed and dampened, which allows for aggressive tumour progression. Consistently, analysis of TCGA-ACC data shows that phagocytic macrophages are more prominent in men and associated with better prognosis. Altogether, these data show that phagocytic macrophages are key players in the sexual dimorphism of ACC and establish them as novel therapeutic targets for this devastating cancer.",These data analyse gene expression in whole adrenals from  wild-type control mice and mice with conditionnal ablation of Znrf3 (Znrf3 cKO = Sf1-Cre;Znrf3F/F) in steroidogenic cells of the adrenal cortex. Adrenals were collected at different timepoints to evaluate kinetic evolution of the phenotype and in both males and females to evaluate sexual dimorphism. Wild-type and Znrf3 cKO mice were littermates.,36240276,,,637897,GPL21103,Mus musculus,GSE,Expression profiling by high throughput sequencing,2022/10/15,73,ftp://ftp.ncbi.nlm.nih.gov/geo/series/GSE202nnn/GSE202940/,Sexually dimorphic activation of innate antitumor immunity prevents adrenocortical carcinoma development.,Science advances,2022 Oct 14,10.1126/sciadv.add0422,OSD-161|Mmus_BAL-TAL_ADR_BSL_Rep4_B7,Basal Control
35,GSM6138785,0.9949533939361572,GSE202940,Kinetic comparative analysis of gene expression in whole adrenal glands from Znrf3 cKO and control mice,,,"Unlike most cancers, adrenocortical carcinomas (ACC) are more frequent in women than men, but the underlying mechanisms of this sexual dimorphism remain elusive. Here, we show that inactivation of Znrf3 in steroidogenic cells of the mouse adrenal cortex is associated with sexually dimorphic tumour progression. Although female knockouts develop metastatic carcinomas at 18 months, adrenal hyperplasia regresses in male knockouts. This male-specific phenotype is associated with androgen-dependent induction of senescence, recruitment and differentiation of highly phagocytic macrophages that clear-out senescent cells. In contrast, in females, macrophage recruitment is delayed and dampened, which allows for aggressive tumour progression. Consistently, analysis of TCGA-ACC data shows that phagocytic macrophages are more prominent in men and associated with better prognosis. Altogether, these data show that phagocytic macrophages are key players in the sexual dimorphism of ACC and establish them as novel therapeutic targets for this devastating cancer.",These data analyse gene expression in whole adrenals from  wild-type control mice and mice with conditionnal ablation of Znrf3 (Znrf3 cKO = Sf1-Cre;Znrf3F/F) in steroidogenic cells of the adrenal cortex. Adrenals were collected at different timepoints to evaluate kinetic evolution of the phenotype and in both males and females to evaluate sexual dimorphism. Wild-type and Znrf3 cKO mice were littermates.,36240276,,,637929,GPL21103,Mus musculus,GSE,Expression profiling by high throughput sequencing,2022/10/15,73,ftp://ftp.ncbi.nlm.nih.gov/geo/series/GSE202nnn/GSE202940/,Sexually dimorphic activation of innate antitumor immunity prevents adrenocortical carcinoma development.,Science advances,2022 Oct 14,10.1126/sciadv.add0422,OSD-161|Mmus_BAL-TAL_ADR_BSL_Rep4_B7,Basal Control
36,GSM6138755,0.9949358701705933,GSE202940,Kinetic comparative analysis of gene expression in whole adrenal glands from Znrf3 cKO and control mice,,,"Unlike most cancers, adrenocortical carcinomas (ACC) are more frequent in women than men, but the underlying mechanisms of this sexual dimorphism remain elusive. Here, we show that inactivation of Znrf3 in steroidogenic cells of the mouse adrenal cortex is associated with sexually dimorphic tumour progression. Although female knockouts develop metastatic carcinomas at 18 months, adrenal hyperplasia regresses in male knockouts. This male-specific phenotype is associated with androgen-dependent induction of senescence, recruitment and differentiation of highly phagocytic macrophages that clear-out senescent cells. In contrast, in females, macrophage recruitment is delayed and dampened, which allows for aggressive tumour progression. Consistently, analysis of TCGA-ACC data shows that phagocytic macrophages are more prominent in men and associated with better prognosis. Altogether, these data show that phagocytic macrophages are key players in the sexual dimorphism of ACC and establish them as novel therapeutic targets for this devastating cancer.",These data analyse gene expression in whole adrenals from  wild-type control mice and mice with conditionnal ablation of Znrf3 (Znrf3 cKO = Sf1-Cre;Znrf3F/F) in steroidogenic cells of the adrenal cortex. Adrenals were collected at different timepoints to evaluate kinetic evolution of the phenotype and in both males and females to evaluate sexual dimorphism. Wild-type and Znrf3 cKO mice were littermates.,36240276,,,637899,GPL21103,Mus musculus,GSE,Expression profiling by high throughput sequencing,2022/10/15,73,ftp://ftp.ncbi.nlm.nih.gov/geo/series/GSE202nnn/GSE202940/,Sexually dimorphic activation of innate antitumor immunity prevents adrenocortical carcinoma development.,Science advances,2022 Oct 14,10.1126/sciadv.add0422,OSD-161|Mmus_BAL-TAL_ADR_BSL_Rep4_B7,Basal Control
37,GSM6782801,0.9948854446411133,GSE219552,total RNA-seq from adrenal gland (ENCSR173MHB),,,"B6 X Cast adrenal gland_8-10 months female For data usage terms and conditions, please refer to http://www.genome.gov/27528022 and http://www.genome.gov/Pages/Research/ENCODE/ENCODE_Data_Use_Policy_for_External_Users_03-07-14.pdf",https://www.encodeproject.org/ENCSR173MHB/,22955616,,,714557,GPL17021,Mus musculus,GSE,Expression profiling by high throughput sequencing,2022/12/04,2,ftp://ftp.ncbi.nlm.nih.gov/geo/series/GSE219nnn/GSE219552/,An integrated encyclopedia of DNA elements in the human genome.,Nature,2012 Sep 6,10.1038/nature11247,OSD-161|Mmus_BAL-TAL_ADR_BSL_Rep4_B7,Basal Control
38,GSM5808343,0.994870662689209,GSE193480,SUMOylation in adrenal cortex homeostasis,,,Identify genetic programs impacted by increasing protein SUMOylation and controlling adrenal cortex zonation,We used adrenal glands from pubescent female and male mice having a genetically induced global SUMOylation. The mutant mice bear adrenal-specific deletion of the Senp2-floxed conditional allele that encodes a deSUMOylase.,36543805,,,591885,GPL21103,Mus musculus,GSE,Expression profiling by high throughput sequencing,2022/11/22,16,ftp://ftp.ncbi.nlm.nih.gov/geo/series/GSE193nnn/GSE193480/,Loss of SUMO-specific protease 2 causes isolated glucocorticoid deficiency by blocking adrenal cortex zonal transdifferentiation in mice.,Nature communications,2022 Dec 21,10.1038/s41467-022-35526-5,OSD-161|Mmus_BAL-TAL_ADR_BSL_Rep4_B7,Basal Control
39,GSM5808344,0.9947279691696167,GSE193480,SUMOylation in adrenal cortex homeostasis,,,Identify genetic programs impacted by increasing protein SUMOylation and controlling adrenal cortex zonation,We used adrenal glands from pubescent female and male mice having a genetically induced global SUMOylation. The mutant mice bear adrenal-specific deletion of the Senp2-floxed conditional allele that encodes a deSUMOylase.,36543805,,,591886,GPL21103,Mus musculus,GSE,Expression profiling by high throughput sequencing,2022/11/22,16,ftp://ftp.ncbi.nlm.nih.gov/geo/series/GSE193nnn/GSE193480/,Loss of SUMO-specific protease 2 causes isolated glucocorticoid deficiency by blocking adrenal cortex zonal transdifferentiation in mice.,Nature communications,2022 Dec 21,10.1038/s41467-022-35526-5,OSD-161|Mmus_BAL-TAL_ADR_BSL_Rep4_B7,Basal Control
40,GSM6782801,0.9966124296188354,GSE219552,total RNA-seq from adrenal gland (ENCSR173MHB),,,"B6 X Cast adrenal gland_8-10 months female For data usage terms and conditions, please refer to http://www.genome.gov/27528022 and http://www.genome.gov/Pages/Research/ENCODE/ENCODE_Data_Use_Policy_for_External_Users_03-07-14.pdf",https://www.encodeproject.org/ENCSR173MHB/,22955616,,,714557,GPL17021,Mus musculus,GSE,Expression profiling by high throughput sequencing,2022/12/04,2,ftp://ftp.ncbi.nlm.nih.gov/geo/series/GSE219nnn/GSE219552/,An integrated encyclopedia of DNA elements in the human genome.,Nature,2012 Sep 6,10.1038/nature11247,OSD-161|Mmus_BAL-TAL_ADR_BSL_Rep5_B8,Basal Control
41,GSM6138791,0.9963979721069336,GSE202940,Kinetic comparative analysis of gene expression in whole adrenal glands from Znrf3 cKO and control mice,,,"Unlike most cancers, adrenocortical carcinomas (ACC) are more frequent in women than men, but the underlying mechanisms of this sexual dimorphism remain elusive. Here, we show that inactivation of Znrf3 in steroidogenic cells of the mouse adrenal cortex is associated with sexually dimorphic tumour progression. Although female knockouts develop metastatic carcinomas at 18 months, adrenal hyperplasia regresses in male knockouts. This male-specific phenotype is associated with androgen-dependent induction of senescence, recruitment and differentiation of highly phagocytic macrophages that clear-out senescent cells. In contrast, in females, macrophage recruitment is delayed and dampened, which allows for aggressive tumour progression. Consistently, analysis of TCGA-ACC data shows that phagocytic macrophages are more prominent in men and associated with better prognosis. Altogether, these data show that phagocytic macrophages are key players in the sexual dimorphism of ACC and establish them as novel therapeutic targets for this devastating cancer.",These data analyse gene expression in whole adrenals from  wild-type control mice and mice with conditionnal ablation of Znrf3 (Znrf3 cKO = Sf1-Cre;Znrf3F/F) in steroidogenic cells of the adrenal cortex. Adrenals were collected at different timepoints to evaluate kinetic evolution of the phenotype and in both males and females to evaluate sexual dimorphism. Wild-type and Znrf3 cKO mice were littermates.,36240276,,,637935,GPL21103,Mus musculus,GSE,Expression profiling by high throughput sequencing,2022/10/15,73,ftp://ftp.ncbi.nlm.nih.gov/geo/series/GSE202nnn/GSE202940/,Sexually dimorphic activation of innate antitumor immunity prevents adrenocortical carcinoma development.,Science advances,2022 Oct 14,10.1126/sciadv.add0422,OSD-161|Mmus_BAL-TAL_ADR_BSL_Rep5_B8,Basal Control
42,GSM6138801,0.9960827231407166,GSE202940,Kinetic comparative analysis of gene expression in whole adrenal glands from Znrf3 cKO and control mice,,,"Unlike most cancers, adrenocortical carcinomas (ACC) are more frequent in women than men, but the underlying mechanisms of this sexual dimorphism remain elusive. Here, we show that inactivation of Znrf3 in steroidogenic cells of the mouse adrenal cortex is associated with sexually dimorphic tumour progression. Although female knockouts develop metastatic carcinomas at 18 months, adrenal hyperplasia regresses in male knockouts. This male-specific phenotype is associated with androgen-dependent induction of senescence, recruitment and differentiation of highly phagocytic macrophages that clear-out senescent cells. In contrast, in females, macrophage recruitment is delayed and dampened, which allows for aggressive tumour progression. Consistently, analysis of TCGA-ACC data shows that phagocytic macrophages are more prominent in men and associated with better prognosis. Altogether, these data show that phagocytic macrophages are key players in the sexual dimorphism of ACC and establish them as novel therapeutic targets for this devastating cancer.",These data analyse gene expression in whole adrenals from  wild-type control mice and mice with conditionnal ablation of Znrf3 (Znrf3 cKO = Sf1-Cre;Znrf3F/F) in steroidogenic cells of the adrenal cortex. Adrenals were collected at different timepoints to evaluate kinetic evolution of the phenotype and in both males and females to evaluate sexual dimorphism. Wild-type and Znrf3 cKO mice were littermates.,36240276,,,637945,GPL21103,Mus musculus,GSE,Expression profiling by high throughput sequencing,2022/10/15,73,ftp://ftp.ncbi.nlm.nih.gov/geo/series/GSE202nnn/GSE202940/,Sexually dimorphic activation of innate antitumor immunity prevents adrenocortical carcinoma development.,Science advances,2022 Oct 14,10.1126/sciadv.add0422,OSD-161|Mmus_BAL-TAL_ADR_BSL_Rep5_B8,Basal Control
43,GSM6138783,0.996054470539093,GSE202940,Kinetic comparative analysis of gene expression in whole adrenal glands from Znrf3 cKO and control mice,,,"Unlike most cancers, adrenocortical carcinomas (ACC) are more frequent in women than men, but the underlying mechanisms of this sexual dimorphism remain elusive. Here, we show that inactivation of Znrf3 in steroidogenic cells of the mouse adrenal cortex is associated with sexually dimorphic tumour progression. Although female knockouts develop metastatic carcinomas at 18 months, adrenal hyperplasia regresses in male knockouts. This male-specific phenotype is associated with androgen-dependent induction of senescence, recruitment and differentiation of highly phagocytic macrophages that clear-out senescent cells. In contrast, in females, macrophage recruitment is delayed and dampened, which allows for aggressive tumour progression. Consistently, analysis of TCGA-ACC data shows that phagocytic macrophages are more prominent in men and associated with better prognosis. Altogether, these data show that phagocytic macrophages are key players in the sexual dimorphism of ACC and establish them as novel therapeutic targets for this devastating cancer.",These data analyse gene expression in whole adrenals from  wild-type control mice and mice with conditionnal ablation of Znrf3 (Znrf3 cKO = Sf1-Cre;Znrf3F/F) in steroidogenic cells of the adrenal cortex. Adrenals were collected at different timepoints to evaluate kinetic evolution of the phenotype and in both males and females to evaluate sexual dimorphism. Wild-type and Znrf3 cKO mice were littermates.,36240276,,,637927,GPL21103,Mus musculus,GSE,Expression profiling by high throughput sequencing,2022/10/15,73,ftp://ftp.ncbi.nlm.nih.gov/geo/series/GSE202nnn/GSE202940/,Sexually dimorphic activation of innate antitumor immunity prevents adrenocortical carcinoma development.,Science advances,2022 Oct 14,10.1126/sciadv.add0422,OSD-161|Mmus_BAL-TAL_ADR_BSL_Rep5_B8,Basal Control
44,GSM6138799,0.995819091796875,GSE202940,Kinetic comparative analysis of gene expression in whole adrenal glands from Znrf3 cKO and control mice,,,"Unlike most cancers, adrenocortical carcinomas (ACC) are more frequent in women than men, but the underlying mechanisms of this sexual dimorphism remain elusive. Here, we show that inactivation of Znrf3 in steroidogenic cells of the mouse adrenal cortex is associated with sexually dimorphic tumour progression. Although female knockouts develop metastatic carcinomas at 18 months, adrenal hyperplasia regresses in male knockouts. This male-specific phenotype is associated with androgen-dependent induction of senescence, recruitment and differentiation of highly phagocytic macrophages that clear-out senescent cells. In contrast, in females, macrophage recruitment is delayed and dampened, which allows for aggressive tumour progression. Consistently, analysis of TCGA-ACC data shows that phagocytic macrophages are more prominent in men and associated with better prognosis. Altogether, these data show that phagocytic macrophages are key players in the sexual dimorphism of ACC and establish them as novel therapeutic targets for this devastating cancer.",These data analyse gene expression in whole adrenals from  wild-type control mice and mice with conditionnal ablation of Znrf3 (Znrf3 cKO = Sf1-Cre;Znrf3F/F) in steroidogenic cells of the adrenal cortex. Adrenals were collected at different timepoints to evaluate kinetic evolution of the phenotype and in both males and females to evaluate sexual dimorphism. Wild-type and Znrf3 cKO mice were littermates.,36240276,,,637943,GPL21103,Mus musculus,GSE,Expression profiling by high throughput sequencing,2022/10/15,73,ftp://ftp.ncbi.nlm.nih.gov/geo/series/GSE202nnn/GSE202940/,Sexually dimorphic activation of innate antitumor immunity prevents adrenocortical carcinoma development.,Science advances,2022 Oct 14,10.1126/sciadv.add0422,OSD-161|Mmus_BAL-TAL_ADR_BSL_Rep5_B8,Basal Control
45,GSM6138752,0.9956265687942505,GSE202940,Kinetic comparative analysis of gene expression in whole adrenal glands from Znrf3 cKO and control mice,,,"Unlike most cancers, adrenocortical carcinomas (ACC) are more frequent in women than men, but the underlying mechanisms of this sexual dimorphism remain elusive. Here, we show that inactivation of Znrf3 in steroidogenic cells of the mouse adrenal cortex is associated with sexually dimorphic tumour progression. Although female knockouts develop metastatic carcinomas at 18 months, adrenal hyperplasia regresses in male knockouts. This male-specific phenotype is associated with androgen-dependent induction of senescence, recruitment and differentiation of highly phagocytic macrophages that clear-out senescent cells. In contrast, in females, macrophage recruitment is delayed and dampened, which allows for aggressive tumour progression. Consistently, analysis of TCGA-ACC data shows that phagocytic macrophages are more prominent in men and associated with better prognosis. Altogether, these data show that phagocytic macrophages are key players in the sexual dimorphism of ACC and establish them as novel therapeutic targets for this devastating cancer.",These data analyse gene expression in whole adrenals from  wild-type control mice and mice with conditionnal ablation of Znrf3 (Znrf3 cKO = Sf1-Cre;Znrf3F/F) in steroidogenic cells of the adrenal cortex. Adrenals were collected at different timepoints to evaluate kinetic evolution of the phenotype and in both males and females to evaluate sexual dimorphism. Wild-type and Znrf3 cKO mice were littermates.,36240276,,,637896,GPL21103,Mus musculus,GSE,Expression profiling by high throughput sequencing,2022/10/15,73,ftp://ftp.ncbi.nlm.nih.gov/geo/series/GSE202nnn/GSE202940/,Sexually dimorphic activation of innate antitumor immunity prevents adrenocortical carcinoma development.,Science advances,2022 Oct 14,10.1126/sciadv.add0422,OSD-161|Mmus_BAL-TAL_ADR_BSL_Rep5_B8,Basal Control
46,GSM4199441,0.9954800605773926,GSE141252,Chronologic age and morbidities could converge on gene-specific traits through length-dependent failure of transcript polymerization,,,We provide evidence for the decrease of long transcripts during aging using a unique reference transcriptomic survey of 17 mouse organs sampled at 5 timepoints over the lifespan.,"Transcriptomic profiles of 17 mouse organs, sampled at 4, 9, 12, 18, 24 months of age, were generated by standard illumina RNA-Seq protocols.",,,,314838,GPL19057,Mus musculus,GSE,Expression profiling by high throughput sequencing,2021/12/31,518,ftp://ftp.ncbi.nlm.nih.gov/geo/series/GSE141nnn/GSE141252/,,,,,OSD-161|Mmus_BAL-TAL_ADR_BSL_Rep5_B8,Basal Control
47,GSM6138792,0.9954496026039124,GSE202940,Kinetic comparative analysis of gene expression in whole adrenal glands from Znrf3 cKO and control mice,,,"Unlike most cancers, adrenocortical carcinomas (ACC) are more frequent in women than men, but the underlying mechanisms of this sexual dimorphism remain elusive. Here, we show that inactivation of Znrf3 in steroidogenic cells of the mouse adrenal cortex is associated with sexually dimorphic tumour progression. Although female knockouts develop metastatic carcinomas at 18 months, adrenal hyperplasia regresses in male knockouts. This male-specific phenotype is associated with androgen-dependent induction of senescence, recruitment and differentiation of highly phagocytic macrophages that clear-out senescent cells. In contrast, in females, macrophage recruitment is delayed and dampened, which allows for aggressive tumour progression. Consistently, analysis of TCGA-ACC data shows that phagocytic macrophages are more prominent in men and associated with better prognosis. Altogether, these data show that phagocytic macrophages are key players in the sexual dimorphism of ACC and establish them as novel therapeutic targets for this devastating cancer.",These data analyse gene expression in whole adrenals from  wild-type control mice and mice with conditionnal ablation of Znrf3 (Znrf3 cKO = Sf1-Cre;Znrf3F/F) in steroidogenic cells of the adrenal cortex. Adrenals were collected at different timepoints to evaluate kinetic evolution of the phenotype and in both males and females to evaluate sexual dimorphism. Wild-type and Znrf3 cKO mice were littermates.,36240276,,,637936,GPL21103,Mus musculus,GSE,Expression profiling by high throughput sequencing,2022/10/15,73,ftp://ftp.ncbi.nlm.nih.gov/geo/series/GSE202nnn/GSE202940/,Sexually dimorphic activation of innate antitumor immunity prevents adrenocortical carcinoma development.,Science advances,2022 Oct 14,10.1126/sciadv.add0422,OSD-161|Mmus_BAL-TAL_ADR_BSL_Rep5_B8,Basal Control
48,GSM6138800,0.995404839515686,GSE202940,Kinetic comparative analysis of gene expression in whole adrenal glands from Znrf3 cKO and control mice,,,"Unlike most cancers, adrenocortical carcinomas (ACC) are more frequent in women than men, but the underlying mechanisms of this sexual dimorphism remain elusive. Here, we show that inactivation of Znrf3 in steroidogenic cells of the mouse adrenal cortex is associated with sexually dimorphic tumour progression. Although female knockouts develop metastatic carcinomas at 18 months, adrenal hyperplasia regresses in male knockouts. This male-specific phenotype is associated with androgen-dependent induction of senescence, recruitment and differentiation of highly phagocytic macrophages that clear-out senescent cells. In contrast, in females, macrophage recruitment is delayed and dampened, which allows for aggressive tumour progression. Consistently, analysis of TCGA-ACC data shows that phagocytic macrophages are more prominent in men and associated with better prognosis. Altogether, these data show that phagocytic macrophages are key players in the sexual dimorphism of ACC and establish them as novel therapeutic targets for this devastating cancer.",These data analyse gene expression in whole adrenals from  wild-type control mice and mice with conditionnal ablation of Znrf3 (Znrf3 cKO = Sf1-Cre;Znrf3F/F) in steroidogenic cells of the adrenal cortex. Adrenals were collected at different timepoints to evaluate kinetic evolution of the phenotype and in both males and females to evaluate sexual dimorphism. Wild-type and Znrf3 cKO mice were littermates.,36240276,,,637944,GPL21103,Mus musculus,GSE,Expression profiling by high throughput sequencing,2022/10/15,73,ftp://ftp.ncbi.nlm.nih.gov/geo/series/GSE202nnn/GSE202940/,Sexually dimorphic activation of innate antitumor immunity prevents adrenocortical carcinoma development.,Science advances,2022 Oct 14,10.1126/sciadv.add0422,OSD-161|Mmus_BAL-TAL_ADR_BSL_Rep5_B8,Basal Control
49,GSM5402097,0.9953620433807373,GSE178958,Sex-dependent gene expression patterns in control and Rspo1 gain-of-function mouse adrenals,,,"Purpose: Ectopic Rspo1 expression in the mouse adrenal gland (driven by Sf1-Cre) leads to a sexually dimorphic phenotype of adrenocortical hyperplasia and tissue degeneration. In order to gain a mechanistic understanding of the sexual dimorphism, we compared the gene expression profiles of Rspo1-overexpressing animals (Rspo1 GOF) with control littermates. Methods: Total RNA was extracted from whole adrenals of male and female, control and Rspo1GOF mice during puberty (4 weeks). mRNA sequencing and differential gene expression analysis was conducted by Novogene Co. Hierarchical clustering  and principal component analysis were conducted using Phantasus. Gene set enrichment analysis was performed using Broad's institute GSEA and the Molecular Signatures database. Conclusions: After Rspo1 transgene expression, sex is the second most important component that explains variability among the experimental groups. Genes specifically upregulated in female Rspo1GOF adrenals vs all the other groups are enriched in DNA proliferation and cell cycle genes, targets of E2F transcription factros and the DREAM complex. Genes specifically upregulated in male Rspo1GOF adrenals are related to immune system regulation. Verification of the RNA Seq results by experimental methods has showed that ectopic proliferation in the mutant adrenals is female-specific and that androgen receptor signalling plays a role in proliferation arrest in male animals.  Moreover, accumulation of abnormal foamy-like macrophages in the male adrenals leads to tissue degeneration.","We provide expression data for four groups: male control, female control, male Rspo1GOF, female  Rspo1GOF. We analysed 4 biological replicates (individual mice) for each group.",37102205,,,514405,GPL24247,Mus musculus,GSE,Expression profiling by high throughput sequencing,2021/06/27,16,ftp://ftp.ncbi.nlm.nih.gov/geo/series/GSE178nnn/GSE178958/,Crosstalk between androgen receptor and WNT/β-catenin signaling causes sex-specific adrenocortical hyperplasia in mice.,Disease models & mechanisms,2023 Jun 1,10.1242/dmm.050053,OSD-161|Mmus_BAL-TAL_ADR_BSL_Rep5_B8,Basal Control
50,GSM5808343,0.9951521158218384,GSE193480,SUMOylation in adrenal cortex homeostasis,,,Identify genetic programs impacted by increasing protein SUMOylation and controlling adrenal cortex zonation,We used adrenal glands from pubescent female and male mice having a genetically induced global SUMOylation. The mutant mice bear adrenal-specific deletion of the Senp2-floxed conditional allele that encodes a deSUMOylase.,36543805,,,591885,GPL21103,Mus musculus,GSE,Expression profiling by high throughput sequencing,2022/11/22,16,ftp://ftp.ncbi.nlm.nih.gov/geo/series/GSE193nnn/GSE193480/,Loss of SUMO-specific protease 2 causes isolated glucocorticoid deficiency by blocking adrenal cortex zonal transdifferentiation in mice.,Nature communications,2022 Dec 21,10.1038/s41467-022-35526-5,OSD-161|Mmus_BAL-TAL_ADR_GC_Rep1_G1,Ground Control
51,GSM5808335,0.9950957298278809,GSE193480,SUMOylation in adrenal cortex homeostasis,,,Identify genetic programs impacted by increasing protein SUMOylation and controlling adrenal cortex zonation,We used adrenal glands from pubescent female and male mice having a genetically induced global SUMOylation. The mutant mice bear adrenal-specific deletion of the Senp2-floxed conditional allele that encodes a deSUMOylase.,36543805,,,591877,GPL21103,Mus musculus,GSE,Expression profiling by high throughput sequencing,2022/11/22,16,ftp://ftp.ncbi.nlm.nih.gov/geo/series/GSE193nnn/GSE193480/,Loss of SUMO-specific protease 2 causes isolated glucocorticoid deficiency by blocking adrenal cortex zonal transdifferentiation in mice.,Nature communications,2022 Dec 21,10.1038/s41467-022-35526-5,OSD-161|Mmus_BAL-TAL_ADR_GC_Rep1_G1,Ground Control
52,GSM6138753,0.9950650930404663,GSE202940,Kinetic comparative analysis of gene expression in whole adrenal glands from Znrf3 cKO and control mice,,,"Unlike most cancers, adrenocortical carcinomas (ACC) are more frequent in women than men, but the underlying mechanisms of this sexual dimorphism remain elusive. Here, we show that inactivation of Znrf3 in steroidogenic cells of the mouse adrenal cortex is associated with sexually dimorphic tumour progression. Although female knockouts develop metastatic carcinomas at 18 months, adrenal hyperplasia regresses in male knockouts. This male-specific phenotype is associated with androgen-dependent induction of senescence, recruitment and differentiation of highly phagocytic macrophages that clear-out senescent cells. In contrast, in females, macrophage recruitment is delayed and dampened, which allows for aggressive tumour progression. Consistently, analysis of TCGA-ACC data shows that phagocytic macrophages are more prominent in men and associated with better prognosis. Altogether, these data show that phagocytic macrophages are key players in the sexual dimorphism of ACC and establish them as novel therapeutic targets for this devastating cancer.",These data analyse gene expression in whole adrenals from  wild-type control mice and mice with conditionnal ablation of Znrf3 (Znrf3 cKO = Sf1-Cre;Znrf3F/F) in steroidogenic cells of the adrenal cortex. Adrenals were collected at different timepoints to evaluate kinetic evolution of the phenotype and in both males and females to evaluate sexual dimorphism. Wild-type and Znrf3 cKO mice were littermates.,36240276,,,637897,GPL21103,Mus musculus,GSE,Expression profiling by high throughput sequencing,2022/10/15,73,ftp://ftp.ncbi.nlm.nih.gov/geo/series/GSE202nnn/GSE202940/,Sexually dimorphic activation of innate antitumor immunity prevents adrenocortical carcinoma development.,Science advances,2022 Oct 14,10.1126/sciadv.add0422,OSD-161|Mmus_BAL-TAL_ADR_GC_Rep1_G1,Ground Control
53,GSM6138755,0.9948750138282776,GSE202940,Kinetic comparative analysis of gene expression in whole adrenal glands from Znrf3 cKO and control mice,,,"Unlike most cancers, adrenocortical carcinomas (ACC) are more frequent in women than men, but the underlying mechanisms of this sexual dimorphism remain elusive. Here, we show that inactivation of Znrf3 in steroidogenic cells of the mouse adrenal cortex is associated with sexually dimorphic tumour progression. Although female knockouts develop metastatic carcinomas at 18 months, adrenal hyperplasia regresses in male knockouts. This male-specific phenotype is associated with androgen-dependent induction of senescence, recruitment and differentiation of highly phagocytic macrophages that clear-out senescent cells. In contrast, in females, macrophage recruitment is delayed and dampened, which allows for aggressive tumour progression. Consistently, analysis of TCGA-ACC data shows that phagocytic macrophages are more prominent in men and associated with better prognosis. Altogether, these data show that phagocytic macrophages are key players in the sexual dimorphism of ACC and establish them as novel therapeutic targets for this devastating cancer.",These data analyse gene expression in whole adrenals from  wild-type control mice and mice with conditionnal ablation of Znrf3 (Znrf3 cKO = Sf1-Cre;Znrf3F/F) in steroidogenic cells of the adrenal cortex. Adrenals were collected at different timepoints to evaluate kinetic evolution of the phenotype and in both males and females to evaluate sexual dimorphism. Wild-type and Znrf3 cKO mice were littermates.,36240276,,,637899,GPL21103,Mus musculus,GSE,Expression profiling by high throughput sequencing,2022/10/15,73,ftp://ftp.ncbi.nlm.nih.gov/geo/series/GSE202nnn/GSE202940/,Sexually dimorphic activation of innate antitumor immunity prevents adrenocortical carcinoma development.,Science advances,2022 Oct 14,10.1126/sciadv.add0422,OSD-161|Mmus_BAL-TAL_ADR_GC_Rep1_G1,Ground Control
54,GSM5808342,0.9948216676712036,GSE193480,SUMOylation in adrenal cortex homeostasis,,,Identify genetic programs impacted by increasing protein SUMOylation and controlling adrenal cortex zonation,We used adrenal glands from pubescent female and male mice having a genetically induced global SUMOylation. The mutant mice bear adrenal-specific deletion of the Senp2-floxed conditional allele that encodes a deSUMOylase.,36543805,,,591884,GPL21103,Mus musculus,GSE,Expression profiling by high throughput sequencing,2022/11/22,16,ftp://ftp.ncbi.nlm.nih.gov/geo/series/GSE193nnn/GSE193480/,Loss of SUMO-specific protease 2 causes isolated glucocorticoid deficiency by blocking adrenal cortex zonal transdifferentiation in mice.,Nature communications,2022 Dec 21,10.1038/s41467-022-35526-5,OSD-161|Mmus_BAL-TAL_ADR_GC_Rep1_G1,Ground Control
55,GSM6138792,0.9947909712791443,GSE202940,Kinetic comparative analysis of gene expression in whole adrenal glands from Znrf3 cKO and control mice,,,"Unlike most cancers, adrenocortical carcinomas (ACC) are more frequent in women than men, but the underlying mechanisms of this sexual dimorphism remain elusive. Here, we show that inactivation of Znrf3 in steroidogenic cells of the mouse adrenal cortex is associated with sexually dimorphic tumour progression. Although female knockouts develop metastatic carcinomas at 18 months, adrenal hyperplasia regresses in male knockouts. This male-specific phenotype is associated with androgen-dependent induction of senescence, recruitment and differentiation of highly phagocytic macrophages that clear-out senescent cells. In contrast, in females, macrophage recruitment is delayed and dampened, which allows for aggressive tumour progression. Consistently, analysis of TCGA-ACC data shows that phagocytic macrophages are more prominent in men and associated with better prognosis. Altogether, these data show that phagocytic macrophages are key players in the sexual dimorphism of ACC and establish them as novel therapeutic targets for this devastating cancer.",These data analyse gene expression in whole adrenals from  wild-type control mice and mice with conditionnal ablation of Znrf3 (Znrf3 cKO = Sf1-Cre;Znrf3F/F) in steroidogenic cells of the adrenal cortex. Adrenals were collected at different timepoints to evaluate kinetic evolution of the phenotype and in both males and females to evaluate sexual dimorphism. Wild-type and Znrf3 cKO mice were littermates.,36240276,,,637936,GPL21103,Mus musculus,GSE,Expression profiling by high throughput sequencing,2022/10/15,73,ftp://ftp.ncbi.nlm.nih.gov/geo/series/GSE202nnn/GSE202940/,Sexually dimorphic activation of innate antitumor immunity prevents adrenocortical carcinoma development.,Science advances,2022 Oct 14,10.1126/sciadv.add0422,OSD-161|Mmus_BAL-TAL_ADR_GC_Rep1_G1,Ground Control
56,GSM6138818,0.9946213364601135,GSE202940,Kinetic comparative analysis of gene expression in whole adrenal glands from Znrf3 cKO and control mice,,,"Unlike most cancers, adrenocortical carcinomas (ACC) are more frequent in women than men, but the underlying mechanisms of this sexual dimorphism remain elusive. Here, we show that inactivation of Znrf3 in steroidogenic cells of the mouse adrenal cortex is associated with sexually dimorphic tumour progression. Although female knockouts develop metastatic carcinomas at 18 months, adrenal hyperplasia regresses in male knockouts. This male-specific phenotype is associated with androgen-dependent induction of senescence, recruitment and differentiation of highly phagocytic macrophages that clear-out senescent cells. In contrast, in females, macrophage recruitment is delayed and dampened, which allows for aggressive tumour progression. Consistently, analysis of TCGA-ACC data shows that phagocytic macrophages are more prominent in men and associated with better prognosis. Altogether, these data show that phagocytic macrophages are key players in the sexual dimorphism of ACC and establish them as novel therapeutic targets for this devastating cancer.",These data analyse gene expression in whole adrenals from  wild-type control mice and mice with conditionnal ablation of Znrf3 (Znrf3 cKO = Sf1-Cre;Znrf3F/F) in steroidogenic cells of the adrenal cortex. Adrenals were collected at different timepoints to evaluate kinetic evolution of the phenotype and in both males and females to evaluate sexual dimorphism. Wild-type and Znrf3 cKO mice were littermates.,36240276,,,637962,GPL21103,Mus musculus,GSE,Expression profiling by high throughput sequencing,2022/10/15,73,ftp://ftp.ncbi.nlm.nih.gov/geo/series/GSE202nnn/GSE202940/,Sexually dimorphic activation of innate antitumor immunity prevents adrenocortical carcinoma development.,Science advances,2022 Oct 14,10.1126/sciadv.add0422,OSD-161|Mmus_BAL-TAL_ADR_GC_Rep1_G1,Ground Control
57,GSM6138760,0.9944981336593628,GSE202940,Kinetic comparative analysis of gene expression in whole adrenal glands from Znrf3 cKO and control mice,,,"Unlike most cancers, adrenocortical carcinomas (ACC) are more frequent in women than men, but the underlying mechanisms of this sexual dimorphism remain elusive. Here, we show that inactivation of Znrf3 in steroidogenic cells of the mouse adrenal cortex is associated with sexually dimorphic tumour progression. Although female knockouts develop metastatic carcinomas at 18 months, adrenal hyperplasia regresses in male knockouts. This male-specific phenotype is associated with androgen-dependent induction of senescence, recruitment and differentiation of highly phagocytic macrophages that clear-out senescent cells. In contrast, in females, macrophage recruitment is delayed and dampened, which allows for aggressive tumour progression. Consistently, analysis of TCGA-ACC data shows that phagocytic macrophages are more prominent in men and associated with better prognosis. Altogether, these data show that phagocytic macrophages are key players in the sexual dimorphism of ACC and establish them as novel therapeutic targets for this devastating cancer.",These data analyse gene expression in whole adrenals from  wild-type control mice and mice with conditionnal ablation of Znrf3 (Znrf3 cKO = Sf1-Cre;Znrf3F/F) in steroidogenic cells of the adrenal cortex. Adrenals were collected at different timepoints to evaluate kinetic evolution of the phenotype and in both males and females to evaluate sexual dimorphism. Wild-type and Znrf3 cKO mice were littermates.,36240276,,,637904,GPL21103,Mus musculus,GSE,Expression profiling by high throughput sequencing,2022/10/15,73,ftp://ftp.ncbi.nlm.nih.gov/geo/series/GSE202nnn/GSE202940/,Sexually dimorphic activation of innate antitumor immunity prevents adrenocortical carcinoma development.,Science advances,2022 Oct 14,10.1126/sciadv.add0422,OSD-161|Mmus_BAL-TAL_ADR_GC_Rep1_G1,Ground Control
58,GSM6138757,0.9944707155227661,GSE202940,Kinetic comparative analysis of gene expression in whole adrenal glands from Znrf3 cKO and control mice,,,"Unlike most cancers, adrenocortical carcinomas (ACC) are more frequent in women than men, but the underlying mechanisms of this sexual dimorphism remain elusive. Here, we show that inactivation of Znrf3 in steroidogenic cells of the mouse adrenal cortex is associated with sexually dimorphic tumour progression. Although female knockouts develop metastatic carcinomas at 18 months, adrenal hyperplasia regresses in male knockouts. This male-specific phenotype is associated with androgen-dependent induction of senescence, recruitment and differentiation of highly phagocytic macrophages that clear-out senescent cells. In contrast, in females, macrophage recruitment is delayed and dampened, which allows for aggressive tumour progression. Consistently, analysis of TCGA-ACC data shows that phagocytic macrophages are more prominent in men and associated with better prognosis. Altogether, these data show that phagocytic macrophages are key players in the sexual dimorphism of ACC and establish them as novel therapeutic targets for this devastating cancer.",These data analyse gene expression in whole adrenals from  wild-type control mice and mice with conditionnal ablation of Znrf3 (Znrf3 cKO = Sf1-Cre;Znrf3F/F) in steroidogenic cells of the adrenal cortex. Adrenals were collected at different timepoints to evaluate kinetic evolution of the phenotype and in both males and females to evaluate sexual dimorphism. Wild-type and Znrf3 cKO mice were littermates.,36240276,,,637901,GPL21103,Mus musculus,GSE,Expression profiling by high throughput sequencing,2022/10/15,73,ftp://ftp.ncbi.nlm.nih.gov/geo/series/GSE202nnn/GSE202940/,Sexually dimorphic activation of innate antitumor immunity prevents adrenocortical carcinoma development.,Science advances,2022 Oct 14,10.1126/sciadv.add0422,OSD-161|Mmus_BAL-TAL_ADR_GC_Rep1_G1,Ground Control
59,GSM4199537,0.994434118270874,GSE141252,Chronologic age and morbidities could converge on gene-specific traits through length-dependent failure of transcript polymerization,,,We provide evidence for the decrease of long transcripts during aging using a unique reference transcriptomic survey of 17 mouse organs sampled at 5 timepoints over the lifespan.,"Transcriptomic profiles of 17 mouse organs, sampled at 4, 9, 12, 18, 24 months of age, were generated by standard illumina RNA-Seq protocols.",,,,314932,GPL19057,Mus musculus,GSE,Expression profiling by high throughput sequencing,2021/12/31,518,ftp://ftp.ncbi.nlm.nih.gov/geo/series/GSE141nnn/GSE141252/,,,,,OSD-161|Mmus_BAL-TAL_ADR_GC_Rep1_G1,Ground Control
60,GSM6782801,0.9972702860832214,GSE219552,total RNA-seq from adrenal gland (ENCSR173MHB),,,"B6 X Cast adrenal gland_8-10 months female For data usage terms and conditions, please refer to http://www.genome.gov/27528022 and http://www.genome.gov/Pages/Research/ENCODE/ENCODE_Data_Use_Policy_for_External_Users_03-07-14.pdf",https://www.encodeproject.org/ENCSR173MHB/,22955616,,,714557,GPL17021,Mus musculus,GSE,Expression profiling by high throughput sequencing,2022/12/04,2,ftp://ftp.ncbi.nlm.nih.gov/geo/series/GSE219nnn/GSE219552/,An integrated encyclopedia of DNA elements in the human genome.,Nature,2012 Sep 6,10.1038/nature11247,OSD-161|Mmus_BAL-TAL_ADR_GC_Rep2_G3,Ground Control
61,GSM6138752,0.9964451789855957,GSE202940,Kinetic comparative analysis of gene expression in whole adrenal glands from Znrf3 cKO and control mice,,,"Unlike most cancers, adrenocortical carcinomas (ACC) are more frequent in women than men, but the underlying mechanisms of this sexual dimorphism remain elusive. Here, we show that inactivation of Znrf3 in steroidogenic cells of the mouse adrenal cortex is associated with sexually dimorphic tumour progression. Although female knockouts develop metastatic carcinomas at 18 months, adrenal hyperplasia regresses in male knockouts. This male-specific phenotype is associated with androgen-dependent induction of senescence, recruitment and differentiation of highly phagocytic macrophages that clear-out senescent cells. In contrast, in females, macrophage recruitment is delayed and dampened, which allows for aggressive tumour progression. Consistently, analysis of TCGA-ACC data shows that phagocytic macrophages are more prominent in men and associated with better prognosis. Altogether, these data show that phagocytic macrophages are key players in the sexual dimorphism of ACC and establish them as novel therapeutic targets for this devastating cancer.",These data analyse gene expression in whole adrenals from  wild-type control mice and mice with conditionnal ablation of Znrf3 (Znrf3 cKO = Sf1-Cre;Znrf3F/F) in steroidogenic cells of the adrenal cortex. Adrenals were collected at different timepoints to evaluate kinetic evolution of the phenotype and in both males and females to evaluate sexual dimorphism. Wild-type and Znrf3 cKO mice were littermates.,36240276,,,637896,GPL21103,Mus musculus,GSE,Expression profiling by high throughput sequencing,2022/10/15,73,ftp://ftp.ncbi.nlm.nih.gov/geo/series/GSE202nnn/GSE202940/,Sexually dimorphic activation of innate antitumor immunity prevents adrenocortical carcinoma development.,Science advances,2022 Oct 14,10.1126/sciadv.add0422,OSD-161|Mmus_BAL-TAL_ADR_GC_Rep2_G3,Ground Control
62,GSM6138783,0.9964003562927246,GSE202940,Kinetic comparative analysis of gene expression in whole adrenal glands from Znrf3 cKO and control mice,,,"Unlike most cancers, adrenocortical carcinomas (ACC) are more frequent in women than men, but the underlying mechanisms of this sexual dimorphism remain elusive. Here, we show that inactivation of Znrf3 in steroidogenic cells of the mouse adrenal cortex is associated with sexually dimorphic tumour progression. Although female knockouts develop metastatic carcinomas at 18 months, adrenal hyperplasia regresses in male knockouts. This male-specific phenotype is associated with androgen-dependent induction of senescence, recruitment and differentiation of highly phagocytic macrophages that clear-out senescent cells. In contrast, in females, macrophage recruitment is delayed and dampened, which allows for aggressive tumour progression. Consistently, analysis of TCGA-ACC data shows that phagocytic macrophages are more prominent in men and associated with better prognosis. Altogether, these data show that phagocytic macrophages are key players in the sexual dimorphism of ACC and establish them as novel therapeutic targets for this devastating cancer.",These data analyse gene expression in whole adrenals from  wild-type control mice and mice with conditionnal ablation of Znrf3 (Znrf3 cKO = Sf1-Cre;Znrf3F/F) in steroidogenic cells of the adrenal cortex. Adrenals were collected at different timepoints to evaluate kinetic evolution of the phenotype and in both males and females to evaluate sexual dimorphism. Wild-type and Znrf3 cKO mice were littermates.,36240276,,,637927,GPL21103,Mus musculus,GSE,Expression profiling by high throughput sequencing,2022/10/15,73,ftp://ftp.ncbi.nlm.nih.gov/geo/series/GSE202nnn/GSE202940/,Sexually dimorphic activation of innate antitumor immunity prevents adrenocortical carcinoma development.,Science advances,2022 Oct 14,10.1126/sciadv.add0422,OSD-161|Mmus_BAL-TAL_ADR_GC_Rep2_G3,Ground Control
63,GSM6138791,0.9962160587310791,GSE202940,Kinetic comparative analysis of gene expression in whole adrenal glands from Znrf3 cKO and control mice,,,"Unlike most cancers, adrenocortical carcinomas (ACC) are more frequent in women than men, but the underlying mechanisms of this sexual dimorphism remain elusive. Here, we show that inactivation of Znrf3 in steroidogenic cells of the mouse adrenal cortex is associated with sexually dimorphic tumour progression. Although female knockouts develop metastatic carcinomas at 18 months, adrenal hyperplasia regresses in male knockouts. This male-specific phenotype is associated with androgen-dependent induction of senescence, recruitment and differentiation of highly phagocytic macrophages that clear-out senescent cells. In contrast, in females, macrophage recruitment is delayed and dampened, which allows for aggressive tumour progression. Consistently, analysis of TCGA-ACC data shows that phagocytic macrophages are more prominent in men and associated with better prognosis. Altogether, these data show that phagocytic macrophages are key players in the sexual dimorphism of ACC and establish them as novel therapeutic targets for this devastating cancer.",These data analyse gene expression in whole adrenals from  wild-type control mice and mice with conditionnal ablation of Znrf3 (Znrf3 cKO = Sf1-Cre;Znrf3F/F) in steroidogenic cells of the adrenal cortex. Adrenals were collected at different timepoints to evaluate kinetic evolution of the phenotype and in both males and females to evaluate sexual dimorphism. Wild-type and Znrf3 cKO mice were littermates.,36240276,,,637935,GPL21103,Mus musculus,GSE,Expression profiling by high throughput sequencing,2022/10/15,73,ftp://ftp.ncbi.nlm.nih.gov/geo/series/GSE202nnn/GSE202940/,Sexually dimorphic activation of innate antitumor immunity prevents adrenocortical carcinoma development.,Science advances,2022 Oct 14,10.1126/sciadv.add0422,OSD-161|Mmus_BAL-TAL_ADR_GC_Rep2_G3,Ground Control
64,GSM6138792,0.9961975812911987,GSE202940,Kinetic comparative analysis of gene expression in whole adrenal glands from Znrf3 cKO and control mice,,,"Unlike most cancers, adrenocortical carcinomas (ACC) are more frequent in women than men, but the underlying mechanisms of this sexual dimorphism remain elusive. Here, we show that inactivation of Znrf3 in steroidogenic cells of the mouse adrenal cortex is associated with sexually dimorphic tumour progression. Although female knockouts develop metastatic carcinomas at 18 months, adrenal hyperplasia regresses in male knockouts. This male-specific phenotype is associated with androgen-dependent induction of senescence, recruitment and differentiation of highly phagocytic macrophages that clear-out senescent cells. In contrast, in females, macrophage recruitment is delayed and dampened, which allows for aggressive tumour progression. Consistently, analysis of TCGA-ACC data shows that phagocytic macrophages are more prominent in men and associated with better prognosis. Altogether, these data show that phagocytic macrophages are key players in the sexual dimorphism of ACC and establish them as novel therapeutic targets for this devastating cancer.",These data analyse gene expression in whole adrenals from  wild-type control mice and mice with conditionnal ablation of Znrf3 (Znrf3 cKO = Sf1-Cre;Znrf3F/F) in steroidogenic cells of the adrenal cortex. Adrenals were collected at different timepoints to evaluate kinetic evolution of the phenotype and in both males and females to evaluate sexual dimorphism. Wild-type and Znrf3 cKO mice were littermates.,36240276,,,637936,GPL21103,Mus musculus,GSE,Expression profiling by high throughput sequencing,2022/10/15,73,ftp://ftp.ncbi.nlm.nih.gov/geo/series/GSE202nnn/GSE202940/,Sexually dimorphic activation of innate antitumor immunity prevents adrenocortical carcinoma development.,Science advances,2022 Oct 14,10.1126/sciadv.add0422,OSD-161|Mmus_BAL-TAL_ADR_GC_Rep2_G3,Ground Control
65,GSM5808336,0.9960078001022339,GSE193480,SUMOylation in adrenal cortex homeostasis,,,Identify genetic programs impacted by increasing protein SUMOylation and controlling adrenal cortex zonation,We used adrenal glands from pubescent female and male mice having a genetically induced global SUMOylation. The mutant mice bear adrenal-specific deletion of the Senp2-floxed conditional allele that encodes a deSUMOylase.,36543805,,,591878,GPL21103,Mus musculus,GSE,Expression profiling by high throughput sequencing,2022/11/22,16,ftp://ftp.ncbi.nlm.nih.gov/geo/series/GSE193nnn/GSE193480/,Loss of SUMO-specific protease 2 causes isolated glucocorticoid deficiency by blocking adrenal cortex zonal transdifferentiation in mice.,Nature communications,2022 Dec 21,10.1038/s41467-022-35526-5,OSD-161|Mmus_BAL-TAL_ADR_GC_Rep2_G3,Ground Control
66,GSM6138797,0.9959852695465088,GSE202940,Kinetic comparative analysis of gene expression in whole adrenal glands from Znrf3 cKO and control mice,,,"Unlike most cancers, adrenocortical carcinomas (ACC) are more frequent in women than men, but the underlying mechanisms of this sexual dimorphism remain elusive. Here, we show that inactivation of Znrf3 in steroidogenic cells of the mouse adrenal cortex is associated with sexually dimorphic tumour progression. Although female knockouts develop metastatic carcinomas at 18 months, adrenal hyperplasia regresses in male knockouts. This male-specific phenotype is associated with androgen-dependent induction of senescence, recruitment and differentiation of highly phagocytic macrophages that clear-out senescent cells. In contrast, in females, macrophage recruitment is delayed and dampened, which allows for aggressive tumour progression. Consistently, analysis of TCGA-ACC data shows that phagocytic macrophages are more prominent in men and associated with better prognosis. Altogether, these data show that phagocytic macrophages are key players in the sexual dimorphism of ACC and establish them as novel therapeutic targets for this devastating cancer.",These data analyse gene expression in whole adrenals from  wild-type control mice and mice with conditionnal ablation of Znrf3 (Znrf3 cKO = Sf1-Cre;Znrf3F/F) in steroidogenic cells of the adrenal cortex. Adrenals were collected at different timepoints to evaluate kinetic evolution of the phenotype and in both males and females to evaluate sexual dimorphism. Wild-type and Znrf3 cKO mice were littermates.,36240276,,,637941,GPL21103,Mus musculus,GSE,Expression profiling by high throughput sequencing,2022/10/15,73,ftp://ftp.ncbi.nlm.nih.gov/geo/series/GSE202nnn/GSE202940/,Sexually dimorphic activation of innate antitumor immunity prevents adrenocortical carcinoma development.,Science advances,2022 Oct 14,10.1126/sciadv.add0422,OSD-161|Mmus_BAL-TAL_ADR_GC_Rep2_G3,Ground Control
67,GSM5808344,0.9959658980369568,GSE193480,SUMOylation in adrenal cortex homeostasis,,,Identify genetic programs impacted by increasing protein SUMOylation and controlling adrenal cortex zonation,We used adrenal glands from pubescent female and male mice having a genetically induced global SUMOylation. The mutant mice bear adrenal-specific deletion of the Senp2-floxed conditional allele that encodes a deSUMOylase.,36543805,,,591886,GPL21103,Mus musculus,GSE,Expression profiling by high throughput sequencing,2022/11/22,16,ftp://ftp.ncbi.nlm.nih.gov/geo/series/GSE193nnn/GSE193480/,Loss of SUMO-specific protease 2 causes isolated glucocorticoid deficiency by blocking adrenal cortex zonal transdifferentiation in mice.,Nature communications,2022 Dec 21,10.1038/s41467-022-35526-5,OSD-161|Mmus_BAL-TAL_ADR_GC_Rep2_G3,Ground Control
68,GSM4199441,0.9959055185317993,GSE141252,Chronologic age and morbidities could converge on gene-specific traits through length-dependent failure of transcript polymerization,,,We provide evidence for the decrease of long transcripts during aging using a unique reference transcriptomic survey of 17 mouse organs sampled at 5 timepoints over the lifespan.,"Transcriptomic profiles of 17 mouse organs, sampled at 4, 9, 12, 18, 24 months of age, were generated by standard illumina RNA-Seq protocols.",,,,314838,GPL19057,Mus musculus,GSE,Expression profiling by high throughput sequencing,2021/12/31,518,ftp://ftp.ncbi.nlm.nih.gov/geo/series/GSE141nnn/GSE141252/,,,,,OSD-161|Mmus_BAL-TAL_ADR_GC_Rep2_G3,Ground Control
69,GSM6138801,0.9958310127258301,GSE202940,Kinetic comparative analysis of gene expression in whole adrenal glands from Znrf3 cKO and control mice,,,"Unlike most cancers, adrenocortical carcinomas (ACC) are more frequent in women than men, but the underlying mechanisms of this sexual dimorphism remain elusive. Here, we show that inactivation of Znrf3 in steroidogenic cells of the mouse adrenal cortex is associated with sexually dimorphic tumour progression. Although female knockouts develop metastatic carcinomas at 18 months, adrenal hyperplasia regresses in male knockouts. This male-specific phenotype is associated with androgen-dependent induction of senescence, recruitment and differentiation of highly phagocytic macrophages that clear-out senescent cells. In contrast, in females, macrophage recruitment is delayed and dampened, which allows for aggressive tumour progression. Consistently, analysis of TCGA-ACC data shows that phagocytic macrophages are more prominent in men and associated with better prognosis. Altogether, these data show that phagocytic macrophages are key players in the sexual dimorphism of ACC and establish them as novel therapeutic targets for this devastating cancer.",These data analyse gene expression in whole adrenals from  wild-type control mice and mice with conditionnal ablation of Znrf3 (Znrf3 cKO = Sf1-Cre;Znrf3F/F) in steroidogenic cells of the adrenal cortex. Adrenals were collected at different timepoints to evaluate kinetic evolution of the phenotype and in both males and females to evaluate sexual dimorphism. Wild-type and Znrf3 cKO mice were littermates.,36240276,,,637945,GPL21103,Mus musculus,GSE,Expression profiling by high throughput sequencing,2022/10/15,73,ftp://ftp.ncbi.nlm.nih.gov/geo/series/GSE202nnn/GSE202940/,Sexually dimorphic activation of innate antitumor immunity prevents adrenocortical carcinoma development.,Science advances,2022 Oct 14,10.1126/sciadv.add0422,OSD-161|Mmus_BAL-TAL_ADR_GC_Rep2_G3,Ground Control
70,GSM6138785,0.9963875412940979,GSE202940,Kinetic comparative analysis of gene expression in whole adrenal glands from Znrf3 cKO and control mice,,,"Unlike most cancers, adrenocortical carcinomas (ACC) are more frequent in women than men, but the underlying mechanisms of this sexual dimorphism remain elusive. Here, we show that inactivation of Znrf3 in steroidogenic cells of the mouse adrenal cortex is associated with sexually dimorphic tumour progression. Although female knockouts develop metastatic carcinomas at 18 months, adrenal hyperplasia regresses in male knockouts. This male-specific phenotype is associated with androgen-dependent induction of senescence, recruitment and differentiation of highly phagocytic macrophages that clear-out senescent cells. In contrast, in females, macrophage recruitment is delayed and dampened, which allows for aggressive tumour progression. Consistently, analysis of TCGA-ACC data shows that phagocytic macrophages are more prominent in men and associated with better prognosis. Altogether, these data show that phagocytic macrophages are key players in the sexual dimorphism of ACC and establish them as novel therapeutic targets for this devastating cancer.",These data analyse gene expression in whole adrenals from  wild-type control mice and mice with conditionnal ablation of Znrf3 (Znrf3 cKO = Sf1-Cre;Znrf3F/F) in steroidogenic cells of the adrenal cortex. Adrenals were collected at different timepoints to evaluate kinetic evolution of the phenotype and in both males and females to evaluate sexual dimorphism. Wild-type and Znrf3 cKO mice were littermates.,36240276,,,637929,GPL21103,Mus musculus,GSE,Expression profiling by high throughput sequencing,2022/10/15,73,ftp://ftp.ncbi.nlm.nih.gov/geo/series/GSE202nnn/GSE202940/,Sexually dimorphic activation of innate antitumor immunity prevents adrenocortical carcinoma development.,Science advances,2022 Oct 14,10.1126/sciadv.add0422,OSD-161|Mmus_BAL-TAL_ADR_GC_Rep3_G4,Ground Control
71,GSM6138792,0.9960306882858276,GSE202940,Kinetic comparative analysis of gene expression in whole adrenal glands from Znrf3 cKO and control mice,,,"Unlike most cancers, adrenocortical carcinomas (ACC) are more frequent in women than men, but the underlying mechanisms of this sexual dimorphism remain elusive. Here, we show that inactivation of Znrf3 in steroidogenic cells of the mouse adrenal cortex is associated with sexually dimorphic tumour progression. Although female knockouts develop metastatic carcinomas at 18 months, adrenal hyperplasia regresses in male knockouts. This male-specific phenotype is associated with androgen-dependent induction of senescence, recruitment and differentiation of highly phagocytic macrophages that clear-out senescent cells. In contrast, in females, macrophage recruitment is delayed and dampened, which allows for aggressive tumour progression. Consistently, analysis of TCGA-ACC data shows that phagocytic macrophages are more prominent in men and associated with better prognosis. Altogether, these data show that phagocytic macrophages are key players in the sexual dimorphism of ACC and establish them as novel therapeutic targets for this devastating cancer.",These data analyse gene expression in whole adrenals from  wild-type control mice and mice with conditionnal ablation of Znrf3 (Znrf3 cKO = Sf1-Cre;Znrf3F/F) in steroidogenic cells of the adrenal cortex. Adrenals were collected at different timepoints to evaluate kinetic evolution of the phenotype and in both males and females to evaluate sexual dimorphism. Wild-type and Znrf3 cKO mice were littermates.,36240276,,,637936,GPL21103,Mus musculus,GSE,Expression profiling by high throughput sequencing,2022/10/15,73,ftp://ftp.ncbi.nlm.nih.gov/geo/series/GSE202nnn/GSE202940/,Sexually dimorphic activation of innate antitumor immunity prevents adrenocortical carcinoma development.,Science advances,2022 Oct 14,10.1126/sciadv.add0422,OSD-161|Mmus_BAL-TAL_ADR_GC_Rep3_G4,Ground Control
72,GSM5808343,0.9959349632263184,GSE193480,SUMOylation in adrenal cortex homeostasis,,,Identify genetic programs impacted by increasing protein SUMOylation and controlling adrenal cortex zonation,We used adrenal glands from pubescent female and male mice having a genetically induced global SUMOylation. The mutant mice bear adrenal-specific deletion of the Senp2-floxed conditional allele that encodes a deSUMOylase.,36543805,,,591885,GPL21103,Mus musculus,GSE,Expression profiling by high throughput sequencing,2022/11/22,16,ftp://ftp.ncbi.nlm.nih.gov/geo/series/GSE193nnn/GSE193480/,Loss of SUMO-specific protease 2 causes isolated glucocorticoid deficiency by blocking adrenal cortex zonal transdifferentiation in mice.,Nature communications,2022 Dec 21,10.1038/s41467-022-35526-5,OSD-161|Mmus_BAL-TAL_ADR_GC_Rep3_G4,Ground Control
73,GSM6138749,0.9956575632095337,GSE202940,Kinetic comparative analysis of gene expression in whole adrenal glands from Znrf3 cKO and control mice,,,"Unlike most cancers, adrenocortical carcinomas (ACC) are more frequent in women than men, but the underlying mechanisms of this sexual dimorphism remain elusive. Here, we show that inactivation of Znrf3 in steroidogenic cells of the mouse adrenal cortex is associated with sexually dimorphic tumour progression. Although female knockouts develop metastatic carcinomas at 18 months, adrenal hyperplasia regresses in male knockouts. This male-specific phenotype is associated with androgen-dependent induction of senescence, recruitment and differentiation of highly phagocytic macrophages that clear-out senescent cells. In contrast, in females, macrophage recruitment is delayed and dampened, which allows for aggressive tumour progression. Consistently, analysis of TCGA-ACC data shows that phagocytic macrophages are more prominent in men and associated with better prognosis. Altogether, these data show that phagocytic macrophages are key players in the sexual dimorphism of ACC and establish them as novel therapeutic targets for this devastating cancer.",These data analyse gene expression in whole adrenals from  wild-type control mice and mice with conditionnal ablation of Znrf3 (Znrf3 cKO = Sf1-Cre;Znrf3F/F) in steroidogenic cells of the adrenal cortex. Adrenals were collected at different timepoints to evaluate kinetic evolution of the phenotype and in both males and females to evaluate sexual dimorphism. Wild-type and Znrf3 cKO mice were littermates.,36240276,,,637893,GPL21103,Mus musculus,GSE,Expression profiling by high throughput sequencing,2022/10/15,73,ftp://ftp.ncbi.nlm.nih.gov/geo/series/GSE202nnn/GSE202940/,Sexually dimorphic activation of innate antitumor immunity prevents adrenocortical carcinoma development.,Science advances,2022 Oct 14,10.1126/sciadv.add0422,OSD-161|Mmus_BAL-TAL_ADR_GC_Rep3_G4,Ground Control
74,GSM5808342,0.9956448078155518,GSE193480,SUMOylation in adrenal cortex homeostasis,,,Identify genetic programs impacted by increasing protein SUMOylation and controlling adrenal cortex zonation,We used adrenal glands from pubescent female and male mice having a genetically induced global SUMOylation. The mutant mice bear adrenal-specific deletion of the Senp2-floxed conditional allele that encodes a deSUMOylase.,36543805,,,591884,GPL21103,Mus musculus,GSE,Expression profiling by high throughput sequencing,2022/11/22,16,ftp://ftp.ncbi.nlm.nih.gov/geo/series/GSE193nnn/GSE193480/,Loss of SUMO-specific protease 2 causes isolated glucocorticoid deficiency by blocking adrenal cortex zonal transdifferentiation in mice.,Nature communications,2022 Dec 21,10.1038/s41467-022-35526-5,OSD-161|Mmus_BAL-TAL_ADR_GC_Rep3_G4,Ground Control
75,GSM6138752,0.9956210851669312,GSE202940,Kinetic comparative analysis of gene expression in whole adrenal glands from Znrf3 cKO and control mice,,,"Unlike most cancers, adrenocortical carcinomas (ACC) are more frequent in women than men, but the underlying mechanisms of this sexual dimorphism remain elusive. Here, we show that inactivation of Znrf3 in steroidogenic cells of the mouse adrenal cortex is associated with sexually dimorphic tumour progression. Although female knockouts develop metastatic carcinomas at 18 months, adrenal hyperplasia regresses in male knockouts. This male-specific phenotype is associated with androgen-dependent induction of senescence, recruitment and differentiation of highly phagocytic macrophages that clear-out senescent cells. In contrast, in females, macrophage recruitment is delayed and dampened, which allows for aggressive tumour progression. Consistently, analysis of TCGA-ACC data shows that phagocytic macrophages are more prominent in men and associated with better prognosis. Altogether, these data show that phagocytic macrophages are key players in the sexual dimorphism of ACC and establish them as novel therapeutic targets for this devastating cancer.",These data analyse gene expression in whole adrenals from  wild-type control mice and mice with conditionnal ablation of Znrf3 (Znrf3 cKO = Sf1-Cre;Znrf3F/F) in steroidogenic cells of the adrenal cortex. Adrenals were collected at different timepoints to evaluate kinetic evolution of the phenotype and in both males and females to evaluate sexual dimorphism. Wild-type and Znrf3 cKO mice were littermates.,36240276,,,637896,GPL21103,Mus musculus,GSE,Expression profiling by high throughput sequencing,2022/10/15,73,ftp://ftp.ncbi.nlm.nih.gov/geo/series/GSE202nnn/GSE202940/,Sexually dimorphic activation of innate antitumor immunity prevents adrenocortical carcinoma development.,Science advances,2022 Oct 14,10.1126/sciadv.add0422,OSD-161|Mmus_BAL-TAL_ADR_GC_Rep3_G4,Ground Control
76,GSM5808335,0.9955055713653564,GSE193480,SUMOylation in adrenal cortex homeostasis,,,Identify genetic programs impacted by increasing protein SUMOylation and controlling adrenal cortex zonation,We used adrenal glands from pubescent female and male mice having a genetically induced global SUMOylation. The mutant mice bear adrenal-specific deletion of the Senp2-floxed conditional allele that encodes a deSUMOylase.,36543805,,,591877,GPL21103,Mus musculus,GSE,Expression profiling by high throughput sequencing,2022/11/22,16,ftp://ftp.ncbi.nlm.nih.gov/geo/series/GSE193nnn/GSE193480/,Loss of SUMO-specific protease 2 causes isolated glucocorticoid deficiency by blocking adrenal cortex zonal transdifferentiation in mice.,Nature communications,2022 Dec 21,10.1038/s41467-022-35526-5,OSD-161|Mmus_BAL-TAL_ADR_GC_Rep3_G4,Ground Control
77,GSM6138751,0.9953139424324036,GSE202940,Kinetic comparative analysis of gene expression in whole adrenal glands from Znrf3 cKO and control mice,,,"Unlike most cancers, adrenocortical carcinomas (ACC) are more frequent in women than men, but the underlying mechanisms of this sexual dimorphism remain elusive. Here, we show that inactivation of Znrf3 in steroidogenic cells of the mouse adrenal cortex is associated with sexually dimorphic tumour progression. Although female knockouts develop metastatic carcinomas at 18 months, adrenal hyperplasia regresses in male knockouts. This male-specific phenotype is associated with androgen-dependent induction of senescence, recruitment and differentiation of highly phagocytic macrophages that clear-out senescent cells. In contrast, in females, macrophage recruitment is delayed and dampened, which allows for aggressive tumour progression. Consistently, analysis of TCGA-ACC data shows that phagocytic macrophages are more prominent in men and associated with better prognosis. Altogether, these data show that phagocytic macrophages are key players in the sexual dimorphism of ACC and establish them as novel therapeutic targets for this devastating cancer.",These data analyse gene expression in whole adrenals from  wild-type control mice and mice with conditionnal ablation of Znrf3 (Znrf3 cKO = Sf1-Cre;Znrf3F/F) in steroidogenic cells of the adrenal cortex. Adrenals were collected at different timepoints to evaluate kinetic evolution of the phenotype and in both males and females to evaluate sexual dimorphism. Wild-type and Znrf3 cKO mice were littermates.,36240276,,,637895,GPL21103,Mus musculus,GSE,Expression profiling by high throughput sequencing,2022/10/15,73,ftp://ftp.ncbi.nlm.nih.gov/geo/series/GSE202nnn/GSE202940/,Sexually dimorphic activation of innate antitumor immunity prevents adrenocortical carcinoma development.,Science advances,2022 Oct 14,10.1126/sciadv.add0422,OSD-161|Mmus_BAL-TAL_ADR_GC_Rep3_G4,Ground Control
78,GSM6138797,0.9952709078788757,GSE202940,Kinetic comparative analysis of gene expression in whole adrenal glands from Znrf3 cKO and control mice,,,"Unlike most cancers, adrenocortical carcinomas (ACC) are more frequent in women than men, but the underlying mechanisms of this sexual dimorphism remain elusive. Here, we show that inactivation of Znrf3 in steroidogenic cells of the mouse adrenal cortex is associated with sexually dimorphic tumour progression. Although female knockouts develop metastatic carcinomas at 18 months, adrenal hyperplasia regresses in male knockouts. This male-specific phenotype is associated with androgen-dependent induction of senescence, recruitment and differentiation of highly phagocytic macrophages that clear-out senescent cells. In contrast, in females, macrophage recruitment is delayed and dampened, which allows for aggressive tumour progression. Consistently, analysis of TCGA-ACC data shows that phagocytic macrophages are more prominent in men and associated with better prognosis. Altogether, these data show that phagocytic macrophages are key players in the sexual dimorphism of ACC and establish them as novel therapeutic targets for this devastating cancer.",These data analyse gene expression in whole adrenals from  wild-type control mice and mice with conditionnal ablation of Znrf3 (Znrf3 cKO = Sf1-Cre;Znrf3F/F) in steroidogenic cells of the adrenal cortex. Adrenals were collected at different timepoints to evaluate kinetic evolution of the phenotype and in both males and females to evaluate sexual dimorphism. Wild-type and Znrf3 cKO mice were littermates.,36240276,,,637941,GPL21103,Mus musculus,GSE,Expression profiling by high throughput sequencing,2022/10/15,73,ftp://ftp.ncbi.nlm.nih.gov/geo/series/GSE202nnn/GSE202940/,Sexually dimorphic activation of innate antitumor immunity prevents adrenocortical carcinoma development.,Science advances,2022 Oct 14,10.1126/sciadv.add0422,OSD-161|Mmus_BAL-TAL_ADR_GC_Rep3_G4,Ground Control
79,GSM6782801,0.9952210187911987,GSE219552,total RNA-seq from adrenal gland (ENCSR173MHB),,,"B6 X Cast adrenal gland_8-10 months female For data usage terms and conditions, please refer to http://www.genome.gov/27528022 and http://www.genome.gov/Pages/Research/ENCODE/ENCODE_Data_Use_Policy_for_External_Users_03-07-14.pdf",https://www.encodeproject.org/ENCSR173MHB/,22955616,,,714557,GPL17021,Mus musculus,GSE,Expression profiling by high throughput sequencing,2022/12/04,2,ftp://ftp.ncbi.nlm.nih.gov/geo/series/GSE219nnn/GSE219552/,An integrated encyclopedia of DNA elements in the human genome.,Nature,2012 Sep 6,10.1038/nature11247,OSD-161|Mmus_BAL-TAL_ADR_GC_Rep3_G4,Ground Control
80,GSM5808343,0.9959335327148438,GSE193480,SUMOylation in adrenal cortex homeostasis,,,Identify genetic programs impacted by increasing protein SUMOylation and controlling adrenal cortex zonation,We used adrenal glands from pubescent female and male mice having a genetically induced global SUMOylation. The mutant mice bear adrenal-specific deletion of the Senp2-floxed conditional allele that encodes a deSUMOylase.,36543805,,,591885,GPL21103,Mus musculus,GSE,Expression profiling by high throughput sequencing,2022/11/22,16,ftp://ftp.ncbi.nlm.nih.gov/geo/series/GSE193nnn/GSE193480/,Loss of SUMO-specific protease 2 causes isolated glucocorticoid deficiency by blocking adrenal cortex zonal transdifferentiation in mice.,Nature communications,2022 Dec 21,10.1038/s41467-022-35526-5,OSD-161|Mmus_BAL-TAL_ADR_GC_Rep4_G7,Ground Control
81,GSM5808335,0.9958314299583435,GSE193480,SUMOylation in adrenal cortex homeostasis,,,Identify genetic programs impacted by increasing protein SUMOylation and controlling adrenal cortex zonation,We used adrenal glands from pubescent female and male mice having a genetically induced global SUMOylation. The mutant mice bear adrenal-specific deletion of the Senp2-floxed conditional allele that encodes a deSUMOylase.,36543805,,,591877,GPL21103,Mus musculus,GSE,Expression profiling by high throughput sequencing,2022/11/22,16,ftp://ftp.ncbi.nlm.nih.gov/geo/series/GSE193nnn/GSE193480/,Loss of SUMO-specific protease 2 causes isolated glucocorticoid deficiency by blocking adrenal cortex zonal transdifferentiation in mice.,Nature communications,2022 Dec 21,10.1038/s41467-022-35526-5,OSD-161|Mmus_BAL-TAL_ADR_GC_Rep4_G7,Ground Control
82,GSM5808342,0.9955812692642212,GSE193480,SUMOylation in adrenal cortex homeostasis,,,Identify genetic programs impacted by increasing protein SUMOylation and controlling adrenal cortex zonation,We used adrenal glands from pubescent female and male mice having a genetically induced global SUMOylation. The mutant mice bear adrenal-specific deletion of the Senp2-floxed conditional allele that encodes a deSUMOylase.,36543805,,,591884,GPL21103,Mus musculus,GSE,Expression profiling by high throughput sequencing,2022/11/22,16,ftp://ftp.ncbi.nlm.nih.gov/geo/series/GSE193nnn/GSE193480/,Loss of SUMO-specific protease 2 causes isolated glucocorticoid deficiency by blocking adrenal cortex zonal transdifferentiation in mice.,Nature communications,2022 Dec 21,10.1038/s41467-022-35526-5,OSD-161|Mmus_BAL-TAL_ADR_GC_Rep4_G7,Ground Control
83,GSM6138792,0.995459794998169,GSE202940,Kinetic comparative analysis of gene expression in whole adrenal glands from Znrf3 cKO and control mice,,,"Unlike most cancers, adrenocortical carcinomas (ACC) are more frequent in women than men, but the underlying mechanisms of this sexual dimorphism remain elusive. Here, we show that inactivation of Znrf3 in steroidogenic cells of the mouse adrenal cortex is associated with sexually dimorphic tumour progression. Although female knockouts develop metastatic carcinomas at 18 months, adrenal hyperplasia regresses in male knockouts. This male-specific phenotype is associated with androgen-dependent induction of senescence, recruitment and differentiation of highly phagocytic macrophages that clear-out senescent cells. In contrast, in females, macrophage recruitment is delayed and dampened, which allows for aggressive tumour progression. Consistently, analysis of TCGA-ACC data shows that phagocytic macrophages are more prominent in men and associated with better prognosis. Altogether, these data show that phagocytic macrophages are key players in the sexual dimorphism of ACC and establish them as novel therapeutic targets for this devastating cancer.",These data analyse gene expression in whole adrenals from  wild-type control mice and mice with conditionnal ablation of Znrf3 (Znrf3 cKO = Sf1-Cre;Znrf3F/F) in steroidogenic cells of the adrenal cortex. Adrenals were collected at different timepoints to evaluate kinetic evolution of the phenotype and in both males and females to evaluate sexual dimorphism. Wild-type and Znrf3 cKO mice were littermates.,36240276,,,637936,GPL21103,Mus musculus,GSE,Expression profiling by high throughput sequencing,2022/10/15,73,ftp://ftp.ncbi.nlm.nih.gov/geo/series/GSE202nnn/GSE202940/,Sexually dimorphic activation of innate antitumor immunity prevents adrenocortical carcinoma development.,Science advances,2022 Oct 14,10.1126/sciadv.add0422,OSD-161|Mmus_BAL-TAL_ADR_GC_Rep4_G7,Ground Control
84,GSM6138753,0.9953936338424683,GSE202940,Kinetic comparative analysis of gene expression in whole adrenal glands from Znrf3 cKO and control mice,,,"Unlike most cancers, adrenocortical carcinomas (ACC) are more frequent in women than men, but the underlying mechanisms of this sexual dimorphism remain elusive. Here, we show that inactivation of Znrf3 in steroidogenic cells of the mouse adrenal cortex is associated with sexually dimorphic tumour progression. Although female knockouts develop metastatic carcinomas at 18 months, adrenal hyperplasia regresses in male knockouts. This male-specific phenotype is associated with androgen-dependent induction of senescence, recruitment and differentiation of highly phagocytic macrophages that clear-out senescent cells. In contrast, in females, macrophage recruitment is delayed and dampened, which allows for aggressive tumour progression. Consistently, analysis of TCGA-ACC data shows that phagocytic macrophages are more prominent in men and associated with better prognosis. Altogether, these data show that phagocytic macrophages are key players in the sexual dimorphism of ACC and establish them as novel therapeutic targets for this devastating cancer.",These data analyse gene expression in whole adrenals from  wild-type control mice and mice with conditionnal ablation of Znrf3 (Znrf3 cKO = Sf1-Cre;Znrf3F/F) in steroidogenic cells of the adrenal cortex. Adrenals were collected at different timepoints to evaluate kinetic evolution of the phenotype and in both males and females to evaluate sexual dimorphism. Wild-type and Znrf3 cKO mice were littermates.,36240276,,,637897,GPL21103,Mus musculus,GSE,Expression profiling by high throughput sequencing,2022/10/15,73,ftp://ftp.ncbi.nlm.nih.gov/geo/series/GSE202nnn/GSE202940/,Sexually dimorphic activation of innate antitumor immunity prevents adrenocortical carcinoma development.,Science advances,2022 Oct 14,10.1126/sciadv.add0422,OSD-161|Mmus_BAL-TAL_ADR_GC_Rep4_G7,Ground Control
85,GSM6138785,0.9953294396400452,GSE202940,Kinetic comparative analysis of gene expression in whole adrenal glands from Znrf3 cKO and control mice,,,"Unlike most cancers, adrenocortical carcinomas (ACC) are more frequent in women than men, but the underlying mechanisms of this sexual dimorphism remain elusive. Here, we show that inactivation of Znrf3 in steroidogenic cells of the mouse adrenal cortex is associated with sexually dimorphic tumour progression. Although female knockouts develop metastatic carcinomas at 18 months, adrenal hyperplasia regresses in male knockouts. This male-specific phenotype is associated with androgen-dependent induction of senescence, recruitment and differentiation of highly phagocytic macrophages that clear-out senescent cells. In contrast, in females, macrophage recruitment is delayed and dampened, which allows for aggressive tumour progression. Consistently, analysis of TCGA-ACC data shows that phagocytic macrophages are more prominent in men and associated with better prognosis. Altogether, these data show that phagocytic macrophages are key players in the sexual dimorphism of ACC and establish them as novel therapeutic targets for this devastating cancer.",These data analyse gene expression in whole adrenals from  wild-type control mice and mice with conditionnal ablation of Znrf3 (Znrf3 cKO = Sf1-Cre;Znrf3F/F) in steroidogenic cells of the adrenal cortex. Adrenals were collected at different timepoints to evaluate kinetic evolution of the phenotype and in both males and females to evaluate sexual dimorphism. Wild-type and Znrf3 cKO mice were littermates.,36240276,,,637929,GPL21103,Mus musculus,GSE,Expression profiling by high throughput sequencing,2022/10/15,73,ftp://ftp.ncbi.nlm.nih.gov/geo/series/GSE202nnn/GSE202940/,Sexually dimorphic activation of innate antitumor immunity prevents adrenocortical carcinoma development.,Science advances,2022 Oct 14,10.1126/sciadv.add0422,OSD-161|Mmus_BAL-TAL_ADR_GC_Rep4_G7,Ground Control
86,GSM6138755,0.9952775835990906,GSE202940,Kinetic comparative analysis of gene expression in whole adrenal glands from Znrf3 cKO and control mice,,,"Unlike most cancers, adrenocortical carcinomas (ACC) are more frequent in women than men, but the underlying mechanisms of this sexual dimorphism remain elusive. Here, we show that inactivation of Znrf3 in steroidogenic cells of the mouse adrenal cortex is associated with sexually dimorphic tumour progression. Although female knockouts develop metastatic carcinomas at 18 months, adrenal hyperplasia regresses in male knockouts. This male-specific phenotype is associated with androgen-dependent induction of senescence, recruitment and differentiation of highly phagocytic macrophages that clear-out senescent cells. In contrast, in females, macrophage recruitment is delayed and dampened, which allows for aggressive tumour progression. Consistently, analysis of TCGA-ACC data shows that phagocytic macrophages are more prominent in men and associated with better prognosis. Altogether, these data show that phagocytic macrophages are key players in the sexual dimorphism of ACC and establish them as novel therapeutic targets for this devastating cancer.",These data analyse gene expression in whole adrenals from  wild-type control mice and mice with conditionnal ablation of Znrf3 (Znrf3 cKO = Sf1-Cre;Znrf3F/F) in steroidogenic cells of the adrenal cortex. Adrenals were collected at different timepoints to evaluate kinetic evolution of the phenotype and in both males and females to evaluate sexual dimorphism. Wild-type and Znrf3 cKO mice were littermates.,36240276,,,637899,GPL21103,Mus musculus,GSE,Expression profiling by high throughput sequencing,2022/10/15,73,ftp://ftp.ncbi.nlm.nih.gov/geo/series/GSE202nnn/GSE202940/,Sexually dimorphic activation of innate antitumor immunity prevents adrenocortical carcinoma development.,Science advances,2022 Oct 14,10.1126/sciadv.add0422,OSD-161|Mmus_BAL-TAL_ADR_GC_Rep4_G7,Ground Control
87,GSM6138818,0.995231568813324,GSE202940,Kinetic comparative analysis of gene expression in whole adrenal glands from Znrf3 cKO and control mice,,,"Unlike most cancers, adrenocortical carcinomas (ACC) are more frequent in women than men, but the underlying mechanisms of this sexual dimorphism remain elusive. Here, we show that inactivation of Znrf3 in steroidogenic cells of the mouse adrenal cortex is associated with sexually dimorphic tumour progression. Although female knockouts develop metastatic carcinomas at 18 months, adrenal hyperplasia regresses in male knockouts. This male-specific phenotype is associated with androgen-dependent induction of senescence, recruitment and differentiation of highly phagocytic macrophages that clear-out senescent cells. In contrast, in females, macrophage recruitment is delayed and dampened, which allows for aggressive tumour progression. Consistently, analysis of TCGA-ACC data shows that phagocytic macrophages are more prominent in men and associated with better prognosis. Altogether, these data show that phagocytic macrophages are key players in the sexual dimorphism of ACC and establish them as novel therapeutic targets for this devastating cancer.",These data analyse gene expression in whole adrenals from  wild-type control mice and mice with conditionnal ablation of Znrf3 (Znrf3 cKO = Sf1-Cre;Znrf3F/F) in steroidogenic cells of the adrenal cortex. Adrenals were collected at different timepoints to evaluate kinetic evolution of the phenotype and in both males and females to evaluate sexual dimorphism. Wild-type and Znrf3 cKO mice were littermates.,36240276,,,637962,GPL21103,Mus musculus,GSE,Expression profiling by high throughput sequencing,2022/10/15,73,ftp://ftp.ncbi.nlm.nih.gov/geo/series/GSE202nnn/GSE202940/,Sexually dimorphic activation of innate antitumor immunity prevents adrenocortical carcinoma development.,Science advances,2022 Oct 14,10.1126/sciadv.add0422,OSD-161|Mmus_BAL-TAL_ADR_GC_Rep4_G7,Ground Control
88,GSM6138749,0.9950644969940186,GSE202940,Kinetic comparative analysis of gene expression in whole adrenal glands from Znrf3 cKO and control mice,,,"Unlike most cancers, adrenocortical carcinomas (ACC) are more frequent in women than men, but the underlying mechanisms of this sexual dimorphism remain elusive. Here, we show that inactivation of Znrf3 in steroidogenic cells of the mouse adrenal cortex is associated with sexually dimorphic tumour progression. Although female knockouts develop metastatic carcinomas at 18 months, adrenal hyperplasia regresses in male knockouts. This male-specific phenotype is associated with androgen-dependent induction of senescence, recruitment and differentiation of highly phagocytic macrophages that clear-out senescent cells. In contrast, in females, macrophage recruitment is delayed and dampened, which allows for aggressive tumour progression. Consistently, analysis of TCGA-ACC data shows that phagocytic macrophages are more prominent in men and associated with better prognosis. Altogether, these data show that phagocytic macrophages are key players in the sexual dimorphism of ACC and establish them as novel therapeutic targets for this devastating cancer.",These data analyse gene expression in whole adrenals from  wild-type control mice and mice with conditionnal ablation of Znrf3 (Znrf3 cKO = Sf1-Cre;Znrf3F/F) in steroidogenic cells of the adrenal cortex. Adrenals were collected at different timepoints to evaluate kinetic evolution of the phenotype and in both males and females to evaluate sexual dimorphism. Wild-type and Znrf3 cKO mice were littermates.,36240276,,,637893,GPL21103,Mus musculus,GSE,Expression profiling by high throughput sequencing,2022/10/15,73,ftp://ftp.ncbi.nlm.nih.gov/geo/series/GSE202nnn/GSE202940/,Sexually dimorphic activation of innate antitumor immunity prevents adrenocortical carcinoma development.,Science advances,2022 Oct 14,10.1126/sciadv.add0422,OSD-161|Mmus_BAL-TAL_ADR_GC_Rep4_G7,Ground Control
89,GSM6138752,0.995050311088562,GSE202940,Kinetic comparative analysis of gene expression in whole adrenal glands from Znrf3 cKO and control mice,,,"Unlike most cancers, adrenocortical carcinomas (ACC) are more frequent in women than men, but the underlying mechanisms of this sexual dimorphism remain elusive. Here, we show that inactivation of Znrf3 in steroidogenic cells of the mouse adrenal cortex is associated with sexually dimorphic tumour progression. Although female knockouts develop metastatic carcinomas at 18 months, adrenal hyperplasia regresses in male knockouts. This male-specific phenotype is associated with androgen-dependent induction of senescence, recruitment and differentiation of highly phagocytic macrophages that clear-out senescent cells. In contrast, in females, macrophage recruitment is delayed and dampened, which allows for aggressive tumour progression. Consistently, analysis of TCGA-ACC data shows that phagocytic macrophages are more prominent in men and associated with better prognosis. Altogether, these data show that phagocytic macrophages are key players in the sexual dimorphism of ACC and establish them as novel therapeutic targets for this devastating cancer.",These data analyse gene expression in whole adrenals from  wild-type control mice and mice with conditionnal ablation of Znrf3 (Znrf3 cKO = Sf1-Cre;Znrf3F/F) in steroidogenic cells of the adrenal cortex. Adrenals were collected at different timepoints to evaluate kinetic evolution of the phenotype and in both males and females to evaluate sexual dimorphism. Wild-type and Znrf3 cKO mice were littermates.,36240276,,,637896,GPL21103,Mus musculus,GSE,Expression profiling by high throughput sequencing,2022/10/15,73,ftp://ftp.ncbi.nlm.nih.gov/geo/series/GSE202nnn/GSE202940/,Sexually dimorphic activation of innate antitumor immunity prevents adrenocortical carcinoma development.,Science advances,2022 Oct 14,10.1126/sciadv.add0422,OSD-161|Mmus_BAL-TAL_ADR_GC_Rep4_G7,Ground Control
90,GSM6138792,0.9965319633483887,GSE202940,Kinetic comparative analysis of gene expression in whole adrenal glands from Znrf3 cKO and control mice,,,"Unlike most cancers, adrenocortical carcinomas (ACC) are more frequent in women than men, but the underlying mechanisms of this sexual dimorphism remain elusive. Here, we show that inactivation of Znrf3 in steroidogenic cells of the mouse adrenal cortex is associated with sexually dimorphic tumour progression. Although female knockouts develop metastatic carcinomas at 18 months, adrenal hyperplasia regresses in male knockouts. This male-specific phenotype is associated with androgen-dependent induction of senescence, recruitment and differentiation of highly phagocytic macrophages that clear-out senescent cells. In contrast, in females, macrophage recruitment is delayed and dampened, which allows for aggressive tumour progression. Consistently, analysis of TCGA-ACC data shows that phagocytic macrophages are more prominent in men and associated with better prognosis. Altogether, these data show that phagocytic macrophages are key players in the sexual dimorphism of ACC and establish them as novel therapeutic targets for this devastating cancer.",These data analyse gene expression in whole adrenals from  wild-type control mice and mice with conditionnal ablation of Znrf3 (Znrf3 cKO = Sf1-Cre;Znrf3F/F) in steroidogenic cells of the adrenal cortex. Adrenals were collected at different timepoints to evaluate kinetic evolution of the phenotype and in both males and females to evaluate sexual dimorphism. Wild-type and Znrf3 cKO mice were littermates.,36240276,,,637936,GPL21103,Mus musculus,GSE,Expression profiling by high throughput sequencing,2022/10/15,73,ftp://ftp.ncbi.nlm.nih.gov/geo/series/GSE202nnn/GSE202940/,Sexually dimorphic activation of innate antitumor immunity prevents adrenocortical carcinoma development.,Science advances,2022 Oct 14,10.1126/sciadv.add0422,OSD-161|Mmus_BAL-TAL_ADR_GC_Rep5_G8,Ground Control
91,GSM6138785,0.9964042901992798,GSE202940,Kinetic comparative analysis of gene expression in whole adrenal glands from Znrf3 cKO and control mice,,,"Unlike most cancers, adrenocortical carcinomas (ACC) are more frequent in women than men, but the underlying mechanisms of this sexual dimorphism remain elusive. Here, we show that inactivation of Znrf3 in steroidogenic cells of the mouse adrenal cortex is associated with sexually dimorphic tumour progression. Although female knockouts develop metastatic carcinomas at 18 months, adrenal hyperplasia regresses in male knockouts. This male-specific phenotype is associated with androgen-dependent induction of senescence, recruitment and differentiation of highly phagocytic macrophages that clear-out senescent cells. In contrast, in females, macrophage recruitment is delayed and dampened, which allows for aggressive tumour progression. Consistently, analysis of TCGA-ACC data shows that phagocytic macrophages are more prominent in men and associated with better prognosis. Altogether, these data show that phagocytic macrophages are key players in the sexual dimorphism of ACC and establish them as novel therapeutic targets for this devastating cancer.",These data analyse gene expression in whole adrenals from  wild-type control mice and mice with conditionnal ablation of Znrf3 (Znrf3 cKO = Sf1-Cre;Znrf3F/F) in steroidogenic cells of the adrenal cortex. Adrenals were collected at different timepoints to evaluate kinetic evolution of the phenotype and in both males and females to evaluate sexual dimorphism. Wild-type and Znrf3 cKO mice were littermates.,36240276,,,637929,GPL21103,Mus musculus,GSE,Expression profiling by high throughput sequencing,2022/10/15,73,ftp://ftp.ncbi.nlm.nih.gov/geo/series/GSE202nnn/GSE202940/,Sexually dimorphic activation of innate antitumor immunity prevents adrenocortical carcinoma development.,Science advances,2022 Oct 14,10.1126/sciadv.add0422,OSD-161|Mmus_BAL-TAL_ADR_GC_Rep5_G8,Ground Control
92,GSM6138752,0.9963376522064209,GSE202940,Kinetic comparative analysis of gene expression in whole adrenal glands from Znrf3 cKO and control mice,,,"Unlike most cancers, adrenocortical carcinomas (ACC) are more frequent in women than men, but the underlying mechanisms of this sexual dimorphism remain elusive. Here, we show that inactivation of Znrf3 in steroidogenic cells of the mouse adrenal cortex is associated with sexually dimorphic tumour progression. Although female knockouts develop metastatic carcinomas at 18 months, adrenal hyperplasia regresses in male knockouts. This male-specific phenotype is associated with androgen-dependent induction of senescence, recruitment and differentiation of highly phagocytic macrophages that clear-out senescent cells. In contrast, in females, macrophage recruitment is delayed and dampened, which allows for aggressive tumour progression. Consistently, analysis of TCGA-ACC data shows that phagocytic macrophages are more prominent in men and associated with better prognosis. Altogether, these data show that phagocytic macrophages are key players in the sexual dimorphism of ACC and establish them as novel therapeutic targets for this devastating cancer.",These data analyse gene expression in whole adrenals from  wild-type control mice and mice with conditionnal ablation of Znrf3 (Znrf3 cKO = Sf1-Cre;Znrf3F/F) in steroidogenic cells of the adrenal cortex. Adrenals were collected at different timepoints to evaluate kinetic evolution of the phenotype and in both males and females to evaluate sexual dimorphism. Wild-type and Znrf3 cKO mice were littermates.,36240276,,,637896,GPL21103,Mus musculus,GSE,Expression profiling by high throughput sequencing,2022/10/15,73,ftp://ftp.ncbi.nlm.nih.gov/geo/series/GSE202nnn/GSE202940/,Sexually dimorphic activation of innate antitumor immunity prevents adrenocortical carcinoma development.,Science advances,2022 Oct 14,10.1126/sciadv.add0422,OSD-161|Mmus_BAL-TAL_ADR_GC_Rep5_G8,Ground Control
93,GSM6138797,0.996321439743042,GSE202940,Kinetic comparative analysis of gene expression in whole adrenal glands from Znrf3 cKO and control mice,,,"Unlike most cancers, adrenocortical carcinomas (ACC) are more frequent in women than men, but the underlying mechanisms of this sexual dimorphism remain elusive. Here, we show that inactivation of Znrf3 in steroidogenic cells of the mouse adrenal cortex is associated with sexually dimorphic tumour progression. Although female knockouts develop metastatic carcinomas at 18 months, adrenal hyperplasia regresses in male knockouts. This male-specific phenotype is associated with androgen-dependent induction of senescence, recruitment and differentiation of highly phagocytic macrophages that clear-out senescent cells. In contrast, in females, macrophage recruitment is delayed and dampened, which allows for aggressive tumour progression. Consistently, analysis of TCGA-ACC data shows that phagocytic macrophages are more prominent in men and associated with better prognosis. Altogether, these data show that phagocytic macrophages are key players in the sexual dimorphism of ACC and establish them as novel therapeutic targets for this devastating cancer.",These data analyse gene expression in whole adrenals from  wild-type control mice and mice with conditionnal ablation of Znrf3 (Znrf3 cKO = Sf1-Cre;Znrf3F/F) in steroidogenic cells of the adrenal cortex. Adrenals were collected at different timepoints to evaluate kinetic evolution of the phenotype and in both males and females to evaluate sexual dimorphism. Wild-type and Znrf3 cKO mice were littermates.,36240276,,,637941,GPL21103,Mus musculus,GSE,Expression profiling by high throughput sequencing,2022/10/15,73,ftp://ftp.ncbi.nlm.nih.gov/geo/series/GSE202nnn/GSE202940/,Sexually dimorphic activation of innate antitumor immunity prevents adrenocortical carcinoma development.,Science advances,2022 Oct 14,10.1126/sciadv.add0422,OSD-161|Mmus_BAL-TAL_ADR_GC_Rep5_G8,Ground Control
94,GSM6782801,0.9961507320404053,GSE219552,total RNA-seq from adrenal gland (ENCSR173MHB),,,"B6 X Cast adrenal gland_8-10 months female For data usage terms and conditions, please refer to http://www.genome.gov/27528022 and http://www.genome.gov/Pages/Research/ENCODE/ENCODE_Data_Use_Policy_for_External_Users_03-07-14.pdf",https://www.encodeproject.org/ENCSR173MHB/,22955616,,,714557,GPL17021,Mus musculus,GSE,Expression profiling by high throughput sequencing,2022/12/04,2,ftp://ftp.ncbi.nlm.nih.gov/geo/series/GSE219nnn/GSE219552/,An integrated encyclopedia of DNA elements in the human genome.,Nature,2012 Sep 6,10.1038/nature11247,OSD-161|Mmus_BAL-TAL_ADR_GC_Rep5_G8,Ground Control
95,GSM6138783,0.996123194694519,GSE202940,Kinetic comparative analysis of gene expression in whole adrenal glands from Znrf3 cKO and control mice,,,"Unlike most cancers, adrenocortical carcinomas (ACC) are more frequent in women than men, but the underlying mechanisms of this sexual dimorphism remain elusive. Here, we show that inactivation of Znrf3 in steroidogenic cells of the mouse adrenal cortex is associated with sexually dimorphic tumour progression. Although female knockouts develop metastatic carcinomas at 18 months, adrenal hyperplasia regresses in male knockouts. This male-specific phenotype is associated with androgen-dependent induction of senescence, recruitment and differentiation of highly phagocytic macrophages that clear-out senescent cells. In contrast, in females, macrophage recruitment is delayed and dampened, which allows for aggressive tumour progression. Consistently, analysis of TCGA-ACC data shows that phagocytic macrophages are more prominent in men and associated with better prognosis. Altogether, these data show that phagocytic macrophages are key players in the sexual dimorphism of ACC and establish them as novel therapeutic targets for this devastating cancer.",These data analyse gene expression in whole adrenals from  wild-type control mice and mice with conditionnal ablation of Znrf3 (Znrf3 cKO = Sf1-Cre;Znrf3F/F) in steroidogenic cells of the adrenal cortex. Adrenals were collected at different timepoints to evaluate kinetic evolution of the phenotype and in both males and females to evaluate sexual dimorphism. Wild-type and Znrf3 cKO mice were littermates.,36240276,,,637927,GPL21103,Mus musculus,GSE,Expression profiling by high throughput sequencing,2022/10/15,73,ftp://ftp.ncbi.nlm.nih.gov/geo/series/GSE202nnn/GSE202940/,Sexually dimorphic activation of innate antitumor immunity prevents adrenocortical carcinoma development.,Science advances,2022 Oct 14,10.1126/sciadv.add0422,OSD-161|Mmus_BAL-TAL_ADR_GC_Rep5_G8,Ground Control
96,GSM6138790,0.9957531690597534,GSE202940,Kinetic comparative analysis of gene expression in whole adrenal glands from Znrf3 cKO and control mice,,,"Unlike most cancers, adrenocortical carcinomas (ACC) are more frequent in women than men, but the underlying mechanisms of this sexual dimorphism remain elusive. Here, we show that inactivation of Znrf3 in steroidogenic cells of the mouse adrenal cortex is associated with sexually dimorphic tumour progression. Although female knockouts develop metastatic carcinomas at 18 months, adrenal hyperplasia regresses in male knockouts. This male-specific phenotype is associated with androgen-dependent induction of senescence, recruitment and differentiation of highly phagocytic macrophages that clear-out senescent cells. In contrast, in females, macrophage recruitment is delayed and dampened, which allows for aggressive tumour progression. Consistently, analysis of TCGA-ACC data shows that phagocytic macrophages are more prominent in men and associated with better prognosis. Altogether, these data show that phagocytic macrophages are key players in the sexual dimorphism of ACC and establish them as novel therapeutic targets for this devastating cancer.",These data analyse gene expression in whole adrenals from  wild-type control mice and mice with conditionnal ablation of Znrf3 (Znrf3 cKO = Sf1-Cre;Znrf3F/F) in steroidogenic cells of the adrenal cortex. Adrenals were collected at different timepoints to evaluate kinetic evolution of the phenotype and in both males and females to evaluate sexual dimorphism. Wild-type and Znrf3 cKO mice were littermates.,36240276,,,637934,GPL21103,Mus musculus,GSE,Expression profiling by high throughput sequencing,2022/10/15,73,ftp://ftp.ncbi.nlm.nih.gov/geo/series/GSE202nnn/GSE202940/,Sexually dimorphic activation of innate antitumor immunity prevents adrenocortical carcinoma development.,Science advances,2022 Oct 14,10.1126/sciadv.add0422,OSD-161|Mmus_BAL-TAL_ADR_GC_Rep5_G8,Ground Control
97,GSM6138751,0.9957348108291626,GSE202940,Kinetic comparative analysis of gene expression in whole adrenal glands from Znrf3 cKO and control mice,,,"Unlike most cancers, adrenocortical carcinomas (ACC) are more frequent in women than men, but the underlying mechanisms of this sexual dimorphism remain elusive. Here, we show that inactivation of Znrf3 in steroidogenic cells of the mouse adrenal cortex is associated with sexually dimorphic tumour progression. Although female knockouts develop metastatic carcinomas at 18 months, adrenal hyperplasia regresses in male knockouts. This male-specific phenotype is associated with androgen-dependent induction of senescence, recruitment and differentiation of highly phagocytic macrophages that clear-out senescent cells. In contrast, in females, macrophage recruitment is delayed and dampened, which allows for aggressive tumour progression. Consistently, analysis of TCGA-ACC data shows that phagocytic macrophages are more prominent in men and associated with better prognosis. Altogether, these data show that phagocytic macrophages are key players in the sexual dimorphism of ACC and establish them as novel therapeutic targets for this devastating cancer.",These data analyse gene expression in whole adrenals from  wild-type control mice and mice with conditionnal ablation of Znrf3 (Znrf3 cKO = Sf1-Cre;Znrf3F/F) in steroidogenic cells of the adrenal cortex. Adrenals were collected at different timepoints to evaluate kinetic evolution of the phenotype and in both males and females to evaluate sexual dimorphism. Wild-type and Znrf3 cKO mice were littermates.,36240276,,,637895,GPL21103,Mus musculus,GSE,Expression profiling by high throughput sequencing,2022/10/15,73,ftp://ftp.ncbi.nlm.nih.gov/geo/series/GSE202nnn/GSE202940/,Sexually dimorphic activation of innate antitumor immunity prevents adrenocortical carcinoma development.,Science advances,2022 Oct 14,10.1126/sciadv.add0422,OSD-161|Mmus_BAL-TAL_ADR_GC_Rep5_G8,Ground Control
98,GSM5808344,0.9957284927368164,GSE193480,SUMOylation in adrenal cortex homeostasis,,,Identify genetic programs impacted by increasing protein SUMOylation and controlling adrenal cortex zonation,We used adrenal glands from pubescent female and male mice having a genetically induced global SUMOylation. The mutant mice bear adrenal-specific deletion of the Senp2-floxed conditional allele that encodes a deSUMOylase.,36543805,,,591886,GPL21103,Mus musculus,GSE,Expression profiling by high throughput sequencing,2022/11/22,16,ftp://ftp.ncbi.nlm.nih.gov/geo/series/GSE193nnn/GSE193480/,Loss of SUMO-specific protease 2 causes isolated glucocorticoid deficiency by blocking adrenal cortex zonal transdifferentiation in mice.,Nature communications,2022 Dec 21,10.1038/s41467-022-35526-5,OSD-161|Mmus_BAL-TAL_ADR_GC_Rep5_G8,Ground Control
99,GSM6138784,0.9956010580062866,GSE202940,Kinetic comparative analysis of gene expression in whole adrenal glands from Znrf3 cKO and control mice,,,"Unlike most cancers, adrenocortical carcinomas (ACC) are more frequent in women than men, but the underlying mechanisms of this sexual dimorphism remain elusive. Here, we show that inactivation of Znrf3 in steroidogenic cells of the mouse adrenal cortex is associated with sexually dimorphic tumour progression. Although female knockouts develop metastatic carcinomas at 18 months, adrenal hyperplasia regresses in male knockouts. This male-specific phenotype is associated with androgen-dependent induction of senescence, recruitment and differentiation of highly phagocytic macrophages that clear-out senescent cells. In contrast, in females, macrophage recruitment is delayed and dampened, which allows for aggressive tumour progression. Consistently, analysis of TCGA-ACC data shows that phagocytic macrophages are more prominent in men and associated with better prognosis. Altogether, these data show that phagocytic macrophages are key players in the sexual dimorphism of ACC and establish them as novel therapeutic targets for this devastating cancer.",These data analyse gene expression in whole adrenals from  wild-type control mice and mice with conditionnal ablation of Znrf3 (Znrf3 cKO = Sf1-Cre;Znrf3F/F) in steroidogenic cells of the adrenal cortex. Adrenals were collected at different timepoints to evaluate kinetic evolution of the phenotype and in both males and females to evaluate sexual dimorphism. Wild-type and Znrf3 cKO mice were littermates.,36240276,,,637928,GPL21103,Mus musculus,GSE,Expression profiling by high throughput sequencing,2022/10/15,73,ftp://ftp.ncbi.nlm.nih.gov/geo/series/GSE202nnn/GSE202940/,Sexually dimorphic activation of innate antitumor immunity prevents adrenocortical carcinoma development.,Science advances,2022 Oct 14,10.1126/sciadv.add0422,OSD-161|Mmus_BAL-TAL_ADR_GC_Rep5_G8,Ground Control
100,GSM5808343,0.9960310459136963,GSE193480,SUMOylation in adrenal cortex homeostasis,,,Identify genetic programs impacted by increasing protein SUMOylation and controlling adrenal cortex zonation,We used adrenal glands from pubescent female and male mice having a genetically induced global SUMOylation. The mutant mice bear adrenal-specific deletion of the Senp2-floxed conditional allele that encodes a deSUMOylase.,36543805,,,591885,GPL21103,Mus musculus,GSE,Expression profiling by high throughput sequencing,2022/11/22,16,ftp://ftp.ncbi.nlm.nih.gov/geo/series/GSE193nnn/GSE193480/,Loss of SUMO-specific protease 2 causes isolated glucocorticoid deficiency by blocking adrenal cortex zonal transdifferentiation in mice.,Nature communications,2022 Dec 21,10.1038/s41467-022-35526-5,OSD-161|Mmus_BAL-TAL_ADR_FLT_Rep1_F1,Space Flight
101,GSM5808335,0.9958468675613403,GSE193480,SUMOylation in adrenal cortex homeostasis,,,Identify genetic programs impacted by increasing protein SUMOylation and controlling adrenal cortex zonation,We used adrenal glands from pubescent female and male mice having a genetically induced global SUMOylation. The mutant mice bear adrenal-specific deletion of the Senp2-floxed conditional allele that encodes a deSUMOylase.,36543805,,,591877,GPL21103,Mus musculus,GSE,Expression profiling by high throughput sequencing,2022/11/22,16,ftp://ftp.ncbi.nlm.nih.gov/geo/series/GSE193nnn/GSE193480/,Loss of SUMO-specific protease 2 causes isolated glucocorticoid deficiency by blocking adrenal cortex zonal transdifferentiation in mice.,Nature communications,2022 Dec 21,10.1038/s41467-022-35526-5,OSD-161|Mmus_BAL-TAL_ADR_FLT_Rep1_F1,Space Flight
102,GSM5808342,0.9956929683685303,GSE193480,SUMOylation in adrenal cortex homeostasis,,,Identify genetic programs impacted by increasing protein SUMOylation and controlling adrenal cortex zonation,We used adrenal glands from pubescent female and male mice having a genetically induced global SUMOylation. The mutant mice bear adrenal-specific deletion of the Senp2-floxed conditional allele that encodes a deSUMOylase.,36543805,,,591884,GPL21103,Mus musculus,GSE,Expression profiling by high throughput sequencing,2022/11/22,16,ftp://ftp.ncbi.nlm.nih.gov/geo/series/GSE193nnn/GSE193480/,Loss of SUMO-specific protease 2 causes isolated glucocorticoid deficiency by blocking adrenal cortex zonal transdifferentiation in mice.,Nature communications,2022 Dec 21,10.1038/s41467-022-35526-5,OSD-161|Mmus_BAL-TAL_ADR_FLT_Rep1_F1,Space Flight
103,GSM6138785,0.9956624507904053,GSE202940,Kinetic comparative analysis of gene expression in whole adrenal glands from Znrf3 cKO and control mice,,,"Unlike most cancers, adrenocortical carcinomas (ACC) are more frequent in women than men, but the underlying mechanisms of this sexual dimorphism remain elusive. Here, we show that inactivation of Znrf3 in steroidogenic cells of the mouse adrenal cortex is associated with sexually dimorphic tumour progression. Although female knockouts develop metastatic carcinomas at 18 months, adrenal hyperplasia regresses in male knockouts. This male-specific phenotype is associated with androgen-dependent induction of senescence, recruitment and differentiation of highly phagocytic macrophages that clear-out senescent cells. In contrast, in females, macrophage recruitment is delayed and dampened, which allows for aggressive tumour progression. Consistently, analysis of TCGA-ACC data shows that phagocytic macrophages are more prominent in men and associated with better prognosis. Altogether, these data show that phagocytic macrophages are key players in the sexual dimorphism of ACC and establish them as novel therapeutic targets for this devastating cancer.",These data analyse gene expression in whole adrenals from  wild-type control mice and mice with conditionnal ablation of Znrf3 (Znrf3 cKO = Sf1-Cre;Znrf3F/F) in steroidogenic cells of the adrenal cortex. Adrenals were collected at different timepoints to evaluate kinetic evolution of the phenotype and in both males and females to evaluate sexual dimorphism. Wild-type and Znrf3 cKO mice were littermates.,36240276,,,637929,GPL21103,Mus musculus,GSE,Expression profiling by high throughput sequencing,2022/10/15,73,ftp://ftp.ncbi.nlm.nih.gov/geo/series/GSE202nnn/GSE202940/,Sexually dimorphic activation of innate antitumor immunity prevents adrenocortical carcinoma development.,Science advances,2022 Oct 14,10.1126/sciadv.add0422,OSD-161|Mmus_BAL-TAL_ADR_FLT_Rep1_F1,Space Flight
104,GSM6138792,0.99556565284729,GSE202940,Kinetic comparative analysis of gene expression in whole adrenal glands from Znrf3 cKO and control mice,,,"Unlike most cancers, adrenocortical carcinomas (ACC) are more frequent in women than men, but the underlying mechanisms of this sexual dimorphism remain elusive. Here, we show that inactivation of Znrf3 in steroidogenic cells of the mouse adrenal cortex is associated with sexually dimorphic tumour progression. Although female knockouts develop metastatic carcinomas at 18 months, adrenal hyperplasia regresses in male knockouts. This male-specific phenotype is associated with androgen-dependent induction of senescence, recruitment and differentiation of highly phagocytic macrophages that clear-out senescent cells. In contrast, in females, macrophage recruitment is delayed and dampened, which allows for aggressive tumour progression. Consistently, analysis of TCGA-ACC data shows that phagocytic macrophages are more prominent in men and associated with better prognosis. Altogether, these data show that phagocytic macrophages are key players in the sexual dimorphism of ACC and establish them as novel therapeutic targets for this devastating cancer.",These data analyse gene expression in whole adrenals from  wild-type control mice and mice with conditionnal ablation of Znrf3 (Znrf3 cKO = Sf1-Cre;Znrf3F/F) in steroidogenic cells of the adrenal cortex. Adrenals were collected at different timepoints to evaluate kinetic evolution of the phenotype and in both males and females to evaluate sexual dimorphism. Wild-type and Znrf3 cKO mice were littermates.,36240276,,,637936,GPL21103,Mus musculus,GSE,Expression profiling by high throughput sequencing,2022/10/15,73,ftp://ftp.ncbi.nlm.nih.gov/geo/series/GSE202nnn/GSE202940/,Sexually dimorphic activation of innate antitumor immunity prevents adrenocortical carcinoma development.,Science advances,2022 Oct 14,10.1126/sciadv.add0422,OSD-161|Mmus_BAL-TAL_ADR_FLT_Rep1_F1,Space Flight
105,GSM6138749,0.9953886270523071,GSE202940,Kinetic comparative analysis of gene expression in whole adrenal glands from Znrf3 cKO and control mice,,,"Unlike most cancers, adrenocortical carcinomas (ACC) are more frequent in women than men, but the underlying mechanisms of this sexual dimorphism remain elusive. Here, we show that inactivation of Znrf3 in steroidogenic cells of the mouse adrenal cortex is associated with sexually dimorphic tumour progression. Although female knockouts develop metastatic carcinomas at 18 months, adrenal hyperplasia regresses in male knockouts. This male-specific phenotype is associated with androgen-dependent induction of senescence, recruitment and differentiation of highly phagocytic macrophages that clear-out senescent cells. In contrast, in females, macrophage recruitment is delayed and dampened, which allows for aggressive tumour progression. Consistently, analysis of TCGA-ACC data shows that phagocytic macrophages are more prominent in men and associated with better prognosis. Altogether, these data show that phagocytic macrophages are key players in the sexual dimorphism of ACC and establish them as novel therapeutic targets for this devastating cancer.",These data analyse gene expression in whole adrenals from  wild-type control mice and mice with conditionnal ablation of Znrf3 (Znrf3 cKO = Sf1-Cre;Znrf3F/F) in steroidogenic cells of the adrenal cortex. Adrenals were collected at different timepoints to evaluate kinetic evolution of the phenotype and in both males and females to evaluate sexual dimorphism. Wild-type and Znrf3 cKO mice were littermates.,36240276,,,637893,GPL21103,Mus musculus,GSE,Expression profiling by high throughput sequencing,2022/10/15,73,ftp://ftp.ncbi.nlm.nih.gov/geo/series/GSE202nnn/GSE202940/,Sexually dimorphic activation of innate antitumor immunity prevents adrenocortical carcinoma development.,Science advances,2022 Oct 14,10.1126/sciadv.add0422,OSD-161|Mmus_BAL-TAL_ADR_FLT_Rep1_F1,Space Flight
106,GSM6138753,0.9953547120094299,GSE202940,Kinetic comparative analysis of gene expression in whole adrenal glands from Znrf3 cKO and control mice,,,"Unlike most cancers, adrenocortical carcinomas (ACC) are more frequent in women than men, but the underlying mechanisms of this sexual dimorphism remain elusive. Here, we show that inactivation of Znrf3 in steroidogenic cells of the mouse adrenal cortex is associated with sexually dimorphic tumour progression. Although female knockouts develop metastatic carcinomas at 18 months, adrenal hyperplasia regresses in male knockouts. This male-specific phenotype is associated with androgen-dependent induction of senescence, recruitment and differentiation of highly phagocytic macrophages that clear-out senescent cells. In contrast, in females, macrophage recruitment is delayed and dampened, which allows for aggressive tumour progression. Consistently, analysis of TCGA-ACC data shows that phagocytic macrophages are more prominent in men and associated with better prognosis. Altogether, these data show that phagocytic macrophages are key players in the sexual dimorphism of ACC and establish them as novel therapeutic targets for this devastating cancer.",These data analyse gene expression in whole adrenals from  wild-type control mice and mice with conditionnal ablation of Znrf3 (Znrf3 cKO = Sf1-Cre;Znrf3F/F) in steroidogenic cells of the adrenal cortex. Adrenals were collected at different timepoints to evaluate kinetic evolution of the phenotype and in both males and females to evaluate sexual dimorphism. Wild-type and Znrf3 cKO mice were littermates.,36240276,,,637897,GPL21103,Mus musculus,GSE,Expression profiling by high throughput sequencing,2022/10/15,73,ftp://ftp.ncbi.nlm.nih.gov/geo/series/GSE202nnn/GSE202940/,Sexually dimorphic activation of innate antitumor immunity prevents adrenocortical carcinoma development.,Science advances,2022 Oct 14,10.1126/sciadv.add0422,OSD-161|Mmus_BAL-TAL_ADR_FLT_Rep1_F1,Space Flight
107,GSM6138818,0.9952337145805359,GSE202940,Kinetic comparative analysis of gene expression in whole adrenal glands from Znrf3 cKO and control mice,,,"Unlike most cancers, adrenocortical carcinomas (ACC) are more frequent in women than men, but the underlying mechanisms of this sexual dimorphism remain elusive. Here, we show that inactivation of Znrf3 in steroidogenic cells of the mouse adrenal cortex is associated with sexually dimorphic tumour progression. Although female knockouts develop metastatic carcinomas at 18 months, adrenal hyperplasia regresses in male knockouts. This male-specific phenotype is associated with androgen-dependent induction of senescence, recruitment and differentiation of highly phagocytic macrophages that clear-out senescent cells. In contrast, in females, macrophage recruitment is delayed and dampened, which allows for aggressive tumour progression. Consistently, analysis of TCGA-ACC data shows that phagocytic macrophages are more prominent in men and associated with better prognosis. Altogether, these data show that phagocytic macrophages are key players in the sexual dimorphism of ACC and establish them as novel therapeutic targets for this devastating cancer.",These data analyse gene expression in whole adrenals from  wild-type control mice and mice with conditionnal ablation of Znrf3 (Znrf3 cKO = Sf1-Cre;Znrf3F/F) in steroidogenic cells of the adrenal cortex. Adrenals were collected at different timepoints to evaluate kinetic evolution of the phenotype and in both males and females to evaluate sexual dimorphism. Wild-type and Znrf3 cKO mice were littermates.,36240276,,,637962,GPL21103,Mus musculus,GSE,Expression profiling by high throughput sequencing,2022/10/15,73,ftp://ftp.ncbi.nlm.nih.gov/geo/series/GSE202nnn/GSE202940/,Sexually dimorphic activation of innate antitumor immunity prevents adrenocortical carcinoma development.,Science advances,2022 Oct 14,10.1126/sciadv.add0422,OSD-161|Mmus_BAL-TAL_ADR_FLT_Rep1_F1,Space Flight
108,GSM6782799,0.9952312707901001,GSE219552,total RNA-seq from adrenal gland (ENCSR173MHB),,,"B6 X Cast adrenal gland_8-10 months female For data usage terms and conditions, please refer to http://www.genome.gov/27528022 and http://www.genome.gov/Pages/Research/ENCODE/ENCODE_Data_Use_Policy_for_External_Users_03-07-14.pdf",https://www.encodeproject.org/ENCSR173MHB/,22955616,,,714555,GPL17021,Mus musculus,GSE,Expression profiling by high throughput sequencing,2022/12/04,2,ftp://ftp.ncbi.nlm.nih.gov/geo/series/GSE219nnn/GSE219552/,An integrated encyclopedia of DNA elements in the human genome.,Nature,2012 Sep 6,10.1038/nature11247,OSD-161|Mmus_BAL-TAL_ADR_FLT_Rep1_F1,Space Flight
109,GSM6138755,0.995224118232727,GSE202940,Kinetic comparative analysis of gene expression in whole adrenal glands from Znrf3 cKO and control mice,,,"Unlike most cancers, adrenocortical carcinomas (ACC) are more frequent in women than men, but the underlying mechanisms of this sexual dimorphism remain elusive. Here, we show that inactivation of Znrf3 in steroidogenic cells of the mouse adrenal cortex is associated with sexually dimorphic tumour progression. Although female knockouts develop metastatic carcinomas at 18 months, adrenal hyperplasia regresses in male knockouts. This male-specific phenotype is associated with androgen-dependent induction of senescence, recruitment and differentiation of highly phagocytic macrophages that clear-out senescent cells. In contrast, in females, macrophage recruitment is delayed and dampened, which allows for aggressive tumour progression. Consistently, analysis of TCGA-ACC data shows that phagocytic macrophages are more prominent in men and associated with better prognosis. Altogether, these data show that phagocytic macrophages are key players in the sexual dimorphism of ACC and establish them as novel therapeutic targets for this devastating cancer.",These data analyse gene expression in whole adrenals from  wild-type control mice and mice with conditionnal ablation of Znrf3 (Znrf3 cKO = Sf1-Cre;Znrf3F/F) in steroidogenic cells of the adrenal cortex. Adrenals were collected at different timepoints to evaluate kinetic evolution of the phenotype and in both males and females to evaluate sexual dimorphism. Wild-type and Znrf3 cKO mice were littermates.,36240276,,,637899,GPL21103,Mus musculus,GSE,Expression profiling by high throughput sequencing,2022/10/15,73,ftp://ftp.ncbi.nlm.nih.gov/geo/series/GSE202nnn/GSE202940/,Sexually dimorphic activation of innate antitumor immunity prevents adrenocortical carcinoma development.,Science advances,2022 Oct 14,10.1126/sciadv.add0422,OSD-161|Mmus_BAL-TAL_ADR_FLT_Rep1_F1,Space Flight
110,GSM6138792,0.9962160587310791,GSE202940,Kinetic comparative analysis of gene expression in whole adrenal glands from Znrf3 cKO and control mice,,,"Unlike most cancers, adrenocortical carcinomas (ACC) are more frequent in women than men, but the underlying mechanisms of this sexual dimorphism remain elusive. Here, we show that inactivation of Znrf3 in steroidogenic cells of the mouse adrenal cortex is associated with sexually dimorphic tumour progression. Although female knockouts develop metastatic carcinomas at 18 months, adrenal hyperplasia regresses in male knockouts. This male-specific phenotype is associated with androgen-dependent induction of senescence, recruitment and differentiation of highly phagocytic macrophages that clear-out senescent cells. In contrast, in females, macrophage recruitment is delayed and dampened, which allows for aggressive tumour progression. Consistently, analysis of TCGA-ACC data shows that phagocytic macrophages are more prominent in men and associated with better prognosis. Altogether, these data show that phagocytic macrophages are key players in the sexual dimorphism of ACC and establish them as novel therapeutic targets for this devastating cancer.",These data analyse gene expression in whole adrenals from  wild-type control mice and mice with conditionnal ablation of Znrf3 (Znrf3 cKO = Sf1-Cre;Znrf3F/F) in steroidogenic cells of the adrenal cortex. Adrenals were collected at different timepoints to evaluate kinetic evolution of the phenotype and in both males and females to evaluate sexual dimorphism. Wild-type and Znrf3 cKO mice were littermates.,36240276,,,637936,GPL21103,Mus musculus,GSE,Expression profiling by high throughput sequencing,2022/10/15,73,ftp://ftp.ncbi.nlm.nih.gov/geo/series/GSE202nnn/GSE202940/,Sexually dimorphic activation of innate antitumor immunity prevents adrenocortical carcinoma development.,Science advances,2022 Oct 14,10.1126/sciadv.add0422,OSD-161|Mmus_BAL-TAL_ADR_FLT_Rep2_F3,Space Flight
111,GSM6138785,0.9960953593254089,GSE202940,Kinetic comparative analysis of gene expression in whole adrenal glands from Znrf3 cKO and control mice,,,"Unlike most cancers, adrenocortical carcinomas (ACC) are more frequent in women than men, but the underlying mechanisms of this sexual dimorphism remain elusive. Here, we show that inactivation of Znrf3 in steroidogenic cells of the mouse adrenal cortex is associated with sexually dimorphic tumour progression. Although female knockouts develop metastatic carcinomas at 18 months, adrenal hyperplasia regresses in male knockouts. This male-specific phenotype is associated with androgen-dependent induction of senescence, recruitment and differentiation of highly phagocytic macrophages that clear-out senescent cells. In contrast, in females, macrophage recruitment is delayed and dampened, which allows for aggressive tumour progression. Consistently, analysis of TCGA-ACC data shows that phagocytic macrophages are more prominent in men and associated with better prognosis. Altogether, these data show that phagocytic macrophages are key players in the sexual dimorphism of ACC and establish them as novel therapeutic targets for this devastating cancer.",These data analyse gene expression in whole adrenals from  wild-type control mice and mice with conditionnal ablation of Znrf3 (Znrf3 cKO = Sf1-Cre;Znrf3F/F) in steroidogenic cells of the adrenal cortex. Adrenals were collected at different timepoints to evaluate kinetic evolution of the phenotype and in both males and females to evaluate sexual dimorphism. Wild-type and Znrf3 cKO mice were littermates.,36240276,,,637929,GPL21103,Mus musculus,GSE,Expression profiling by high throughput sequencing,2022/10/15,73,ftp://ftp.ncbi.nlm.nih.gov/geo/series/GSE202nnn/GSE202940/,Sexually dimorphic activation of innate antitumor immunity prevents adrenocortical carcinoma development.,Science advances,2022 Oct 14,10.1126/sciadv.add0422,OSD-161|Mmus_BAL-TAL_ADR_FLT_Rep2_F3,Space Flight
112,GSM5808343,0.9959670901298523,GSE193480,SUMOylation in adrenal cortex homeostasis,,,Identify genetic programs impacted by increasing protein SUMOylation and controlling adrenal cortex zonation,We used adrenal glands from pubescent female and male mice having a genetically induced global SUMOylation. The mutant mice bear adrenal-specific deletion of the Senp2-floxed conditional allele that encodes a deSUMOylase.,36543805,,,591885,GPL21103,Mus musculus,GSE,Expression profiling by high throughput sequencing,2022/11/22,16,ftp://ftp.ncbi.nlm.nih.gov/geo/series/GSE193nnn/GSE193480/,Loss of SUMO-specific protease 2 causes isolated glucocorticoid deficiency by blocking adrenal cortex zonal transdifferentiation in mice.,Nature communications,2022 Dec 21,10.1038/s41467-022-35526-5,OSD-161|Mmus_BAL-TAL_ADR_FLT_Rep2_F3,Space Flight
113,GSM5808342,0.9957895278930664,GSE193480,SUMOylation in adrenal cortex homeostasis,,,Identify genetic programs impacted by increasing protein SUMOylation and controlling adrenal cortex zonation,We used adrenal glands from pubescent female and male mice having a genetically induced global SUMOylation. The mutant mice bear adrenal-specific deletion of the Senp2-floxed conditional allele that encodes a deSUMOylase.,36543805,,,591884,GPL21103,Mus musculus,GSE,Expression profiling by high throughput sequencing,2022/11/22,16,ftp://ftp.ncbi.nlm.nih.gov/geo/series/GSE193nnn/GSE193480/,Loss of SUMO-specific protease 2 causes isolated glucocorticoid deficiency by blocking adrenal cortex zonal transdifferentiation in mice.,Nature communications,2022 Dec 21,10.1038/s41467-022-35526-5,OSD-161|Mmus_BAL-TAL_ADR_FLT_Rep2_F3,Space Flight
114,GSM5808335,0.9957392811775208,GSE193480,SUMOylation in adrenal cortex homeostasis,,,Identify genetic programs impacted by increasing protein SUMOylation and controlling adrenal cortex zonation,We used adrenal glands from pubescent female and male mice having a genetically induced global SUMOylation. The mutant mice bear adrenal-specific deletion of the Senp2-floxed conditional allele that encodes a deSUMOylase.,36543805,,,591877,GPL21103,Mus musculus,GSE,Expression profiling by high throughput sequencing,2022/11/22,16,ftp://ftp.ncbi.nlm.nih.gov/geo/series/GSE193nnn/GSE193480/,Loss of SUMO-specific protease 2 causes isolated glucocorticoid deficiency by blocking adrenal cortex zonal transdifferentiation in mice.,Nature communications,2022 Dec 21,10.1038/s41467-022-35526-5,OSD-161|Mmus_BAL-TAL_ADR_FLT_Rep2_F3,Space Flight
115,GSM6138752,0.9957314729690552,GSE202940,Kinetic comparative analysis of gene expression in whole adrenal glands from Znrf3 cKO and control mice,,,"Unlike most cancers, adrenocortical carcinomas (ACC) are more frequent in women than men, but the underlying mechanisms of this sexual dimorphism remain elusive. Here, we show that inactivation of Znrf3 in steroidogenic cells of the mouse adrenal cortex is associated with sexually dimorphic tumour progression. Although female knockouts develop metastatic carcinomas at 18 months, adrenal hyperplasia regresses in male knockouts. This male-specific phenotype is associated with androgen-dependent induction of senescence, recruitment and differentiation of highly phagocytic macrophages that clear-out senescent cells. In contrast, in females, macrophage recruitment is delayed and dampened, which allows for aggressive tumour progression. Consistently, analysis of TCGA-ACC data shows that phagocytic macrophages are more prominent in men and associated with better prognosis. Altogether, these data show that phagocytic macrophages are key players in the sexual dimorphism of ACC and establish them as novel therapeutic targets for this devastating cancer.",These data analyse gene expression in whole adrenals from  wild-type control mice and mice with conditionnal ablation of Znrf3 (Znrf3 cKO = Sf1-Cre;Znrf3F/F) in steroidogenic cells of the adrenal cortex. Adrenals were collected at different timepoints to evaluate kinetic evolution of the phenotype and in both males and females to evaluate sexual dimorphism. Wild-type and Znrf3 cKO mice were littermates.,36240276,,,637896,GPL21103,Mus musculus,GSE,Expression profiling by high throughput sequencing,2022/10/15,73,ftp://ftp.ncbi.nlm.nih.gov/geo/series/GSE202nnn/GSE202940/,Sexually dimorphic activation of innate antitumor immunity prevents adrenocortical carcinoma development.,Science advances,2022 Oct 14,10.1126/sciadv.add0422,OSD-161|Mmus_BAL-TAL_ADR_FLT_Rep2_F3,Space Flight
116,GSM6138797,0.9955400228500366,GSE202940,Kinetic comparative analysis of gene expression in whole adrenal glands from Znrf3 cKO and control mice,,,"Unlike most cancers, adrenocortical carcinomas (ACC) are more frequent in women than men, but the underlying mechanisms of this sexual dimorphism remain elusive. Here, we show that inactivation of Znrf3 in steroidogenic cells of the mouse adrenal cortex is associated with sexually dimorphic tumour progression. Although female knockouts develop metastatic carcinomas at 18 months, adrenal hyperplasia regresses in male knockouts. This male-specific phenotype is associated with androgen-dependent induction of senescence, recruitment and differentiation of highly phagocytic macrophages that clear-out senescent cells. In contrast, in females, macrophage recruitment is delayed and dampened, which allows for aggressive tumour progression. Consistently, analysis of TCGA-ACC data shows that phagocytic macrophages are more prominent in men and associated with better prognosis. Altogether, these data show that phagocytic macrophages are key players in the sexual dimorphism of ACC and establish them as novel therapeutic targets for this devastating cancer.",These data analyse gene expression in whole adrenals from  wild-type control mice and mice with conditionnal ablation of Znrf3 (Znrf3 cKO = Sf1-Cre;Znrf3F/F) in steroidogenic cells of the adrenal cortex. Adrenals were collected at different timepoints to evaluate kinetic evolution of the phenotype and in both males and females to evaluate sexual dimorphism. Wild-type and Znrf3 cKO mice were littermates.,36240276,,,637941,GPL21103,Mus musculus,GSE,Expression profiling by high throughput sequencing,2022/10/15,73,ftp://ftp.ncbi.nlm.nih.gov/geo/series/GSE202nnn/GSE202940/,Sexually dimorphic activation of innate antitumor immunity prevents adrenocortical carcinoma development.,Science advances,2022 Oct 14,10.1126/sciadv.add0422,OSD-161|Mmus_BAL-TAL_ADR_FLT_Rep2_F3,Space Flight
117,GSM4199537,0.9954935312271118,GSE141252,Chronologic age and morbidities could converge on gene-specific traits through length-dependent failure of transcript polymerization,,,We provide evidence for the decrease of long transcripts during aging using a unique reference transcriptomic survey of 17 mouse organs sampled at 5 timepoints over the lifespan.,"Transcriptomic profiles of 17 mouse organs, sampled at 4, 9, 12, 18, 24 months of age, were generated by standard illumina RNA-Seq protocols.",,,,314932,GPL19057,Mus musculus,GSE,Expression profiling by high throughput sequencing,2021/12/31,518,ftp://ftp.ncbi.nlm.nih.gov/geo/series/GSE141nnn/GSE141252/,,,,,OSD-161|Mmus_BAL-TAL_ADR_FLT_Rep2_F3,Space Flight
118,GSM6138749,0.9953845739364624,GSE202940,Kinetic comparative analysis of gene expression in whole adrenal glands from Znrf3 cKO and control mice,,,"Unlike most cancers, adrenocortical carcinomas (ACC) are more frequent in women than men, but the underlying mechanisms of this sexual dimorphism remain elusive. Here, we show that inactivation of Znrf3 in steroidogenic cells of the mouse adrenal cortex is associated with sexually dimorphic tumour progression. Although female knockouts develop metastatic carcinomas at 18 months, adrenal hyperplasia regresses in male knockouts. This male-specific phenotype is associated with androgen-dependent induction of senescence, recruitment and differentiation of highly phagocytic macrophages that clear-out senescent cells. In contrast, in females, macrophage recruitment is delayed and dampened, which allows for aggressive tumour progression. Consistently, analysis of TCGA-ACC data shows that phagocytic macrophages are more prominent in men and associated with better prognosis. Altogether, these data show that phagocytic macrophages are key players in the sexual dimorphism of ACC and establish them as novel therapeutic targets for this devastating cancer.",These data analyse gene expression in whole adrenals from  wild-type control mice and mice with conditionnal ablation of Znrf3 (Znrf3 cKO = Sf1-Cre;Znrf3F/F) in steroidogenic cells of the adrenal cortex. Adrenals were collected at different timepoints to evaluate kinetic evolution of the phenotype and in both males and females to evaluate sexual dimorphism. Wild-type and Znrf3 cKO mice were littermates.,36240276,,,637893,GPL21103,Mus musculus,GSE,Expression profiling by high throughput sequencing,2022/10/15,73,ftp://ftp.ncbi.nlm.nih.gov/geo/series/GSE202nnn/GSE202940/,Sexually dimorphic activation of innate antitumor immunity prevents adrenocortical carcinoma development.,Science advances,2022 Oct 14,10.1126/sciadv.add0422,OSD-161|Mmus_BAL-TAL_ADR_FLT_Rep2_F3,Space Flight
119,GSM6138753,0.9953750371932983,GSE202940,Kinetic comparative analysis of gene expression in whole adrenal glands from Znrf3 cKO and control mice,,,"Unlike most cancers, adrenocortical carcinomas (ACC) are more frequent in women than men, but the underlying mechanisms of this sexual dimorphism remain elusive. Here, we show that inactivation of Znrf3 in steroidogenic cells of the mouse adrenal cortex is associated with sexually dimorphic tumour progression. Although female knockouts develop metastatic carcinomas at 18 months, adrenal hyperplasia regresses in male knockouts. This male-specific phenotype is associated with androgen-dependent induction of senescence, recruitment and differentiation of highly phagocytic macrophages that clear-out senescent cells. In contrast, in females, macrophage recruitment is delayed and dampened, which allows for aggressive tumour progression. Consistently, analysis of TCGA-ACC data shows that phagocytic macrophages are more prominent in men and associated with better prognosis. Altogether, these data show that phagocytic macrophages are key players in the sexual dimorphism of ACC and establish them as novel therapeutic targets for this devastating cancer.",These data analyse gene expression in whole adrenals from  wild-type control mice and mice with conditionnal ablation of Znrf3 (Znrf3 cKO = Sf1-Cre;Znrf3F/F) in steroidogenic cells of the adrenal cortex. Adrenals were collected at different timepoints to evaluate kinetic evolution of the phenotype and in both males and females to evaluate sexual dimorphism. Wild-type and Znrf3 cKO mice were littermates.,36240276,,,637897,GPL21103,Mus musculus,GSE,Expression profiling by high throughput sequencing,2022/10/15,73,ftp://ftp.ncbi.nlm.nih.gov/geo/series/GSE202nnn/GSE202940/,Sexually dimorphic activation of innate antitumor immunity prevents adrenocortical carcinoma development.,Science advances,2022 Oct 14,10.1126/sciadv.add0422,OSD-161|Mmus_BAL-TAL_ADR_FLT_Rep2_F3,Space Flight
120,GSM5808343,0.9955180287361145,GSE193480,SUMOylation in adrenal cortex homeostasis,,,Identify genetic programs impacted by increasing protein SUMOylation and controlling adrenal cortex zonation,We used adrenal glands from pubescent female and male mice having a genetically induced global SUMOylation. The mutant mice bear adrenal-specific deletion of the Senp2-floxed conditional allele that encodes a deSUMOylase.,36543805,,,591885,GPL21103,Mus musculus,GSE,Expression profiling by high throughput sequencing,2022/11/22,16,ftp://ftp.ncbi.nlm.nih.gov/geo/series/GSE193nnn/GSE193480/,Loss of SUMO-specific protease 2 causes isolated glucocorticoid deficiency by blocking adrenal cortex zonal transdifferentiation in mice.,Nature communications,2022 Dec 21,10.1038/s41467-022-35526-5,OSD-161|Mmus_BAL-TAL_ADR_FLT_Rep3_F4,Space Flight
121,GSM6138792,0.9954942464828491,GSE202940,Kinetic comparative analysis of gene expression in whole adrenal glands from Znrf3 cKO and control mice,,,"Unlike most cancers, adrenocortical carcinomas (ACC) are more frequent in women than men, but the underlying mechanisms of this sexual dimorphism remain elusive. Here, we show that inactivation of Znrf3 in steroidogenic cells of the mouse adrenal cortex is associated with sexually dimorphic tumour progression. Although female knockouts develop metastatic carcinomas at 18 months, adrenal hyperplasia regresses in male knockouts. This male-specific phenotype is associated with androgen-dependent induction of senescence, recruitment and differentiation of highly phagocytic macrophages that clear-out senescent cells. In contrast, in females, macrophage recruitment is delayed and dampened, which allows for aggressive tumour progression. Consistently, analysis of TCGA-ACC data shows that phagocytic macrophages are more prominent in men and associated with better prognosis. Altogether, these data show that phagocytic macrophages are key players in the sexual dimorphism of ACC and establish them as novel therapeutic targets for this devastating cancer.",These data analyse gene expression in whole adrenals from  wild-type control mice and mice with conditionnal ablation of Znrf3 (Znrf3 cKO = Sf1-Cre;Znrf3F/F) in steroidogenic cells of the adrenal cortex. Adrenals were collected at different timepoints to evaluate kinetic evolution of the phenotype and in both males and females to evaluate sexual dimorphism. Wild-type and Znrf3 cKO mice were littermates.,36240276,,,637936,GPL21103,Mus musculus,GSE,Expression profiling by high throughput sequencing,2022/10/15,73,ftp://ftp.ncbi.nlm.nih.gov/geo/series/GSE202nnn/GSE202940/,Sexually dimorphic activation of innate antitumor immunity prevents adrenocortical carcinoma development.,Science advances,2022 Oct 14,10.1126/sciadv.add0422,OSD-161|Mmus_BAL-TAL_ADR_FLT_Rep3_F4,Space Flight
122,GSM6138785,0.9952648878097534,GSE202940,Kinetic comparative analysis of gene expression in whole adrenal glands from Znrf3 cKO and control mice,,,"Unlike most cancers, adrenocortical carcinomas (ACC) are more frequent in women than men, but the underlying mechanisms of this sexual dimorphism remain elusive. Here, we show that inactivation of Znrf3 in steroidogenic cells of the mouse adrenal cortex is associated with sexually dimorphic tumour progression. Although female knockouts develop metastatic carcinomas at 18 months, adrenal hyperplasia regresses in male knockouts. This male-specific phenotype is associated with androgen-dependent induction of senescence, recruitment and differentiation of highly phagocytic macrophages that clear-out senescent cells. In contrast, in females, macrophage recruitment is delayed and dampened, which allows for aggressive tumour progression. Consistently, analysis of TCGA-ACC data shows that phagocytic macrophages are more prominent in men and associated with better prognosis. Altogether, these data show that phagocytic macrophages are key players in the sexual dimorphism of ACC and establish them as novel therapeutic targets for this devastating cancer.",These data analyse gene expression in whole adrenals from  wild-type control mice and mice with conditionnal ablation of Znrf3 (Znrf3 cKO = Sf1-Cre;Znrf3F/F) in steroidogenic cells of the adrenal cortex. Adrenals were collected at different timepoints to evaluate kinetic evolution of the phenotype and in both males and females to evaluate sexual dimorphism. Wild-type and Znrf3 cKO mice were littermates.,36240276,,,637929,GPL21103,Mus musculus,GSE,Expression profiling by high throughput sequencing,2022/10/15,73,ftp://ftp.ncbi.nlm.nih.gov/geo/series/GSE202nnn/GSE202940/,Sexually dimorphic activation of innate antitumor immunity prevents adrenocortical carcinoma development.,Science advances,2022 Oct 14,10.1126/sciadv.add0422,OSD-161|Mmus_BAL-TAL_ADR_FLT_Rep3_F4,Space Flight
123,GSM5808335,0.9952586889266968,GSE193480,SUMOylation in adrenal cortex homeostasis,,,Identify genetic programs impacted by increasing protein SUMOylation and controlling adrenal cortex zonation,We used adrenal glands from pubescent female and male mice having a genetically induced global SUMOylation. The mutant mice bear adrenal-specific deletion of the Senp2-floxed conditional allele that encodes a deSUMOylase.,36543805,,,591877,GPL21103,Mus musculus,GSE,Expression profiling by high throughput sequencing,2022/11/22,16,ftp://ftp.ncbi.nlm.nih.gov/geo/series/GSE193nnn/GSE193480/,Loss of SUMO-specific protease 2 causes isolated glucocorticoid deficiency by blocking adrenal cortex zonal transdifferentiation in mice.,Nature communications,2022 Dec 21,10.1038/s41467-022-35526-5,OSD-161|Mmus_BAL-TAL_ADR_FLT_Rep3_F4,Space Flight
124,GSM5808342,0.9952279925346375,GSE193480,SUMOylation in adrenal cortex homeostasis,,,Identify genetic programs impacted by increasing protein SUMOylation and controlling adrenal cortex zonation,We used adrenal glands from pubescent female and male mice having a genetically induced global SUMOylation. The mutant mice bear adrenal-specific deletion of the Senp2-floxed conditional allele that encodes a deSUMOylase.,36543805,,,591884,GPL21103,Mus musculus,GSE,Expression profiling by high throughput sequencing,2022/11/22,16,ftp://ftp.ncbi.nlm.nih.gov/geo/series/GSE193nnn/GSE193480/,Loss of SUMO-specific protease 2 causes isolated glucocorticoid deficiency by blocking adrenal cortex zonal transdifferentiation in mice.,Nature communications,2022 Dec 21,10.1038/s41467-022-35526-5,OSD-161|Mmus_BAL-TAL_ADR_FLT_Rep3_F4,Space Flight
125,GSM6138753,0.995147705078125,GSE202940,Kinetic comparative analysis of gene expression in whole adrenal glands from Znrf3 cKO and control mice,,,"Unlike most cancers, adrenocortical carcinomas (ACC) are more frequent in women than men, but the underlying mechanisms of this sexual dimorphism remain elusive. Here, we show that inactivation of Znrf3 in steroidogenic cells of the mouse adrenal cortex is associated with sexually dimorphic tumour progression. Although female knockouts develop metastatic carcinomas at 18 months, adrenal hyperplasia regresses in male knockouts. This male-specific phenotype is associated with androgen-dependent induction of senescence, recruitment and differentiation of highly phagocytic macrophages that clear-out senescent cells. In contrast, in females, macrophage recruitment is delayed and dampened, which allows for aggressive tumour progression. Consistently, analysis of TCGA-ACC data shows that phagocytic macrophages are more prominent in men and associated with better prognosis. Altogether, these data show that phagocytic macrophages are key players in the sexual dimorphism of ACC and establish them as novel therapeutic targets for this devastating cancer.",These data analyse gene expression in whole adrenals from  wild-type control mice and mice with conditionnal ablation of Znrf3 (Znrf3 cKO = Sf1-Cre;Znrf3F/F) in steroidogenic cells of the adrenal cortex. Adrenals were collected at different timepoints to evaluate kinetic evolution of the phenotype and in both males and females to evaluate sexual dimorphism. Wild-type and Znrf3 cKO mice were littermates.,36240276,,,637897,GPL21103,Mus musculus,GSE,Expression profiling by high throughput sequencing,2022/10/15,73,ftp://ftp.ncbi.nlm.nih.gov/geo/series/GSE202nnn/GSE202940/,Sexually dimorphic activation of innate antitumor immunity prevents adrenocortical carcinoma development.,Science advances,2022 Oct 14,10.1126/sciadv.add0422,OSD-161|Mmus_BAL-TAL_ADR_FLT_Rep3_F4,Space Flight
126,GSM6138752,0.9951459169387817,GSE202940,Kinetic comparative analysis of gene expression in whole adrenal glands from Znrf3 cKO and control mice,,,"Unlike most cancers, adrenocortical carcinomas (ACC) are more frequent in women than men, but the underlying mechanisms of this sexual dimorphism remain elusive. Here, we show that inactivation of Znrf3 in steroidogenic cells of the mouse adrenal cortex is associated with sexually dimorphic tumour progression. Although female knockouts develop metastatic carcinomas at 18 months, adrenal hyperplasia regresses in male knockouts. This male-specific phenotype is associated with androgen-dependent induction of senescence, recruitment and differentiation of highly phagocytic macrophages that clear-out senescent cells. In contrast, in females, macrophage recruitment is delayed and dampened, which allows for aggressive tumour progression. Consistently, analysis of TCGA-ACC data shows that phagocytic macrophages are more prominent in men and associated with better prognosis. Altogether, these data show that phagocytic macrophages are key players in the sexual dimorphism of ACC and establish them as novel therapeutic targets for this devastating cancer.",These data analyse gene expression in whole adrenals from  wild-type control mice and mice with conditionnal ablation of Znrf3 (Znrf3 cKO = Sf1-Cre;Znrf3F/F) in steroidogenic cells of the adrenal cortex. Adrenals were collected at different timepoints to evaluate kinetic evolution of the phenotype and in both males and females to evaluate sexual dimorphism. Wild-type and Znrf3 cKO mice were littermates.,36240276,,,637896,GPL21103,Mus musculus,GSE,Expression profiling by high throughput sequencing,2022/10/15,73,ftp://ftp.ncbi.nlm.nih.gov/geo/series/GSE202nnn/GSE202940/,Sexually dimorphic activation of innate antitumor immunity prevents adrenocortical carcinoma development.,Science advances,2022 Oct 14,10.1126/sciadv.add0422,OSD-161|Mmus_BAL-TAL_ADR_FLT_Rep3_F4,Space Flight
127,GSM6138755,0.9950214624404907,GSE202940,Kinetic comparative analysis of gene expression in whole adrenal glands from Znrf3 cKO and control mice,,,"Unlike most cancers, adrenocortical carcinomas (ACC) are more frequent in women than men, but the underlying mechanisms of this sexual dimorphism remain elusive. Here, we show that inactivation of Znrf3 in steroidogenic cells of the mouse adrenal cortex is associated with sexually dimorphic tumour progression. Although female knockouts develop metastatic carcinomas at 18 months, adrenal hyperplasia regresses in male knockouts. This male-specific phenotype is associated with androgen-dependent induction of senescence, recruitment and differentiation of highly phagocytic macrophages that clear-out senescent cells. In contrast, in females, macrophage recruitment is delayed and dampened, which allows for aggressive tumour progression. Consistently, analysis of TCGA-ACC data shows that phagocytic macrophages are more prominent in men and associated with better prognosis. Altogether, these data show that phagocytic macrophages are key players in the sexual dimorphism of ACC and establish them as novel therapeutic targets for this devastating cancer.",These data analyse gene expression in whole adrenals from  wild-type control mice and mice with conditionnal ablation of Znrf3 (Znrf3 cKO = Sf1-Cre;Znrf3F/F) in steroidogenic cells of the adrenal cortex. Adrenals were collected at different timepoints to evaluate kinetic evolution of the phenotype and in both males and females to evaluate sexual dimorphism. Wild-type and Znrf3 cKO mice were littermates.,36240276,,,637899,GPL21103,Mus musculus,GSE,Expression profiling by high throughput sequencing,2022/10/15,73,ftp://ftp.ncbi.nlm.nih.gov/geo/series/GSE202nnn/GSE202940/,Sexually dimorphic activation of innate antitumor immunity prevents adrenocortical carcinoma development.,Science advances,2022 Oct 14,10.1126/sciadv.add0422,OSD-161|Mmus_BAL-TAL_ADR_FLT_Rep3_F4,Space Flight
128,GSM6138797,0.9948901534080505,GSE202940,Kinetic comparative analysis of gene expression in whole adrenal glands from Znrf3 cKO and control mice,,,"Unlike most cancers, adrenocortical carcinomas (ACC) are more frequent in women than men, but the underlying mechanisms of this sexual dimorphism remain elusive. Here, we show that inactivation of Znrf3 in steroidogenic cells of the mouse adrenal cortex is associated with sexually dimorphic tumour progression. Although female knockouts develop metastatic carcinomas at 18 months, adrenal hyperplasia regresses in male knockouts. This male-specific phenotype is associated with androgen-dependent induction of senescence, recruitment and differentiation of highly phagocytic macrophages that clear-out senescent cells. In contrast, in females, macrophage recruitment is delayed and dampened, which allows for aggressive tumour progression. Consistently, analysis of TCGA-ACC data shows that phagocytic macrophages are more prominent in men and associated with better prognosis. Altogether, these data show that phagocytic macrophages are key players in the sexual dimorphism of ACC and establish them as novel therapeutic targets for this devastating cancer.",These data analyse gene expression in whole adrenals from  wild-type control mice and mice with conditionnal ablation of Znrf3 (Znrf3 cKO = Sf1-Cre;Znrf3F/F) in steroidogenic cells of the adrenal cortex. Adrenals were collected at different timepoints to evaluate kinetic evolution of the phenotype and in both males and females to evaluate sexual dimorphism. Wild-type and Znrf3 cKO mice were littermates.,36240276,,,637941,GPL21103,Mus musculus,GSE,Expression profiling by high throughput sequencing,2022/10/15,73,ftp://ftp.ncbi.nlm.nih.gov/geo/series/GSE202nnn/GSE202940/,Sexually dimorphic activation of innate antitumor immunity prevents adrenocortical carcinoma development.,Science advances,2022 Oct 14,10.1126/sciadv.add0422,OSD-161|Mmus_BAL-TAL_ADR_FLT_Rep3_F4,Space Flight
129,GSM4199537,0.9948539137840271,GSE141252,Chronologic age and morbidities could converge on gene-specific traits through length-dependent failure of transcript polymerization,,,We provide evidence for the decrease of long transcripts during aging using a unique reference transcriptomic survey of 17 mouse organs sampled at 5 timepoints over the lifespan.,"Transcriptomic profiles of 17 mouse organs, sampled at 4, 9, 12, 18, 24 months of age, were generated by standard illumina RNA-Seq protocols.",,,,314932,GPL19057,Mus musculus,GSE,Expression profiling by high throughput sequencing,2021/12/31,518,ftp://ftp.ncbi.nlm.nih.gov/geo/series/GSE141nnn/GSE141252/,,,,,OSD-161|Mmus_BAL-TAL_ADR_FLT_Rep3_F4,Space Flight
130,GSM6138785,0.9964491128921509,GSE202940,Kinetic comparative analysis of gene expression in whole adrenal glands from Znrf3 cKO and control mice,,,"Unlike most cancers, adrenocortical carcinomas (ACC) are more frequent in women than men, but the underlying mechanisms of this sexual dimorphism remain elusive. Here, we show that inactivation of Znrf3 in steroidogenic cells of the mouse adrenal cortex is associated with sexually dimorphic tumour progression. Although female knockouts develop metastatic carcinomas at 18 months, adrenal hyperplasia regresses in male knockouts. This male-specific phenotype is associated with androgen-dependent induction of senescence, recruitment and differentiation of highly phagocytic macrophages that clear-out senescent cells. In contrast, in females, macrophage recruitment is delayed and dampened, which allows for aggressive tumour progression. Consistently, analysis of TCGA-ACC data shows that phagocytic macrophages are more prominent in men and associated with better prognosis. Altogether, these data show that phagocytic macrophages are key players in the sexual dimorphism of ACC and establish them as novel therapeutic targets for this devastating cancer.",These data analyse gene expression in whole adrenals from  wild-type control mice and mice with conditionnal ablation of Znrf3 (Znrf3 cKO = Sf1-Cre;Znrf3F/F) in steroidogenic cells of the adrenal cortex. Adrenals were collected at different timepoints to evaluate kinetic evolution of the phenotype and in both males and females to evaluate sexual dimorphism. Wild-type and Znrf3 cKO mice were littermates.,36240276,,,637929,GPL21103,Mus musculus,GSE,Expression profiling by high throughput sequencing,2022/10/15,73,ftp://ftp.ncbi.nlm.nih.gov/geo/series/GSE202nnn/GSE202940/,Sexually dimorphic activation of innate antitumor immunity prevents adrenocortical carcinoma development.,Science advances,2022 Oct 14,10.1126/sciadv.add0422,OSD-161|Mmus_BAL-TAL_ADR_FLT_Rep4_F7,Space Flight
131,GSM6138792,0.996354341506958,GSE202940,Kinetic comparative analysis of gene expression in whole adrenal glands from Znrf3 cKO and control mice,,,"Unlike most cancers, adrenocortical carcinomas (ACC) are more frequent in women than men, but the underlying mechanisms of this sexual dimorphism remain elusive. Here, we show that inactivation of Znrf3 in steroidogenic cells of the mouse adrenal cortex is associated with sexually dimorphic tumour progression. Although female knockouts develop metastatic carcinomas at 18 months, adrenal hyperplasia regresses in male knockouts. This male-specific phenotype is associated with androgen-dependent induction of senescence, recruitment and differentiation of highly phagocytic macrophages that clear-out senescent cells. In contrast, in females, macrophage recruitment is delayed and dampened, which allows for aggressive tumour progression. Consistently, analysis of TCGA-ACC data shows that phagocytic macrophages are more prominent in men and associated with better prognosis. Altogether, these data show that phagocytic macrophages are key players in the sexual dimorphism of ACC and establish them as novel therapeutic targets for this devastating cancer.",These data analyse gene expression in whole adrenals from  wild-type control mice and mice with conditionnal ablation of Znrf3 (Znrf3 cKO = Sf1-Cre;Znrf3F/F) in steroidogenic cells of the adrenal cortex. Adrenals were collected at different timepoints to evaluate kinetic evolution of the phenotype and in both males and females to evaluate sexual dimorphism. Wild-type and Znrf3 cKO mice were littermates.,36240276,,,637936,GPL21103,Mus musculus,GSE,Expression profiling by high throughput sequencing,2022/10/15,73,ftp://ftp.ncbi.nlm.nih.gov/geo/series/GSE202nnn/GSE202940/,Sexually dimorphic activation of innate antitumor immunity prevents adrenocortical carcinoma development.,Science advances,2022 Oct 14,10.1126/sciadv.add0422,OSD-161|Mmus_BAL-TAL_ADR_FLT_Rep4_F7,Space Flight
132,GSM5808343,0.9959918260574341,GSE193480,SUMOylation in adrenal cortex homeostasis,,,Identify genetic programs impacted by increasing protein SUMOylation and controlling adrenal cortex zonation,We used adrenal glands from pubescent female and male mice having a genetically induced global SUMOylation. The mutant mice bear adrenal-specific deletion of the Senp2-floxed conditional allele that encodes a deSUMOylase.,36543805,,,591885,GPL21103,Mus musculus,GSE,Expression profiling by high throughput sequencing,2022/11/22,16,ftp://ftp.ncbi.nlm.nih.gov/geo/series/GSE193nnn/GSE193480/,Loss of SUMO-specific protease 2 causes isolated glucocorticoid deficiency by blocking adrenal cortex zonal transdifferentiation in mice.,Nature communications,2022 Dec 21,10.1038/s41467-022-35526-5,OSD-161|Mmus_BAL-TAL_ADR_FLT_Rep4_F7,Space Flight
133,GSM6138752,0.9959658980369568,GSE202940,Kinetic comparative analysis of gene expression in whole adrenal glands from Znrf3 cKO and control mice,,,"Unlike most cancers, adrenocortical carcinomas (ACC) are more frequent in women than men, but the underlying mechanisms of this sexual dimorphism remain elusive. Here, we show that inactivation of Znrf3 in steroidogenic cells of the mouse adrenal cortex is associated with sexually dimorphic tumour progression. Although female knockouts develop metastatic carcinomas at 18 months, adrenal hyperplasia regresses in male knockouts. This male-specific phenotype is associated with androgen-dependent induction of senescence, recruitment and differentiation of highly phagocytic macrophages that clear-out senescent cells. In contrast, in females, macrophage recruitment is delayed and dampened, which allows for aggressive tumour progression. Consistently, analysis of TCGA-ACC data shows that phagocytic macrophages are more prominent in men and associated with better prognosis. Altogether, these data show that phagocytic macrophages are key players in the sexual dimorphism of ACC and establish them as novel therapeutic targets for this devastating cancer.",These data analyse gene expression in whole adrenals from  wild-type control mice and mice with conditionnal ablation of Znrf3 (Znrf3 cKO = Sf1-Cre;Znrf3F/F) in steroidogenic cells of the adrenal cortex. Adrenals were collected at different timepoints to evaluate kinetic evolution of the phenotype and in both males and females to evaluate sexual dimorphism. Wild-type and Znrf3 cKO mice were littermates.,36240276,,,637896,GPL21103,Mus musculus,GSE,Expression profiling by high throughput sequencing,2022/10/15,73,ftp://ftp.ncbi.nlm.nih.gov/geo/series/GSE202nnn/GSE202940/,Sexually dimorphic activation of innate antitumor immunity prevents adrenocortical carcinoma development.,Science advances,2022 Oct 14,10.1126/sciadv.add0422,OSD-161|Mmus_BAL-TAL_ADR_FLT_Rep4_F7,Space Flight
134,GSM6138797,0.9958993792533875,GSE202940,Kinetic comparative analysis of gene expression in whole adrenal glands from Znrf3 cKO and control mice,,,"Unlike most cancers, adrenocortical carcinomas (ACC) are more frequent in women than men, but the underlying mechanisms of this sexual dimorphism remain elusive. Here, we show that inactivation of Znrf3 in steroidogenic cells of the mouse adrenal cortex is associated with sexually dimorphic tumour progression. Although female knockouts develop metastatic carcinomas at 18 months, adrenal hyperplasia regresses in male knockouts. This male-specific phenotype is associated with androgen-dependent induction of senescence, recruitment and differentiation of highly phagocytic macrophages that clear-out senescent cells. In contrast, in females, macrophage recruitment is delayed and dampened, which allows for aggressive tumour progression. Consistently, analysis of TCGA-ACC data shows that phagocytic macrophages are more prominent in men and associated with better prognosis. Altogether, these data show that phagocytic macrophages are key players in the sexual dimorphism of ACC and establish them as novel therapeutic targets for this devastating cancer.",These data analyse gene expression in whole adrenals from  wild-type control mice and mice with conditionnal ablation of Znrf3 (Znrf3 cKO = Sf1-Cre;Znrf3F/F) in steroidogenic cells of the adrenal cortex. Adrenals were collected at different timepoints to evaluate kinetic evolution of the phenotype and in both males and females to evaluate sexual dimorphism. Wild-type and Znrf3 cKO mice were littermates.,36240276,,,637941,GPL21103,Mus musculus,GSE,Expression profiling by high throughput sequencing,2022/10/15,73,ftp://ftp.ncbi.nlm.nih.gov/geo/series/GSE202nnn/GSE202940/,Sexually dimorphic activation of innate antitumor immunity prevents adrenocortical carcinoma development.,Science advances,2022 Oct 14,10.1126/sciadv.add0422,OSD-161|Mmus_BAL-TAL_ADR_FLT_Rep4_F7,Space Flight
135,GSM6782801,0.995854377746582,GSE219552,total RNA-seq from adrenal gland (ENCSR173MHB),,,"B6 X Cast adrenal gland_8-10 months female For data usage terms and conditions, please refer to http://www.genome.gov/27528022 and http://www.genome.gov/Pages/Research/ENCODE/ENCODE_Data_Use_Policy_for_External_Users_03-07-14.pdf",https://www.encodeproject.org/ENCSR173MHB/,22955616,,,714557,GPL17021,Mus musculus,GSE,Expression profiling by high throughput sequencing,2022/12/04,2,ftp://ftp.ncbi.nlm.nih.gov/geo/series/GSE219nnn/GSE219552/,An integrated encyclopedia of DNA elements in the human genome.,Nature,2012 Sep 6,10.1038/nature11247,OSD-161|Mmus_BAL-TAL_ADR_FLT_Rep4_F7,Space Flight
136,GSM5808342,0.9957135915756226,GSE193480,SUMOylation in adrenal cortex homeostasis,,,Identify genetic programs impacted by increasing protein SUMOylation and controlling adrenal cortex zonation,We used adrenal glands from pubescent female and male mice having a genetically induced global SUMOylation. The mutant mice bear adrenal-specific deletion of the Senp2-floxed conditional allele that encodes a deSUMOylase.,36543805,,,591884,GPL21103,Mus musculus,GSE,Expression profiling by high throughput sequencing,2022/11/22,16,ftp://ftp.ncbi.nlm.nih.gov/geo/series/GSE193nnn/GSE193480/,Loss of SUMO-specific protease 2 causes isolated glucocorticoid deficiency by blocking adrenal cortex zonal transdifferentiation in mice.,Nature communications,2022 Dec 21,10.1038/s41467-022-35526-5,OSD-161|Mmus_BAL-TAL_ADR_FLT_Rep4_F7,Space Flight
137,GSM6138783,0.9956421852111816,GSE202940,Kinetic comparative analysis of gene expression in whole adrenal glands from Znrf3 cKO and control mice,,,"Unlike most cancers, adrenocortical carcinomas (ACC) are more frequent in women than men, but the underlying mechanisms of this sexual dimorphism remain elusive. Here, we show that inactivation of Znrf3 in steroidogenic cells of the mouse adrenal cortex is associated with sexually dimorphic tumour progression. Although female knockouts develop metastatic carcinomas at 18 months, adrenal hyperplasia regresses in male knockouts. This male-specific phenotype is associated with androgen-dependent induction of senescence, recruitment and differentiation of highly phagocytic macrophages that clear-out senescent cells. In contrast, in females, macrophage recruitment is delayed and dampened, which allows for aggressive tumour progression. Consistently, analysis of TCGA-ACC data shows that phagocytic macrophages are more prominent in men and associated with better prognosis. Altogether, these data show that phagocytic macrophages are key players in the sexual dimorphism of ACC and establish them as novel therapeutic targets for this devastating cancer.",These data analyse gene expression in whole adrenals from  wild-type control mice and mice with conditionnal ablation of Znrf3 (Znrf3 cKO = Sf1-Cre;Znrf3F/F) in steroidogenic cells of the adrenal cortex. Adrenals were collected at different timepoints to evaluate kinetic evolution of the phenotype and in both males and females to evaluate sexual dimorphism. Wild-type and Znrf3 cKO mice were littermates.,36240276,,,637927,GPL21103,Mus musculus,GSE,Expression profiling by high throughput sequencing,2022/10/15,73,ftp://ftp.ncbi.nlm.nih.gov/geo/series/GSE202nnn/GSE202940/,Sexually dimorphic activation of innate antitumor immunity prevents adrenocortical carcinoma development.,Science advances,2022 Oct 14,10.1126/sciadv.add0422,OSD-161|Mmus_BAL-TAL_ADR_FLT_Rep4_F7,Space Flight
138,GSM6138751,0.9954824447631836,GSE202940,Kinetic comparative analysis of gene expression in whole adrenal glands from Znrf3 cKO and control mice,,,"Unlike most cancers, adrenocortical carcinomas (ACC) are more frequent in women than men, but the underlying mechanisms of this sexual dimorphism remain elusive. Here, we show that inactivation of Znrf3 in steroidogenic cells of the mouse adrenal cortex is associated with sexually dimorphic tumour progression. Although female knockouts develop metastatic carcinomas at 18 months, adrenal hyperplasia regresses in male knockouts. This male-specific phenotype is associated with androgen-dependent induction of senescence, recruitment and differentiation of highly phagocytic macrophages that clear-out senescent cells. In contrast, in females, macrophage recruitment is delayed and dampened, which allows for aggressive tumour progression. Consistently, analysis of TCGA-ACC data shows that phagocytic macrophages are more prominent in men and associated with better prognosis. Altogether, these data show that phagocytic macrophages are key players in the sexual dimorphism of ACC and establish them as novel therapeutic targets for this devastating cancer.",These data analyse gene expression in whole adrenals from  wild-type control mice and mice with conditionnal ablation of Znrf3 (Znrf3 cKO = Sf1-Cre;Znrf3F/F) in steroidogenic cells of the adrenal cortex. Adrenals were collected at different timepoints to evaluate kinetic evolution of the phenotype and in both males and females to evaluate sexual dimorphism. Wild-type and Znrf3 cKO mice were littermates.,36240276,,,637895,GPL21103,Mus musculus,GSE,Expression profiling by high throughput sequencing,2022/10/15,73,ftp://ftp.ncbi.nlm.nih.gov/geo/series/GSE202nnn/GSE202940/,Sexually dimorphic activation of innate antitumor immunity prevents adrenocortical carcinoma development.,Science advances,2022 Oct 14,10.1126/sciadv.add0422,OSD-161|Mmus_BAL-TAL_ADR_FLT_Rep4_F7,Space Flight
139,GSM6138790,0.9954519271850586,GSE202940,Kinetic comparative analysis of gene expression in whole adrenal glands from Znrf3 cKO and control mice,,,"Unlike most cancers, adrenocortical carcinomas (ACC) are more frequent in women than men, but the underlying mechanisms of this sexual dimorphism remain elusive. Here, we show that inactivation of Znrf3 in steroidogenic cells of the mouse adrenal cortex is associated with sexually dimorphic tumour progression. Although female knockouts develop metastatic carcinomas at 18 months, adrenal hyperplasia regresses in male knockouts. This male-specific phenotype is associated with androgen-dependent induction of senescence, recruitment and differentiation of highly phagocytic macrophages that clear-out senescent cells. In contrast, in females, macrophage recruitment is delayed and dampened, which allows for aggressive tumour progression. Consistently, analysis of TCGA-ACC data shows that phagocytic macrophages are more prominent in men and associated with better prognosis. Altogether, these data show that phagocytic macrophages are key players in the sexual dimorphism of ACC and establish them as novel therapeutic targets for this devastating cancer.",These data analyse gene expression in whole adrenals from  wild-type control mice and mice with conditionnal ablation of Znrf3 (Znrf3 cKO = Sf1-Cre;Znrf3F/F) in steroidogenic cells of the adrenal cortex. Adrenals were collected at different timepoints to evaluate kinetic evolution of the phenotype and in both males and females to evaluate sexual dimorphism. Wild-type and Znrf3 cKO mice were littermates.,36240276,,,637934,GPL21103,Mus musculus,GSE,Expression profiling by high throughput sequencing,2022/10/15,73,ftp://ftp.ncbi.nlm.nih.gov/geo/series/GSE202nnn/GSE202940/,Sexually dimorphic activation of innate antitumor immunity prevents adrenocortical carcinoma development.,Science advances,2022 Oct 14,10.1126/sciadv.add0422,OSD-161|Mmus_BAL-TAL_ADR_FLT_Rep4_F7,Space Flight
140,GSM6782801,0.9964238405227661,GSE219552,total RNA-seq from adrenal gland (ENCSR173MHB),,,"B6 X Cast adrenal gland_8-10 months female For data usage terms and conditions, please refer to http://www.genome.gov/27528022 and http://www.genome.gov/Pages/Research/ENCODE/ENCODE_Data_Use_Policy_for_External_Users_03-07-14.pdf",https://www.encodeproject.org/ENCSR173MHB/,22955616,,,714557,GPL17021,Mus musculus,GSE,Expression profiling by high throughput sequencing,2022/12/04,2,ftp://ftp.ncbi.nlm.nih.gov/geo/series/GSE219nnn/GSE219552/,An integrated encyclopedia of DNA elements in the human genome.,Nature,2012 Sep 6,10.1038/nature11247,OSD-161|Mmus_BAL-TAL_ADR_FLT_Rep5_F8,Space Flight
141,GSM6138791,0.9959564208984375,GSE202940,Kinetic comparative analysis of gene expression in whole adrenal glands from Znrf3 cKO and control mice,,,"Unlike most cancers, adrenocortical carcinomas (ACC) are more frequent in women than men, but the underlying mechanisms of this sexual dimorphism remain elusive. Here, we show that inactivation of Znrf3 in steroidogenic cells of the mouse adrenal cortex is associated with sexually dimorphic tumour progression. Although female knockouts develop metastatic carcinomas at 18 months, adrenal hyperplasia regresses in male knockouts. This male-specific phenotype is associated with androgen-dependent induction of senescence, recruitment and differentiation of highly phagocytic macrophages that clear-out senescent cells. In contrast, in females, macrophage recruitment is delayed and dampened, which allows for aggressive tumour progression. Consistently, analysis of TCGA-ACC data shows that phagocytic macrophages are more prominent in men and associated with better prognosis. Altogether, these data show that phagocytic macrophages are key players in the sexual dimorphism of ACC and establish them as novel therapeutic targets for this devastating cancer.",These data analyse gene expression in whole adrenals from  wild-type control mice and mice with conditionnal ablation of Znrf3 (Znrf3 cKO = Sf1-Cre;Znrf3F/F) in steroidogenic cells of the adrenal cortex. Adrenals were collected at different timepoints to evaluate kinetic evolution of the phenotype and in both males and females to evaluate sexual dimorphism. Wild-type and Znrf3 cKO mice were littermates.,36240276,,,637935,GPL21103,Mus musculus,GSE,Expression profiling by high throughput sequencing,2022/10/15,73,ftp://ftp.ncbi.nlm.nih.gov/geo/series/GSE202nnn/GSE202940/,Sexually dimorphic activation of innate antitumor immunity prevents adrenocortical carcinoma development.,Science advances,2022 Oct 14,10.1126/sciadv.add0422,OSD-161|Mmus_BAL-TAL_ADR_FLT_Rep5_F8,Space Flight
142,GSM6138783,0.9959008693695068,GSE202940,Kinetic comparative analysis of gene expression in whole adrenal glands from Znrf3 cKO and control mice,,,"Unlike most cancers, adrenocortical carcinomas (ACC) are more frequent in women than men, but the underlying mechanisms of this sexual dimorphism remain elusive. Here, we show that inactivation of Znrf3 in steroidogenic cells of the mouse adrenal cortex is associated with sexually dimorphic tumour progression. Although female knockouts develop metastatic carcinomas at 18 months, adrenal hyperplasia regresses in male knockouts. This male-specific phenotype is associated with androgen-dependent induction of senescence, recruitment and differentiation of highly phagocytic macrophages that clear-out senescent cells. In contrast, in females, macrophage recruitment is delayed and dampened, which allows for aggressive tumour progression. Consistently, analysis of TCGA-ACC data shows that phagocytic macrophages are more prominent in men and associated with better prognosis. Altogether, these data show that phagocytic macrophages are key players in the sexual dimorphism of ACC and establish them as novel therapeutic targets for this devastating cancer.",These data analyse gene expression in whole adrenals from  wild-type control mice and mice with conditionnal ablation of Znrf3 (Znrf3 cKO = Sf1-Cre;Znrf3F/F) in steroidogenic cells of the adrenal cortex. Adrenals were collected at different timepoints to evaluate kinetic evolution of the phenotype and in both males and females to evaluate sexual dimorphism. Wild-type and Znrf3 cKO mice were littermates.,36240276,,,637927,GPL21103,Mus musculus,GSE,Expression profiling by high throughput sequencing,2022/10/15,73,ftp://ftp.ncbi.nlm.nih.gov/geo/series/GSE202nnn/GSE202940/,Sexually dimorphic activation of innate antitumor immunity prevents adrenocortical carcinoma development.,Science advances,2022 Oct 14,10.1126/sciadv.add0422,OSD-161|Mmus_BAL-TAL_ADR_FLT_Rep5_F8,Space Flight
143,GSM6138752,0.9958509206771851,GSE202940,Kinetic comparative analysis of gene expression in whole adrenal glands from Znrf3 cKO and control mice,,,"Unlike most cancers, adrenocortical carcinomas (ACC) are more frequent in women than men, but the underlying mechanisms of this sexual dimorphism remain elusive. Here, we show that inactivation of Znrf3 in steroidogenic cells of the mouse adrenal cortex is associated with sexually dimorphic tumour progression. Although female knockouts develop metastatic carcinomas at 18 months, adrenal hyperplasia regresses in male knockouts. This male-specific phenotype is associated with androgen-dependent induction of senescence, recruitment and differentiation of highly phagocytic macrophages that clear-out senescent cells. In contrast, in females, macrophage recruitment is delayed and dampened, which allows for aggressive tumour progression. Consistently, analysis of TCGA-ACC data shows that phagocytic macrophages are more prominent in men and associated with better prognosis. Altogether, these data show that phagocytic macrophages are key players in the sexual dimorphism of ACC and establish them as novel therapeutic targets for this devastating cancer.",These data analyse gene expression in whole adrenals from  wild-type control mice and mice with conditionnal ablation of Znrf3 (Znrf3 cKO = Sf1-Cre;Znrf3F/F) in steroidogenic cells of the adrenal cortex. Adrenals were collected at different timepoints to evaluate kinetic evolution of the phenotype and in both males and females to evaluate sexual dimorphism. Wild-type and Znrf3 cKO mice were littermates.,36240276,,,637896,GPL21103,Mus musculus,GSE,Expression profiling by high throughput sequencing,2022/10/15,73,ftp://ftp.ncbi.nlm.nih.gov/geo/series/GSE202nnn/GSE202940/,Sexually dimorphic activation of innate antitumor immunity prevents adrenocortical carcinoma development.,Science advances,2022 Oct 14,10.1126/sciadv.add0422,OSD-161|Mmus_BAL-TAL_ADR_FLT_Rep5_F8,Space Flight
144,GSM6138792,0.9957370162010193,GSE202940,Kinetic comparative analysis of gene expression in whole adrenal glands from Znrf3 cKO and control mice,,,"Unlike most cancers, adrenocortical carcinomas (ACC) are more frequent in women than men, but the underlying mechanisms of this sexual dimorphism remain elusive. Here, we show that inactivation of Znrf3 in steroidogenic cells of the mouse adrenal cortex is associated with sexually dimorphic tumour progression. Although female knockouts develop metastatic carcinomas at 18 months, adrenal hyperplasia regresses in male knockouts. This male-specific phenotype is associated with androgen-dependent induction of senescence, recruitment and differentiation of highly phagocytic macrophages that clear-out senescent cells. In contrast, in females, macrophage recruitment is delayed and dampened, which allows for aggressive tumour progression. Consistently, analysis of TCGA-ACC data shows that phagocytic macrophages are more prominent in men and associated with better prognosis. Altogether, these data show that phagocytic macrophages are key players in the sexual dimorphism of ACC and establish them as novel therapeutic targets for this devastating cancer.",These data analyse gene expression in whole adrenals from  wild-type control mice and mice with conditionnal ablation of Znrf3 (Znrf3 cKO = Sf1-Cre;Znrf3F/F) in steroidogenic cells of the adrenal cortex. Adrenals were collected at different timepoints to evaluate kinetic evolution of the phenotype and in both males and females to evaluate sexual dimorphism. Wild-type and Znrf3 cKO mice were littermates.,36240276,,,637936,GPL21103,Mus musculus,GSE,Expression profiling by high throughput sequencing,2022/10/15,73,ftp://ftp.ncbi.nlm.nih.gov/geo/series/GSE202nnn/GSE202940/,Sexually dimorphic activation of innate antitumor immunity prevents adrenocortical carcinoma development.,Science advances,2022 Oct 14,10.1126/sciadv.add0422,OSD-161|Mmus_BAL-TAL_ADR_FLT_Rep5_F8,Space Flight
145,GSM6138801,0.9956526756286621,GSE202940,Kinetic comparative analysis of gene expression in whole adrenal glands from Znrf3 cKO and control mice,,,"Unlike most cancers, adrenocortical carcinomas (ACC) are more frequent in women than men, but the underlying mechanisms of this sexual dimorphism remain elusive. Here, we show that inactivation of Znrf3 in steroidogenic cells of the mouse adrenal cortex is associated with sexually dimorphic tumour progression. Although female knockouts develop metastatic carcinomas at 18 months, adrenal hyperplasia regresses in male knockouts. This male-specific phenotype is associated with androgen-dependent induction of senescence, recruitment and differentiation of highly phagocytic macrophages that clear-out senescent cells. In contrast, in females, macrophage recruitment is delayed and dampened, which allows for aggressive tumour progression. Consistently, analysis of TCGA-ACC data shows that phagocytic macrophages are more prominent in men and associated with better prognosis. Altogether, these data show that phagocytic macrophages are key players in the sexual dimorphism of ACC and establish them as novel therapeutic targets for this devastating cancer.",These data analyse gene expression in whole adrenals from  wild-type control mice and mice with conditionnal ablation of Znrf3 (Znrf3 cKO = Sf1-Cre;Znrf3F/F) in steroidogenic cells of the adrenal cortex. Adrenals were collected at different timepoints to evaluate kinetic evolution of the phenotype and in both males and females to evaluate sexual dimorphism. Wild-type and Znrf3 cKO mice were littermates.,36240276,,,637945,GPL21103,Mus musculus,GSE,Expression profiling by high throughput sequencing,2022/10/15,73,ftp://ftp.ncbi.nlm.nih.gov/geo/series/GSE202nnn/GSE202940/,Sexually dimorphic activation of innate antitumor immunity prevents adrenocortical carcinoma development.,Science advances,2022 Oct 14,10.1126/sciadv.add0422,OSD-161|Mmus_BAL-TAL_ADR_FLT_Rep5_F8,Space Flight
146,GSM5808336,0.9956372976303101,GSE193480,SUMOylation in adrenal cortex homeostasis,,,Identify genetic programs impacted by increasing protein SUMOylation and controlling adrenal cortex zonation,We used adrenal glands from pubescent female and male mice having a genetically induced global SUMOylation. The mutant mice bear adrenal-specific deletion of the Senp2-floxed conditional allele that encodes a deSUMOylase.,36543805,,,591878,GPL21103,Mus musculus,GSE,Expression profiling by high throughput sequencing,2022/11/22,16,ftp://ftp.ncbi.nlm.nih.gov/geo/series/GSE193nnn/GSE193480/,Loss of SUMO-specific protease 2 causes isolated glucocorticoid deficiency by blocking adrenal cortex zonal transdifferentiation in mice.,Nature communications,2022 Dec 21,10.1038/s41467-022-35526-5,OSD-161|Mmus_BAL-TAL_ADR_FLT_Rep5_F8,Space Flight
147,GSM6138797,0.9956274032592773,GSE202940,Kinetic comparative analysis of gene expression in whole adrenal glands from Znrf3 cKO and control mice,,,"Unlike most cancers, adrenocortical carcinomas (ACC) are more frequent in women than men, but the underlying mechanisms of this sexual dimorphism remain elusive. Here, we show that inactivation of Znrf3 in steroidogenic cells of the mouse adrenal cortex is associated with sexually dimorphic tumour progression. Although female knockouts develop metastatic carcinomas at 18 months, adrenal hyperplasia regresses in male knockouts. This male-specific phenotype is associated with androgen-dependent induction of senescence, recruitment and differentiation of highly phagocytic macrophages that clear-out senescent cells. In contrast, in females, macrophage recruitment is delayed and dampened, which allows for aggressive tumour progression. Consistently, analysis of TCGA-ACC data shows that phagocytic macrophages are more prominent in men and associated with better prognosis. Altogether, these data show that phagocytic macrophages are key players in the sexual dimorphism of ACC and establish them as novel therapeutic targets for this devastating cancer.",These data analyse gene expression in whole adrenals from  wild-type control mice and mice with conditionnal ablation of Znrf3 (Znrf3 cKO = Sf1-Cre;Znrf3F/F) in steroidogenic cells of the adrenal cortex. Adrenals were collected at different timepoints to evaluate kinetic evolution of the phenotype and in both males and females to evaluate sexual dimorphism. Wild-type and Znrf3 cKO mice were littermates.,36240276,,,637941,GPL21103,Mus musculus,GSE,Expression profiling by high throughput sequencing,2022/10/15,73,ftp://ftp.ncbi.nlm.nih.gov/geo/series/GSE202nnn/GSE202940/,Sexually dimorphic activation of innate antitumor immunity prevents adrenocortical carcinoma development.,Science advances,2022 Oct 14,10.1126/sciadv.add0422,OSD-161|Mmus_BAL-TAL_ADR_FLT_Rep5_F8,Space Flight
148,GSM6138799,0.99560546875,GSE202940,Kinetic comparative analysis of gene expression in whole adrenal glands from Znrf3 cKO and control mice,,,"Unlike most cancers, adrenocortical carcinomas (ACC) are more frequent in women than men, but the underlying mechanisms of this sexual dimorphism remain elusive. Here, we show that inactivation of Znrf3 in steroidogenic cells of the mouse adrenal cortex is associated with sexually dimorphic tumour progression. Although female knockouts develop metastatic carcinomas at 18 months, adrenal hyperplasia regresses in male knockouts. This male-specific phenotype is associated with androgen-dependent induction of senescence, recruitment and differentiation of highly phagocytic macrophages that clear-out senescent cells. In contrast, in females, macrophage recruitment is delayed and dampened, which allows for aggressive tumour progression. Consistently, analysis of TCGA-ACC data shows that phagocytic macrophages are more prominent in men and associated with better prognosis. Altogether, these data show that phagocytic macrophages are key players in the sexual dimorphism of ACC and establish them as novel therapeutic targets for this devastating cancer.",These data analyse gene expression in whole adrenals from  wild-type control mice and mice with conditionnal ablation of Znrf3 (Znrf3 cKO = Sf1-Cre;Znrf3F/F) in steroidogenic cells of the adrenal cortex. Adrenals were collected at different timepoints to evaluate kinetic evolution of the phenotype and in both males and females to evaluate sexual dimorphism. Wild-type and Znrf3 cKO mice were littermates.,36240276,,,637943,GPL21103,Mus musculus,GSE,Expression profiling by high throughput sequencing,2022/10/15,73,ftp://ftp.ncbi.nlm.nih.gov/geo/series/GSE202nnn/GSE202940/,Sexually dimorphic activation of innate antitumor immunity prevents adrenocortical carcinoma development.,Science advances,2022 Oct 14,10.1126/sciadv.add0422,OSD-161|Mmus_BAL-TAL_ADR_FLT_Rep5_F8,Space Flight
149,GSM6138795,0.9955309629440308,GSE202940,Kinetic comparative analysis of gene expression in whole adrenal glands from Znrf3 cKO and control mice,,,"Unlike most cancers, adrenocortical carcinomas (ACC) are more frequent in women than men, but the underlying mechanisms of this sexual dimorphism remain elusive. Here, we show that inactivation of Znrf3 in steroidogenic cells of the mouse adrenal cortex is associated with sexually dimorphic tumour progression. Although female knockouts develop metastatic carcinomas at 18 months, adrenal hyperplasia regresses in male knockouts. This male-specific phenotype is associated with androgen-dependent induction of senescence, recruitment and differentiation of highly phagocytic macrophages that clear-out senescent cells. In contrast, in females, macrophage recruitment is delayed and dampened, which allows for aggressive tumour progression. Consistently, analysis of TCGA-ACC data shows that phagocytic macrophages are more prominent in men and associated with better prognosis. Altogether, these data show that phagocytic macrophages are key players in the sexual dimorphism of ACC and establish them as novel therapeutic targets for this devastating cancer.",These data analyse gene expression in whole adrenals from  wild-type control mice and mice with conditionnal ablation of Znrf3 (Znrf3 cKO = Sf1-Cre;Znrf3F/F) in steroidogenic cells of the adrenal cortex. Adrenals were collected at different timepoints to evaluate kinetic evolution of the phenotype and in both males and females to evaluate sexual dimorphism. Wild-type and Znrf3 cKO mice were littermates.,36240276,,,637939,GPL21103,Mus musculus,GSE,Expression profiling by high throughput sequencing,2022/10/15,73,ftp://ftp.ncbi.nlm.nih.gov/geo/series/GSE202nnn/GSE202940/,Sexually dimorphic activation of innate antitumor immunity prevents adrenocortical carcinoma development.,Science advances,2022 Oct 14,10.1126/sciadv.add0422,OSD-161|Mmus_BAL-TAL_ADR_FLT_Rep5_F8,Space Flight
