,gsm,score,gse,title,source_name,characteristics,geo_summary,geo_design,pubmed_ids,tissue,species,archs4_index,geo_platform_biopython,geo_taxon_biopython,geo_entry_type_biopython,geo_gds_type_biopython,geo_pdat_biopython,geo_n_samples_biopython,geo_ftp_link_biopython,pubmed_title_biopython,pubmed_journal_biopython,pubmed_pub_date_biopython,pubmed_doi_biopython,sample_name,spaceflight
0,GSM3391949,0.9952940940856934,GSE120038,Effect of miR-92a-3p and/or miR-489-3p inhibition on aorta endothelium of Apoe-/-;5/6Nx,,,The role of endothelial miR-92a-3p and miR-489-3p in CKD-associated atherosclerosis was examined by mRNA expression analysis in Apoe-/- mice with 5/6 nephrectomy treated with locked-nucleic acid (LNA) inhibitors complexed with high-density lipoprotein (HDL).,"RNA sequencing of aortic endothelial cell total RNA from Apoe-/- (B6.129P2-Apoetm1Unc/J) with 5/6 nephrectomy for 7 weeks and one week after treatment with saline, HDL, HDL + LNA92a, HDL + LNA489, or HDL + LNA92a + LNA489. Surgery was performed on 9 week old female mice maintained on regular chow diet. The mice recieved a single retro-orbital treatment 7 weeks post surgery and were sacrificed 1 week post treatment. The aortic endothelium was sheared to collect total RNA, which was sequenced with 4 biological replicates per group.",30731284,,,198502,GPL21493,Mus musculus,GSE,Expression profiling by high throughput sequencing,2019/03/01,20,ftp://ftp.ncbi.nlm.nih.gov/geo/series/GSE120nnn/GSE120038/,Dual inhibition of endothelial miR-92a-3p and miR-489-3p reduces renal injury-associated atherosclerosis.,Atherosclerosis,2019 Mar,10.1016/j.atherosclerosis.2019.01.023,OSD-244|Mmus_C57-6T_TMS_BSL_ISS-T_Rep1_B1,Basal Control
1,GSM2940129,0.9950097799301147,GSE109345,Uncovering a Predictive Molecular Signature for the Onset of  NASH-Related Fibrosis in a Translational NASH Mouse Model,,,"SUMMARY: This article presents a predictive molecular signature that marks the early onset of fibrosis in a translational nonalcoholic steatohepatitis mouse model. Overlap of genes and processes with human nonalcoholic steatohepatitis and a list of top candidate biomarkers for early fibrosis are described. BACKGROUND & AIMS: The incidence of nonalcoholic steatohepatitis (NASH) is increasing. The pathophysiological mechanisms of NASH and the sequence of events leading to hepatic fibrosis are incompletely understood. The aim of this study was to gain insight into the dynamics of key molecular processes involved in NASH and to rank early markers for hepatic fibrosis. METHODS: A time-course study in low-density lipoprotein–receptor knockout. Leiden mice on a high-fat diet was performed to identify the temporal dynamics of key processes contributing to NASH and fibrosis. An integrative systems biology approach was used to elucidate candidate markers linked to the active fibrosis process by combining transcriptomics, dynamic proteomics, and histopathology. The translational value of these findings were confirmed using human NASH data sets. RESULTS: High-fat-diet feeding resulted in obesity, hyperlipidemia, insulin resistance, and NASH with fibrosis in a time-dependent manner. Temporal dynamics of key molecular processes involved in the development of NASH were identified, including lipid metabolism, inflammation, oxidative stress, and fibrosis. A data-integrative approach enabled identification of the active fibrotic process preceding histopathologic detection using a novel molecular fibrosis signature. Human studies were used to identify overlap of genes and processes and to perform a network biology-based prioritization to rank top candidate markers representing the early manifestation of fibrosis. CONCLUSIONS: An early predictive molecular signature was identified that marked the active profibrotic process before histopathologic fibrosis becomes manifest. Early detection of the onset of NASH and fibrosis enables identification of novel blood-based biomarkers to stratify patients at risk, development of new therapeutics, and help shorten (pre)clinical experimental time frames. Keywords: Systems Biology; Metabolic Syndrome; Liver Disease; Diagnosis.","In total 9 treatment groups: 5 Control groups (chow = standard diet; t=0, 6, 12, 18, 24 weeks), 4 Treatment groups (HFD = High Fat diet; 6, 12, 18, 24 weeks).",29276754;35897797,,,152023,GPL19057,Mus musculus,GSE,Expression profiling by high throughput sequencing,2018/01/19,78,ftp://ftp.ncbi.nlm.nih.gov/geo/series/GSE109nnn/GSE109345/,Uncovering a Predictive Molecular Signature for the Onset of NASH-Related Fibrosis in a Translational NASH Mouse Model.,Cellular and molecular gastroenterology and hepatology,2018,10.1016/j.jcmgh.2017.10.001,OSD-244|Mmus_C57-6T_TMS_BSL_ISS-T_Rep1_B1,Basal Control
2,GSM3391957,0.9948481917381287,GSE120038,Effect of miR-92a-3p and/or miR-489-3p inhibition on aorta endothelium of Apoe-/-;5/6Nx,,,The role of endothelial miR-92a-3p and miR-489-3p in CKD-associated atherosclerosis was examined by mRNA expression analysis in Apoe-/- mice with 5/6 nephrectomy treated with locked-nucleic acid (LNA) inhibitors complexed with high-density lipoprotein (HDL).,"RNA sequencing of aortic endothelial cell total RNA from Apoe-/- (B6.129P2-Apoetm1Unc/J) with 5/6 nephrectomy for 7 weeks and one week after treatment with saline, HDL, HDL + LNA92a, HDL + LNA489, or HDL + LNA92a + LNA489. Surgery was performed on 9 week old female mice maintained on regular chow diet. The mice recieved a single retro-orbital treatment 7 weeks post surgery and were sacrificed 1 week post treatment. The aortic endothelium was sheared to collect total RNA, which was sequenced with 4 biological replicates per group.",30731284,,,198510,GPL21493,Mus musculus,GSE,Expression profiling by high throughput sequencing,2019/03/01,20,ftp://ftp.ncbi.nlm.nih.gov/geo/series/GSE120nnn/GSE120038/,Dual inhibition of endothelial miR-92a-3p and miR-489-3p reduces renal injury-associated atherosclerosis.,Atherosclerosis,2019 Mar,10.1016/j.atherosclerosis.2019.01.023,OSD-244|Mmus_C57-6T_TMS_BSL_ISS-T_Rep1_B1,Basal Control
3,GSM5455422,0.9945353269577026,GSE180201,QPCTL deletion results in a rewiring of the tumor microenvironment,,,This SuperSeries is composed of the SubSeries listed below.,Refer to individual Series,35309731,,,518245,GPL21626; GPL24247,Mus musculus,GSE,Expression profiling by high throughput sequencing,2022/01/03,49,ftp://ftp.ncbi.nlm.nih.gov/geo/series/GSE180nnn/GSE180201/,QPCTL regulates macrophage and monocyte abundance and inflammatory signatures in the tumor microenvironment.,Oncoimmunology,2022,10.1080/2162402X.2022.2049486,OSD-244|Mmus_C57-6T_TMS_BSL_ISS-T_Rep1_B1,Basal Control
4,GSM4774818,0.9944847822189331,GSE157769,RNA sequencing of tumors from PPM1D transgenic mouse model,,,"The majority of cancers harbor alterations of the tumor suppressor TP53. However, childhood cancers, including unfavorable neuroblastoma, often lack TP53 mutations despite frequent loss of p53 function, suggesting alternative p53 inactivating mechanisms. Our study show that frequent gain of the p53-regulating gene PPM1D at chromosome 17q22.3 is linked to aggressive tumors and poor prognosis in neuroblastoma. A PPM1D transgenic mouse model develops cancers phenotypically and genetically similar to tumors arising in mice with dysfunctional p53 when subjected to low-dose irradiation. Tumors include T-cell lymphomas harboring Notch1- and Pten-mutations, adenocarcinomas and PHOX2B-expressing neuroblastomas, therey establishing PPM1D as a bona fide oncogene in wtTP53 cancer and childhood neuroblastoma. Pharmacological inhibition of WIP1 suppressed the growth of neural tumors in nude mice, proposing WIP1 as a therapeutic target in neural childhood tumors.","Transgenic mice overexpressing PPM1D were subject to low-dose radiation and subsequently developed thymic lymphomas. Bulk RNA sequencing was performed on a total of 24 samples from 24 mice: 14 thymic lymphomas and 10 controls (thymic tissue from healthy mice). Controls were divided into four groups based on irradiation status and genotype: wild-type non-irradiated (n = 3), PPM1D-transgenic non-irradiated (n = 3), wild-type irradiated (n = 2), PPM1D-transgenic irradiated (n = 2). mRNA libraries were generated using the TruSeq Stranded cDNA kit (Illumina) and sequenced on the HiSeq 2500 platform for paired-end reads with a length of 100-125 bp for all samples.",34771656,,,415279,GPL17021,Mus musculus,GSE,Expression profiling by high throughput sequencing,2020/12/31,24,ftp://ftp.ncbi.nlm.nih.gov/geo/series/GSE157nnn/GSE157769/,High Expression of PPM1D Induces Tumors Phenotypically Similar to TP53 Loss-of-Function Mutations in Mice.,Cancers,2021 Oct 31,10.3390/cancers13215493,OSD-244|Mmus_C57-6T_TMS_BSL_ISS-T_Rep1_B1,Basal Control
5,GSM7191057,0.9943281412124634,GSE230163,FAM3A Reshapes Vascular Smooth Muscle Cell Fate Specification in Abdominal Aortic Aneurysm by Regulating KLF4 Ubiquitination,,,"Vascular smooth muscle cell (VSMC) differentiation reprogramming plays an essential role in abdominal aortic aneurysm (AAA). However, the underlying mechanisms are still indistinct. FAM3A (family with sequence similarity 3, member A) is a newly identified metabolism regulator. We examined FAM3A expression and the downstream pathways affected by FAM3A in AAA, and how FAM3A regulated VSMC differentiation. We found that overexpression or supplement of FAM3A significantly attenuated the progression of AAA, manifested by maintenance of VSMC well-differentiation state and inhibition of VSMC transformation towards macrophage-, chondrocyte-, osteogenic-, mesenchymal-, and fibroblast-like cell subpopulations. Importantly, FAM3A induced a decrease in Krüppel-like factor 4 (KLF4) phosphorylation (Ser254) level, leading to its ubiquitination and a weakened nuclear localization. Our findings identify FAM3A as a novel VSMC fate-shaping regulator in AAA and unveil the underpinning mechanism associated with KLF4 ubiquitination and stability, which could develop new strategies based on FAM3A to restore VSMC homeostasis in AAA.","We infected mice with empty vector adenovirus and adenovirus that could induce FAM3A overexpression, respectively, and obtained mRNA level matrix of aorta tissue to observe the effect of FAM3A on gene expression of aorta cells.",37660071,,,775878,GPL17021,Mus musculus,GSE,Expression profiling by high throughput sequencing,2023/04/23,13,ftp://ftp.ncbi.nlm.nih.gov/geo/series/GSE230nnn/GSE230163/,FAM3A reshapes VSMC fate specification in abdominal aortic aneurysm by regulating KLF4 ubiquitination.,Nature communications,2023 Sep 2,10.1038/s41467-023-41177-x,OSD-244|Mmus_C57-6T_TMS_BSL_ISS-T_Rep1_B1,Basal Control
6,GSM7780639,0.99390709400177,GSE243200,Pathogenicity and landscape of differential gene expression in mice orally infected with clinical coxsackievirus A6 (CA6),,,"Hand, foot, and mouth disease (HFMD) is caused by more than 20 pathogenic enteroviruses belonging to the Picornaviridae family and Enterovirus genus. Since the introduction of the EV71 vaccine in 2016, the number of HFMD cases caused by EV71 has decreased. However, cases of infections caused by other enteroviruses, such as coxsackievirus A6 (CA6) and CA10, have been increasing accordingly. In this study, we used a clinical isolate of CA6 to establish an intragastric infection mouse model using 7-day-old mice to mimic the natural transmission route, by which we investigated the differential gene expression profiles associated with virus infection and pathogenicity. After intragastric infection, mice exhibited hind limb paralysis symptoms and weight loss, similar to those reported for EV71 infection in mice. The skeletal muscle was identified as the main site of virus replication, with a peak viral load reaching 2.31 × 107 copies/mg at 5 dpi and increased infiltration of inflammatory cells. RNA sequencing analysis identified differentially expressed genes (DEGs) after CA6 infection. DEGs in the blood, muscle, brain, spleen, and thymus were predominantly enriched in immune system responses, including pathways such as Toll-like receptor signalling and PI3K-Akt signalling. Our study has unveiled the genes involved in the host immune response during CA6 infection, thereby enhancing our comprehension of the pathological mechanism of HFMD.","Collect blood, muscle, brain, spleen, and thymus samples from mice infected for 3 dpi, 5 dpi, 7 dpi for RNA-Seq analysis.",38226810,,,816845,GPL24247,Mus musculus,GSE,Expression profiling by high throughput sequencing,2024/01/10,100,ftp://ftp.ncbi.nlm.nih.gov/geo/series/GSE243nnn/GSE243200/,Pathogenicity and landscape of differential gene expression in mice orally infected with clinical coxsackievirus A6 (CA6).,Journal of virology,2024 Feb 20,10.1128/jvi.01358-23,OSD-244|Mmus_C57-6T_TMS_BSL_ISS-T_Rep1_B1,Basal Control
7,GSM4913407,0.9938698410987854,GSE161728,Transient genomic instability drives tumorigenesis through accelerated clonal evolution,,,"Abnormal numerical and structural chromosome content is frequently found in human cancer. However, the role of aneuploidy in tumor initiation and progression is poorly understood. To test the effect of aneuploidy on cancer development, we transiently induced chromosome instability (CIN) in mice by inducible overexpression of polo-like kinase 4 (PLK4), a master regulator of centrosome number. Short term increased PLK4 expression generated significant centrosome amplification and aneuploidy resulting in the formation of aggressive T cell lymphomas in mice with heterozygous inactivation of one p53 allele or accelerated tumor development in the absence of p53. Transient CIN increased the frequency of lymphoma-initiating cells, as revealed by T cell receptor sequencing of tumor samples. Transient CIN produced a unique tumor karyotype containing triploid chromosomes 4, 5, 14, and 15, as determined by whole genome sequencing.",Examination of the effect of aneuploidy on tumor development.,,,,436097,GPL21103,Mus musculus,GSE,Expression profiling by high throughput sequencing,2021/06/14,81,ftp://ftp.ncbi.nlm.nih.gov/geo/series/GSE161nnn/GSE161728/,,,,,OSD-244|Mmus_C57-6T_TMS_BSL_ISS-T_Rep1_B1,Basal Control
8,GSM4283912,0.9937946796417236,GSE144231,Next generation sequencing of the mammary gland and pituitary of  WT and CXCR2 KO animals in SOPF or conventional conditions,,,We report the comparison of gene expression in the mammary gland and pituitary of WT Balb and CXCR2 KO balb animals which were housed in conventional or SOPF conditions,mRNA profile was generated by deep sequencing using NextSeq 500  Illumina.,32041848,,,333321,GPL19057,Mus musculus,GSE,Expression profiling by high throughput sequencing,2020/02/05,24,ftp://ftp.ncbi.nlm.nih.gov/geo/series/GSE144nnn/GSE144231/,The health status alters the pituitary function and reproduction of mice in a Cxcr2-dependent manner.,Life science alliance,2020 Mar,10.26508/lsa.201900599,OSD-244|Mmus_C57-6T_TMS_BSL_ISS-T_Rep1_B1,Basal Control
9,GSM4283913,0.9936898946762085,GSE144231,Next generation sequencing of the mammary gland and pituitary of  WT and CXCR2 KO animals in SOPF or conventional conditions,,,We report the comparison of gene expression in the mammary gland and pituitary of WT Balb and CXCR2 KO balb animals which were housed in conventional or SOPF conditions,mRNA profile was generated by deep sequencing using NextSeq 500  Illumina.,32041848,,,333322,GPL19057,Mus musculus,GSE,Expression profiling by high throughput sequencing,2020/02/05,24,ftp://ftp.ncbi.nlm.nih.gov/geo/series/GSE144nnn/GSE144231/,The health status alters the pituitary function and reproduction of mice in a Cxcr2-dependent manner.,Life science alliance,2020 Mar,10.26508/lsa.201900599,OSD-244|Mmus_C57-6T_TMS_BSL_ISS-T_Rep1_B1,Basal Control
10,GSM4960160,0.9922429323196411,GSE162803,"Stat1 activation, through systemic interferon signaling, and upregulation of innate immune system receptors drives inflammaging, that is ameliorated by dietary restriction intervention",,,This SuperSeries is composed of the SubSeries listed below.,Refer to individual Series,35767948,,,438602,GPL19057,Mus musculus,GSE,Genome binding/occupancy profiling by high throughput sequencing; Expression profiling by high throughput sequencing,2022/08/25,102,ftp://ftp.ncbi.nlm.nih.gov/geo/series/GSE162nnn/GSE162803/,Inflammaging is driven by upregulation of innate immune receptors and systemic interferon signaling and is ameliorated by dietary restriction.,Cell reports,2022 Jun 28,10.1016/j.celrep.2022.111017,OSD-244|Mmus_C57-6T_TMS_BSL_ISS-T_Rep2_B2,Basal Control
11,GSM5455398,0.9913959503173828,GSE180201,QPCTL deletion results in a rewiring of the tumor microenvironment,,,This SuperSeries is composed of the SubSeries listed below.,Refer to individual Series,35309731,,,518221,GPL21626; GPL24247,Mus musculus,GSE,Expression profiling by high throughput sequencing,2022/01/03,49,ftp://ftp.ncbi.nlm.nih.gov/geo/series/GSE180nnn/GSE180201/,QPCTL regulates macrophage and monocyte abundance and inflammatory signatures in the tumor microenvironment.,Oncoimmunology,2022,10.1080/2162402X.2022.2049486,OSD-244|Mmus_C57-6T_TMS_BSL_ISS-T_Rep2_B2,Basal Control
12,GSM6921913,0.9911268353462219,GSE222382,Transcriptome of murine aorta,,,"This experiment aims to explore the transcriptome of aorta from mice treated without or with coQ10, TPA, or T-5224.",aortic tissue transcirptome prolifes from 9 mouse aorta,37992083,,,718732,GPL24247,Mus musculus,GSE,Expression profiling by high throughput sequencing,2023/10/09,9,ftp://ftp.ncbi.nlm.nih.gov/geo/series/GSE222nnn/GSE222382/,The activator protein-1 complex governs a vascular degenerative transcriptional programme in smooth muscle cells to trigger aortic dissection and rupture.,European heart journal,2024 Jan 27,10.1093/eurheartj/ehad534,OSD-244|Mmus_C57-6T_TMS_BSL_ISS-T_Rep2_B2,Basal Control
13,GSM6235800,0.9907004237174988,GSE205931,Single-cell and bulk RNA sequencing of mouse atherosclerosis disease stage course,,,This SuperSeries is composed of the SubSeries listed below.,Refer to individual Series,37060905;41206594;41053866,,,653009,GPL21626; GPL24247,Mus musculus,GSE,Expression profiling by high throughput sequencing; Non-coding RNA profiling by high throughput sequencing,2023/03/17,157,ftp://ftp.ncbi.nlm.nih.gov/geo/series/GSE205nnn/GSE205931/,Dissecting the polygenic basis of atherosclerosis via disease-associated cell state signatures.,American journal of human genetics,2023 May 4,10.1016/j.ajhg.2023.03.013,OSD-244|Mmus_C57-6T_TMS_BSL_ISS-T_Rep2_B2,Basal Control
14,GSM4960158,0.990620493888855,GSE162803,"Stat1 activation, through systemic interferon signaling, and upregulation of innate immune system receptors drives inflammaging, that is ameliorated by dietary restriction intervention",,,This SuperSeries is composed of the SubSeries listed below.,Refer to individual Series,35767948,,,438600,GPL19057,Mus musculus,GSE,Genome binding/occupancy profiling by high throughput sequencing; Expression profiling by high throughput sequencing,2022/08/25,102,ftp://ftp.ncbi.nlm.nih.gov/geo/series/GSE162nnn/GSE162803/,Inflammaging is driven by upregulation of innate immune receptors and systemic interferon signaling and is ameliorated by dietary restriction.,Cell reports,2022 Jun 28,10.1016/j.celrep.2022.111017,OSD-244|Mmus_C57-6T_TMS_BSL_ISS-T_Rep2_B2,Basal Control
15,GSM4502740,0.9901577830314636,GSE149468,Multi-organ transcriptomic profiling of short-term fasted mice,,,"To investigate the global gene expression dynamics associated with short-term fasting, we used mRNA-seq to profile the transcriptomes of nine organs obtained from mice subjected to six different STF duration (0, 2, 8, 12, 18 and 22 hours of fasting; n=3 per time point; Fig. 1a). The nine organs profiled were: olfactory bulb (OB), brain (BRN, which includes the telencephalon and diencephalon), cerebellum (CBL), brainstem (BST, which consists of the mesencephalon, pons, and myelencephalon), stomach (STM), liver (LIV), interscapular brown adipose tissue (iBAT), perigonadal white adipose tissue (pgWAT), and posterior-subcutaneous white adipose tissue (psWAT).",mRNA profiling of nine organs obtained from wild type (WT) mice subjected to six different short term fasting duration,32526449,,,370260,GPL21103,Mus musculus,GSE,Expression profiling by high throughput sequencing,2020/05/17,162,ftp://ftp.ncbi.nlm.nih.gov/geo/series/GSE149nnn/GSE149468/,Differential regulation of the immune system in a brain-liver-fats organ network during short-term fasting.,Molecular metabolism,2020 Oct,10.1016/j.molmet.2020.101038,OSD-244|Mmus_C57-6T_TMS_BSL_ISS-T_Rep2_B2,Basal Control
16,GSM4960156,0.989554762840271,GSE162803,"Stat1 activation, through systemic interferon signaling, and upregulation of innate immune system receptors drives inflammaging, that is ameliorated by dietary restriction intervention",,,This SuperSeries is composed of the SubSeries listed below.,Refer to individual Series,35767948,,,438598,GPL19057,Mus musculus,GSE,Genome binding/occupancy profiling by high throughput sequencing; Expression profiling by high throughput sequencing,2022/08/25,102,ftp://ftp.ncbi.nlm.nih.gov/geo/series/GSE162nnn/GSE162803/,Inflammaging is driven by upregulation of innate immune receptors and systemic interferon signaling and is ameliorated by dietary restriction.,Cell reports,2022 Jun 28,10.1016/j.celrep.2022.111017,OSD-244|Mmus_C57-6T_TMS_BSL_ISS-T_Rep2_B2,Basal Control
17,GSM6235803,0.9893964529037476,GSE205931,Single-cell and bulk RNA sequencing of mouse atherosclerosis disease stage course,,,This SuperSeries is composed of the SubSeries listed below.,Refer to individual Series,37060905;41206594;41053866,,,653012,GPL21626; GPL24247,Mus musculus,GSE,Expression profiling by high throughput sequencing; Non-coding RNA profiling by high throughput sequencing,2023/03/17,157,ftp://ftp.ncbi.nlm.nih.gov/geo/series/GSE205nnn/GSE205931/,Dissecting the polygenic basis of atherosclerosis via disease-associated cell state signatures.,American journal of human genetics,2023 May 4,10.1016/j.ajhg.2023.03.013,OSD-244|Mmus_C57-6T_TMS_BSL_ISS-T_Rep2_B2,Basal Control
18,GSM3720132,0.9891029596328735,GSE129689,RNA sequencing of mouse carotid arteries after sacubitril/valsartan treatment,,,"Purpose: To get insight into mouse strain-dependent differences in vascular remodeling, we analyzed gene expression profiles of the ligated carotid arteries after interventions in C57BL/6J and 129X1/SvJ mice Methods: mRNA isolations from snap-frozen single carotids (n=3 per group) were conducted. Tissue homogenization by Next Advance Bullet Blender with zirconium oxide beads and Trizol. Total RNA isolation using Trizol and Qiagen RNeasy Micro kit. Results: Multiple quality controls showed a reliable RNAseq of mRNAs from the ligated carotid arteries. Specifically, there was less than 2.6% drop in reads that ranged between 26.5 to 37.7 million reads. We found a good alignment and mapping to a mouse genome (82.4 - 91.0%) in this RNAseq study. A differential gene expression analysis was done by DESeq2-1.16.1 within R-3.4.1 for data normalization and differential expression analysis with an adjusted p-value threshold of 0.05 on each set of raw expression measures. Conclusions: Our study shows significant differences in gene expression signatures in carotid arteries from two inbred mouse strains after sacubitril/valsartan treatment. We conclude that genetic background determines efficacy of the sacubitril/valsartan in mice.","Mouse carotid artery mRNA profiles of C57BL/6J and 129X1/SvJ mice after two treatment regimen of vehicle, valsartan or sacubitril/valsartan were generated by deep sequencing, in triplicate, using Illumina HiSeq2500v4 high-throughput DNA sequencer.",31077344,,,252322,GPL17021,Mus musculus,GSE,Expression profiling by high throughput sequencing,2020/04/10,36,ftp://ftp.ncbi.nlm.nih.gov/geo/series/GSE129nnn/GSE129689/,Strain-selective efficacy of sacubitril/valsartan on carotid fibrosis in response to injury in two inbred mouse strains.,British journal of pharmacology,2019 Aug,10.1111/bph.14708,OSD-244|Mmus_C57-6T_TMS_BSL_ISS-T_Rep2_B2,Basal Control
19,GSM4905184,0.9888993501663208,GSE161350,Next Generation Sequencing Facilitates Quantitative Analysis of dermal Transcriptomes of Imiquimod (IMQ)-Induced Psoriasis-Like Dermatitis Treated by Xiao-Yin-Fang (XYF) Therapy,,,"Purpose: Next-generation sequencing (NGS) has revolutionized systems-based analysis of cellular pathways. The goals of this study are to compare dermal transcriptomes of control group (wild-type IMQ-untreated C57/BL6 mice), model group (wild-type IMQ-treated C57/BL6 mice) and XYF group (model group mice treated by XYF). Methods: Dermal mRNA profiles of control group, model group and XYF group mice were generated by deep sequencing. Total RNA samples were prepared from intact dermal ear sheets of mouse ear skin from two mice. Double-strand cDNA was generated from equal amounts of total RNA by following TruSeq8 RNA Library Prep Kit v2 (#RS-122-2001/2002, Illumina). The cDNA libraries were sequenced using Illumina Hi-seq2500. STAR software was utilized for sequence alignment between the preprocessing sequence and reference genome sequence of mice downloaded from the Ensembl database(Mus_musculus.GRCm38.90,ftp://ftp.ensembl.org/pub/release-90/gtf/mus_musculus/ Mus_musculus.GRCm38.90.chr.gtf.gz). Transcript assembly of mRNA sequencing data was performed by StringTie software. The expression levels for each of the genes were normalized to FPKM (fragments per kilobase of transcript per million fragments mapped). DESeq 2 was applied to conduct the analysis of differentially expressed genes (DEG). The cutoffs of DEG method were determined as the P value < = 0.05, the FDR value < = 0.05 and the Fold Change (FC) value > = 2. Results: Heatmap analysis of differentially expressed genes (DEG) revealed distinct transcriptomes between different groups, which displayed a partial reversal of pathological gene-expressing modifications by the treatment of XYF. Detailed comparison identified shared DEGs of opposite deviations between control group versus model group and model group versus XYF group. Kyoto Encyclopedia of Genes and Genomes (KEGG) pathway analysis uncovered the dermis from disease-model group was greatly disturbed in cytokine-cytokine receptor interaction, chemokine signaling pathways, IL-17 signaling pathway, TNF signaling pathway, Wnt signaling pathway and PI3K-Akt signaling pathway. As for XYF therapy, several metabolic pathways, Calcium signaling, cAMP signaling pathway and cGMP-PKG signaling pathway were affected within the dermis. Further Gene Set Enrichment Analysis (GSEA) exposed multiple metabolic pathways, which involved ether lipid metabolism, alpha linolenic acid metabolism, arachidonic acid metabolism, linoleic acid metabolism, glycerophospholipid metabolism, glycosaminoglycan biosynthesis heparan sulfate, along with VEGF signaling and cell cycle were considerably suppressed in the dermal tissue when given XYF. Conclusions: XYF might regulate various inflammatory signaling, metabolic processes and microvascular formation to influence γδT cell biology.",Dermal Transcriptomes of IMQ-Induced Psoriasis-Like Dermatitis Treated by XYF Therapy,33935720,,,435218,GPL21273,Mus musculus,GSE,Expression profiling by high throughput sequencing,2020/11/13,9,ftp://ftp.ncbi.nlm.nih.gov/geo/series/GSE161nnn/GSE161350/,Xiao-Yin-Fang Therapy Alleviates Psoriasis-like Skin Inflammation Through Suppressing γδT17 Cell Polarization.,Frontiers in pharmacology,2021,10.3389/fphar.2021.629513,OSD-244|Mmus_C57-6T_TMS_BSL_ISS-T_Rep2_B2,Basal Control
20,GSM5699416,0.9907234311103821,GSE189336,Persistent inflammation and nitric oxide dysregulation are transcriptomic blueprints of subglottic stenosis,,,"Subglottic stenosis (SGS) is a recurrent, obstructive, fibroinflammatory disease of the upper airway resulting in severe dyspnea, dysphonia, as well as other potentially fatal complications. Although aberrant inflammation and wound-healing are commonly associated with pathogenesis, the mechanism through which such processes occur and recur in affected patients remains poorly studied. Here we report that transcriptomic profiling of laryngotracheal regions from minimally-invasive mucosal swabs of SGS patients reveals a distinctively pro-inflammatory gene signature. Surprisingly, comparative genomics between SGS patients and mice with direct laryngotracheal injury suggest that SGS patients bear more resemblance to the acute than chronic phase of injury. Furthermore, functional and regulatory network analyses identify neutrophilic involvement through hyper-activation of NF-κB and its downstream inflammasome as a potential master regulator. Interestingly, nitric oxide synthesis was found to be downregulated in SGS patients compared to healthy controls. Thus, SGS represents a state of immunodeficiency whereby defective immune clearance triggers recurrent, long-lasting production of pro-inflammatory cytokines.",Transcriptomic profiling (RNA-seq) of human laryngotracheal swabs and murine tracheas. NEBNext® Ultra™ II RNA Library Prep Kit for Illumina® and sequenced by Novogene.,34987502,,,572660,GPL24676; GPL24247,Homo sapiens; Mus musculus,GSE,Expression profiling by high throughput sequencing,2021/12/14,35,ftp://ftp.ncbi.nlm.nih.gov/geo/series/GSE189nnn/GSE189336/,Persistent Inflammation and Nitric Oxide Dysregulation Are Transcriptomic Blueprints of Subglottic Stenosis.,Frontiers in immunology,2021,10.3389/fimmu.2021.748533,OSD-244|Mmus_C57-6T_TMS_BSL_ISS-T_Rep3_B3,Basal Control
21,GSM4905182,0.9904369115829468,GSE161350,Next Generation Sequencing Facilitates Quantitative Analysis of dermal Transcriptomes of Imiquimod (IMQ)-Induced Psoriasis-Like Dermatitis Treated by Xiao-Yin-Fang (XYF) Therapy,,,"Purpose: Next-generation sequencing (NGS) has revolutionized systems-based analysis of cellular pathways. The goals of this study are to compare dermal transcriptomes of control group (wild-type IMQ-untreated C57/BL6 mice), model group (wild-type IMQ-treated C57/BL6 mice) and XYF group (model group mice treated by XYF). Methods: Dermal mRNA profiles of control group, model group and XYF group mice were generated by deep sequencing. Total RNA samples were prepared from intact dermal ear sheets of mouse ear skin from two mice. Double-strand cDNA was generated from equal amounts of total RNA by following TruSeq8 RNA Library Prep Kit v2 (#RS-122-2001/2002, Illumina). The cDNA libraries were sequenced using Illumina Hi-seq2500. STAR software was utilized for sequence alignment between the preprocessing sequence and reference genome sequence of mice downloaded from the Ensembl database(Mus_musculus.GRCm38.90,ftp://ftp.ensembl.org/pub/release-90/gtf/mus_musculus/ Mus_musculus.GRCm38.90.chr.gtf.gz). Transcript assembly of mRNA sequencing data was performed by StringTie software. The expression levels for each of the genes were normalized to FPKM (fragments per kilobase of transcript per million fragments mapped). DESeq 2 was applied to conduct the analysis of differentially expressed genes (DEG). The cutoffs of DEG method were determined as the P value < = 0.05, the FDR value < = 0.05 and the Fold Change (FC) value > = 2. Results: Heatmap analysis of differentially expressed genes (DEG) revealed distinct transcriptomes between different groups, which displayed a partial reversal of pathological gene-expressing modifications by the treatment of XYF. Detailed comparison identified shared DEGs of opposite deviations between control group versus model group and model group versus XYF group. Kyoto Encyclopedia of Genes and Genomes (KEGG) pathway analysis uncovered the dermis from disease-model group was greatly disturbed in cytokine-cytokine receptor interaction, chemokine signaling pathways, IL-17 signaling pathway, TNF signaling pathway, Wnt signaling pathway and PI3K-Akt signaling pathway. As for XYF therapy, several metabolic pathways, Calcium signaling, cAMP signaling pathway and cGMP-PKG signaling pathway were affected within the dermis. Further Gene Set Enrichment Analysis (GSEA) exposed multiple metabolic pathways, which involved ether lipid metabolism, alpha linolenic acid metabolism, arachidonic acid metabolism, linoleic acid metabolism, glycerophospholipid metabolism, glycosaminoglycan biosynthesis heparan sulfate, along with VEGF signaling and cell cycle were considerably suppressed in the dermal tissue when given XYF. Conclusions: XYF might regulate various inflammatory signaling, metabolic processes and microvascular formation to influence γδT cell biology.",Dermal Transcriptomes of IMQ-Induced Psoriasis-Like Dermatitis Treated by XYF Therapy,33935720,,,435216,GPL21273,Mus musculus,GSE,Expression profiling by high throughput sequencing,2020/11/13,9,ftp://ftp.ncbi.nlm.nih.gov/geo/series/GSE161nnn/GSE161350/,Xiao-Yin-Fang Therapy Alleviates Psoriasis-like Skin Inflammation Through Suppressing γδT17 Cell Polarization.,Frontiers in pharmacology,2021,10.3389/fphar.2021.629513,OSD-244|Mmus_C57-6T_TMS_BSL_ISS-T_Rep3_B3,Basal Control
22,GSM3852037,0.9903061389923096,GSE132173,RNA-seq of tissues from MC903- and Ethanol-treated mice,,,"We report transcript abundance in skin, spinal_cord, and trigeminal ganglia from animals treated with MC903 to induce a mouse model of atopic dermatitis across different genotypes, time points, and treatments","Examination of gene expression in TSLPR.KO, wild-type, and neutrophil-depleted animals. For differential expression analysis, comparisons were performed between MC903 and ethanol treatments for the same condition (genotype, timepoint, etc.)",31631836,,,258817,GPL21103,Mus musculus,GSE,Expression profiling by high throughput sequencing,2019/11/13,162,ftp://ftp.ncbi.nlm.nih.gov/geo/series/GSE132nnn/GSE132173/,Neutrophils promote CXCR3-dependent itch in the development of atopic dermatitis.,eLife,2019 Oct 21,10.7554/eLife.48448,OSD-244|Mmus_C57-6T_TMS_BSL_ISS-T_Rep3_B3,Basal Control
23,GSM4905184,0.9901115894317627,GSE161350,Next Generation Sequencing Facilitates Quantitative Analysis of dermal Transcriptomes of Imiquimod (IMQ)-Induced Psoriasis-Like Dermatitis Treated by Xiao-Yin-Fang (XYF) Therapy,,,"Purpose: Next-generation sequencing (NGS) has revolutionized systems-based analysis of cellular pathways. The goals of this study are to compare dermal transcriptomes of control group (wild-type IMQ-untreated C57/BL6 mice), model group (wild-type IMQ-treated C57/BL6 mice) and XYF group (model group mice treated by XYF). Methods: Dermal mRNA profiles of control group, model group and XYF group mice were generated by deep sequencing. Total RNA samples were prepared from intact dermal ear sheets of mouse ear skin from two mice. Double-strand cDNA was generated from equal amounts of total RNA by following TruSeq8 RNA Library Prep Kit v2 (#RS-122-2001/2002, Illumina). The cDNA libraries were sequenced using Illumina Hi-seq2500. STAR software was utilized for sequence alignment between the preprocessing sequence and reference genome sequence of mice downloaded from the Ensembl database(Mus_musculus.GRCm38.90,ftp://ftp.ensembl.org/pub/release-90/gtf/mus_musculus/ Mus_musculus.GRCm38.90.chr.gtf.gz). Transcript assembly of mRNA sequencing data was performed by StringTie software. The expression levels for each of the genes were normalized to FPKM (fragments per kilobase of transcript per million fragments mapped). DESeq 2 was applied to conduct the analysis of differentially expressed genes (DEG). The cutoffs of DEG method were determined as the P value < = 0.05, the FDR value < = 0.05 and the Fold Change (FC) value > = 2. Results: Heatmap analysis of differentially expressed genes (DEG) revealed distinct transcriptomes between different groups, which displayed a partial reversal of pathological gene-expressing modifications by the treatment of XYF. Detailed comparison identified shared DEGs of opposite deviations between control group versus model group and model group versus XYF group. Kyoto Encyclopedia of Genes and Genomes (KEGG) pathway analysis uncovered the dermis from disease-model group was greatly disturbed in cytokine-cytokine receptor interaction, chemokine signaling pathways, IL-17 signaling pathway, TNF signaling pathway, Wnt signaling pathway and PI3K-Akt signaling pathway. As for XYF therapy, several metabolic pathways, Calcium signaling, cAMP signaling pathway and cGMP-PKG signaling pathway were affected within the dermis. Further Gene Set Enrichment Analysis (GSEA) exposed multiple metabolic pathways, which involved ether lipid metabolism, alpha linolenic acid metabolism, arachidonic acid metabolism, linoleic acid metabolism, glycerophospholipid metabolism, glycosaminoglycan biosynthesis heparan sulfate, along with VEGF signaling and cell cycle were considerably suppressed in the dermal tissue when given XYF. Conclusions: XYF might regulate various inflammatory signaling, metabolic processes and microvascular formation to influence γδT cell biology.",Dermal Transcriptomes of IMQ-Induced Psoriasis-Like Dermatitis Treated by XYF Therapy,33935720,,,435218,GPL21273,Mus musculus,GSE,Expression profiling by high throughput sequencing,2020/11/13,9,ftp://ftp.ncbi.nlm.nih.gov/geo/series/GSE161nnn/GSE161350/,Xiao-Yin-Fang Therapy Alleviates Psoriasis-like Skin Inflammation Through Suppressing γδT17 Cell Polarization.,Frontiers in pharmacology,2021,10.3389/fphar.2021.629513,OSD-244|Mmus_C57-6T_TMS_BSL_ISS-T_Rep3_B3,Basal Control
24,GSM4318758,0.9899301528930664,GSE145474,RNA-seq on periodontal tisuues of  susceptible and resistant collaborative cross mice after periodontal infection,,,"We assessed alveolar bone changes of Collaborative cross (CC) lines in response to a mixed oral infection with a well-known periodontal pathogen. The CC lines showed significant variation in their response to the mixed infection. We then carried out RNA-seq analysis on periodontal tisuues of resistant CC lines, susceptible CC lines and two CC lines that showed bone formation after oral bacterial infection.","We assessed alveolar bone changes of Collaborative cross lines after periodontal infection with P.g. (strain 381) and F.n. (strain PK1594) using micro–computed tomography (µCT) (control groups were treated with PBS and 2% Carboxymethycellulose). The CC lines showed significant variation in their response to the mixed infection. We then carried out RNA-seq analysis on periodontal tisuues of two resistant CC lines (TAU-IL188, TAU-IL111), two susceptible CC lines (TAU-IL785, TAU-IL551) and two CC lines that showed bone formation after oral bacterial infection (TAU-IL2124, TAU-IL2126).",32184465,,,336705,GPL19057,Mus musculus,GSE,Expression profiling by high throughput sequencing,2020/02/19,24,ftp://ftp.ncbi.nlm.nih.gov/geo/series/GSE145nnn/GSE145474/,Translation of mouse model to human gives insights into periodontitis etiology.,Scientific reports,2020 Mar 17,10.1038/s41598-020-61819-0,OSD-244|Mmus_C57-6T_TMS_BSL_ISS-T_Rep3_B3,Basal Control
25,GSM3720132,0.9896177649497986,GSE129689,RNA sequencing of mouse carotid arteries after sacubitril/valsartan treatment,,,"Purpose: To get insight into mouse strain-dependent differences in vascular remodeling, we analyzed gene expression profiles of the ligated carotid arteries after interventions in C57BL/6J and 129X1/SvJ mice Methods: mRNA isolations from snap-frozen single carotids (n=3 per group) were conducted. Tissue homogenization by Next Advance Bullet Blender with zirconium oxide beads and Trizol. Total RNA isolation using Trizol and Qiagen RNeasy Micro kit. Results: Multiple quality controls showed a reliable RNAseq of mRNAs from the ligated carotid arteries. Specifically, there was less than 2.6% drop in reads that ranged between 26.5 to 37.7 million reads. We found a good alignment and mapping to a mouse genome (82.4 - 91.0%) in this RNAseq study. A differential gene expression analysis was done by DESeq2-1.16.1 within R-3.4.1 for data normalization and differential expression analysis with an adjusted p-value threshold of 0.05 on each set of raw expression measures. Conclusions: Our study shows significant differences in gene expression signatures in carotid arteries from two inbred mouse strains after sacubitril/valsartan treatment. We conclude that genetic background determines efficacy of the sacubitril/valsartan in mice.","Mouse carotid artery mRNA profiles of C57BL/6J and 129X1/SvJ mice after two treatment regimen of vehicle, valsartan or sacubitril/valsartan were generated by deep sequencing, in triplicate, using Illumina HiSeq2500v4 high-throughput DNA sequencer.",31077344,,,252322,GPL17021,Mus musculus,GSE,Expression profiling by high throughput sequencing,2020/04/10,36,ftp://ftp.ncbi.nlm.nih.gov/geo/series/GSE129nnn/GSE129689/,Strain-selective efficacy of sacubitril/valsartan on carotid fibrosis in response to injury in two inbred mouse strains.,British journal of pharmacology,2019 Aug,10.1111/bph.14708,OSD-244|Mmus_C57-6T_TMS_BSL_ISS-T_Rep3_B3,Basal Control
26,GSM4960156,0.9893128871917725,GSE162803,"Stat1 activation, through systemic interferon signaling, and upregulation of innate immune system receptors drives inflammaging, that is ameliorated by dietary restriction intervention",,,This SuperSeries is composed of the SubSeries listed below.,Refer to individual Series,35767948,,,438598,GPL19057,Mus musculus,GSE,Genome binding/occupancy profiling by high throughput sequencing; Expression profiling by high throughput sequencing,2022/08/25,102,ftp://ftp.ncbi.nlm.nih.gov/geo/series/GSE162nnn/GSE162803/,Inflammaging is driven by upregulation of innate immune receptors and systemic interferon signaling and is ameliorated by dietary restriction.,Cell reports,2022 Jun 28,10.1016/j.celrep.2022.111017,OSD-244|Mmus_C57-6T_TMS_BSL_ISS-T_Rep3_B3,Basal Control
27,GSM6025715,0.9890767335891724,GSE200268,Notch Signaling in the Thyroid is Essential for Adult Homeostasis.,,,This SuperSeries is composed of the SubSeries listed below.,Refer to individual Series,,,,630133,GPL21103,Mus musculus,GSE,Expression profiling by high throughput sequencing,2023/10/23,99,ftp://ftp.ncbi.nlm.nih.gov/geo/series/GSE200nnn/GSE200268/,,,,,OSD-244|Mmus_C57-6T_TMS_BSL_ISS-T_Rep3_B3,Basal Control
28,GSM5455398,0.9890679121017456,GSE180201,QPCTL deletion results in a rewiring of the tumor microenvironment,,,This SuperSeries is composed of the SubSeries listed below.,Refer to individual Series,35309731,,,518221,GPL21626; GPL24247,Mus musculus,GSE,Expression profiling by high throughput sequencing,2022/01/03,49,ftp://ftp.ncbi.nlm.nih.gov/geo/series/GSE180nnn/GSE180201/,QPCTL regulates macrophage and monocyte abundance and inflammatory signatures in the tumor microenvironment.,Oncoimmunology,2022,10.1080/2162402X.2022.2049486,OSD-244|Mmus_C57-6T_TMS_BSL_ISS-T_Rep3_B3,Basal Control
29,GSM4318752,0.988968014717102,GSE145474,RNA-seq on periodontal tisuues of  susceptible and resistant collaborative cross mice after periodontal infection,,,"We assessed alveolar bone changes of Collaborative cross (CC) lines in response to a mixed oral infection with a well-known periodontal pathogen. The CC lines showed significant variation in their response to the mixed infection. We then carried out RNA-seq analysis on periodontal tisuues of resistant CC lines, susceptible CC lines and two CC lines that showed bone formation after oral bacterial infection.","We assessed alveolar bone changes of Collaborative cross lines after periodontal infection with P.g. (strain 381) and F.n. (strain PK1594) using micro–computed tomography (µCT) (control groups were treated with PBS and 2% Carboxymethycellulose). The CC lines showed significant variation in their response to the mixed infection. We then carried out RNA-seq analysis on periodontal tisuues of two resistant CC lines (TAU-IL188, TAU-IL111), two susceptible CC lines (TAU-IL785, TAU-IL551) and two CC lines that showed bone formation after oral bacterial infection (TAU-IL2124, TAU-IL2126).",32184465,,,336699,GPL19057,Mus musculus,GSE,Expression profiling by high throughput sequencing,2020/02/19,24,ftp://ftp.ncbi.nlm.nih.gov/geo/series/GSE145nnn/GSE145474/,Translation of mouse model to human gives insights into periodontitis etiology.,Scientific reports,2020 Mar 17,10.1038/s41598-020-61819-0,OSD-244|Mmus_C57-6T_TMS_BSL_ISS-T_Rep3_B3,Basal Control
30,GSM4947042,0.9936019778251648,GSE162218,Requirement of DNMT1 to orchestrate epigenomic reprogramming for NPM-ALK driven lymphomagenesis,,,This SuperSeries is composed of the SubSeries listed below.,Refer to individual Series,33310759,,,437158,GPL21493,Mus musculus,GSE,Expression profiling by high throughput sequencing; Methylation profiling by high throughput sequencing,2020/12/08,24,ftp://ftp.ncbi.nlm.nih.gov/geo/series/GSE162nnn/GSE162218/,Requirement of DNMT1 to orchestrate epigenomic reprogramming for NPM-ALK-driven lymphomagenesis.,Life science alliance,2021 Feb,10.26508/lsa.202000794,OSD-244|Mmus_C57-6T_TMS_BSL_ISS-T_Rep4_B4,Basal Control
31,GSM4947037,0.9935107827186584,GSE162218,Requirement of DNMT1 to orchestrate epigenomic reprogramming for NPM-ALK driven lymphomagenesis,,,This SuperSeries is composed of the SubSeries listed below.,Refer to individual Series,33310759,,,437153,GPL21493,Mus musculus,GSE,Expression profiling by high throughput sequencing; Methylation profiling by high throughput sequencing,2020/12/08,24,ftp://ftp.ncbi.nlm.nih.gov/geo/series/GSE162nnn/GSE162218/,Requirement of DNMT1 to orchestrate epigenomic reprogramming for NPM-ALK-driven lymphomagenesis.,Life science alliance,2021 Feb,10.26508/lsa.202000794,OSD-244|Mmus_C57-6T_TMS_BSL_ISS-T_Rep4_B4,Basal Control
32,GSM6202434,0.9925014972686768,GSE204925,The C-terminus of p53 Confers Liver-Specific Gene Regulation and Radio-Resistance in vivo,,,This SuperSeries is composed of the SubSeries listed below.,Refer to individual Series,36924496,,,650278,GPL17021,Mus musculus,GSE,Expression profiling by high throughput sequencing; Genome binding/occupancy profiling by high throughput sequencing,2022/06/30,51,ftp://ftp.ncbi.nlm.nih.gov/geo/series/GSE204nnn/GSE204925/,In vivo RNA-seq and ChIP-seq analyses show an obligatory role for the C terminus of p53 in conferring tissue-specific radiation sensitivity.,Cell reports,2023 Mar 28,10.1016/j.celrep.2023.112216,OSD-244|Mmus_C57-6T_TMS_BSL_ISS-T_Rep4_B4,Basal Control
33,GSM4947034,0.9917809963226318,GSE162218,Requirement of DNMT1 to orchestrate epigenomic reprogramming for NPM-ALK driven lymphomagenesis,,,This SuperSeries is composed of the SubSeries listed below.,Refer to individual Series,33310759,,,437150,GPL21493,Mus musculus,GSE,Expression profiling by high throughput sequencing; Methylation profiling by high throughput sequencing,2020/12/08,24,ftp://ftp.ncbi.nlm.nih.gov/geo/series/GSE162nnn/GSE162218/,Requirement of DNMT1 to orchestrate epigenomic reprogramming for NPM-ALK-driven lymphomagenesis.,Life science alliance,2021 Feb,10.26508/lsa.202000794,OSD-244|Mmus_C57-6T_TMS_BSL_ISS-T_Rep4_B4,Basal Control
34,GSM4263014,0.9909663200378418,GSE143581,P53 dynamics vary between tissues and are linked with radiation sensitivity,,,We used RNAseq to explore the gene expression changes induced by ionizing radiation across multiple tissues,Mouse were treated with ionizing radiation (10gy) and sacrificed at different timepoints and tissues extracted and processed for RNA,,,,331842,GPL19057,Mus musculus,GSE,Expression profiling by high throughput sequencing,2020/04/30,54,ftp://ftp.ncbi.nlm.nih.gov/geo/series/GSE143nnn/GSE143581/,,,,,OSD-244|Mmus_C57-6T_TMS_BSL_ISS-T_Rep4_B4,Basal Control
35,GSM4774821,0.9907300472259521,GSE157769,RNA sequencing of tumors from PPM1D transgenic mouse model,,,"The majority of cancers harbor alterations of the tumor suppressor TP53. However, childhood cancers, including unfavorable neuroblastoma, often lack TP53 mutations despite frequent loss of p53 function, suggesting alternative p53 inactivating mechanisms. Our study show that frequent gain of the p53-regulating gene PPM1D at chromosome 17q22.3 is linked to aggressive tumors and poor prognosis in neuroblastoma. A PPM1D transgenic mouse model develops cancers phenotypically and genetically similar to tumors arising in mice with dysfunctional p53 when subjected to low-dose irradiation. Tumors include T-cell lymphomas harboring Notch1- and Pten-mutations, adenocarcinomas and PHOX2B-expressing neuroblastomas, therey establishing PPM1D as a bona fide oncogene in wtTP53 cancer and childhood neuroblastoma. Pharmacological inhibition of WIP1 suppressed the growth of neural tumors in nude mice, proposing WIP1 as a therapeutic target in neural childhood tumors.","Transgenic mice overexpressing PPM1D were subject to low-dose radiation and subsequently developed thymic lymphomas. Bulk RNA sequencing was performed on a total of 24 samples from 24 mice: 14 thymic lymphomas and 10 controls (thymic tissue from healthy mice). Controls were divided into four groups based on irradiation status and genotype: wild-type non-irradiated (n = 3), PPM1D-transgenic non-irradiated (n = 3), wild-type irradiated (n = 2), PPM1D-transgenic irradiated (n = 2). mRNA libraries were generated using the TruSeq Stranded cDNA kit (Illumina) and sequenced on the HiSeq 2500 platform for paired-end reads with a length of 100-125 bp for all samples.",34771656,,,415282,GPL17021,Mus musculus,GSE,Expression profiling by high throughput sequencing,2020/12/31,24,ftp://ftp.ncbi.nlm.nih.gov/geo/series/GSE157nnn/GSE157769/,High Expression of PPM1D Induces Tumors Phenotypically Similar to TP53 Loss-of-Function Mutations in Mice.,Cancers,2021 Oct 31,10.3390/cancers13215493,OSD-244|Mmus_C57-6T_TMS_BSL_ISS-T_Rep4_B4,Basal Control
36,GSM4263015,0.9901508092880249,GSE143581,P53 dynamics vary between tissues and are linked with radiation sensitivity,,,We used RNAseq to explore the gene expression changes induced by ionizing radiation across multiple tissues,Mouse were treated with ionizing radiation (10gy) and sacrificed at different timepoints and tissues extracted and processed for RNA,,,,331843,GPL19057,Mus musculus,GSE,Expression profiling by high throughput sequencing,2020/04/30,54,ftp://ftp.ncbi.nlm.nih.gov/geo/series/GSE143nnn/GSE143581/,,,,,OSD-244|Mmus_C57-6T_TMS_BSL_ISS-T_Rep4_B4,Basal Control
37,GSM2508198,0.9897649884223938,GSE95371,RNA-seq analysis in MMTV-TGF- α Mice thymus,,,we report the comperative transcriptome analysis of the MMTV-TGF- α female mice thymus tissues,3 different fed types,29511668,,,97260,GPL21103,Mus musculus,GSE,Expression profiling by high throughput sequencing,2018/04/11,3,ftp://ftp.ncbi.nlm.nih.gov/geo/series/GSE95nnn/GSE95371/,Transcriptome Analysis of the Thymus in Short-Term Calorie-Restricted Mice Using RNA-seq.,International journal of genomics,2018,10.1155/2018/7647980,OSD-244|Mmus_C57-6T_TMS_BSL_ISS-T_Rep4_B4,Basal Control
38,GSM1489513,0.9896414279937744,GSE60827,RNA-Seq analysis comparing p53-null versus ΔNp63Δ/Δ;p53-null or ΔNp73Δ/Δ;p53-null thymic lymphoma tumors,,,We performed an RNA-Seq analysis comparing thymic lymphoma tissues from the p53-null(n=2) and ΔNp63Δ/Δ;p53-/- (n=3) or ΔNp73Δ/Δ;p53-/-(n=3). Mice at 10 weeks of age were injected with either Ad-mCherry or Ad-CRE-mCherry to delete ΔNp63/ΔNp73 in the thymic lmyphomas. We aimed to test by deleting the DNp63/DNp73 in these p53-deficient tumors will mediate tumor regression and analyze the expression profile of the genes,Examination of thymic lymphoma tissues in 3 different genotypes (p53-/- vs ΔNp63Δ/Δ;p53-/- or ΔNp73Δ/Δ;p53-/-),25409149,,,17574,GPL13112,Mus musculus,GSE,Expression profiling by high throughput sequencing,2014/11/19,8,ftp://ftp.ncbi.nlm.nih.gov/geo/series/GSE60nnn/GSE60827/,IAPP-driven metabolic reprogramming induces regression of p53-deficient tumours in vivo.,Nature,2015 Jan 29,10.1038/nature13910,OSD-244|Mmus_C57-6T_TMS_BSL_ISS-T_Rep4_B4,Basal Control
39,GSM4947032,0.9895703196525574,GSE162218,Requirement of DNMT1 to orchestrate epigenomic reprogramming for NPM-ALK driven lymphomagenesis,,,This SuperSeries is composed of the SubSeries listed below.,Refer to individual Series,33310759,,,437148,GPL21493,Mus musculus,GSE,Expression profiling by high throughput sequencing; Methylation profiling by high throughput sequencing,2020/12/08,24,ftp://ftp.ncbi.nlm.nih.gov/geo/series/GSE162nnn/GSE162218/,Requirement of DNMT1 to orchestrate epigenomic reprogramming for NPM-ALK-driven lymphomagenesis.,Life science alliance,2021 Feb,10.26508/lsa.202000794,OSD-244|Mmus_C57-6T_TMS_BSL_ISS-T_Rep4_B4,Basal Control
40,GSM5668681,0.9938613176345825,GSE187504,Next generation sequencing for quantitative analysis of double-negative (DN) thymocyte transcriptomes from Toxf/f and Toxf/fPdcd1Cre mice.,,,"Purpose: Next-generation sequencing (NGS) has revolutionized systems-based analysis of cellular pathways. The goals of this study are to compare the difference of NGS-derived transcriptome profiling between DN thymocytes from Toxf/f and Toxf/fPdcd1Cre mice. Methods: mRNA profiles of DN thymocytes sorted by FACS from 3-4-week-old Toxf/f and Toxf/fPdcd1Cre mice were generated by deep sequencing, in triplicate, using Illumina Novaseq6000. The sequence reads that passed quality filters were analyzed at the transcript level with qRT–PCR using TaqMan and SYBR Green assays. Results: Using an optimized data analysis workflow, we mapped about 30 million sequence reads per sample to the mouse genome (Build Ensembl_release100) and identified 19,045 transcripts in the DN thymocytes of Toxf/f and Toxf/fPdcd1Cre mice with BWA workflow. RNA-seq data showed approximately 1.4% of the transcripts which were differentially expressed between the DN thymocytes from Toxf/f and Toxf/fPdcd1Cre mice, with the parameter of false discovery rate (FDR) < 0.05 and absolute fold change ≥ 2. Conclusions: Our study exhibits the detailed analysis of DN thymocyte transcriptomes with biologic replicates, generated by RNA-seq technology. The optimized data analysis here provides a framework for comparative investigations of expression profiles. The RNA-seq data allow researchers to identify the transcripts affected by TOX and to better understand the role of TOX in the development of thymocytes.",mRNA profiles of DN thymocytes from 3-4-week-old Toxf/f and Toxf/fPdcd1Cre mice,35986136,,,559566,GPL17021,Mus musculus,GSE,Expression profiling by high throughput sequencing,2022/09/28,6,ftp://ftp.ncbi.nlm.nih.gov/geo/series/GSE187nnn/GSE187504/,TOX deficiency facilitates the differentiation of IL-17A-producing γδ T cells to drive autoimmune hepatitis.,Cellular & molecular immunology,2022 Oct,10.1038/s41423-022-00912-y,OSD-244|Mmus_C57-6T_TMS_BSL_ISS-T_Rep5_B5,Basal Control
41,GSM6202442,0.9936780333518982,GSE204925,The C-terminus of p53 Confers Liver-Specific Gene Regulation and Radio-Resistance in vivo,,,This SuperSeries is composed of the SubSeries listed below.,Refer to individual Series,36924496,,,650286,GPL17021,Mus musculus,GSE,Expression profiling by high throughput sequencing; Genome binding/occupancy profiling by high throughput sequencing,2022/06/30,51,ftp://ftp.ncbi.nlm.nih.gov/geo/series/GSE204nnn/GSE204925/,In vivo RNA-seq and ChIP-seq analyses show an obligatory role for the C terminus of p53 in conferring tissue-specific radiation sensitivity.,Cell reports,2023 Mar 28,10.1016/j.celrep.2023.112216,OSD-244|Mmus_C57-6T_TMS_BSL_ISS-T_Rep5_B5,Basal Control
42,GSM6202443,0.9934888482093811,GSE204925,The C-terminus of p53 Confers Liver-Specific Gene Regulation and Radio-Resistance in vivo,,,This SuperSeries is composed of the SubSeries listed below.,Refer to individual Series,36924496,,,650287,GPL17021,Mus musculus,GSE,Expression profiling by high throughput sequencing; Genome binding/occupancy profiling by high throughput sequencing,2022/06/30,51,ftp://ftp.ncbi.nlm.nih.gov/geo/series/GSE204nnn/GSE204925/,In vivo RNA-seq and ChIP-seq analyses show an obligatory role for the C terminus of p53 in conferring tissue-specific radiation sensitivity.,Cell reports,2023 Mar 28,10.1016/j.celrep.2023.112216,OSD-244|Mmus_C57-6T_TMS_BSL_ISS-T_Rep5_B5,Basal Control
43,GSM5668680,0.9928766489028931,GSE187504,Next generation sequencing for quantitative analysis of double-negative (DN) thymocyte transcriptomes from Toxf/f and Toxf/fPdcd1Cre mice.,,,"Purpose: Next-generation sequencing (NGS) has revolutionized systems-based analysis of cellular pathways. The goals of this study are to compare the difference of NGS-derived transcriptome profiling between DN thymocytes from Toxf/f and Toxf/fPdcd1Cre mice. Methods: mRNA profiles of DN thymocytes sorted by FACS from 3-4-week-old Toxf/f and Toxf/fPdcd1Cre mice were generated by deep sequencing, in triplicate, using Illumina Novaseq6000. The sequence reads that passed quality filters were analyzed at the transcript level with qRT–PCR using TaqMan and SYBR Green assays. Results: Using an optimized data analysis workflow, we mapped about 30 million sequence reads per sample to the mouse genome (Build Ensembl_release100) and identified 19,045 transcripts in the DN thymocytes of Toxf/f and Toxf/fPdcd1Cre mice with BWA workflow. RNA-seq data showed approximately 1.4% of the transcripts which were differentially expressed between the DN thymocytes from Toxf/f and Toxf/fPdcd1Cre mice, with the parameter of false discovery rate (FDR) < 0.05 and absolute fold change ≥ 2. Conclusions: Our study exhibits the detailed analysis of DN thymocyte transcriptomes with biologic replicates, generated by RNA-seq technology. The optimized data analysis here provides a framework for comparative investigations of expression profiles. The RNA-seq data allow researchers to identify the transcripts affected by TOX and to better understand the role of TOX in the development of thymocytes.",mRNA profiles of DN thymocytes from 3-4-week-old Toxf/f and Toxf/fPdcd1Cre mice,35986136,,,559565,GPL17021,Mus musculus,GSE,Expression profiling by high throughput sequencing,2022/09/28,6,ftp://ftp.ncbi.nlm.nih.gov/geo/series/GSE187nnn/GSE187504/,TOX deficiency facilitates the differentiation of IL-17A-producing γδ T cells to drive autoimmune hepatitis.,Cellular & molecular immunology,2022 Oct,10.1038/s41423-022-00912-y,OSD-244|Mmus_C57-6T_TMS_BSL_ISS-T_Rep5_B5,Basal Control
44,GSM2883337,0.9925722479820251,GSE107915,Loss of Capicua alters early T cell development and predisposes mice to T cell lymphoblastic leukemia/lymphoma,,,Thymic lymphomas were dissected from Cic adult knockout mice or wildtype mice transplanted with Cic adult knockout progenitors. Tissues were snap-frozen in liquid nitrogen until further analysis. RNAs were purified using the AllPrep DNA/RNA mini kit (Qiagen).,Examination of gene expression in Cic-null lymphomas versus normal thymus from control littermates,29382756,,,138946,GPL19057,Mus musculus,GSE,Expression profiling by high throughput sequencing,2018/01/18,9,ftp://ftp.ncbi.nlm.nih.gov/geo/series/GSE107nnn/GSE107915/,Loss of Capicua alters early T cell development and predisposes mice to T cell lymphoblastic leukemia/lymphoma.,Proceedings of the National Academy of Sciences of the United States of America,2018 Feb 13,10.1073/pnas.1716452115,OSD-244|Mmus_C57-6T_TMS_BSL_ISS-T_Rep5_B5,Basal Control
45,GSM6998474,0.992379903793335,GSE223894,Spontaneous Development of an Autoimmune Hepatitis – Primary Biliary Cirrhosis Overlap Syndrome in dnTGFβRII Aire-/- mice,,,"Autoimmune regulator (Aire) and TGF-β signaling play an important role in central tolerance and peripheral tolerance respectively, by eliminating or suppressing the activity of autoreactive T cells. We have previously demonstrated that dnTGFβRII mice develop a defect in peripheral tolerance and a primary biliary cirrhosis (PBC) like disease. We hypothesized that by introducing the AIRE gene to this model, we would observe a more severe PBC phenotype. Interestingly, however, we demonstrate that while dnTGFβRII Aire-/- mice do manifest key histologic and serologic features of autoimmune cholangitis, they also develop mild to moderate interface hepatitis and show high levels of alanine transaminase (ALT) and antinuclear antibodies (ANA), characteristics of autoimmune hepatitis (AIH). To further understand this unique phenotype, we performed RNA-seq and flow cytometry to explore the functional pathways and immune cell pathways in the liver of dnTGFβRII Aire-/- mice. Our data revealed enrichments of programmed cell death pathways and predominant CD8+ T cell infiltrates. Depleting CD8+ T cells using an anti-CD8α antibody significantly alleviated hepatic inflammation and prolonged the lifespan of these mice. Finally, RNA-seq data indicated the clonal expansion of hepatic CD8+ T cells. In conclusion, these mice develop an autoreactive CD8+ T cell mediated autoimmune cholangitis with concurrent hepatitis that exhibits key histological and serological features of the AIH-PBC overlap syndrome, representing a novel model for the study of tolerance and autoimmune liver disease.","To explore the function state of hepatic cells in different groups, we extracted the total RNA of liver and thymus tissues or 5×10^5 hepatic CD8+ T cells from dnTGFβRII Aire-/- mice and their control littermates, then we build the cDNA library and performed the bulk RNA sequencing.",36853094,,,732341,GPL24247; GPL23479,Mus musculus,GSE,Expression profiling by high throughput sequencing,2023/02/21,22,ftp://ftp.ncbi.nlm.nih.gov/geo/series/GSE223nnn/GSE223894/,Spontaneous development of an autoimmune hepatitis - primary biliary cholangitis overlap syndrome in dnTGFβRII Aire(-/-) mice.,The Journal of pathology,2023 Jun,10.1002/path.6077,OSD-244|Mmus_C57-6T_TMS_BSL_ISS-T_Rep5_B5,Basal Control
46,GSM6202433,0.9923390746116638,GSE204925,The C-terminus of p53 Confers Liver-Specific Gene Regulation and Radio-Resistance in vivo,,,This SuperSeries is composed of the SubSeries listed below.,Refer to individual Series,36924496,,,650277,GPL17021,Mus musculus,GSE,Expression profiling by high throughput sequencing; Genome binding/occupancy profiling by high throughput sequencing,2022/06/30,51,ftp://ftp.ncbi.nlm.nih.gov/geo/series/GSE204nnn/GSE204925/,In vivo RNA-seq and ChIP-seq analyses show an obligatory role for the C terminus of p53 in conferring tissue-specific radiation sensitivity.,Cell reports,2023 Mar 28,10.1016/j.celrep.2023.112216,OSD-244|Mmus_C57-6T_TMS_BSL_ISS-T_Rep5_B5,Basal Control
47,GSM4947033,0.9922785758972168,GSE162218,Requirement of DNMT1 to orchestrate epigenomic reprogramming for NPM-ALK driven lymphomagenesis,,,This SuperSeries is composed of the SubSeries listed below.,Refer to individual Series,33310759,,,437149,GPL21493,Mus musculus,GSE,Expression profiling by high throughput sequencing; Methylation profiling by high throughput sequencing,2020/12/08,24,ftp://ftp.ncbi.nlm.nih.gov/geo/series/GSE162nnn/GSE162218/,Requirement of DNMT1 to orchestrate epigenomic reprogramming for NPM-ALK-driven lymphomagenesis.,Life science alliance,2021 Feb,10.26508/lsa.202000794,OSD-244|Mmus_C57-6T_TMS_BSL_ISS-T_Rep5_B5,Basal Control
48,GSM6202441,0.9922666549682617,GSE204925,The C-terminus of p53 Confers Liver-Specific Gene Regulation and Radio-Resistance in vivo,,,This SuperSeries is composed of the SubSeries listed below.,Refer to individual Series,36924496,,,650285,GPL17021,Mus musculus,GSE,Expression profiling by high throughput sequencing; Genome binding/occupancy profiling by high throughput sequencing,2022/06/30,51,ftp://ftp.ncbi.nlm.nih.gov/geo/series/GSE204nnn/GSE204925/,In vivo RNA-seq and ChIP-seq analyses show an obligatory role for the C terminus of p53 in conferring tissue-specific radiation sensitivity.,Cell reports,2023 Mar 28,10.1016/j.celrep.2023.112216,OSD-244|Mmus_C57-6T_TMS_BSL_ISS-T_Rep5_B5,Basal Control
49,GSM6998478,0.9922264814376831,GSE223894,Spontaneous Development of an Autoimmune Hepatitis – Primary Biliary Cirrhosis Overlap Syndrome in dnTGFβRII Aire-/- mice,,,"Autoimmune regulator (Aire) and TGF-β signaling play an important role in central tolerance and peripheral tolerance respectively, by eliminating or suppressing the activity of autoreactive T cells. We have previously demonstrated that dnTGFβRII mice develop a defect in peripheral tolerance and a primary biliary cirrhosis (PBC) like disease. We hypothesized that by introducing the AIRE gene to this model, we would observe a more severe PBC phenotype. Interestingly, however, we demonstrate that while dnTGFβRII Aire-/- mice do manifest key histologic and serologic features of autoimmune cholangitis, they also develop mild to moderate interface hepatitis and show high levels of alanine transaminase (ALT) and antinuclear antibodies (ANA), characteristics of autoimmune hepatitis (AIH). To further understand this unique phenotype, we performed RNA-seq and flow cytometry to explore the functional pathways and immune cell pathways in the liver of dnTGFβRII Aire-/- mice. Our data revealed enrichments of programmed cell death pathways and predominant CD8+ T cell infiltrates. Depleting CD8+ T cells using an anti-CD8α antibody significantly alleviated hepatic inflammation and prolonged the lifespan of these mice. Finally, RNA-seq data indicated the clonal expansion of hepatic CD8+ T cells. In conclusion, these mice develop an autoreactive CD8+ T cell mediated autoimmune cholangitis with concurrent hepatitis that exhibits key histological and serological features of the AIH-PBC overlap syndrome, representing a novel model for the study of tolerance and autoimmune liver disease.","To explore the function state of hepatic cells in different groups, we extracted the total RNA of liver and thymus tissues or 5×10^5 hepatic CD8+ T cells from dnTGFβRII Aire-/- mice and their control littermates, then we build the cDNA library and performed the bulk RNA sequencing.",36853094,,,732345,GPL24247; GPL23479,Mus musculus,GSE,Expression profiling by high throughput sequencing,2023/02/21,22,ftp://ftp.ncbi.nlm.nih.gov/geo/series/GSE223nnn/GSE223894/,Spontaneous development of an autoimmune hepatitis - primary biliary cholangitis overlap syndrome in dnTGFβRII Aire(-/-) mice.,The Journal of pathology,2023 Jun,10.1002/path.6077,OSD-244|Mmus_C57-6T_TMS_BSL_ISS-T_Rep5_B5,Basal Control
50,GSM4614041,0.995281994342804,GSE152382,Expression profiles in multiple tissues of WT and Nrf2-knockout mouse under space filght,,,"To elucidate roles that Nrf2 plays in regulating adaptive responses to the space stress, one month-long space travel and RNA-seq analysis of six Nrf2-KO mice and six wild-type mice were conducted . After 31-days-stay in the ISS, all the flight mice returned safely to Earth. We found that Nrf2 was indeed activated by the space stress in various tissues. The space stress and Nrf2-deficiency brought about changes in gene expression.","mRNA profiling using multiple tissues including temporal bone, mandibularbone, spleen, liver, white and brown adipose tissues, kidney, thymus, and brain cerebullum of wild type (WT) and Nrf2-knockout (Nrf2KO) mice",32901092;34887485,,,379508,GPL17021,Mus musculus,GSE,Expression profiling by high throughput sequencing,2020/10/02,192,ftp://ftp.ncbi.nlm.nih.gov/geo/series/GSE152nnn/GSE152382/,Nrf2 contributes to the weight gain of mice during space travel.,Communications biology,2020 Sep 8,10.1038/s42003-020-01227-2,OSD-244|Mmus_C57-6T_TMS_BSL_ISS-T_Rep6_B6,Basal Control
51,GSM4116221,0.9949136972427368,GSE138691,Loss of MBNL1 induces RNA mis-processing in the thymus and peripheral blood.,,,"The thymus is a primary lymphoid organ that plays an essential role in T lymphocyte maturation and selection during development of one arm of the mammalian adaptive immune response. Although transcriptional mechanisms have been well documented in thymocyte development, co-/post-transcriptional modifications are also important but have received less attention. Here, we demonstrate that the RNA alternative splicing factor MBNL1, which is sequestered in nuclear RNA foci by C(C)UG short tandem repeat expansions in myotonic dystrophy (DM), is essential for normal thymus development and function. Mbnl1 129S1 knockout mice develop postnatal thymic hyperplasia with thymocyte accumulation. Transcriptome analysis indicates numerous gene expression and RNA mis-splicing events, including transcription factors from the TCF/LEF (T-cell factor/lymphoid enhancer factor) family. CNBP, the gene affected in DM type 2 (DM2), is coordinately expressed with MBNL1 in the developing thymus and DM2 CCTG expansions induce similar transcriptome alterations in DM2 blood, which thus serve as disease-specific biomarkers.","RNA-Seq was performed on Mbnl1 knockout and wild type mouse thymi as well as human DM2, DM1, C9-ALS/FTD, sporadic ALS, and unaffected control PBMCs and/or whole blood.",32332745,,,297388,GPL17021; GPL18573,Homo sapiens; Mus musculus,GSE,Expression profiling by high throughput sequencing; Third-party reanalysis,2020/03/05,33,ftp://ftp.ncbi.nlm.nih.gov/geo/series/GSE138nnn/GSE138691/,Loss of MBNL1 induces RNA misprocessing in the thymus and peripheral blood.,Nature communications,2020 Apr 24,10.1038/s41467-020-15962-x,OSD-244|Mmus_C57-6T_TMS_BSL_ISS-T_Rep6_B6,Basal Control
52,GSM4116220,0.9946511387825012,GSE138691,Loss of MBNL1 induces RNA mis-processing in the thymus and peripheral blood.,,,"The thymus is a primary lymphoid organ that plays an essential role in T lymphocyte maturation and selection during development of one arm of the mammalian adaptive immune response. Although transcriptional mechanisms have been well documented in thymocyte development, co-/post-transcriptional modifications are also important but have received less attention. Here, we demonstrate that the RNA alternative splicing factor MBNL1, which is sequestered in nuclear RNA foci by C(C)UG short tandem repeat expansions in myotonic dystrophy (DM), is essential for normal thymus development and function. Mbnl1 129S1 knockout mice develop postnatal thymic hyperplasia with thymocyte accumulation. Transcriptome analysis indicates numerous gene expression and RNA mis-splicing events, including transcription factors from the TCF/LEF (T-cell factor/lymphoid enhancer factor) family. CNBP, the gene affected in DM type 2 (DM2), is coordinately expressed with MBNL1 in the developing thymus and DM2 CCTG expansions induce similar transcriptome alterations in DM2 blood, which thus serve as disease-specific biomarkers.","RNA-Seq was performed on Mbnl1 knockout and wild type mouse thymi as well as human DM2, DM1, C9-ALS/FTD, sporadic ALS, and unaffected control PBMCs and/or whole blood.",32332745,,,297387,GPL17021; GPL18573,Homo sapiens; Mus musculus,GSE,Expression profiling by high throughput sequencing; Third-party reanalysis,2020/03/05,33,ftp://ftp.ncbi.nlm.nih.gov/geo/series/GSE138nnn/GSE138691/,Loss of MBNL1 induces RNA misprocessing in the thymus and peripheral blood.,Nature communications,2020 Apr 24,10.1038/s41467-020-15962-x,OSD-244|Mmus_C57-6T_TMS_BSL_ISS-T_Rep6_B6,Basal Control
53,GSM4116218,0.9941104650497437,GSE138691,Loss of MBNL1 induces RNA mis-processing in the thymus and peripheral blood.,,,"The thymus is a primary lymphoid organ that plays an essential role in T lymphocyte maturation and selection during development of one arm of the mammalian adaptive immune response. Although transcriptional mechanisms have been well documented in thymocyte development, co-/post-transcriptional modifications are also important but have received less attention. Here, we demonstrate that the RNA alternative splicing factor MBNL1, which is sequestered in nuclear RNA foci by C(C)UG short tandem repeat expansions in myotonic dystrophy (DM), is essential for normal thymus development and function. Mbnl1 129S1 knockout mice develop postnatal thymic hyperplasia with thymocyte accumulation. Transcriptome analysis indicates numerous gene expression and RNA mis-splicing events, including transcription factors from the TCF/LEF (T-cell factor/lymphoid enhancer factor) family. CNBP, the gene affected in DM type 2 (DM2), is coordinately expressed with MBNL1 in the developing thymus and DM2 CCTG expansions induce similar transcriptome alterations in DM2 blood, which thus serve as disease-specific biomarkers.","RNA-Seq was performed on Mbnl1 knockout and wild type mouse thymi as well as human DM2, DM1, C9-ALS/FTD, sporadic ALS, and unaffected control PBMCs and/or whole blood.",32332745,,,297385,GPL17021; GPL18573,Homo sapiens; Mus musculus,GSE,Expression profiling by high throughput sequencing; Third-party reanalysis,2020/03/05,33,ftp://ftp.ncbi.nlm.nih.gov/geo/series/GSE138nnn/GSE138691/,Loss of MBNL1 induces RNA misprocessing in the thymus and peripheral blood.,Nature communications,2020 Apr 24,10.1038/s41467-020-15962-x,OSD-244|Mmus_C57-6T_TMS_BSL_ISS-T_Rep6_B6,Basal Control
54,GSM6085257,0.9939383268356323,GSE201969,In vivo self-assembly and targeted delivery of EGFR siRNA-encapsulating small extracellular vesicles to EGFR-positive cancer cells for NSCLC therapy,,,"We designed a synthetic biology circuit encoding both an EGFR-targeting peptide (GE11) and an EGFR siRNA under the control of the cytomegalovirus (CMV) promoter. After uptake by mouse liver cells via intravenous injection, this genetic circuit can reprogram the liver cells to produce and self-assemble EGFR siRNAs into secretory small extracellular vesicles (sEVs) tagged with the GE11 peptide, after which the siRNA-encapsulating sEVs are further transported via the blood circulation and guided by the GE11 peptide to EGFR-positive tumour cells for NSCLC therapy. RNA sequencing-based transcriptomic profiling confirmed the safety and low off-target activity of in vivo self-assembled EGFR siRNAs.","EGFR DEL19 transgenic mice were administered doxycycline for 25 days and analysed by micro-CT to ensure spontaneous tumour formation in the lungs. Mice were then intravenously injected with the CMV-scrR, CMV-siRE or CMV-GE11-siRE circuit (10 mg/kg) every 2 days for a total of 7 injections. After treatment, mice were sacrificed, and normal tissues and tumours were harvested to determine the global transcriptome alterations by RNA sequencing.",,,,635609,GPL24247,Mus musculus,GSE,Expression profiling by high throughput sequencing,2024/04/30,72,ftp://ftp.ncbi.nlm.nih.gov/geo/series/GSE201nnn/GSE201969/,,,,,OSD-244|Mmus_C57-6T_TMS_BSL_ISS-T_Rep6_B6,Basal Control
55,GSM4116223,0.9938572645187378,GSE138691,Loss of MBNL1 induces RNA mis-processing in the thymus and peripheral blood.,,,"The thymus is a primary lymphoid organ that plays an essential role in T lymphocyte maturation and selection during development of one arm of the mammalian adaptive immune response. Although transcriptional mechanisms have been well documented in thymocyte development, co-/post-transcriptional modifications are also important but have received less attention. Here, we demonstrate that the RNA alternative splicing factor MBNL1, which is sequestered in nuclear RNA foci by C(C)UG short tandem repeat expansions in myotonic dystrophy (DM), is essential for normal thymus development and function. Mbnl1 129S1 knockout mice develop postnatal thymic hyperplasia with thymocyte accumulation. Transcriptome analysis indicates numerous gene expression and RNA mis-splicing events, including transcription factors from the TCF/LEF (T-cell factor/lymphoid enhancer factor) family. CNBP, the gene affected in DM type 2 (DM2), is coordinately expressed with MBNL1 in the developing thymus and DM2 CCTG expansions induce similar transcriptome alterations in DM2 blood, which thus serve as disease-specific biomarkers.","RNA-Seq was performed on Mbnl1 knockout and wild type mouse thymi as well as human DM2, DM1, C9-ALS/FTD, sporadic ALS, and unaffected control PBMCs and/or whole blood.",32332745,,,297390,GPL17021; GPL18573,Homo sapiens; Mus musculus,GSE,Expression profiling by high throughput sequencing; Third-party reanalysis,2020/03/05,33,ftp://ftp.ncbi.nlm.nih.gov/geo/series/GSE138nnn/GSE138691/,Loss of MBNL1 induces RNA misprocessing in the thymus and peripheral blood.,Nature communications,2020 Apr 24,10.1038/s41467-020-15962-x,OSD-244|Mmus_C57-6T_TMS_BSL_ISS-T_Rep6_B6,Basal Control
56,GSM4614046,0.9938207268714905,GSE152382,Expression profiles in multiple tissues of WT and Nrf2-knockout mouse under space filght,,,"To elucidate roles that Nrf2 plays in regulating adaptive responses to the space stress, one month-long space travel and RNA-seq analysis of six Nrf2-KO mice and six wild-type mice were conducted . After 31-days-stay in the ISS, all the flight mice returned safely to Earth. We found that Nrf2 was indeed activated by the space stress in various tissues. The space stress and Nrf2-deficiency brought about changes in gene expression.","mRNA profiling using multiple tissues including temporal bone, mandibularbone, spleen, liver, white and brown adipose tissues, kidney, thymus, and brain cerebullum of wild type (WT) and Nrf2-knockout (Nrf2KO) mice",32901092;34887485,,,379513,GPL17021,Mus musculus,GSE,Expression profiling by high throughput sequencing,2020/10/02,192,ftp://ftp.ncbi.nlm.nih.gov/geo/series/GSE152nnn/GSE152382/,Nrf2 contributes to the weight gain of mice during space travel.,Communications biology,2020 Sep 8,10.1038/s42003-020-01227-2,OSD-244|Mmus_C57-6T_TMS_BSL_ISS-T_Rep6_B6,Basal Control
57,GSM4614045,0.9938081502914429,GSE152382,Expression profiles in multiple tissues of WT and Nrf2-knockout mouse under space filght,,,"To elucidate roles that Nrf2 plays in regulating adaptive responses to the space stress, one month-long space travel and RNA-seq analysis of six Nrf2-KO mice and six wild-type mice were conducted . After 31-days-stay in the ISS, all the flight mice returned safely to Earth. We found that Nrf2 was indeed activated by the space stress in various tissues. The space stress and Nrf2-deficiency brought about changes in gene expression.","mRNA profiling using multiple tissues including temporal bone, mandibularbone, spleen, liver, white and brown adipose tissues, kidney, thymus, and brain cerebullum of wild type (WT) and Nrf2-knockout (Nrf2KO) mice",32901092;34887485,,,379512,GPL17021,Mus musculus,GSE,Expression profiling by high throughput sequencing,2020/10/02,192,ftp://ftp.ncbi.nlm.nih.gov/geo/series/GSE152nnn/GSE152382/,Nrf2 contributes to the weight gain of mice during space travel.,Communications biology,2020 Sep 8,10.1038/s42003-020-01227-2,OSD-244|Mmus_C57-6T_TMS_BSL_ISS-T_Rep6_B6,Basal Control
58,GSM3467334,0.9937465190887451,GSE122496,PRC2 inactivation cooperates with JAK3 mutant signaling in the development of T-cell acute lymphoblastic leukemia,,,"T-ALL is characterized by deregulation of transcriptional control and impairment of epigenetic homeostasis. We observed that T-ALL cases with mutations in the IL7R-JAK-STAT pathway frequently harbor inactivating mutations in the PRC2 complex, in particular SUZ12 mutations. PRC2 is an epigenetic complex responsible for writing the H3K27me3 mark associated with gene repression. To assess whether loss of SUZ12 cooperates with mutant JAK3 signaling during T-ALL development, we expressed the JAK3(M511I) mutant in mouse bone marrow cells in vivo and tested the effect of Cas9-mediated inactivation of Suz12 on leukemia development. The mice developed a T-cell leukemia that infiltrated most hematological organs (bone marrow, thymus, spleen, lymph nodes, blood). At time of sacrifice the majority of cells in the blood and hematopoietic organs was JAK3(M511I) positive and Suz12 negative. Reduced Suz12 protein and H3K27me3 levels were confirmed with flow cytometry. Moreover, JAK3(M511I) also cooperates with Suz12 gRNA-mediated inactivation in vitro. Pro-T cells carrying both JAK3(M511I) and Suz12 gRNA were able to transform to IL7 independent growth, whereas single mutant (JAK3(M511I) only or Suz12 gRNA only) pro-T cells could not. In order to get insight in the mechanism of cooperation between JAK3 mutant signaling and Suz12 inactivation, we performed and integrated RNA- and ChIP-sequencing (Suz12, H3K27me3, H3K27Ac, H3K4me1, H3K4me3) on leukemic cells from the mice. This showed a global upregulation of many genes, including known PRC2 target genes upon loss of Suz12. Moreover, Suz12 was bound to promoters of Wnt signaling genes (Fzd7, Lrp4) and Wnt target genes (Axin2, Jag2, Mmp9), concomitant with high H3K27me3 levels. Loss of Suz12 led to drastic reduction of H3K27me3 at these loci and upregulation of these Wnt genes. As Wnt signaling is ectopically activated, we wanted to test whether JAK3(M511I) + Suz12 gRNA cells are more sensitive to Wnt inhibitor. JAK3(M511I) + Suz12 pro-T cells and leukemic spleen cells exhibited increased sensitivity to Wnt inhibitor compared to JAK3 mutant control cells, indicating that Wnt signaling contributes to the cooperation between Suz12 loss and JAK3 mutant signaling. In conclusion, our data show that Suz12 inactivation cooperates with mutant JAK3 signaling to drive leukemia development in vivo and demonstrates the use of Cas9 transgenic mice to study the role of tumor suppressor genes in T-ALL mouse models. Moreover, Suz12 loss leads to ectopic activation of Wnt signaling, a pathway contributing to the cooperation of Suz12 loss and JAK3 mutant signaling that can also be targeted with inhibitors.","RNA-sequencing of transgenic mouse samples with different conditions: wildtype, JAK3 mutant, SUZ12 inactivation, JAK3 mutant+SUZ12 inactivation ChIPmentation sequencing in transgenic mouse samples with different conditions (see RNA-sequencing) with multiple antibodies: Suz12, H3K27ac, H3K27me3, H3K4me3, H3K4me1",31492675,,,214821,GPL17021,Mus musculus,GSE,Expression profiling by high throughput sequencing; Genome binding/occupancy profiling by high throughput sequencing,2019/03/01,57,ftp://ftp.ncbi.nlm.nih.gov/geo/series/GSE122nnn/GSE122496/,Suz12 inactivation cooperates with JAK3 mutant signaling in the development of T-cell acute lymphoblastic leukemia.,Blood,2019 Oct 17,10.1182/blood.2019000015,OSD-244|Mmus_C57-6T_TMS_BSL_ISS-T_Rep6_B6,Basal Control
59,GSM6998471,0.9937021732330322,GSE223894,Spontaneous Development of an Autoimmune Hepatitis – Primary Biliary Cirrhosis Overlap Syndrome in dnTGFβRII Aire-/- mice,,,"Autoimmune regulator (Aire) and TGF-β signaling play an important role in central tolerance and peripheral tolerance respectively, by eliminating or suppressing the activity of autoreactive T cells. We have previously demonstrated that dnTGFβRII mice develop a defect in peripheral tolerance and a primary biliary cirrhosis (PBC) like disease. We hypothesized that by introducing the AIRE gene to this model, we would observe a more severe PBC phenotype. Interestingly, however, we demonstrate that while dnTGFβRII Aire-/- mice do manifest key histologic and serologic features of autoimmune cholangitis, they also develop mild to moderate interface hepatitis and show high levels of alanine transaminase (ALT) and antinuclear antibodies (ANA), characteristics of autoimmune hepatitis (AIH). To further understand this unique phenotype, we performed RNA-seq and flow cytometry to explore the functional pathways and immune cell pathways in the liver of dnTGFβRII Aire-/- mice. Our data revealed enrichments of programmed cell death pathways and predominant CD8+ T cell infiltrates. Depleting CD8+ T cells using an anti-CD8α antibody significantly alleviated hepatic inflammation and prolonged the lifespan of these mice. Finally, RNA-seq data indicated the clonal expansion of hepatic CD8+ T cells. In conclusion, these mice develop an autoreactive CD8+ T cell mediated autoimmune cholangitis with concurrent hepatitis that exhibits key histological and serological features of the AIH-PBC overlap syndrome, representing a novel model for the study of tolerance and autoimmune liver disease.","To explore the function state of hepatic cells in different groups, we extracted the total RNA of liver and thymus tissues or 5×10^5 hepatic CD8+ T cells from dnTGFβRII Aire-/- mice and their control littermates, then we build the cDNA library and performed the bulk RNA sequencing.",36853094,,,732338,GPL24247; GPL23479,Mus musculus,GSE,Expression profiling by high throughput sequencing,2023/02/21,22,ftp://ftp.ncbi.nlm.nih.gov/geo/series/GSE223nnn/GSE223894/,Spontaneous development of an autoimmune hepatitis - primary biliary cholangitis overlap syndrome in dnTGFβRII Aire(-/-) mice.,The Journal of pathology,2023 Jun,10.1002/path.6077,OSD-244|Mmus_C57-6T_TMS_BSL_ISS-T_Rep6_B6,Basal Control
60,GSM4947037,0.9900507926940918,,,,,,,,,,437153,,,,,,,,,,,,OSD-244|Mmus_C57-6T_TMS_BSL_ISS-T_Rep7_B7,Basal Control
61,GSM4292064,0.9888677000999451,,,,,,,,,,334116,,,,,,,,,,,,OSD-244|Mmus_C57-6T_TMS_BSL_ISS-T_Rep7_B7,Basal Control
62,GSM3720114,0.9885543584823608,GSE129689,RNA sequencing of mouse carotid arteries after sacubitril/valsartan treatment,,,"Purpose: To get insight into mouse strain-dependent differences in vascular remodeling, we analyzed gene expression profiles of the ligated carotid arteries after interventions in C57BL/6J and 129X1/SvJ mice Methods: mRNA isolations from snap-frozen single carotids (n=3 per group) were conducted. Tissue homogenization by Next Advance Bullet Blender with zirconium oxide beads and Trizol. Total RNA isolation using Trizol and Qiagen RNeasy Micro kit. Results: Multiple quality controls showed a reliable RNAseq of mRNAs from the ligated carotid arteries. Specifically, there was less than 2.6% drop in reads that ranged between 26.5 to 37.7 million reads. We found a good alignment and mapping to a mouse genome (82.4 - 91.0%) in this RNAseq study. A differential gene expression analysis was done by DESeq2-1.16.1 within R-3.4.1 for data normalization and differential expression analysis with an adjusted p-value threshold of 0.05 on each set of raw expression measures. Conclusions: Our study shows significant differences in gene expression signatures in carotid arteries from two inbred mouse strains after sacubitril/valsartan treatment. We conclude that genetic background determines efficacy of the sacubitril/valsartan in mice.","Mouse carotid artery mRNA profiles of C57BL/6J and 129X1/SvJ mice after two treatment regimen of vehicle, valsartan or sacubitril/valsartan were generated by deep sequencing, in triplicate, using Illumina HiSeq2500v4 high-throughput DNA sequencer.",31077344,,,252304,GPL17021,Mus musculus,GSE,Expression profiling by high throughput sequencing,2020/04/10,36,ftp://ftp.ncbi.nlm.nih.gov/geo/series/GSE129nnn/GSE129689/,Strain-selective efficacy of sacubitril/valsartan on carotid fibrosis in response to injury in two inbred mouse strains.,British journal of pharmacology,2019 Aug,10.1111/bph.14708,OSD-244|Mmus_C57-6T_TMS_BSL_ISS-T_Rep7_B7,Basal Control
63,GSM6202434,0.9881283640861511,GSE204925,The C-terminus of p53 Confers Liver-Specific Gene Regulation and Radio-Resistance in vivo,,,This SuperSeries is composed of the SubSeries listed below.,Refer to individual Series,36924496,,,650278,GPL17021,Mus musculus,GSE,Expression profiling by high throughput sequencing; Genome binding/occupancy profiling by high throughput sequencing,2022/06/30,51,ftp://ftp.ncbi.nlm.nih.gov/geo/series/GSE204nnn/GSE204925/,In vivo RNA-seq and ChIP-seq analyses show an obligatory role for the C terminus of p53 in conferring tissue-specific radiation sensitivity.,Cell reports,2023 Mar 28,10.1016/j.celrep.2023.112216,OSD-244|Mmus_C57-6T_TMS_BSL_ISS-T_Rep7_B7,Basal Control
64,GSM7780638,0.9875447750091553,GSE243200,Pathogenicity and landscape of differential gene expression in mice orally infected with clinical coxsackievirus A6 (CA6),,,"Hand, foot, and mouth disease (HFMD) is caused by more than 20 pathogenic enteroviruses belonging to the Picornaviridae family and Enterovirus genus. Since the introduction of the EV71 vaccine in 2016, the number of HFMD cases caused by EV71 has decreased. However, cases of infections caused by other enteroviruses, such as coxsackievirus A6 (CA6) and CA10, have been increasing accordingly. In this study, we used a clinical isolate of CA6 to establish an intragastric infection mouse model using 7-day-old mice to mimic the natural transmission route, by which we investigated the differential gene expression profiles associated with virus infection and pathogenicity. After intragastric infection, mice exhibited hind limb paralysis symptoms and weight loss, similar to those reported for EV71 infection in mice. The skeletal muscle was identified as the main site of virus replication, with a peak viral load reaching 2.31 × 107 copies/mg at 5 dpi and increased infiltration of inflammatory cells. RNA sequencing analysis identified differentially expressed genes (DEGs) after CA6 infection. DEGs in the blood, muscle, brain, spleen, and thymus were predominantly enriched in immune system responses, including pathways such as Toll-like receptor signalling and PI3K-Akt signalling. Our study has unveiled the genes involved in the host immune response during CA6 infection, thereby enhancing our comprehension of the pathological mechanism of HFMD.","Collect blood, muscle, brain, spleen, and thymus samples from mice infected for 3 dpi, 5 dpi, 7 dpi for RNA-Seq analysis.",38226810,,,816844,GPL24247,Mus musculus,GSE,Expression profiling by high throughput sequencing,2024/01/10,100,ftp://ftp.ncbi.nlm.nih.gov/geo/series/GSE243nnn/GSE243200/,Pathogenicity and landscape of differential gene expression in mice orally infected with clinical coxsackievirus A6 (CA6).,Journal of virology,2024 Feb 20,10.1128/jvi.01358-23,OSD-244|Mmus_C57-6T_TMS_BSL_ISS-T_Rep7_B7,Basal Control
65,GSM7592716,0.9873063564300537,GSE236989,Impact of diffused vs vasculature targeted DNA damage on the heart of mice depleted of the telomeric factor Ft1,,,"DNA damage is emerging as driver of heart disease, however, the cascade of events, its timing and the cell types involved are yet to be fully clarified. In this context, the implication of cardiomyocytes has been highlighted, while that of vasculature smooth muscle cells has been suggested, but not explored exhaustively. In our previous work we characterized a factor named Ft1 in mice and AKTIP in humans whose depletion generates telomere instability and DNA damage. Here, we explored the effect of the reduction of Ft1 on the heart with the goal of comparatively defining the impact of DNA damage targeted to smooth muscle cells to that of diffused damage. Using two newly generated mouse models, Ft1 constitutively knocked out (Ft1ko) mice, and mice in which we targeted the Ft1 depletion to the smooth muscle cells (Ft1sm22ko), we show that both genetic models display cardiac defects but with differences. Both Ft1ko and Ft1sm22ko mice display hypertrophy and fibrosis, while only Ft1ko mice display a robust DNA damage response and cardiac left ventricle alterations. Interestingly, Ft1sm22ko mice have early pathological traits that become manifest with age. Significantly, the defects of Ft1ko mice, including the alteration of the left ventricle, are rescued by the depletion of the DNA damage sensor p53. These results point to Ft1 deficiency as a driver of cardiac disease and show that Ft1 deficiency targeted to vasculature smooth muscle cells generates a pre-pathological profile exacerbated by age.","Comparative gene expression profiling analysis of RNAseq data of cardiac tissue derived from WT, Ft1ko, Ft1sm22ko animals of 1 week of age.",37960940,,,797642,GPL24247,Mus musculus,GSE,Expression profiling by high throughput sequencing,2023/10/23,10,ftp://ftp.ncbi.nlm.nih.gov/geo/series/GSE236nnn/GSE236989/,Impact of diffused versus vasculature targeted DNA damage on the heart of mice depleted of telomeric factor Ft1.,Aging cell,2023 Dec,10.1111/acel.14022,OSD-244|Mmus_C57-6T_TMS_BSL_ISS-T_Rep7_B7,Basal Control
66,GSM3720130,0.9872668981552124,GSE129689,RNA sequencing of mouse carotid arteries after sacubitril/valsartan treatment,,,"Purpose: To get insight into mouse strain-dependent differences in vascular remodeling, we analyzed gene expression profiles of the ligated carotid arteries after interventions in C57BL/6J and 129X1/SvJ mice Methods: mRNA isolations from snap-frozen single carotids (n=3 per group) were conducted. Tissue homogenization by Next Advance Bullet Blender with zirconium oxide beads and Trizol. Total RNA isolation using Trizol and Qiagen RNeasy Micro kit. Results: Multiple quality controls showed a reliable RNAseq of mRNAs from the ligated carotid arteries. Specifically, there was less than 2.6% drop in reads that ranged between 26.5 to 37.7 million reads. We found a good alignment and mapping to a mouse genome (82.4 - 91.0%) in this RNAseq study. A differential gene expression analysis was done by DESeq2-1.16.1 within R-3.4.1 for data normalization and differential expression analysis with an adjusted p-value threshold of 0.05 on each set of raw expression measures. Conclusions: Our study shows significant differences in gene expression signatures in carotid arteries from two inbred mouse strains after sacubitril/valsartan treatment. We conclude that genetic background determines efficacy of the sacubitril/valsartan in mice.","Mouse carotid artery mRNA profiles of C57BL/6J and 129X1/SvJ mice after two treatment regimen of vehicle, valsartan or sacubitril/valsartan were generated by deep sequencing, in triplicate, using Illumina HiSeq2500v4 high-throughput DNA sequencer.",31077344,,,252320,GPL17021,Mus musculus,GSE,Expression profiling by high throughput sequencing,2020/04/10,36,ftp://ftp.ncbi.nlm.nih.gov/geo/series/GSE129nnn/GSE129689/,Strain-selective efficacy of sacubitril/valsartan on carotid fibrosis in response to injury in two inbred mouse strains.,British journal of pharmacology,2019 Aug,10.1111/bph.14708,OSD-244|Mmus_C57-6T_TMS_BSL_ISS-T_Rep7_B7,Basal Control
67,GSM7021850,0.9868239760398865,GSE224409,Transcriptome profiling of lymph nodes from Spink5 conditional knock-out mice.,,,"We generated a viable mouse model of Netherton syndrome by conditional ablation of Spink5 gene in the epidermis. To study the systemic inflammation phenotype of this mouse model at the molecular level, we induced Spink5 deletion in the skin of young adult mice and collected inguinal lymph nodes for transcriptome analyses.",Comparative gene expression profiling analysis of RNA-seq data for inguinal lymph nodes of Spink5 conditional knock-out mice (n=5) and control (wild-type) mice (n=5).,38316920,,,733550,GPL24247,Mus musculus,GSE,Expression profiling by high throughput sequencing,2024/02/05,10,ftp://ftp.ncbi.nlm.nih.gov/geo/series/GSE224nnn/GSE224409/,Comparative analyses of Netherton syndrome patients and Spink5 conditional knock-out mice uncover disease-relevant pathways.,Communications biology,2024 Feb 5,10.1038/s42003-024-05780-y,OSD-244|Mmus_C57-6T_TMS_BSL_ISS-T_Rep7_B7,Basal Control
68,GSM7696421,0.9859511852264404,GSE240336,The tumor-derived cytokine Chi3l1 induces neutrophil extracellular traps that promote T cell exclusion in triple-negative breast cancer,,,"With the rise of immunotherapies as a treatment option for various cancers, there is a critical need to understand the mechanisms through which cancers evade the immune system. In a subset of poor outcome Triple Negative Breast Cancers, cytotoxic T cells are excluded from the tumor nest and restricted to the surrounding stroma, a phenomenon known as stromal restriction. Data from genetically engineered mouse models and human tumors identified that the secreted cytokine Chitinase-3 like 1 regulates the spatial positioning of T cells in several tumor types including breast, lung and colon. We further demonstrate that Chi3l1 regulates the spatial exclusion of T cells through the direct induction and deposition of neutrophil extracellular traps. Given the importance T cell infiltration in the immune elimination of nascent tumors, the future targeting of Chi3l1 should improve immunotherapy efficacy and outcomes in patients with tumors characterized by a T cell excluded microenvironment.",MIC mice were induced with doxyxycline in their drinking water (2mg/mL). The hyperplastic mammary gland was harvested.RNA was extracted and sequenced,38039967,,,812115,GPL17021,Mus musculus,GSE,Expression profiling by high throughput sequencing,2023/09/30,12,ftp://ftp.ncbi.nlm.nih.gov/geo/series/GSE240nnn/GSE240336/,The tumor-derived cytokine Chi3l1 induces neutrophil extracellular traps that promote T cell exclusion in triple-negative breast cancer.,Immunity,2023 Dec 12,10.1016/j.immuni.2023.11.002,OSD-244|Mmus_C57-6T_TMS_BSL_ISS-T_Rep7_B7,Basal Control
69,GSM5704665,0.9854001998901367,GSE189618,Mouse kidney-specific genes,,,Analysis of RNAs from multiple mouse tissues to find kidney-specific genes,"Total RNA obtained from isolated C57BL/6J mice, various tissues.",,,,573465,GPL21103,Mus musculus,GSE,Expression profiling by high throughput sequencing,2021/11/29,19,ftp://ftp.ncbi.nlm.nih.gov/geo/series/GSE189nnn/GSE189618/,,,,,OSD-244|Mmus_C57-6T_TMS_BSL_ISS-T_Rep7_B7,Basal Control
70,GSM6833164,0.995983362197876,GSE220966,p53 dimers elicit unique tumor suppressive activities through an altered metabolic program,,,This SuperSeries is composed of the SubSeries listed below.,Refer to individual Series,,,,716141,GPL24247,Mus musculus,GSE,Genome binding/occupancy profiling by high throughput sequencing; Expression profiling by high throughput sequencing; Other,2023/03/01,83,ftp://ftp.ncbi.nlm.nih.gov/geo/series/GSE220nnn/GSE220966/,,,,,OSD-244|Mmus_C57-6T_TMS_BSL_ISS-T_Rep8_B8,Basal Control
71,GSM6022419,0.9958964586257935,GSE179798,Quantitative sequencing using BID-seq uncovers abundant pseudouridines in mammalian mRNA at base resolution,,,"Functional characterization of pseudouridine (Ψ) in mammalian messenger RNA (mRNA) has been hampered by the lack of a quantitative method that maps pseudouridine in the whole transcriptome. We report bisulfite-induced deletion sequencing (BID-seq) that utilizes a bisulfite-mediated reaction to stoichiometrically convert pseudouridine into deletion upon reverse transcription. BID-seq enabled detection of abundant pseudouridine sites with stoichiometry information in several human cell lines and 12 different mouse tissues using 10-20 ng input RNA. We uncovered consensus sequences for pseudouridine in mammalian mRNA and assigned different ‘writer’ proteins to individual pseudouridine deposition. Our results reveal a transcript stabilization role of Ψ sites installed by TRUB1 in human cancer cells. We also detected presence of Ψ within stop codons of mammalian mRNA, and confirmed the role of Ψ in promoting stop codon read-through in vivo. This new method for sensitive and comprehensive detection of Ψ sets the stage for future investigations of the roles of Ψ in diverse biological processes.","[dataset1] 20 samples (Sample 1-20): ""Input"" and ""Treated"" samples in BID-seq to detect pseudouridine in polyA+ RNA from HeLa cells of shControl and 8 human PUS synthase knockdown. (5′ SR Adapter: 5′-GUUCAGAGUUCUACAGUCCGACGAUC NNNNN-3′; See instructions of each sample about 3' SR Adapter sequences) [dataset3] 48 samples (Sample 41-88): ""Input"" and ""Treated"" samples in BID-seq to detect pseudouridine in polyA+ RNA from 12 mouse tissues. (5′ SR Adapter: 5′-GUUCAGAGUUCUACAGUCCGACGAUC NNNNN-3′; See instructions of each sample about 3' SR Adapter sequences) [dataset4] 18 samples (Sample 89-106): ""Input"" and ""Treated"" samples in BID-seq to detect pseudouridine in polyA+ RNA from wild-type HeLa, HEK293T and A549 cells. (5′ SR Adapter: 5′-GUUCAGAGUUCUACAGUCCGACGAUC-3′; See instructions of each sample about 3' SR Adapter sequences)",36302989;39789092,,,630046,GPL24676; GPL24247,Mus musculus; Homo sapiens,GSE,Expression profiling by high throughput sequencing,2022/09/05,86,ftp://ftp.ncbi.nlm.nih.gov/geo/series/GSE179nnn/GSE179798/,Quantitative sequencing using BID-seq uncovers abundant pseudouridines in mammalian mRNA at base resolution.,Nature biotechnology,2023 Mar,10.1038/s41587-022-01505-w,OSD-244|Mmus_C57-6T_TMS_BSL_ISS-T_Rep8_B8,Basal Control
72,GSM6833168,0.9958728551864624,GSE220966,p53 dimers elicit unique tumor suppressive activities through an altered metabolic program,,,This SuperSeries is composed of the SubSeries listed below.,Refer to individual Series,,,,716145,GPL24247,Mus musculus,GSE,Genome binding/occupancy profiling by high throughput sequencing; Expression profiling by high throughput sequencing; Other,2023/03/01,83,ftp://ftp.ncbi.nlm.nih.gov/geo/series/GSE220nnn/GSE220966/,,,,,OSD-244|Mmus_C57-6T_TMS_BSL_ISS-T_Rep8_B8,Basal Control
73,GSM6833165,0.9957880973815918,GSE220966,p53 dimers elicit unique tumor suppressive activities through an altered metabolic program,,,This SuperSeries is composed of the SubSeries listed below.,Refer to individual Series,,,,716142,GPL24247,Mus musculus,GSE,Genome binding/occupancy profiling by high throughput sequencing; Expression profiling by high throughput sequencing; Other,2023/03/01,83,ftp://ftp.ncbi.nlm.nih.gov/geo/series/GSE220nnn/GSE220966/,,,,,OSD-244|Mmus_C57-6T_TMS_BSL_ISS-T_Rep8_B8,Basal Control
74,GSM6833161,0.9956890344619751,GSE220966,p53 dimers elicit unique tumor suppressive activities through an altered metabolic program,,,This SuperSeries is composed of the SubSeries listed below.,Refer to individual Series,,,,716138,GPL24247,Mus musculus,GSE,Genome binding/occupancy profiling by high throughput sequencing; Expression profiling by high throughput sequencing; Other,2023/03/01,83,ftp://ftp.ncbi.nlm.nih.gov/geo/series/GSE220nnn/GSE220966/,,,,,OSD-244|Mmus_C57-6T_TMS_BSL_ISS-T_Rep8_B8,Basal Control
75,GSM6833166,0.9956318140029907,GSE220966,p53 dimers elicit unique tumor suppressive activities through an altered metabolic program,,,This SuperSeries is composed of the SubSeries listed below.,Refer to individual Series,,,,716143,GPL24247,Mus musculus,GSE,Genome binding/occupancy profiling by high throughput sequencing; Expression profiling by high throughput sequencing; Other,2023/03/01,83,ftp://ftp.ncbi.nlm.nih.gov/geo/series/GSE220nnn/GSE220966/,,,,,OSD-244|Mmus_C57-6T_TMS_BSL_ISS-T_Rep8_B8,Basal Control
76,GSM6022420,0.9955942630767822,GSE179798,Quantitative sequencing using BID-seq uncovers abundant pseudouridines in mammalian mRNA at base resolution,,,"Functional characterization of pseudouridine (Ψ) in mammalian messenger RNA (mRNA) has been hampered by the lack of a quantitative method that maps pseudouridine in the whole transcriptome. We report bisulfite-induced deletion sequencing (BID-seq) that utilizes a bisulfite-mediated reaction to stoichiometrically convert pseudouridine into deletion upon reverse transcription. BID-seq enabled detection of abundant pseudouridine sites with stoichiometry information in several human cell lines and 12 different mouse tissues using 10-20 ng input RNA. We uncovered consensus sequences for pseudouridine in mammalian mRNA and assigned different ‘writer’ proteins to individual pseudouridine deposition. Our results reveal a transcript stabilization role of Ψ sites installed by TRUB1 in human cancer cells. We also detected presence of Ψ within stop codons of mammalian mRNA, and confirmed the role of Ψ in promoting stop codon read-through in vivo. This new method for sensitive and comprehensive detection of Ψ sets the stage for future investigations of the roles of Ψ in diverse biological processes.","[dataset1] 20 samples (Sample 1-20): ""Input"" and ""Treated"" samples in BID-seq to detect pseudouridine in polyA+ RNA from HeLa cells of shControl and 8 human PUS synthase knockdown. (5′ SR Adapter: 5′-GUUCAGAGUUCUACAGUCCGACGAUC NNNNN-3′; See instructions of each sample about 3' SR Adapter sequences) [dataset3] 48 samples (Sample 41-88): ""Input"" and ""Treated"" samples in BID-seq to detect pseudouridine in polyA+ RNA from 12 mouse tissues. (5′ SR Adapter: 5′-GUUCAGAGUUCUACAGUCCGACGAUC NNNNN-3′; See instructions of each sample about 3' SR Adapter sequences) [dataset4] 18 samples (Sample 89-106): ""Input"" and ""Treated"" samples in BID-seq to detect pseudouridine in polyA+ RNA from wild-type HeLa, HEK293T and A549 cells. (5′ SR Adapter: 5′-GUUCAGAGUUCUACAGUCCGACGAUC-3′; See instructions of each sample about 3' SR Adapter sequences)",36302989;39789092,,,630047,GPL24676; GPL24247,Mus musculus; Homo sapiens,GSE,Expression profiling by high throughput sequencing,2022/09/05,86,ftp://ftp.ncbi.nlm.nih.gov/geo/series/GSE179nnn/GSE179798/,Quantitative sequencing using BID-seq uncovers abundant pseudouridines in mammalian mRNA at base resolution.,Nature biotechnology,2023 Mar,10.1038/s41587-022-01505-w,OSD-244|Mmus_C57-6T_TMS_BSL_ISS-T_Rep8_B8,Basal Control
77,GSM6833167,0.9955794811248779,GSE220966,p53 dimers elicit unique tumor suppressive activities through an altered metabolic program,,,This SuperSeries is composed of the SubSeries listed below.,Refer to individual Series,,,,716144,GPL24247,Mus musculus,GSE,Genome binding/occupancy profiling by high throughput sequencing; Expression profiling by high throughput sequencing; Other,2023/03/01,83,ftp://ftp.ncbi.nlm.nih.gov/geo/series/GSE220nnn/GSE220966/,,,,,OSD-244|Mmus_C57-6T_TMS_BSL_ISS-T_Rep8_B8,Basal Control
78,GSM6833163,0.9953879117965698,GSE220966,p53 dimers elicit unique tumor suppressive activities through an altered metabolic program,,,This SuperSeries is composed of the SubSeries listed below.,Refer to individual Series,,,,716140,GPL24247,Mus musculus,GSE,Genome binding/occupancy profiling by high throughput sequencing; Expression profiling by high throughput sequencing; Other,2023/03/01,83,ftp://ftp.ncbi.nlm.nih.gov/geo/series/GSE220nnn/GSE220966/,,,,,OSD-244|Mmus_C57-6T_TMS_BSL_ISS-T_Rep8_B8,Basal Control
79,GSM6833150,0.9953579902648926,GSE220966,p53 dimers elicit unique tumor suppressive activities through an altered metabolic program,,,This SuperSeries is composed of the SubSeries listed below.,Refer to individual Series,,,,716127,GPL24247,Mus musculus,GSE,Genome binding/occupancy profiling by high throughput sequencing; Expression profiling by high throughput sequencing; Other,2023/03/01,83,ftp://ftp.ncbi.nlm.nih.gov/geo/series/GSE220nnn/GSE220966/,,,,,OSD-244|Mmus_C57-6T_TMS_BSL_ISS-T_Rep8_B8,Basal Control
80,GSM3391964,0.9916591644287109,GSE120038,Effect of miR-92a-3p and/or miR-489-3p inhibition on aorta endothelium of Apoe-/-;5/6Nx,,,The role of endothelial miR-92a-3p and miR-489-3p in CKD-associated atherosclerosis was examined by mRNA expression analysis in Apoe-/- mice with 5/6 nephrectomy treated with locked-nucleic acid (LNA) inhibitors complexed with high-density lipoprotein (HDL).,"RNA sequencing of aortic endothelial cell total RNA from Apoe-/- (B6.129P2-Apoetm1Unc/J) with 5/6 nephrectomy for 7 weeks and one week after treatment with saline, HDL, HDL + LNA92a, HDL + LNA489, or HDL + LNA92a + LNA489. Surgery was performed on 9 week old female mice maintained on regular chow diet. The mice recieved a single retro-orbital treatment 7 weeks post surgery and were sacrificed 1 week post treatment. The aortic endothelium was sheared to collect total RNA, which was sequenced with 4 biological replicates per group.",30731284,,,198517,GPL21493,Mus musculus,GSE,Expression profiling by high throughput sequencing,2019/03/01,20,ftp://ftp.ncbi.nlm.nih.gov/geo/series/GSE120nnn/GSE120038/,Dual inhibition of endothelial miR-92a-3p and miR-489-3p reduces renal injury-associated atherosclerosis.,Atherosclerosis,2019 Mar,10.1016/j.atherosclerosis.2019.01.023,OSD-244|Mmus_C57-6T_TMS_BSL_ISS-T_Rep9_B9,Basal Control
81,GSM3720122,0.9906368255615234,GSE129689,RNA sequencing of mouse carotid arteries after sacubitril/valsartan treatment,,,"Purpose: To get insight into mouse strain-dependent differences in vascular remodeling, we analyzed gene expression profiles of the ligated carotid arteries after interventions in C57BL/6J and 129X1/SvJ mice Methods: mRNA isolations from snap-frozen single carotids (n=3 per group) were conducted. Tissue homogenization by Next Advance Bullet Blender with zirconium oxide beads and Trizol. Total RNA isolation using Trizol and Qiagen RNeasy Micro kit. Results: Multiple quality controls showed a reliable RNAseq of mRNAs from the ligated carotid arteries. Specifically, there was less than 2.6% drop in reads that ranged between 26.5 to 37.7 million reads. We found a good alignment and mapping to a mouse genome (82.4 - 91.0%) in this RNAseq study. A differential gene expression analysis was done by DESeq2-1.16.1 within R-3.4.1 for data normalization and differential expression analysis with an adjusted p-value threshold of 0.05 on each set of raw expression measures. Conclusions: Our study shows significant differences in gene expression signatures in carotid arteries from two inbred mouse strains after sacubitril/valsartan treatment. We conclude that genetic background determines efficacy of the sacubitril/valsartan in mice.","Mouse carotid artery mRNA profiles of C57BL/6J and 129X1/SvJ mice after two treatment regimen of vehicle, valsartan or sacubitril/valsartan were generated by deep sequencing, in triplicate, using Illumina HiSeq2500v4 high-throughput DNA sequencer.",31077344,,,252312,GPL17021,Mus musculus,GSE,Expression profiling by high throughput sequencing,2020/04/10,36,ftp://ftp.ncbi.nlm.nih.gov/geo/series/GSE129nnn/GSE129689/,Strain-selective efficacy of sacubitril/valsartan on carotid fibrosis in response to injury in two inbred mouse strains.,British journal of pharmacology,2019 Aug,10.1111/bph.14708,OSD-244|Mmus_C57-6T_TMS_BSL_ISS-T_Rep9_B9,Basal Control
82,GSM7021850,0.9905321002006531,GSE224409,Transcriptome profiling of lymph nodes from Spink5 conditional knock-out mice.,,,"We generated a viable mouse model of Netherton syndrome by conditional ablation of Spink5 gene in the epidermis. To study the systemic inflammation phenotype of this mouse model at the molecular level, we induced Spink5 deletion in the skin of young adult mice and collected inguinal lymph nodes for transcriptome analyses.",Comparative gene expression profiling analysis of RNA-seq data for inguinal lymph nodes of Spink5 conditional knock-out mice (n=5) and control (wild-type) mice (n=5).,38316920,,,733550,GPL24247,Mus musculus,GSE,Expression profiling by high throughput sequencing,2024/02/05,10,ftp://ftp.ncbi.nlm.nih.gov/geo/series/GSE224nnn/GSE224409/,Comparative analyses of Netherton syndrome patients and Spink5 conditional knock-out mice uncover disease-relevant pathways.,Communications biology,2024 Feb 5,10.1038/s42003-024-05780-y,OSD-244|Mmus_C57-6T_TMS_BSL_ISS-T_Rep9_B9,Basal Control
83,GSM5012169,0.9894798994064331,GSE164494,Loss of Rab22a prevents Angiotensin II-induced Hypertension and vascular dysfunction by inhibiting AT1R recyling,,,"The goals of this study is to compare the differently expressed genes in abdominal aorta of Rab22a KO mice and Rab22a WT mice with or without Angiotensin II treatment for 14 days at the concentration of 500ng/kg/min.The mice (n=20) were randomly divided into 4 groups:WT+AngII,WT+NS,KO+AngII,KO+NS (n = 5 for each group). Mice in WT+NS and KO+NS groups were infused with saline or 500 ng/kg/min of WT+AngII and KO+AngII respectively. Then the abdominal aorta were used to identify differentially expressed genes among different groups.","RNA sequencing was performed with abdominal aorta of  mice in 4 groups (WT+AngII,WT+NS,KO+AngII,KO+NS,n = 5 for each group) to identify the differently expressed genes and related pathway.",,,,454328,GPL21273,Mus musculus,GSE,Expression profiling by high throughput sequencing,2021/01/10,20,ftp://ftp.ncbi.nlm.nih.gov/geo/series/GSE164nnn/GSE164494/,,,,,OSD-244|Mmus_C57-6T_TMS_BSL_ISS-T_Rep9_B9,Basal Control
84,GSM3720130,0.9894088506698608,GSE129689,RNA sequencing of mouse carotid arteries after sacubitril/valsartan treatment,,,"Purpose: To get insight into mouse strain-dependent differences in vascular remodeling, we analyzed gene expression profiles of the ligated carotid arteries after interventions in C57BL/6J and 129X1/SvJ mice Methods: mRNA isolations from snap-frozen single carotids (n=3 per group) were conducted. Tissue homogenization by Next Advance Bullet Blender with zirconium oxide beads and Trizol. Total RNA isolation using Trizol and Qiagen RNeasy Micro kit. Results: Multiple quality controls showed a reliable RNAseq of mRNAs from the ligated carotid arteries. Specifically, there was less than 2.6% drop in reads that ranged between 26.5 to 37.7 million reads. We found a good alignment and mapping to a mouse genome (82.4 - 91.0%) in this RNAseq study. A differential gene expression analysis was done by DESeq2-1.16.1 within R-3.4.1 for data normalization and differential expression analysis with an adjusted p-value threshold of 0.05 on each set of raw expression measures. Conclusions: Our study shows significant differences in gene expression signatures in carotid arteries from two inbred mouse strains after sacubitril/valsartan treatment. We conclude that genetic background determines efficacy of the sacubitril/valsartan in mice.","Mouse carotid artery mRNA profiles of C57BL/6J and 129X1/SvJ mice after two treatment regimen of vehicle, valsartan or sacubitril/valsartan were generated by deep sequencing, in triplicate, using Illumina HiSeq2500v4 high-throughput DNA sequencer.",31077344,,,252320,GPL17021,Mus musculus,GSE,Expression profiling by high throughput sequencing,2020/04/10,36,ftp://ftp.ncbi.nlm.nih.gov/geo/series/GSE129nnn/GSE129689/,Strain-selective efficacy of sacubitril/valsartan on carotid fibrosis in response to injury in two inbred mouse strains.,British journal of pharmacology,2019 Aug,10.1111/bph.14708,OSD-244|Mmus_C57-6T_TMS_BSL_ISS-T_Rep9_B9,Basal Control
85,GSM6052503,0.9893710017204285,GSE201207,Defining the age-dependent and tissue-specific circadian transcriptome in male mice,,,"Cellular circadian clocks direct a daily transcriptional program that supports homeostasis. Emerging evidence supports age-associated changes in circadian functions. To define age-dependent changes at the systems level, we profiled the circadian transcriptome in the hypothalamus, lung, heart, kidney, skeletal muscle, and adrenal gland in 3 age groups. We found age-dependent and tissue-specific clock output changes. Aging reduced the number of rhythmically expressed genes (REGs), indicative of weakened circadian control. Many genes gained rhythmicity in old tissues, reflecting an adaptive response. REGs were enriched for the hallmarks of aging, adding a new dimension to understanding aging. Differential gene expression analysis found that there were temporally distinct clusters of genes in tissue-specific manner. This novel analysis extends the landscape of the understanding of aging. Increased daily gene expression variability is a common feature of aged tissues. Our data highlight the impact of aging on circadian function and temporal changes in gene expression.","Hypothalamus, lung, kidney, skeletal muscle, heart, and adrenal gland tissues from Young (6mo), Aged (18mo), and Old (27mo) male mice were collected every 4h for 48h to characterize the circadian transcriptome changes with age. Two samples per age were collected and pooled for RNAseq analysis.",36640301,,,633543,GPL24247,Mus musculus,GSE,Expression profiling by high throughput sequencing,2023/01/10,216,ftp://ftp.ncbi.nlm.nih.gov/geo/series/GSE201nnn/GSE201207/,Defining the age-dependent and tissue-specific circadian transcriptome in male mice.,Cell reports,2023 Jan 31,10.1016/j.celrep.2022.111982,OSD-244|Mmus_C57-6T_TMS_BSL_ISS-T_Rep9_B9,Basal Control
86,GSM3391963,0.989001989364624,GSE120038,Effect of miR-92a-3p and/or miR-489-3p inhibition on aorta endothelium of Apoe-/-;5/6Nx,,,The role of endothelial miR-92a-3p and miR-489-3p in CKD-associated atherosclerosis was examined by mRNA expression analysis in Apoe-/- mice with 5/6 nephrectomy treated with locked-nucleic acid (LNA) inhibitors complexed with high-density lipoprotein (HDL).,"RNA sequencing of aortic endothelial cell total RNA from Apoe-/- (B6.129P2-Apoetm1Unc/J) with 5/6 nephrectomy for 7 weeks and one week after treatment with saline, HDL, HDL + LNA92a, HDL + LNA489, or HDL + LNA92a + LNA489. Surgery was performed on 9 week old female mice maintained on regular chow diet. The mice recieved a single retro-orbital treatment 7 weeks post surgery and were sacrificed 1 week post treatment. The aortic endothelium was sheared to collect total RNA, which was sequenced with 4 biological replicates per group.",30731284,,,198516,GPL21493,Mus musculus,GSE,Expression profiling by high throughput sequencing,2019/03/01,20,ftp://ftp.ncbi.nlm.nih.gov/geo/series/GSE120nnn/GSE120038/,Dual inhibition of endothelial miR-92a-3p and miR-489-3p reduces renal injury-associated atherosclerosis.,Atherosclerosis,2019 Mar,10.1016/j.atherosclerosis.2019.01.023,OSD-244|Mmus_C57-6T_TMS_BSL_ISS-T_Rep9_B9,Basal Control
87,GSM6052514,0.9889649152755737,GSE201207,Defining the age-dependent and tissue-specific circadian transcriptome in male mice,,,"Cellular circadian clocks direct a daily transcriptional program that supports homeostasis. Emerging evidence supports age-associated changes in circadian functions. To define age-dependent changes at the systems level, we profiled the circadian transcriptome in the hypothalamus, lung, heart, kidney, skeletal muscle, and adrenal gland in 3 age groups. We found age-dependent and tissue-specific clock output changes. Aging reduced the number of rhythmically expressed genes (REGs), indicative of weakened circadian control. Many genes gained rhythmicity in old tissues, reflecting an adaptive response. REGs were enriched for the hallmarks of aging, adding a new dimension to understanding aging. Differential gene expression analysis found that there were temporally distinct clusters of genes in tissue-specific manner. This novel analysis extends the landscape of the understanding of aging. Increased daily gene expression variability is a common feature of aged tissues. Our data highlight the impact of aging on circadian function and temporal changes in gene expression.","Hypothalamus, lung, kidney, skeletal muscle, heart, and adrenal gland tissues from Young (6mo), Aged (18mo), and Old (27mo) male mice were collected every 4h for 48h to characterize the circadian transcriptome changes with age. Two samples per age were collected and pooled for RNAseq analysis.",36640301,,,633554,GPL24247,Mus musculus,GSE,Expression profiling by high throughput sequencing,2023/01/10,216,ftp://ftp.ncbi.nlm.nih.gov/geo/series/GSE201nnn/GSE201207/,Defining the age-dependent and tissue-specific circadian transcriptome in male mice.,Cell reports,2023 Jan 31,10.1016/j.celrep.2022.111982,OSD-244|Mmus_C57-6T_TMS_BSL_ISS-T_Rep9_B9,Basal Control
88,GSM2722101,0.9889224171638489,GSE102020,The role of IRF6 in salivary gland development,,,"Loss of Irf6 leads to disruption of branching morphogenesis and secretory acnii formation in salivary gland. To determine the differentially expressed genes in Irf6 mutant, embryonic salivary gland tissues were extracted at E14.5.",Two biological replicates of Irf6 null salivary gland tissues and wild-type littermates at E14.5,28898113,,,118710,GPL17021,Mus musculus,GSE,Expression profiling by high throughput sequencing,2017/07/29,4,ftp://ftp.ncbi.nlm.nih.gov/geo/series/GSE102nnn/GSE102020/,Interferon Regulatory Factor 6 Is Necessary for Salivary Glands and Pancreas Development.,Journal of dental research,2018 Feb,10.1177/0022034517729803,OSD-244|Mmus_C57-6T_TMS_BSL_ISS-T_Rep9_B9,Basal Control
89,GSM3073222,0.9888447523117065,GSE112582,Gene expression signature of brown and inguinal white fat of mice kept at 30°C vs. 5°C,,,"Activation and recruitment of thermogenic cells in human white adipose tissues (“browning”) can counteract obesity and associated metabolic disorders. However, quantifying the effects of therapeutic interventions on browning remains enigmatic. Here, we devise a computational approach, profiling of fat tissue types (ProFAT), for the quantification of thermogenic potential of heterogeneous fat biopsies based on the prediction of white and brown adipocytes content from raw gene expression profiles. ProFat systematically integrates 103 mouse fat-derived transcriptomes to identify unbiased and robust gene signatures of brown and white adipocytes. Application of ProFAT to 80 mouse and 97 human transcriptional profiles from 14 independent studies correctly predicts browning capacity upon various physiological and pharmacological stimuli. Our study represents the most exhaustive comparative analysis of public data on adipose biology towards quantification of browning after personalized medical intervention. ProFat is freely available and should become increasingly powerful with the growing wealth of transcriptomics data.","The experiment was performed with female, 16 weeks old WT mice. All mice were bred, born and weaned at 30°C. At the age of 10-12 weeks, half of the mice were transferred to a temperature-controlled (+/- 0.5°C) climate chamber and kept for two weeks at 18°C followed by 3 weeks at 5°C. Afterwards, mice kept at 30°C and 5°C were euthanized after 2-3 hours food withdrawal, and serum and tissue samples were collected.",29874595,,,159727,GPL17021,Mus musculus,GSE,Expression profiling by high throughput sequencing,2018/04/02,16,ftp://ftp.ncbi.nlm.nih.gov/geo/series/GSE112nnn/GSE112582/,Prediction of Adipose Browning Capacity by Systematic Integration of Transcriptional Profiles.,Cell reports,2018 Jun 5,10.1016/j.celrep.2018.05.021,OSD-244|Mmus_C57-6T_TMS_BSL_ISS-T_Rep9_B9,Basal Control
90,GSM2643073,0.9911291599273682,GSE99364,Stabilization of c-Myc protein by CAMKIIγ promotes T-cell lymphoma,,,"Although high c-Myc protein expression is observed alongside c-Myc gene amplification in some cancers, in most cases protein overexpression occurs while the amplified gene is largely absent, e.g. T-cell lymphoma (TCL). Here, Ca2+/calmodulin-dependent protein kinase II γ (CAMKIIγ) was shown to stabilize c-Myc protein by directly phosphorylating at serine 62 (S62), which represents a hitherto unknown mechanism of c-Myc protein overexpression. Further, CAMKIIγ was shown to be essential for tumor maintenance. Inhibiting CAMKIIγ with a potent CAMKIIγ-specific inhibitor destabilized c-Myc and reduced tumor burden dramatically. Importantly, high CAMKIIγ in clinical patient specimens positively correlated with increased c-Myc / pS62-c-Myc expression. Together, the CAMKIIγ:c-Myc axis critically influences the development and maintenance of TCL, and represent a novel therapeutic target for TCL.","We investigated how deleting CAMKIIγ suppressed the development of MNU-induced TCL in mice. Through RNA-sequencing, we analyzed the gene expression profiles of the thymuses of both wild-type and CAMKIIγ-/- mice, under either malignant (with MNU) or normal (without MNU) conditions.",28697340,,,113751,GPL13112,Mus musculus,GSE,Expression profiling by high throughput sequencing,2017/05/27,4,ftp://ftp.ncbi.nlm.nih.gov/geo/series/GSE99nnn/GSE99364/,Stabilization of the c-Myc Protein by CAMKIIγ Promotes T Cell Lymphoma.,Cancer cell,2017 Jul 10,10.1016/j.ccell.2017.06.001,OSD-244|Mmus_C57-6T_TMS_BSL_LAR_Rep10_B10,Basal Control
91,GSM5465914,0.990965723991394,GSE179798,Quantitative sequencing using BID-seq uncovers abundant pseudouridines in mammalian mRNA at base resolution,,,"Functional characterization of pseudouridine (Ψ) in mammalian messenger RNA (mRNA) has been hampered by the lack of a quantitative method that maps pseudouridine in the whole transcriptome. We report bisulfite-induced deletion sequencing (BID-seq) that utilizes a bisulfite-mediated reaction to stoichiometrically convert pseudouridine into deletion upon reverse transcription. BID-seq enabled detection of abundant pseudouridine sites with stoichiometry information in several human cell lines and 12 different mouse tissues using 10-20 ng input RNA. We uncovered consensus sequences for pseudouridine in mammalian mRNA and assigned different ‘writer’ proteins to individual pseudouridine deposition. Our results reveal a transcript stabilization role of Ψ sites installed by TRUB1 in human cancer cells. We also detected presence of Ψ within stop codons of mammalian mRNA, and confirmed the role of Ψ in promoting stop codon read-through in vivo. This new method for sensitive and comprehensive detection of Ψ sets the stage for future investigations of the roles of Ψ in diverse biological processes.","[dataset1] 20 samples (Sample 1-20): ""Input"" and ""Treated"" samples in BID-seq to detect pseudouridine in polyA+ RNA from HeLa cells of shControl and 8 human PUS synthase knockdown. (5′ SR Adapter: 5′-GUUCAGAGUUCUACAGUCCGACGAUC NNNNN-3′; See instructions of each sample about 3' SR Adapter sequences) [dataset3] 48 samples (Sample 41-88): ""Input"" and ""Treated"" samples in BID-seq to detect pseudouridine in polyA+ RNA from 12 mouse tissues. (5′ SR Adapter: 5′-GUUCAGAGUUCUACAGUCCGACGAUC NNNNN-3′; See instructions of each sample about 3' SR Adapter sequences) [dataset4] 18 samples (Sample 89-106): ""Input"" and ""Treated"" samples in BID-seq to detect pseudouridine in polyA+ RNA from wild-type HeLa, HEK293T and A549 cells. (5′ SR Adapter: 5′-GUUCAGAGUUCUACAGUCCGACGAUC-3′; See instructions of each sample about 3' SR Adapter sequences)",36302989;39789092,,,519536,GPL24676; GPL24247,Mus musculus; Homo sapiens,GSE,Expression profiling by high throughput sequencing,2022/09/05,86,ftp://ftp.ncbi.nlm.nih.gov/geo/series/GSE179nnn/GSE179798/,Quantitative sequencing using BID-seq uncovers abundant pseudouridines in mammalian mRNA at base resolution.,Nature biotechnology,2023 Mar,10.1038/s41587-022-01505-w,OSD-244|Mmus_C57-6T_TMS_BSL_LAR_Rep10_B10,Basal Control
92,GSM6022419,0.9908102750778198,GSE179798,Quantitative sequencing using BID-seq uncovers abundant pseudouridines in mammalian mRNA at base resolution,,,"Functional characterization of pseudouridine (Ψ) in mammalian messenger RNA (mRNA) has been hampered by the lack of a quantitative method that maps pseudouridine in the whole transcriptome. We report bisulfite-induced deletion sequencing (BID-seq) that utilizes a bisulfite-mediated reaction to stoichiometrically convert pseudouridine into deletion upon reverse transcription. BID-seq enabled detection of abundant pseudouridine sites with stoichiometry information in several human cell lines and 12 different mouse tissues using 10-20 ng input RNA. We uncovered consensus sequences for pseudouridine in mammalian mRNA and assigned different ‘writer’ proteins to individual pseudouridine deposition. Our results reveal a transcript stabilization role of Ψ sites installed by TRUB1 in human cancer cells. We also detected presence of Ψ within stop codons of mammalian mRNA, and confirmed the role of Ψ in promoting stop codon read-through in vivo. This new method for sensitive and comprehensive detection of Ψ sets the stage for future investigations of the roles of Ψ in diverse biological processes.","[dataset1] 20 samples (Sample 1-20): ""Input"" and ""Treated"" samples in BID-seq to detect pseudouridine in polyA+ RNA from HeLa cells of shControl and 8 human PUS synthase knockdown. (5′ SR Adapter: 5′-GUUCAGAGUUCUACAGUCCGACGAUC NNNNN-3′; See instructions of each sample about 3' SR Adapter sequences) [dataset3] 48 samples (Sample 41-88): ""Input"" and ""Treated"" samples in BID-seq to detect pseudouridine in polyA+ RNA from 12 mouse tissues. (5′ SR Adapter: 5′-GUUCAGAGUUCUACAGUCCGACGAUC NNNNN-3′; See instructions of each sample about 3' SR Adapter sequences) [dataset4] 18 samples (Sample 89-106): ""Input"" and ""Treated"" samples in BID-seq to detect pseudouridine in polyA+ RNA from wild-type HeLa, HEK293T and A549 cells. (5′ SR Adapter: 5′-GUUCAGAGUUCUACAGUCCGACGAUC-3′; See instructions of each sample about 3' SR Adapter sequences)",36302989;39789092,,,630046,GPL24676; GPL24247,Mus musculus; Homo sapiens,GSE,Expression profiling by high throughput sequencing,2022/09/05,86,ftp://ftp.ncbi.nlm.nih.gov/geo/series/GSE179nnn/GSE179798/,Quantitative sequencing using BID-seq uncovers abundant pseudouridines in mammalian mRNA at base resolution.,Nature biotechnology,2023 Mar,10.1038/s41587-022-01505-w,OSD-244|Mmus_C57-6T_TMS_BSL_LAR_Rep10_B10,Basal Control
93,GSM4614048,0.9908078908920288,GSE152382,Expression profiles in multiple tissues of WT and Nrf2-knockout mouse under space filght,,,"To elucidate roles that Nrf2 plays in regulating adaptive responses to the space stress, one month-long space travel and RNA-seq analysis of six Nrf2-KO mice and six wild-type mice were conducted . After 31-days-stay in the ISS, all the flight mice returned safely to Earth. We found that Nrf2 was indeed activated by the space stress in various tissues. The space stress and Nrf2-deficiency brought about changes in gene expression.","mRNA profiling using multiple tissues including temporal bone, mandibularbone, spleen, liver, white and brown adipose tissues, kidney, thymus, and brain cerebullum of wild type (WT) and Nrf2-knockout (Nrf2KO) mice",32901092;34887485,,,379515,GPL17021,Mus musculus,GSE,Expression profiling by high throughput sequencing,2020/10/02,192,ftp://ftp.ncbi.nlm.nih.gov/geo/series/GSE152nnn/GSE152382/,Nrf2 contributes to the weight gain of mice during space travel.,Communications biology,2020 Sep 8,10.1038/s42003-020-01227-2,OSD-244|Mmus_C57-6T_TMS_BSL_LAR_Rep10_B10,Basal Control
94,GSM6342323,0.9905372858047485,GSE218085,Epigenetically-controlled tumor antigens derived from splice junctions between exons and transposable elements,,,This SuperSeries is composed of the SubSeries listed below.,Refer to individual Series,36735776,,,658205,GPL17021; GPL24247,Mus musculus,GSE,Expression profiling by high throughput sequencing; Genome binding/occupancy profiling by high throughput sequencing,2022/11/22,133,ftp://ftp.ncbi.nlm.nih.gov/geo/series/GSE218nnn/GSE218085/,Epigenetically controlled tumor antigens derived from splice junctions between exons and transposable elements.,Science immunology,2023 Feb 3,10.1126/sciimmunol.abm6360,OSD-244|Mmus_C57-6T_TMS_BSL_LAR_Rep10_B10,Basal Control
95,GSM6022420,0.9902551174163818,GSE179798,Quantitative sequencing using BID-seq uncovers abundant pseudouridines in mammalian mRNA at base resolution,,,"Functional characterization of pseudouridine (Ψ) in mammalian messenger RNA (mRNA) has been hampered by the lack of a quantitative method that maps pseudouridine in the whole transcriptome. We report bisulfite-induced deletion sequencing (BID-seq) that utilizes a bisulfite-mediated reaction to stoichiometrically convert pseudouridine into deletion upon reverse transcription. BID-seq enabled detection of abundant pseudouridine sites with stoichiometry information in several human cell lines and 12 different mouse tissues using 10-20 ng input RNA. We uncovered consensus sequences for pseudouridine in mammalian mRNA and assigned different ‘writer’ proteins to individual pseudouridine deposition. Our results reveal a transcript stabilization role of Ψ sites installed by TRUB1 in human cancer cells. We also detected presence of Ψ within stop codons of mammalian mRNA, and confirmed the role of Ψ in promoting stop codon read-through in vivo. This new method for sensitive and comprehensive detection of Ψ sets the stage for future investigations of the roles of Ψ in diverse biological processes.","[dataset1] 20 samples (Sample 1-20): ""Input"" and ""Treated"" samples in BID-seq to detect pseudouridine in polyA+ RNA from HeLa cells of shControl and 8 human PUS synthase knockdown. (5′ SR Adapter: 5′-GUUCAGAGUUCUACAGUCCGACGAUC NNNNN-3′; See instructions of each sample about 3' SR Adapter sequences) [dataset3] 48 samples (Sample 41-88): ""Input"" and ""Treated"" samples in BID-seq to detect pseudouridine in polyA+ RNA from 12 mouse tissues. (5′ SR Adapter: 5′-GUUCAGAGUUCUACAGUCCGACGAUC NNNNN-3′; See instructions of each sample about 3' SR Adapter sequences) [dataset4] 18 samples (Sample 89-106): ""Input"" and ""Treated"" samples in BID-seq to detect pseudouridine in polyA+ RNA from wild-type HeLa, HEK293T and A549 cells. (5′ SR Adapter: 5′-GUUCAGAGUUCUACAGUCCGACGAUC-3′; See instructions of each sample about 3' SR Adapter sequences)",36302989;39789092,,,630047,GPL24676; GPL24247,Mus musculus; Homo sapiens,GSE,Expression profiling by high throughput sequencing,2022/09/05,86,ftp://ftp.ncbi.nlm.nih.gov/geo/series/GSE179nnn/GSE179798/,Quantitative sequencing using BID-seq uncovers abundant pseudouridines in mammalian mRNA at base resolution.,Nature biotechnology,2023 Mar,10.1038/s41587-022-01505-w,OSD-244|Mmus_C57-6T_TMS_BSL_LAR_Rep10_B10,Basal Control
96,GSM6022418,0.990186333656311,GSE179798,Quantitative sequencing using BID-seq uncovers abundant pseudouridines in mammalian mRNA at base resolution,,,"Functional characterization of pseudouridine (Ψ) in mammalian messenger RNA (mRNA) has been hampered by the lack of a quantitative method that maps pseudouridine in the whole transcriptome. We report bisulfite-induced deletion sequencing (BID-seq) that utilizes a bisulfite-mediated reaction to stoichiometrically convert pseudouridine into deletion upon reverse transcription. BID-seq enabled detection of abundant pseudouridine sites with stoichiometry information in several human cell lines and 12 different mouse tissues using 10-20 ng input RNA. We uncovered consensus sequences for pseudouridine in mammalian mRNA and assigned different ‘writer’ proteins to individual pseudouridine deposition. Our results reveal a transcript stabilization role of Ψ sites installed by TRUB1 in human cancer cells. We also detected presence of Ψ within stop codons of mammalian mRNA, and confirmed the role of Ψ in promoting stop codon read-through in vivo. This new method for sensitive and comprehensive detection of Ψ sets the stage for future investigations of the roles of Ψ in diverse biological processes.","[dataset1] 20 samples (Sample 1-20): ""Input"" and ""Treated"" samples in BID-seq to detect pseudouridine in polyA+ RNA from HeLa cells of shControl and 8 human PUS synthase knockdown. (5′ SR Adapter: 5′-GUUCAGAGUUCUACAGUCCGACGAUC NNNNN-3′; See instructions of each sample about 3' SR Adapter sequences) [dataset3] 48 samples (Sample 41-88): ""Input"" and ""Treated"" samples in BID-seq to detect pseudouridine in polyA+ RNA from 12 mouse tissues. (5′ SR Adapter: 5′-GUUCAGAGUUCUACAGUCCGACGAUC NNNNN-3′; See instructions of each sample about 3' SR Adapter sequences) [dataset4] 18 samples (Sample 89-106): ""Input"" and ""Treated"" samples in BID-seq to detect pseudouridine in polyA+ RNA from wild-type HeLa, HEK293T and A549 cells. (5′ SR Adapter: 5′-GUUCAGAGUUCUACAGUCCGACGAUC-3′; See instructions of each sample about 3' SR Adapter sequences)",36302989;39789092,,,630045,GPL24676; GPL24247,Mus musculus; Homo sapiens,GSE,Expression profiling by high throughput sequencing,2022/09/05,86,ftp://ftp.ncbi.nlm.nih.gov/geo/series/GSE179nnn/GSE179798/,Quantitative sequencing using BID-seq uncovers abundant pseudouridines in mammalian mRNA at base resolution.,Nature biotechnology,2023 Mar,10.1038/s41587-022-01505-w,OSD-244|Mmus_C57-6T_TMS_BSL_LAR_Rep10_B10,Basal Control
97,GSM6833150,0.9900339841842651,GSE220966,p53 dimers elicit unique tumor suppressive activities through an altered metabolic program,,,This SuperSeries is composed of the SubSeries listed below.,Refer to individual Series,,,,716127,GPL24247,Mus musculus,GSE,Genome binding/occupancy profiling by high throughput sequencing; Expression profiling by high throughput sequencing; Other,2023/03/01,83,ftp://ftp.ncbi.nlm.nih.gov/geo/series/GSE220nnn/GSE220966/,,,,,OSD-244|Mmus_C57-6T_TMS_BSL_LAR_Rep10_B10,Basal Control
98,GSM4263018,0.989952564239502,GSE143581,P53 dynamics vary between tissues and are linked with radiation sensitivity,,,We used RNAseq to explore the gene expression changes induced by ionizing radiation across multiple tissues,Mouse were treated with ionizing radiation (10gy) and sacrificed at different timepoints and tissues extracted and processed for RNA,,,,331846,GPL19057,Mus musculus,GSE,Expression profiling by high throughput sequencing,2020/04/30,54,ftp://ftp.ncbi.nlm.nih.gov/geo/series/GSE143nnn/GSE143581/,,,,,OSD-244|Mmus_C57-6T_TMS_BSL_LAR_Rep10_B10,Basal Control
99,GSM4614035,0.9898067712783813,GSE152382,Expression profiles in multiple tissues of WT and Nrf2-knockout mouse under space filght,,,"To elucidate roles that Nrf2 plays in regulating adaptive responses to the space stress, one month-long space travel and RNA-seq analysis of six Nrf2-KO mice and six wild-type mice were conducted . After 31-days-stay in the ISS, all the flight mice returned safely to Earth. We found that Nrf2 was indeed activated by the space stress in various tissues. The space stress and Nrf2-deficiency brought about changes in gene expression.","mRNA profiling using multiple tissues including temporal bone, mandibularbone, spleen, liver, white and brown adipose tissues, kidney, thymus, and brain cerebullum of wild type (WT) and Nrf2-knockout (Nrf2KO) mice",32901092;34887485,,,379502,GPL17021,Mus musculus,GSE,Expression profiling by high throughput sequencing,2020/10/02,192,ftp://ftp.ncbi.nlm.nih.gov/geo/series/GSE152nnn/GSE152382/,Nrf2 contributes to the weight gain of mice during space travel.,Communications biology,2020 Sep 8,10.1038/s42003-020-01227-2,OSD-244|Mmus_C57-6T_TMS_BSL_LAR_Rep10_B10,Basal Control
100,GSM4614041,0.9938462376594543,GSE152382,Expression profiles in multiple tissues of WT and Nrf2-knockout mouse under space filght,,,"To elucidate roles that Nrf2 plays in regulating adaptive responses to the space stress, one month-long space travel and RNA-seq analysis of six Nrf2-KO mice and six wild-type mice were conducted . After 31-days-stay in the ISS, all the flight mice returned safely to Earth. We found that Nrf2 was indeed activated by the space stress in various tissues. The space stress and Nrf2-deficiency brought about changes in gene expression.","mRNA profiling using multiple tissues including temporal bone, mandibularbone, spleen, liver, white and brown adipose tissues, kidney, thymus, and brain cerebullum of wild type (WT) and Nrf2-knockout (Nrf2KO) mice",32901092;34887485,,,379508,GPL17021,Mus musculus,GSE,Expression profiling by high throughput sequencing,2020/10/02,192,ftp://ftp.ncbi.nlm.nih.gov/geo/series/GSE152nnn/GSE152382/,Nrf2 contributes to the weight gain of mice during space travel.,Communications biology,2020 Sep 8,10.1038/s42003-020-01227-2,OSD-244|Mmus_C57-6T_TMS_BSL_LAR_Rep1_B1,Basal Control
101,GSM4445408,0.9937653541564941,GSE147757,A multiple reporter protein tolerant mouse model,,,"We report the generation of a novel mouse strain that is immunologically tolerant to exogenously introduced reporter proteins ('Tol' strain). As a control, we test whether any transcriptomic changes can be observed between the Tol strain and wild-type littermate. This is tested for thymus, cerebrum and cerebellum.",Examination of transcriptomes of 3 different tissues from mice from 2 genotypes.,32472011,,,355134,GPL17021,Mus musculus,GSE,Expression profiling by high throughput sequencing,2020/04/12,22,ftp://ftp.ncbi.nlm.nih.gov/geo/series/GSE147nnn/GSE147757/,A mouse model that is immunologically tolerant to reporter and modifier proteins.,Communications biology,2020 May 29,10.1038/s42003-020-0979-0,OSD-244|Mmus_C57-6T_TMS_BSL_LAR_Rep1_B1,Basal Control
102,GSM2643075,0.9937093257904053,GSE99364,Stabilization of c-Myc protein by CAMKIIγ promotes T-cell lymphoma,,,"Although high c-Myc protein expression is observed alongside c-Myc gene amplification in some cancers, in most cases protein overexpression occurs while the amplified gene is largely absent, e.g. T-cell lymphoma (TCL). Here, Ca2+/calmodulin-dependent protein kinase II γ (CAMKIIγ) was shown to stabilize c-Myc protein by directly phosphorylating at serine 62 (S62), which represents a hitherto unknown mechanism of c-Myc protein overexpression. Further, CAMKIIγ was shown to be essential for tumor maintenance. Inhibiting CAMKIIγ with a potent CAMKIIγ-specific inhibitor destabilized c-Myc and reduced tumor burden dramatically. Importantly, high CAMKIIγ in clinical patient specimens positively correlated with increased c-Myc / pS62-c-Myc expression. Together, the CAMKIIγ:c-Myc axis critically influences the development and maintenance of TCL, and represent a novel therapeutic target for TCL.","We investigated how deleting CAMKIIγ suppressed the development of MNU-induced TCL in mice. Through RNA-sequencing, we analyzed the gene expression profiles of the thymuses of both wild-type and CAMKIIγ-/- mice, under either malignant (with MNU) or normal (without MNU) conditions.",28697340,,,113753,GPL13112,Mus musculus,GSE,Expression profiling by high throughput sequencing,2017/05/27,4,ftp://ftp.ncbi.nlm.nih.gov/geo/series/GSE99nnn/GSE99364/,Stabilization of the c-Myc Protein by CAMKIIγ Promotes T Cell Lymphoma.,Cancer cell,2017 Jul 10,10.1016/j.ccell.2017.06.001,OSD-244|Mmus_C57-6T_TMS_BSL_LAR_Rep1_B1,Basal Control
103,GSM4445407,0.9935886859893799,GSE147757,A multiple reporter protein tolerant mouse model,,,"We report the generation of a novel mouse strain that is immunologically tolerant to exogenously introduced reporter proteins ('Tol' strain). As a control, we test whether any transcriptomic changes can be observed between the Tol strain and wild-type littermate. This is tested for thymus, cerebrum and cerebellum.",Examination of transcriptomes of 3 different tissues from mice from 2 genotypes.,32472011,,,355133,GPL17021,Mus musculus,GSE,Expression profiling by high throughput sequencing,2020/04/12,22,ftp://ftp.ncbi.nlm.nih.gov/geo/series/GSE147nnn/GSE147757/,A mouse model that is immunologically tolerant to reporter and modifier proteins.,Communications biology,2020 May 29,10.1038/s42003-020-0979-0,OSD-244|Mmus_C57-6T_TMS_BSL_LAR_Rep1_B1,Basal Control
104,GSM4614045,0.993212878704071,GSE152382,Expression profiles in multiple tissues of WT and Nrf2-knockout mouse under space filght,,,"To elucidate roles that Nrf2 plays in regulating adaptive responses to the space stress, one month-long space travel and RNA-seq analysis of six Nrf2-KO mice and six wild-type mice were conducted . After 31-days-stay in the ISS, all the flight mice returned safely to Earth. We found that Nrf2 was indeed activated by the space stress in various tissues. The space stress and Nrf2-deficiency brought about changes in gene expression.","mRNA profiling using multiple tissues including temporal bone, mandibularbone, spleen, liver, white and brown adipose tissues, kidney, thymus, and brain cerebullum of wild type (WT) and Nrf2-knockout (Nrf2KO) mice",32901092;34887485,,,379512,GPL17021,Mus musculus,GSE,Expression profiling by high throughput sequencing,2020/10/02,192,ftp://ftp.ncbi.nlm.nih.gov/geo/series/GSE152nnn/GSE152382/,Nrf2 contributes to the weight gain of mice during space travel.,Communications biology,2020 Sep 8,10.1038/s42003-020-01227-2,OSD-244|Mmus_C57-6T_TMS_BSL_LAR_Rep1_B1,Basal Control
105,GSM4263013,0.9931457042694092,GSE143581,P53 dynamics vary between tissues and are linked with radiation sensitivity,,,We used RNAseq to explore the gene expression changes induced by ionizing radiation across multiple tissues,Mouse were treated with ionizing radiation (10gy) and sacrificed at different timepoints and tissues extracted and processed for RNA,,,,331841,GPL19057,Mus musculus,GSE,Expression profiling by high throughput sequencing,2020/04/30,54,ftp://ftp.ncbi.nlm.nih.gov/geo/series/GSE143nnn/GSE143581/,,,,,OSD-244|Mmus_C57-6T_TMS_BSL_LAR_Rep1_B1,Basal Control
106,GSM3467334,0.9928286075592041,GSE122496,PRC2 inactivation cooperates with JAK3 mutant signaling in the development of T-cell acute lymphoblastic leukemia,,,"T-ALL is characterized by deregulation of transcriptional control and impairment of epigenetic homeostasis. We observed that T-ALL cases with mutations in the IL7R-JAK-STAT pathway frequently harbor inactivating mutations in the PRC2 complex, in particular SUZ12 mutations. PRC2 is an epigenetic complex responsible for writing the H3K27me3 mark associated with gene repression. To assess whether loss of SUZ12 cooperates with mutant JAK3 signaling during T-ALL development, we expressed the JAK3(M511I) mutant in mouse bone marrow cells in vivo and tested the effect of Cas9-mediated inactivation of Suz12 on leukemia development. The mice developed a T-cell leukemia that infiltrated most hematological organs (bone marrow, thymus, spleen, lymph nodes, blood). At time of sacrifice the majority of cells in the blood and hematopoietic organs was JAK3(M511I) positive and Suz12 negative. Reduced Suz12 protein and H3K27me3 levels were confirmed with flow cytometry. Moreover, JAK3(M511I) also cooperates with Suz12 gRNA-mediated inactivation in vitro. Pro-T cells carrying both JAK3(M511I) and Suz12 gRNA were able to transform to IL7 independent growth, whereas single mutant (JAK3(M511I) only or Suz12 gRNA only) pro-T cells could not. In order to get insight in the mechanism of cooperation between JAK3 mutant signaling and Suz12 inactivation, we performed and integrated RNA- and ChIP-sequencing (Suz12, H3K27me3, H3K27Ac, H3K4me1, H3K4me3) on leukemic cells from the mice. This showed a global upregulation of many genes, including known PRC2 target genes upon loss of Suz12. Moreover, Suz12 was bound to promoters of Wnt signaling genes (Fzd7, Lrp4) and Wnt target genes (Axin2, Jag2, Mmp9), concomitant with high H3K27me3 levels. Loss of Suz12 led to drastic reduction of H3K27me3 at these loci and upregulation of these Wnt genes. As Wnt signaling is ectopically activated, we wanted to test whether JAK3(M511I) + Suz12 gRNA cells are more sensitive to Wnt inhibitor. JAK3(M511I) + Suz12 pro-T cells and leukemic spleen cells exhibited increased sensitivity to Wnt inhibitor compared to JAK3 mutant control cells, indicating that Wnt signaling contributes to the cooperation between Suz12 loss and JAK3 mutant signaling. In conclusion, our data show that Suz12 inactivation cooperates with mutant JAK3 signaling to drive leukemia development in vivo and demonstrates the use of Cas9 transgenic mice to study the role of tumor suppressor genes in T-ALL mouse models. Moreover, Suz12 loss leads to ectopic activation of Wnt signaling, a pathway contributing to the cooperation of Suz12 loss and JAK3 mutant signaling that can also be targeted with inhibitors.","RNA-sequencing of transgenic mouse samples with different conditions: wildtype, JAK3 mutant, SUZ12 inactivation, JAK3 mutant+SUZ12 inactivation ChIPmentation sequencing in transgenic mouse samples with different conditions (see RNA-sequencing) with multiple antibodies: Suz12, H3K27ac, H3K27me3, H3K4me3, H3K4me1",31492675,,,214821,GPL17021,Mus musculus,GSE,Expression profiling by high throughput sequencing; Genome binding/occupancy profiling by high throughput sequencing,2019/03/01,57,ftp://ftp.ncbi.nlm.nih.gov/geo/series/GSE122nnn/GSE122496/,Suz12 inactivation cooperates with JAK3 mutant signaling in the development of T-cell acute lymphoblastic leukemia.,Blood,2019 Oct 17,10.1182/blood.2019000015,OSD-244|Mmus_C57-6T_TMS_BSL_LAR_Rep1_B1,Basal Control
107,GSM2643072,0.9926507472991943,GSE99364,Stabilization of c-Myc protein by CAMKIIγ promotes T-cell lymphoma,,,"Although high c-Myc protein expression is observed alongside c-Myc gene amplification in some cancers, in most cases protein overexpression occurs while the amplified gene is largely absent, e.g. T-cell lymphoma (TCL). Here, Ca2+/calmodulin-dependent protein kinase II γ (CAMKIIγ) was shown to stabilize c-Myc protein by directly phosphorylating at serine 62 (S62), which represents a hitherto unknown mechanism of c-Myc protein overexpression. Further, CAMKIIγ was shown to be essential for tumor maintenance. Inhibiting CAMKIIγ with a potent CAMKIIγ-specific inhibitor destabilized c-Myc and reduced tumor burden dramatically. Importantly, high CAMKIIγ in clinical patient specimens positively correlated with increased c-Myc / pS62-c-Myc expression. Together, the CAMKIIγ:c-Myc axis critically influences the development and maintenance of TCL, and represent a novel therapeutic target for TCL.","We investigated how deleting CAMKIIγ suppressed the development of MNU-induced TCL in mice. Through RNA-sequencing, we analyzed the gene expression profiles of the thymuses of both wild-type and CAMKIIγ-/- mice, under either malignant (with MNU) or normal (without MNU) conditions.",28697340,,,113750,GPL13112,Mus musculus,GSE,Expression profiling by high throughput sequencing,2017/05/27,4,ftp://ftp.ncbi.nlm.nih.gov/geo/series/GSE99nnn/GSE99364/,Stabilization of the c-Myc Protein by CAMKIIγ Promotes T Cell Lymphoma.,Cancer cell,2017 Jul 10,10.1016/j.ccell.2017.06.001,OSD-244|Mmus_C57-6T_TMS_BSL_LAR_Rep1_B1,Basal Control
108,GSM2643073,0.9926090240478516,GSE99364,Stabilization of c-Myc protein by CAMKIIγ promotes T-cell lymphoma,,,"Although high c-Myc protein expression is observed alongside c-Myc gene amplification in some cancers, in most cases protein overexpression occurs while the amplified gene is largely absent, e.g. T-cell lymphoma (TCL). Here, Ca2+/calmodulin-dependent protein kinase II γ (CAMKIIγ) was shown to stabilize c-Myc protein by directly phosphorylating at serine 62 (S62), which represents a hitherto unknown mechanism of c-Myc protein overexpression. Further, CAMKIIγ was shown to be essential for tumor maintenance. Inhibiting CAMKIIγ with a potent CAMKIIγ-specific inhibitor destabilized c-Myc and reduced tumor burden dramatically. Importantly, high CAMKIIγ in clinical patient specimens positively correlated with increased c-Myc / pS62-c-Myc expression. Together, the CAMKIIγ:c-Myc axis critically influences the development and maintenance of TCL, and represent a novel therapeutic target for TCL.","We investigated how deleting CAMKIIγ suppressed the development of MNU-induced TCL in mice. Through RNA-sequencing, we analyzed the gene expression profiles of the thymuses of both wild-type and CAMKIIγ-/- mice, under either malignant (with MNU) or normal (without MNU) conditions.",28697340,,,113751,GPL13112,Mus musculus,GSE,Expression profiling by high throughput sequencing,2017/05/27,4,ftp://ftp.ncbi.nlm.nih.gov/geo/series/GSE99nnn/GSE99364/,Stabilization of the c-Myc Protein by CAMKIIγ Promotes T Cell Lymphoma.,Cancer cell,2017 Jul 10,10.1016/j.ccell.2017.06.001,OSD-244|Mmus_C57-6T_TMS_BSL_LAR_Rep1_B1,Basal Control
109,GSM4263016,0.992460310459137,GSE143581,P53 dynamics vary between tissues and are linked with radiation sensitivity,,,We used RNAseq to explore the gene expression changes induced by ionizing radiation across multiple tissues,Mouse were treated with ionizing radiation (10gy) and sacrificed at different timepoints and tissues extracted and processed for RNA,,,,331844,GPL19057,Mus musculus,GSE,Expression profiling by high throughput sequencing,2020/04/30,54,ftp://ftp.ncbi.nlm.nih.gov/geo/series/GSE143nnn/GSE143581/,,,,,OSD-244|Mmus_C57-6T_TMS_BSL_LAR_Rep1_B1,Basal Control
110,GSM4947037,0.9946799278259277,GSE162218,Requirement of DNMT1 to orchestrate epigenomic reprogramming for NPM-ALK driven lymphomagenesis,,,This SuperSeries is composed of the SubSeries listed below.,Refer to individual Series,33310759,,,437153,GPL21493,Mus musculus,GSE,Expression profiling by high throughput sequencing; Methylation profiling by high throughput sequencing,2020/12/08,24,ftp://ftp.ncbi.nlm.nih.gov/geo/series/GSE162nnn/GSE162218/,Requirement of DNMT1 to orchestrate epigenomic reprogramming for NPM-ALK-driven lymphomagenesis.,Life science alliance,2021 Feb,10.26508/lsa.202000794,OSD-244|Mmus_C57-6T_TMS_BSL_LAR_Rep2_B2,Basal Control
111,GSM4263015,0.9943071603775024,GSE143581,P53 dynamics vary between tissues and are linked with radiation sensitivity,,,We used RNAseq to explore the gene expression changes induced by ionizing radiation across multiple tissues,Mouse were treated with ionizing radiation (10gy) and sacrificed at different timepoints and tissues extracted and processed for RNA,,,,331843,GPL19057,Mus musculus,GSE,Expression profiling by high throughput sequencing,2020/04/30,54,ftp://ftp.ncbi.nlm.nih.gov/geo/series/GSE143nnn/GSE143581/,,,,,OSD-244|Mmus_C57-6T_TMS_BSL_LAR_Rep2_B2,Basal Control
112,GSM4263016,0.9939993619918823,GSE143581,P53 dynamics vary between tissues and are linked with radiation sensitivity,,,We used RNAseq to explore the gene expression changes induced by ionizing radiation across multiple tissues,Mouse were treated with ionizing radiation (10gy) and sacrificed at different timepoints and tissues extracted and processed for RNA,,,,331844,GPL19057,Mus musculus,GSE,Expression profiling by high throughput sequencing,2020/04/30,54,ftp://ftp.ncbi.nlm.nih.gov/geo/series/GSE143nnn/GSE143581/,,,,,OSD-244|Mmus_C57-6T_TMS_BSL_LAR_Rep2_B2,Basal Control
113,GSM4263017,0.9928888082504272,GSE143581,P53 dynamics vary between tissues and are linked with radiation sensitivity,,,We used RNAseq to explore the gene expression changes induced by ionizing radiation across multiple tissues,Mouse were treated with ionizing radiation (10gy) and sacrificed at different timepoints and tissues extracted and processed for RNA,,,,331845,GPL19057,Mus musculus,GSE,Expression profiling by high throughput sequencing,2020/04/30,54,ftp://ftp.ncbi.nlm.nih.gov/geo/series/GSE143nnn/GSE143581/,,,,,OSD-244|Mmus_C57-6T_TMS_BSL_LAR_Rep2_B2,Basal Control
114,GSM4947042,0.9928213357925415,GSE162218,Requirement of DNMT1 to orchestrate epigenomic reprogramming for NPM-ALK driven lymphomagenesis,,,This SuperSeries is composed of the SubSeries listed below.,Refer to individual Series,33310759,,,437158,GPL21493,Mus musculus,GSE,Expression profiling by high throughput sequencing; Methylation profiling by high throughput sequencing,2020/12/08,24,ftp://ftp.ncbi.nlm.nih.gov/geo/series/GSE162nnn/GSE162218/,Requirement of DNMT1 to orchestrate epigenomic reprogramming for NPM-ALK-driven lymphomagenesis.,Life science alliance,2021 Feb,10.26508/lsa.202000794,OSD-244|Mmus_C57-6T_TMS_BSL_LAR_Rep2_B2,Basal Control
115,GSM4263018,0.9928008317947388,GSE143581,P53 dynamics vary between tissues and are linked with radiation sensitivity,,,We used RNAseq to explore the gene expression changes induced by ionizing radiation across multiple tissues,Mouse were treated with ionizing radiation (10gy) and sacrificed at different timepoints and tissues extracted and processed for RNA,,,,331846,GPL19057,Mus musculus,GSE,Expression profiling by high throughput sequencing,2020/04/30,54,ftp://ftp.ncbi.nlm.nih.gov/geo/series/GSE143nnn/GSE143581/,,,,,OSD-244|Mmus_C57-6T_TMS_BSL_LAR_Rep2_B2,Basal Control
116,GSM3720114,0.992714524269104,GSE129689,RNA sequencing of mouse carotid arteries after sacubitril/valsartan treatment,,,"Purpose: To get insight into mouse strain-dependent differences in vascular remodeling, we analyzed gene expression profiles of the ligated carotid arteries after interventions in C57BL/6J and 129X1/SvJ mice Methods: mRNA isolations from snap-frozen single carotids (n=3 per group) were conducted. Tissue homogenization by Next Advance Bullet Blender with zirconium oxide beads and Trizol. Total RNA isolation using Trizol and Qiagen RNeasy Micro kit. Results: Multiple quality controls showed a reliable RNAseq of mRNAs from the ligated carotid arteries. Specifically, there was less than 2.6% drop in reads that ranged between 26.5 to 37.7 million reads. We found a good alignment and mapping to a mouse genome (82.4 - 91.0%) in this RNAseq study. A differential gene expression analysis was done by DESeq2-1.16.1 within R-3.4.1 for data normalization and differential expression analysis with an adjusted p-value threshold of 0.05 on each set of raw expression measures. Conclusions: Our study shows significant differences in gene expression signatures in carotid arteries from two inbred mouse strains after sacubitril/valsartan treatment. We conclude that genetic background determines efficacy of the sacubitril/valsartan in mice.","Mouse carotid artery mRNA profiles of C57BL/6J and 129X1/SvJ mice after two treatment regimen of vehicle, valsartan or sacubitril/valsartan were generated by deep sequencing, in triplicate, using Illumina HiSeq2500v4 high-throughput DNA sequencer.",31077344,,,252304,GPL17021,Mus musculus,GSE,Expression profiling by high throughput sequencing,2020/04/10,36,ftp://ftp.ncbi.nlm.nih.gov/geo/series/GSE129nnn/GSE129689/,Strain-selective efficacy of sacubitril/valsartan on carotid fibrosis in response to injury in two inbred mouse strains.,British journal of pharmacology,2019 Aug,10.1111/bph.14708,OSD-244|Mmus_C57-6T_TMS_BSL_LAR_Rep2_B2,Basal Control
117,GSM6202434,0.9925845861434937,GSE204925,The C-terminus of p53 Confers Liver-Specific Gene Regulation and Radio-Resistance in vivo,,,This SuperSeries is composed of the SubSeries listed below.,Refer to individual Series,36924496,,,650278,GPL17021,Mus musculus,GSE,Expression profiling by high throughput sequencing; Genome binding/occupancy profiling by high throughput sequencing,2022/06/30,51,ftp://ftp.ncbi.nlm.nih.gov/geo/series/GSE204nnn/GSE204925/,In vivo RNA-seq and ChIP-seq analyses show an obligatory role for the C terminus of p53 in conferring tissue-specific radiation sensitivity.,Cell reports,2023 Mar 28,10.1016/j.celrep.2023.112216,OSD-244|Mmus_C57-6T_TMS_BSL_LAR_Rep2_B2,Basal Control
118,GSM4947034,0.9923367500305176,GSE162218,Requirement of DNMT1 to orchestrate epigenomic reprogramming for NPM-ALK driven lymphomagenesis,,,This SuperSeries is composed of the SubSeries listed below.,Refer to individual Series,33310759,,,437150,GPL21493,Mus musculus,GSE,Expression profiling by high throughput sequencing; Methylation profiling by high throughput sequencing,2020/12/08,24,ftp://ftp.ncbi.nlm.nih.gov/geo/series/GSE162nnn/GSE162218/,Requirement of DNMT1 to orchestrate epigenomic reprogramming for NPM-ALK-driven lymphomagenesis.,Life science alliance,2021 Feb,10.26508/lsa.202000794,OSD-244|Mmus_C57-6T_TMS_BSL_LAR_Rep2_B2,Basal Control
119,GSM2643075,0.9922923445701599,GSE99364,Stabilization of c-Myc protein by CAMKIIγ promotes T-cell lymphoma,,,"Although high c-Myc protein expression is observed alongside c-Myc gene amplification in some cancers, in most cases protein overexpression occurs while the amplified gene is largely absent, e.g. T-cell lymphoma (TCL). Here, Ca2+/calmodulin-dependent protein kinase II γ (CAMKIIγ) was shown to stabilize c-Myc protein by directly phosphorylating at serine 62 (S62), which represents a hitherto unknown mechanism of c-Myc protein overexpression. Further, CAMKIIγ was shown to be essential for tumor maintenance. Inhibiting CAMKIIγ with a potent CAMKIIγ-specific inhibitor destabilized c-Myc and reduced tumor burden dramatically. Importantly, high CAMKIIγ in clinical patient specimens positively correlated with increased c-Myc / pS62-c-Myc expression. Together, the CAMKIIγ:c-Myc axis critically influences the development and maintenance of TCL, and represent a novel therapeutic target for TCL.","We investigated how deleting CAMKIIγ suppressed the development of MNU-induced TCL in mice. Through RNA-sequencing, we analyzed the gene expression profiles of the thymuses of both wild-type and CAMKIIγ-/- mice, under either malignant (with MNU) or normal (without MNU) conditions.",28697340,,,113753,GPL13112,Mus musculus,GSE,Expression profiling by high throughput sequencing,2017/05/27,4,ftp://ftp.ncbi.nlm.nih.gov/geo/series/GSE99nnn/GSE99364/,Stabilization of the c-Myc Protein by CAMKIIγ Promotes T Cell Lymphoma.,Cancer cell,2017 Jul 10,10.1016/j.ccell.2017.06.001,OSD-244|Mmus_C57-6T_TMS_BSL_LAR_Rep2_B2,Basal Control
120,GSM7061331,0.992994487285614,GSE225986,INTERCELLULAR HIF1alpha REPROGAMS MAMMARY PROGENITORS AND MYELOID IMMUNE EVASION TO DRIVE HIGH-RISK BREAST LESIONS,,,"The origin of breast cancer, whether primary or recurrent,is unknown. Here, we show that invasive breast cancer cells under conditions of hypoxia release small extracellular vesicles (sEV) that disrupt the differentiation hierarchy of the normal mammary epithelium, expand stem and luminal progenitor cells, and induce atypical ductal hyperplasia, cellular proliferation, and intraepithelial neoplasia. This is accompanied by systemic immunosuppression with increased myeloid cell release of the “alarmin”, S100A9, and multiple oncogenic traits of EMT, sustained angiogenesis, and local and disseminated luminal cell invasion, in vivo. When applied on the genetic background of a driver oncogene (MMTV-PyMT), hypoxic sEV accelerate bilateral breast cancer onset and progression. Mechanistically, genetic or pharmacologic targeting of hypoxia-inducible factor-1 (HIF1) packaged in hypoxic sEV or homozygous deletion of S100A9 normalizes mammary gland differentiation, restores T cell function and prevents atypical hyperplasia. The transcriptome of sEV-induced mammary gland lesions resembles luminal breast cancer, and detection of HIF1 in plasma circulating sEV from luminal breast cancer patients correlates with clinical recurrence. Therefore, a pleiotropic sEV-HIF1 signaling axis drives local and systemic mechanisms of mammary gland transformation at high risk for full-blown, multifocal breast cancer. This pathway may provide a readily accessible biomarker of luminal breast cancer progression.",RNAseq in control and exosome normoxia or hypoxia conditions,36892943,,,737081,GPL19057,Mus musculus,GSE,Expression profiling by high throughput sequencing,2023/05/12,8,ftp://ftp.ncbi.nlm.nih.gov/geo/series/GSE225nnn/GSE225986/,Intercellular hif1α reprograms mammary progenitors and myeloid immune evasion to drive high-risk breast lesions.,The Journal of clinical investigation,2023 Apr 17,10.1172/JCI164348,OSD-244|Mmus_C57-6T_TMS_BSL_LAR_Rep3_B3,Basal Control
121,GSM2940129,0.9923433661460876,GSE109345,Uncovering a Predictive Molecular Signature for the Onset of  NASH-Related Fibrosis in a Translational NASH Mouse Model,,,"SUMMARY: This article presents a predictive molecular signature that marks the early onset of fibrosis in a translational nonalcoholic steatohepatitis mouse model. Overlap of genes and processes with human nonalcoholic steatohepatitis and a list of top candidate biomarkers for early fibrosis are described. BACKGROUND & AIMS: The incidence of nonalcoholic steatohepatitis (NASH) is increasing. The pathophysiological mechanisms of NASH and the sequence of events leading to hepatic fibrosis are incompletely understood. The aim of this study was to gain insight into the dynamics of key molecular processes involved in NASH and to rank early markers for hepatic fibrosis. METHODS: A time-course study in low-density lipoprotein–receptor knockout. Leiden mice on a high-fat diet was performed to identify the temporal dynamics of key processes contributing to NASH and fibrosis. An integrative systems biology approach was used to elucidate candidate markers linked to the active fibrosis process by combining transcriptomics, dynamic proteomics, and histopathology. The translational value of these findings were confirmed using human NASH data sets. RESULTS: High-fat-diet feeding resulted in obesity, hyperlipidemia, insulin resistance, and NASH with fibrosis in a time-dependent manner. Temporal dynamics of key molecular processes involved in the development of NASH were identified, including lipid metabolism, inflammation, oxidative stress, and fibrosis. A data-integrative approach enabled identification of the active fibrotic process preceding histopathologic detection using a novel molecular fibrosis signature. Human studies were used to identify overlap of genes and processes and to perform a network biology-based prioritization to rank top candidate markers representing the early manifestation of fibrosis. CONCLUSIONS: An early predictive molecular signature was identified that marked the active profibrotic process before histopathologic fibrosis becomes manifest. Early detection of the onset of NASH and fibrosis enables identification of novel blood-based biomarkers to stratify patients at risk, development of new therapeutics, and help shorten (pre)clinical experimental time frames. Keywords: Systems Biology; Metabolic Syndrome; Liver Disease; Diagnosis.","In total 9 treatment groups: 5 Control groups (chow = standard diet; t=0, 6, 12, 18, 24 weeks), 4 Treatment groups (HFD = High Fat diet; 6, 12, 18, 24 weeks).",29276754;35897797,,,152023,GPL19057,Mus musculus,GSE,Expression profiling by high throughput sequencing,2018/01/19,78,ftp://ftp.ncbi.nlm.nih.gov/geo/series/GSE109nnn/GSE109345/,Uncovering a Predictive Molecular Signature for the Onset of NASH-Related Fibrosis in a Translational NASH Mouse Model.,Cellular and molecular gastroenterology and hepatology,2018,10.1016/j.jcmgh.2017.10.001,OSD-244|Mmus_C57-6T_TMS_BSL_LAR_Rep3_B3,Basal Control
122,GSM3391949,0.9919887781143188,GSE120038,Effect of miR-92a-3p and/or miR-489-3p inhibition on aorta endothelium of Apoe-/-;5/6Nx,,,The role of endothelial miR-92a-3p and miR-489-3p in CKD-associated atherosclerosis was examined by mRNA expression analysis in Apoe-/- mice with 5/6 nephrectomy treated with locked-nucleic acid (LNA) inhibitors complexed with high-density lipoprotein (HDL).,"RNA sequencing of aortic endothelial cell total RNA from Apoe-/- (B6.129P2-Apoetm1Unc/J) with 5/6 nephrectomy for 7 weeks and one week after treatment with saline, HDL, HDL + LNA92a, HDL + LNA489, or HDL + LNA92a + LNA489. Surgery was performed on 9 week old female mice maintained on regular chow diet. The mice recieved a single retro-orbital treatment 7 weeks post surgery and were sacrificed 1 week post treatment. The aortic endothelium was sheared to collect total RNA, which was sequenced with 4 biological replicates per group.",30731284,,,198502,GPL21493,Mus musculus,GSE,Expression profiling by high throughput sequencing,2019/03/01,20,ftp://ftp.ncbi.nlm.nih.gov/geo/series/GSE120nnn/GSE120038/,Dual inhibition of endothelial miR-92a-3p and miR-489-3p reduces renal injury-associated atherosclerosis.,Atherosclerosis,2019 Mar,10.1016/j.atherosclerosis.2019.01.023,OSD-244|Mmus_C57-6T_TMS_BSL_LAR_Rep3_B3,Basal Control
123,GSM7061335,0.9919522404670715,GSE225986,INTERCELLULAR HIF1alpha REPROGAMS MAMMARY PROGENITORS AND MYELOID IMMUNE EVASION TO DRIVE HIGH-RISK BREAST LESIONS,,,"The origin of breast cancer, whether primary or recurrent,is unknown. Here, we show that invasive breast cancer cells under conditions of hypoxia release small extracellular vesicles (sEV) that disrupt the differentiation hierarchy of the normal mammary epithelium, expand stem and luminal progenitor cells, and induce atypical ductal hyperplasia, cellular proliferation, and intraepithelial neoplasia. This is accompanied by systemic immunosuppression with increased myeloid cell release of the “alarmin”, S100A9, and multiple oncogenic traits of EMT, sustained angiogenesis, and local and disseminated luminal cell invasion, in vivo. When applied on the genetic background of a driver oncogene (MMTV-PyMT), hypoxic sEV accelerate bilateral breast cancer onset and progression. Mechanistically, genetic or pharmacologic targeting of hypoxia-inducible factor-1 (HIF1) packaged in hypoxic sEV or homozygous deletion of S100A9 normalizes mammary gland differentiation, restores T cell function and prevents atypical hyperplasia. The transcriptome of sEV-induced mammary gland lesions resembles luminal breast cancer, and detection of HIF1 in plasma circulating sEV from luminal breast cancer patients correlates with clinical recurrence. Therefore, a pleiotropic sEV-HIF1 signaling axis drives local and systemic mechanisms of mammary gland transformation at high risk for full-blown, multifocal breast cancer. This pathway may provide a readily accessible biomarker of luminal breast cancer progression.",RNAseq in control and exosome normoxia or hypoxia conditions,36892943,,,737085,GPL19057,Mus musculus,GSE,Expression profiling by high throughput sequencing,2023/05/12,8,ftp://ftp.ncbi.nlm.nih.gov/geo/series/GSE225nnn/GSE225986/,Intercellular hif1α reprograms mammary progenitors and myeloid immune evasion to drive high-risk breast lesions.,The Journal of clinical investigation,2023 Apr 17,10.1172/JCI164348,OSD-244|Mmus_C57-6T_TMS_BSL_LAR_Rep3_B3,Basal Control
124,GSM7061336,0.9916504621505737,GSE225986,INTERCELLULAR HIF1alpha REPROGAMS MAMMARY PROGENITORS AND MYELOID IMMUNE EVASION TO DRIVE HIGH-RISK BREAST LESIONS,,,"The origin of breast cancer, whether primary or recurrent,is unknown. Here, we show that invasive breast cancer cells under conditions of hypoxia release small extracellular vesicles (sEV) that disrupt the differentiation hierarchy of the normal mammary epithelium, expand stem and luminal progenitor cells, and induce atypical ductal hyperplasia, cellular proliferation, and intraepithelial neoplasia. This is accompanied by systemic immunosuppression with increased myeloid cell release of the “alarmin”, S100A9, and multiple oncogenic traits of EMT, sustained angiogenesis, and local and disseminated luminal cell invasion, in vivo. When applied on the genetic background of a driver oncogene (MMTV-PyMT), hypoxic sEV accelerate bilateral breast cancer onset and progression. Mechanistically, genetic or pharmacologic targeting of hypoxia-inducible factor-1 (HIF1) packaged in hypoxic sEV or homozygous deletion of S100A9 normalizes mammary gland differentiation, restores T cell function and prevents atypical hyperplasia. The transcriptome of sEV-induced mammary gland lesions resembles luminal breast cancer, and detection of HIF1 in plasma circulating sEV from luminal breast cancer patients correlates with clinical recurrence. Therefore, a pleiotropic sEV-HIF1 signaling axis drives local and systemic mechanisms of mammary gland transformation at high risk for full-blown, multifocal breast cancer. This pathway may provide a readily accessible biomarker of luminal breast cancer progression.",RNAseq in control and exosome normoxia or hypoxia conditions,36892943,,,737086,GPL19057,Mus musculus,GSE,Expression profiling by high throughput sequencing,2023/05/12,8,ftp://ftp.ncbi.nlm.nih.gov/geo/series/GSE225nnn/GSE225986/,Intercellular hif1α reprograms mammary progenitors and myeloid immune evasion to drive high-risk breast lesions.,The Journal of clinical investigation,2023 Apr 17,10.1172/JCI164348,OSD-244|Mmus_C57-6T_TMS_BSL_LAR_Rep3_B3,Basal Control
125,GSM7061333,0.9916438460350037,GSE225986,INTERCELLULAR HIF1alpha REPROGAMS MAMMARY PROGENITORS AND MYELOID IMMUNE EVASION TO DRIVE HIGH-RISK BREAST LESIONS,,,"The origin of breast cancer, whether primary or recurrent,is unknown. Here, we show that invasive breast cancer cells under conditions of hypoxia release small extracellular vesicles (sEV) that disrupt the differentiation hierarchy of the normal mammary epithelium, expand stem and luminal progenitor cells, and induce atypical ductal hyperplasia, cellular proliferation, and intraepithelial neoplasia. This is accompanied by systemic immunosuppression with increased myeloid cell release of the “alarmin”, S100A9, and multiple oncogenic traits of EMT, sustained angiogenesis, and local and disseminated luminal cell invasion, in vivo. When applied on the genetic background of a driver oncogene (MMTV-PyMT), hypoxic sEV accelerate bilateral breast cancer onset and progression. Mechanistically, genetic or pharmacologic targeting of hypoxia-inducible factor-1 (HIF1) packaged in hypoxic sEV or homozygous deletion of S100A9 normalizes mammary gland differentiation, restores T cell function and prevents atypical hyperplasia. The transcriptome of sEV-induced mammary gland lesions resembles luminal breast cancer, and detection of HIF1 in plasma circulating sEV from luminal breast cancer patients correlates with clinical recurrence. Therefore, a pleiotropic sEV-HIF1 signaling axis drives local and systemic mechanisms of mammary gland transformation at high risk for full-blown, multifocal breast cancer. This pathway may provide a readily accessible biomarker of luminal breast cancer progression.",RNAseq in control and exosome normoxia or hypoxia conditions,36892943,,,737083,GPL19057,Mus musculus,GSE,Expression profiling by high throughput sequencing,2023/05/12,8,ftp://ftp.ncbi.nlm.nih.gov/geo/series/GSE225nnn/GSE225986/,Intercellular hif1α reprograms mammary progenitors and myeloid immune evasion to drive high-risk breast lesions.,The Journal of clinical investigation,2023 Apr 17,10.1172/JCI164348,OSD-244|Mmus_C57-6T_TMS_BSL_LAR_Rep3_B3,Basal Control
126,GSM7780639,0.99131178855896,GSE243200,Pathogenicity and landscape of differential gene expression in mice orally infected with clinical coxsackievirus A6 (CA6),,,"Hand, foot, and mouth disease (HFMD) is caused by more than 20 pathogenic enteroviruses belonging to the Picornaviridae family and Enterovirus genus. Since the introduction of the EV71 vaccine in 2016, the number of HFMD cases caused by EV71 has decreased. However, cases of infections caused by other enteroviruses, such as coxsackievirus A6 (CA6) and CA10, have been increasing accordingly. In this study, we used a clinical isolate of CA6 to establish an intragastric infection mouse model using 7-day-old mice to mimic the natural transmission route, by which we investigated the differential gene expression profiles associated with virus infection and pathogenicity. After intragastric infection, mice exhibited hind limb paralysis symptoms and weight loss, similar to those reported for EV71 infection in mice. The skeletal muscle was identified as the main site of virus replication, with a peak viral load reaching 2.31 × 107 copies/mg at 5 dpi and increased infiltration of inflammatory cells. RNA sequencing analysis identified differentially expressed genes (DEGs) after CA6 infection. DEGs in the blood, muscle, brain, spleen, and thymus were predominantly enriched in immune system responses, including pathways such as Toll-like receptor signalling and PI3K-Akt signalling. Our study has unveiled the genes involved in the host immune response during CA6 infection, thereby enhancing our comprehension of the pathological mechanism of HFMD.","Collect blood, muscle, brain, spleen, and thymus samples from mice infected for 3 dpi, 5 dpi, 7 dpi for RNA-Seq analysis.",38226810,,,816845,GPL24247,Mus musculus,GSE,Expression profiling by high throughput sequencing,2024/01/10,100,ftp://ftp.ncbi.nlm.nih.gov/geo/series/GSE243nnn/GSE243200/,Pathogenicity and landscape of differential gene expression in mice orally infected with clinical coxsackievirus A6 (CA6).,Journal of virology,2024 Feb 20,10.1128/jvi.01358-23,OSD-244|Mmus_C57-6T_TMS_BSL_LAR_Rep3_B3,Basal Control
127,GSM7061334,0.9912111759185791,GSE225986,INTERCELLULAR HIF1alpha REPROGAMS MAMMARY PROGENITORS AND MYELOID IMMUNE EVASION TO DRIVE HIGH-RISK BREAST LESIONS,,,"The origin of breast cancer, whether primary or recurrent,is unknown. Here, we show that invasive breast cancer cells under conditions of hypoxia release small extracellular vesicles (sEV) that disrupt the differentiation hierarchy of the normal mammary epithelium, expand stem and luminal progenitor cells, and induce atypical ductal hyperplasia, cellular proliferation, and intraepithelial neoplasia. This is accompanied by systemic immunosuppression with increased myeloid cell release of the “alarmin”, S100A9, and multiple oncogenic traits of EMT, sustained angiogenesis, and local and disseminated luminal cell invasion, in vivo. When applied on the genetic background of a driver oncogene (MMTV-PyMT), hypoxic sEV accelerate bilateral breast cancer onset and progression. Mechanistically, genetic or pharmacologic targeting of hypoxia-inducible factor-1 (HIF1) packaged in hypoxic sEV or homozygous deletion of S100A9 normalizes mammary gland differentiation, restores T cell function and prevents atypical hyperplasia. The transcriptome of sEV-induced mammary gland lesions resembles luminal breast cancer, and detection of HIF1 in plasma circulating sEV from luminal breast cancer patients correlates with clinical recurrence. Therefore, a pleiotropic sEV-HIF1 signaling axis drives local and systemic mechanisms of mammary gland transformation at high risk for full-blown, multifocal breast cancer. This pathway may provide a readily accessible biomarker of luminal breast cancer progression.",RNAseq in control and exosome normoxia or hypoxia conditions,36892943,,,737084,GPL19057,Mus musculus,GSE,Expression profiling by high throughput sequencing,2023/05/12,8,ftp://ftp.ncbi.nlm.nih.gov/geo/series/GSE225nnn/GSE225986/,Intercellular hif1α reprograms mammary progenitors and myeloid immune evasion to drive high-risk breast lesions.,The Journal of clinical investigation,2023 Apr 17,10.1172/JCI164348,OSD-244|Mmus_C57-6T_TMS_BSL_LAR_Rep3_B3,Basal Control
128,GSM7061330,0.9905626177787781,GSE225986,INTERCELLULAR HIF1alpha REPROGAMS MAMMARY PROGENITORS AND MYELOID IMMUNE EVASION TO DRIVE HIGH-RISK BREAST LESIONS,,,"The origin of breast cancer, whether primary or recurrent,is unknown. Here, we show that invasive breast cancer cells under conditions of hypoxia release small extracellular vesicles (sEV) that disrupt the differentiation hierarchy of the normal mammary epithelium, expand stem and luminal progenitor cells, and induce atypical ductal hyperplasia, cellular proliferation, and intraepithelial neoplasia. This is accompanied by systemic immunosuppression with increased myeloid cell release of the “alarmin”, S100A9, and multiple oncogenic traits of EMT, sustained angiogenesis, and local and disseminated luminal cell invasion, in vivo. When applied on the genetic background of a driver oncogene (MMTV-PyMT), hypoxic sEV accelerate bilateral breast cancer onset and progression. Mechanistically, genetic or pharmacologic targeting of hypoxia-inducible factor-1 (HIF1) packaged in hypoxic sEV or homozygous deletion of S100A9 normalizes mammary gland differentiation, restores T cell function and prevents atypical hyperplasia. The transcriptome of sEV-induced mammary gland lesions resembles luminal breast cancer, and detection of HIF1 in plasma circulating sEV from luminal breast cancer patients correlates with clinical recurrence. Therefore, a pleiotropic sEV-HIF1 signaling axis drives local and systemic mechanisms of mammary gland transformation at high risk for full-blown, multifocal breast cancer. This pathway may provide a readily accessible biomarker of luminal breast cancer progression.",RNAseq in control and exosome normoxia or hypoxia conditions,36892943,,,737080,GPL19057,Mus musculus,GSE,Expression profiling by high throughput sequencing,2023/05/12,8,ftp://ftp.ncbi.nlm.nih.gov/geo/series/GSE225nnn/GSE225986/,Intercellular hif1α reprograms mammary progenitors and myeloid immune evasion to drive high-risk breast lesions.,The Journal of clinical investigation,2023 Apr 17,10.1172/JCI164348,OSD-244|Mmus_C57-6T_TMS_BSL_LAR_Rep3_B3,Basal Control
129,GSM4708393,0.9905378222465515,GSE155596,gene expression of aorta of ApoE KO mice after Gpnmb vaccine treatment,,,"Accumulation of senescent cells in various tissues has been reported to have a pathological role in age-associated diseases. Inhibition of cellular aging signals prevents the onset of age-associated pathology, but there is a risk of promoting carcinogenesis. Elimination of senescent cells (senolysis) was recently reported to reversibly improve pathological changes related to aging in aged mice without increasing the development of cancer. Here we report that glycoprotein nonmetastatic melanoma protein B (Gpnmb) could be a molecular target for senolytic therapy. Elimination of Gpnmb-positive cells by vaccination improved atherosclerosis.","We fed the HFD to ApoE KO mice from 4 weeks of age, administered Gpnmb vaccine or control vaccine at 8 weeks of age, and analyzed these mice at 16 weeks.",,,,398973,GPL19057,Mus musculus,GSE,Expression profiling by high throughput sequencing,2021/10/22,6,ftp://ftp.ncbi.nlm.nih.gov/geo/series/GSE155nnn/GSE155596/,,,,,OSD-244|Mmus_C57-6T_TMS_BSL_LAR_Rep3_B3,Basal Control
130,GSM4744737,0.9909976720809937,GSE156799,Compartment-specific transcriptomics of ozone-exposed murine lungs reveal sex- and cell type- associated perturbations relevant to mucoinflammatory lung diseases,,,"Ozone is known to cause lung injury and resident cells of the respiratory tract, i.e., epithelial cells and macrophages, respond to inhaled ozone in a variety of ways that affect their survival, morphology, and functioning. However, complete understanding of sex-associated and cell type-specific gene expression changes in response to ozone exposure is still limited. Through transcriptome profiling, we aimed to analyze gene expression alterations and biological pathways enrichment in three distinct cell type-enriched compartments of ozone-exposed murine lungs. We chronically exposed adult males and females to 0.8ppm ozone or filtered air.  RNA-Seq was performed on airway epithelium-enriched airways, parenchyma, and purified airspace macrophages. Differential gene expression and biological pathway analyses were performed and supported by cellular and immunohistochemical analyses. While majority of differentially expressed genes (DEGs) in ozone-exposed versus air-exposed groups were common between both sexes, sex-specific DEGs were also identified in all the three tissue compartments. As compared to ozone-exposed males, ozone-exposed females had significant alterations in gene expression in three compartments. Pathways relevant to cell division and DNA repair were enriched in the ozone-exposed airways indicating ozone-induced airway injury and repair which was further supported by immunohistochemical analyses. In addition to cell division and DNA repair pathways, inflammatory pathways were also enriched within the parenchyma supporting contribution by both epithelial and immune cells. Finally, immune response and cytokine-cytokine receptor interactions were enriched in macrophages, indicating ozone-induced macrophage activation. Lastly, our analyses also revealed the overall upregulation of mucoinflammation and mucous cell metaplasia-associated pathways.","We chronically exposed adult males and females to 0.8ppm ozone or filtered air.  RNA-Seq was performed on airway epithelium-enriched airways, parenchyma, and purified airspace macrophages.",,,,411822,GPL24247,Mus musculus,GSE,Expression profiling by high throughput sequencing,2020/08/25,48,ftp://ftp.ncbi.nlm.nih.gov/geo/series/GSE156nnn/GSE156799/,,,,,OSD-244|Mmus_C57-6T_TMS_BSL_LAR_Rep4_B4,Basal Control
131,GSM4744728,0.9909065961837769,GSE156799,Compartment-specific transcriptomics of ozone-exposed murine lungs reveal sex- and cell type- associated perturbations relevant to mucoinflammatory lung diseases,,,"Ozone is known to cause lung injury and resident cells of the respiratory tract, i.e., epithelial cells and macrophages, respond to inhaled ozone in a variety of ways that affect their survival, morphology, and functioning. However, complete understanding of sex-associated and cell type-specific gene expression changes in response to ozone exposure is still limited. Through transcriptome profiling, we aimed to analyze gene expression alterations and biological pathways enrichment in three distinct cell type-enriched compartments of ozone-exposed murine lungs. We chronically exposed adult males and females to 0.8ppm ozone or filtered air.  RNA-Seq was performed on airway epithelium-enriched airways, parenchyma, and purified airspace macrophages. Differential gene expression and biological pathway analyses were performed and supported by cellular and immunohistochemical analyses. While majority of differentially expressed genes (DEGs) in ozone-exposed versus air-exposed groups were common between both sexes, sex-specific DEGs were also identified in all the three tissue compartments. As compared to ozone-exposed males, ozone-exposed females had significant alterations in gene expression in three compartments. Pathways relevant to cell division and DNA repair were enriched in the ozone-exposed airways indicating ozone-induced airway injury and repair which was further supported by immunohistochemical analyses. In addition to cell division and DNA repair pathways, inflammatory pathways were also enriched within the parenchyma supporting contribution by both epithelial and immune cells. Finally, immune response and cytokine-cytokine receptor interactions were enriched in macrophages, indicating ozone-induced macrophage activation. Lastly, our analyses also revealed the overall upregulation of mucoinflammation and mucous cell metaplasia-associated pathways.","We chronically exposed adult males and females to 0.8ppm ozone or filtered air.  RNA-Seq was performed on airway epithelium-enriched airways, parenchyma, and purified airspace macrophages.",,,,411813,GPL24247,Mus musculus,GSE,Expression profiling by high throughput sequencing,2020/08/25,48,ftp://ftp.ncbi.nlm.nih.gov/geo/series/GSE156nnn/GSE156799/,,,,,OSD-244|Mmus_C57-6T_TMS_BSL_LAR_Rep4_B4,Basal Control
132,GSM4744742,0.9906455278396606,GSE156799,Compartment-specific transcriptomics of ozone-exposed murine lungs reveal sex- and cell type- associated perturbations relevant to mucoinflammatory lung diseases,,,"Ozone is known to cause lung injury and resident cells of the respiratory tract, i.e., epithelial cells and macrophages, respond to inhaled ozone in a variety of ways that affect their survival, morphology, and functioning. However, complete understanding of sex-associated and cell type-specific gene expression changes in response to ozone exposure is still limited. Through transcriptome profiling, we aimed to analyze gene expression alterations and biological pathways enrichment in three distinct cell type-enriched compartments of ozone-exposed murine lungs. We chronically exposed adult males and females to 0.8ppm ozone or filtered air.  RNA-Seq was performed on airway epithelium-enriched airways, parenchyma, and purified airspace macrophages. Differential gene expression and biological pathway analyses were performed and supported by cellular and immunohistochemical analyses. While majority of differentially expressed genes (DEGs) in ozone-exposed versus air-exposed groups were common between both sexes, sex-specific DEGs were also identified in all the three tissue compartments. As compared to ozone-exposed males, ozone-exposed females had significant alterations in gene expression in three compartments. Pathways relevant to cell division and DNA repair were enriched in the ozone-exposed airways indicating ozone-induced airway injury and repair which was further supported by immunohistochemical analyses. In addition to cell division and DNA repair pathways, inflammatory pathways were also enriched within the parenchyma supporting contribution by both epithelial and immune cells. Finally, immune response and cytokine-cytokine receptor interactions were enriched in macrophages, indicating ozone-induced macrophage activation. Lastly, our analyses also revealed the overall upregulation of mucoinflammation and mucous cell metaplasia-associated pathways.","We chronically exposed adult males and females to 0.8ppm ozone or filtered air.  RNA-Seq was performed on airway epithelium-enriched airways, parenchyma, and purified airspace macrophages.",,,,411827,GPL24247,Mus musculus,GSE,Expression profiling by high throughput sequencing,2020/08/25,48,ftp://ftp.ncbi.nlm.nih.gov/geo/series/GSE156nnn/GSE156799/,,,,,OSD-244|Mmus_C57-6T_TMS_BSL_LAR_Rep4_B4,Basal Control
133,GSM5107632,0.9900066256523132,GSE167569,Lung genes modification in elastase-induced emphysema following in utero nicotine exposure,,,This SuperSeries is composed of the SubSeries listed below.,Refer to individual Series,35241086,,,472258,GPL21103,Mus musculus,GSE,Expression profiling by high throughput sequencing,2022/03/09,35,ftp://ftp.ncbi.nlm.nih.gov/geo/series/GSE167nnn/GSE167569/,Early life exposure to nicotine modifies lung gene response after elastase-induced emphysema.,Respiratory research,2022 Mar 3,10.1186/s12931-022-01956-4,OSD-244|Mmus_C57-6T_TMS_BSL_LAR_Rep4_B4,Basal Control
134,GSM4744741,0.9896118640899658,GSE156799,Compartment-specific transcriptomics of ozone-exposed murine lungs reveal sex- and cell type- associated perturbations relevant to mucoinflammatory lung diseases,,,"Ozone is known to cause lung injury and resident cells of the respiratory tract, i.e., epithelial cells and macrophages, respond to inhaled ozone in a variety of ways that affect their survival, morphology, and functioning. However, complete understanding of sex-associated and cell type-specific gene expression changes in response to ozone exposure is still limited. Through transcriptome profiling, we aimed to analyze gene expression alterations and biological pathways enrichment in three distinct cell type-enriched compartments of ozone-exposed murine lungs. We chronically exposed adult males and females to 0.8ppm ozone or filtered air.  RNA-Seq was performed on airway epithelium-enriched airways, parenchyma, and purified airspace macrophages. Differential gene expression and biological pathway analyses were performed and supported by cellular and immunohistochemical analyses. While majority of differentially expressed genes (DEGs) in ozone-exposed versus air-exposed groups were common between both sexes, sex-specific DEGs were also identified in all the three tissue compartments. As compared to ozone-exposed males, ozone-exposed females had significant alterations in gene expression in three compartments. Pathways relevant to cell division and DNA repair were enriched in the ozone-exposed airways indicating ozone-induced airway injury and repair which was further supported by immunohistochemical analyses. In addition to cell division and DNA repair pathways, inflammatory pathways were also enriched within the parenchyma supporting contribution by both epithelial and immune cells. Finally, immune response and cytokine-cytokine receptor interactions were enriched in macrophages, indicating ozone-induced macrophage activation. Lastly, our analyses also revealed the overall upregulation of mucoinflammation and mucous cell metaplasia-associated pathways.","We chronically exposed adult males and females to 0.8ppm ozone or filtered air.  RNA-Seq was performed on airway epithelium-enriched airways, parenchyma, and purified airspace macrophages.",,,,411826,GPL24247,Mus musculus,GSE,Expression profiling by high throughput sequencing,2020/08/25,48,ftp://ftp.ncbi.nlm.nih.gov/geo/series/GSE156nnn/GSE156799/,,,,,OSD-244|Mmus_C57-6T_TMS_BSL_LAR_Rep4_B4,Basal Control
135,GSM4744738,0.9895508289337158,GSE156799,Compartment-specific transcriptomics of ozone-exposed murine lungs reveal sex- and cell type- associated perturbations relevant to mucoinflammatory lung diseases,,,"Ozone is known to cause lung injury and resident cells of the respiratory tract, i.e., epithelial cells and macrophages, respond to inhaled ozone in a variety of ways that affect their survival, morphology, and functioning. However, complete understanding of sex-associated and cell type-specific gene expression changes in response to ozone exposure is still limited. Through transcriptome profiling, we aimed to analyze gene expression alterations and biological pathways enrichment in three distinct cell type-enriched compartments of ozone-exposed murine lungs. We chronically exposed adult males and females to 0.8ppm ozone or filtered air.  RNA-Seq was performed on airway epithelium-enriched airways, parenchyma, and purified airspace macrophages. Differential gene expression and biological pathway analyses were performed and supported by cellular and immunohistochemical analyses. While majority of differentially expressed genes (DEGs) in ozone-exposed versus air-exposed groups were common between both sexes, sex-specific DEGs were also identified in all the three tissue compartments. As compared to ozone-exposed males, ozone-exposed females had significant alterations in gene expression in three compartments. Pathways relevant to cell division and DNA repair were enriched in the ozone-exposed airways indicating ozone-induced airway injury and repair which was further supported by immunohistochemical analyses. In addition to cell division and DNA repair pathways, inflammatory pathways were also enriched within the parenchyma supporting contribution by both epithelial and immune cells. Finally, immune response and cytokine-cytokine receptor interactions were enriched in macrophages, indicating ozone-induced macrophage activation. Lastly, our analyses also revealed the overall upregulation of mucoinflammation and mucous cell metaplasia-associated pathways.","We chronically exposed adult males and females to 0.8ppm ozone or filtered air.  RNA-Seq was performed on airway epithelium-enriched airways, parenchyma, and purified airspace macrophages.",,,,411823,GPL24247,Mus musculus,GSE,Expression profiling by high throughput sequencing,2020/08/25,48,ftp://ftp.ncbi.nlm.nih.gov/geo/series/GSE156nnn/GSE156799/,,,,,OSD-244|Mmus_C57-6T_TMS_BSL_LAR_Rep4_B4,Basal Control
136,GSM4744729,0.98952317237854,GSE156799,Compartment-specific transcriptomics of ozone-exposed murine lungs reveal sex- and cell type- associated perturbations relevant to mucoinflammatory lung diseases,,,"Ozone is known to cause lung injury and resident cells of the respiratory tract, i.e., epithelial cells and macrophages, respond to inhaled ozone in a variety of ways that affect their survival, morphology, and functioning. However, complete understanding of sex-associated and cell type-specific gene expression changes in response to ozone exposure is still limited. Through transcriptome profiling, we aimed to analyze gene expression alterations and biological pathways enrichment in three distinct cell type-enriched compartments of ozone-exposed murine lungs. We chronically exposed adult males and females to 0.8ppm ozone or filtered air.  RNA-Seq was performed on airway epithelium-enriched airways, parenchyma, and purified airspace macrophages. Differential gene expression and biological pathway analyses were performed and supported by cellular and immunohistochemical analyses. While majority of differentially expressed genes (DEGs) in ozone-exposed versus air-exposed groups were common between both sexes, sex-specific DEGs were also identified in all the three tissue compartments. As compared to ozone-exposed males, ozone-exposed females had significant alterations in gene expression in three compartments. Pathways relevant to cell division and DNA repair were enriched in the ozone-exposed airways indicating ozone-induced airway injury and repair which was further supported by immunohistochemical analyses. In addition to cell division and DNA repair pathways, inflammatory pathways were also enriched within the parenchyma supporting contribution by both epithelial and immune cells. Finally, immune response and cytokine-cytokine receptor interactions were enriched in macrophages, indicating ozone-induced macrophage activation. Lastly, our analyses also revealed the overall upregulation of mucoinflammation and mucous cell metaplasia-associated pathways.","We chronically exposed adult males and females to 0.8ppm ozone or filtered air.  RNA-Seq was performed on airway epithelium-enriched airways, parenchyma, and purified airspace macrophages.",,,,411814,GPL24247,Mus musculus,GSE,Expression profiling by high throughput sequencing,2020/08/25,48,ftp://ftp.ncbi.nlm.nih.gov/geo/series/GSE156nnn/GSE156799/,,,,,OSD-244|Mmus_C57-6T_TMS_BSL_LAR_Rep4_B4,Basal Control
137,GSM4744734,0.989234209060669,GSE156799,Compartment-specific transcriptomics of ozone-exposed murine lungs reveal sex- and cell type- associated perturbations relevant to mucoinflammatory lung diseases,,,"Ozone is known to cause lung injury and resident cells of the respiratory tract, i.e., epithelial cells and macrophages, respond to inhaled ozone in a variety of ways that affect their survival, morphology, and functioning. However, complete understanding of sex-associated and cell type-specific gene expression changes in response to ozone exposure is still limited. Through transcriptome profiling, we aimed to analyze gene expression alterations and biological pathways enrichment in three distinct cell type-enriched compartments of ozone-exposed murine lungs. We chronically exposed adult males and females to 0.8ppm ozone or filtered air.  RNA-Seq was performed on airway epithelium-enriched airways, parenchyma, and purified airspace macrophages. Differential gene expression and biological pathway analyses were performed and supported by cellular and immunohistochemical analyses. While majority of differentially expressed genes (DEGs) in ozone-exposed versus air-exposed groups were common between both sexes, sex-specific DEGs were also identified in all the three tissue compartments. As compared to ozone-exposed males, ozone-exposed females had significant alterations in gene expression in three compartments. Pathways relevant to cell division and DNA repair were enriched in the ozone-exposed airways indicating ozone-induced airway injury and repair which was further supported by immunohistochemical analyses. In addition to cell division and DNA repair pathways, inflammatory pathways were also enriched within the parenchyma supporting contribution by both epithelial and immune cells. Finally, immune response and cytokine-cytokine receptor interactions were enriched in macrophages, indicating ozone-induced macrophage activation. Lastly, our analyses also revealed the overall upregulation of mucoinflammation and mucous cell metaplasia-associated pathways.","We chronically exposed adult males and females to 0.8ppm ozone or filtered air.  RNA-Seq was performed on airway epithelium-enriched airways, parenchyma, and purified airspace macrophages.",,,,411819,GPL24247,Mus musculus,GSE,Expression profiling by high throughput sequencing,2020/08/25,48,ftp://ftp.ncbi.nlm.nih.gov/geo/series/GSE156nnn/GSE156799/,,,,,OSD-244|Mmus_C57-6T_TMS_BSL_LAR_Rep4_B4,Basal Control
138,GSM4744733,0.9889198541641235,GSE156799,Compartment-specific transcriptomics of ozone-exposed murine lungs reveal sex- and cell type- associated perturbations relevant to mucoinflammatory lung diseases,,,"Ozone is known to cause lung injury and resident cells of the respiratory tract, i.e., epithelial cells and macrophages, respond to inhaled ozone in a variety of ways that affect their survival, morphology, and functioning. However, complete understanding of sex-associated and cell type-specific gene expression changes in response to ozone exposure is still limited. Through transcriptome profiling, we aimed to analyze gene expression alterations and biological pathways enrichment in three distinct cell type-enriched compartments of ozone-exposed murine lungs. We chronically exposed adult males and females to 0.8ppm ozone or filtered air.  RNA-Seq was performed on airway epithelium-enriched airways, parenchyma, and purified airspace macrophages. Differential gene expression and biological pathway analyses were performed and supported by cellular and immunohistochemical analyses. While majority of differentially expressed genes (DEGs) in ozone-exposed versus air-exposed groups were common between both sexes, sex-specific DEGs were also identified in all the three tissue compartments. As compared to ozone-exposed males, ozone-exposed females had significant alterations in gene expression in three compartments. Pathways relevant to cell division and DNA repair were enriched in the ozone-exposed airways indicating ozone-induced airway injury and repair which was further supported by immunohistochemical analyses. In addition to cell division and DNA repair pathways, inflammatory pathways were also enriched within the parenchyma supporting contribution by both epithelial and immune cells. Finally, immune response and cytokine-cytokine receptor interactions were enriched in macrophages, indicating ozone-induced macrophage activation. Lastly, our analyses also revealed the overall upregulation of mucoinflammation and mucous cell metaplasia-associated pathways.","We chronically exposed adult males and females to 0.8ppm ozone or filtered air.  RNA-Seq was performed on airway epithelium-enriched airways, parenchyma, and purified airspace macrophages.",,,,411818,GPL24247,Mus musculus,GSE,Expression profiling by high throughput sequencing,2020/08/25,48,ftp://ftp.ncbi.nlm.nih.gov/geo/series/GSE156nnn/GSE156799/,,,,,OSD-244|Mmus_C57-6T_TMS_BSL_LAR_Rep4_B4,Basal Control
139,GSM4744740,0.9878931045532227,GSE156799,Compartment-specific transcriptomics of ozone-exposed murine lungs reveal sex- and cell type- associated perturbations relevant to mucoinflammatory lung diseases,,,"Ozone is known to cause lung injury and resident cells of the respiratory tract, i.e., epithelial cells and macrophages, respond to inhaled ozone in a variety of ways that affect their survival, morphology, and functioning. However, complete understanding of sex-associated and cell type-specific gene expression changes in response to ozone exposure is still limited. Through transcriptome profiling, we aimed to analyze gene expression alterations and biological pathways enrichment in three distinct cell type-enriched compartments of ozone-exposed murine lungs. We chronically exposed adult males and females to 0.8ppm ozone or filtered air.  RNA-Seq was performed on airway epithelium-enriched airways, parenchyma, and purified airspace macrophages. Differential gene expression and biological pathway analyses were performed and supported by cellular and immunohistochemical analyses. While majority of differentially expressed genes (DEGs) in ozone-exposed versus air-exposed groups were common between both sexes, sex-specific DEGs were also identified in all the three tissue compartments. As compared to ozone-exposed males, ozone-exposed females had significant alterations in gene expression in three compartments. Pathways relevant to cell division and DNA repair were enriched in the ozone-exposed airways indicating ozone-induced airway injury and repair which was further supported by immunohistochemical analyses. In addition to cell division and DNA repair pathways, inflammatory pathways were also enriched within the parenchyma supporting contribution by both epithelial and immune cells. Finally, immune response and cytokine-cytokine receptor interactions were enriched in macrophages, indicating ozone-induced macrophage activation. Lastly, our analyses also revealed the overall upregulation of mucoinflammation and mucous cell metaplasia-associated pathways.","We chronically exposed adult males and females to 0.8ppm ozone or filtered air.  RNA-Seq was performed on airway epithelium-enriched airways, parenchyma, and purified airspace macrophages.",,,,411825,GPL24247,Mus musculus,GSE,Expression profiling by high throughput sequencing,2020/08/25,48,ftp://ftp.ncbi.nlm.nih.gov/geo/series/GSE156nnn/GSE156799/,,,,,OSD-244|Mmus_C57-6T_TMS_BSL_LAR_Rep4_B4,Basal Control
140,GSM2643075,0.9963082075119019,GSE99364,Stabilization of c-Myc protein by CAMKIIγ promotes T-cell lymphoma,,,"Although high c-Myc protein expression is observed alongside c-Myc gene amplification in some cancers, in most cases protein overexpression occurs while the amplified gene is largely absent, e.g. T-cell lymphoma (TCL). Here, Ca2+/calmodulin-dependent protein kinase II γ (CAMKIIγ) was shown to stabilize c-Myc protein by directly phosphorylating at serine 62 (S62), which represents a hitherto unknown mechanism of c-Myc protein overexpression. Further, CAMKIIγ was shown to be essential for tumor maintenance. Inhibiting CAMKIIγ with a potent CAMKIIγ-specific inhibitor destabilized c-Myc and reduced tumor burden dramatically. Importantly, high CAMKIIγ in clinical patient specimens positively correlated with increased c-Myc / pS62-c-Myc expression. Together, the CAMKIIγ:c-Myc axis critically influences the development and maintenance of TCL, and represent a novel therapeutic target for TCL.","We investigated how deleting CAMKIIγ suppressed the development of MNU-induced TCL in mice. Through RNA-sequencing, we analyzed the gene expression profiles of the thymuses of both wild-type and CAMKIIγ-/- mice, under either malignant (with MNU) or normal (without MNU) conditions.",28697340,,,113753,GPL13112,Mus musculus,GSE,Expression profiling by high throughput sequencing,2017/05/27,4,ftp://ftp.ncbi.nlm.nih.gov/geo/series/GSE99nnn/GSE99364/,Stabilization of the c-Myc Protein by CAMKIIγ Promotes T Cell Lymphoma.,Cancer cell,2017 Jul 10,10.1016/j.ccell.2017.06.001,OSD-244|Mmus_C57-6T_TMS_BSL_LAR_Rep5_B5,Basal Control
141,GSM2643073,0.9958200454711914,GSE99364,Stabilization of c-Myc protein by CAMKIIγ promotes T-cell lymphoma,,,"Although high c-Myc protein expression is observed alongside c-Myc gene amplification in some cancers, in most cases protein overexpression occurs while the amplified gene is largely absent, e.g. T-cell lymphoma (TCL). Here, Ca2+/calmodulin-dependent protein kinase II γ (CAMKIIγ) was shown to stabilize c-Myc protein by directly phosphorylating at serine 62 (S62), which represents a hitherto unknown mechanism of c-Myc protein overexpression. Further, CAMKIIγ was shown to be essential for tumor maintenance. Inhibiting CAMKIIγ with a potent CAMKIIγ-specific inhibitor destabilized c-Myc and reduced tumor burden dramatically. Importantly, high CAMKIIγ in clinical patient specimens positively correlated with increased c-Myc / pS62-c-Myc expression. Together, the CAMKIIγ:c-Myc axis critically influences the development and maintenance of TCL, and represent a novel therapeutic target for TCL.","We investigated how deleting CAMKIIγ suppressed the development of MNU-induced TCL in mice. Through RNA-sequencing, we analyzed the gene expression profiles of the thymuses of both wild-type and CAMKIIγ-/- mice, under either malignant (with MNU) or normal (without MNU) conditions.",28697340,,,113751,GPL13112,Mus musculus,GSE,Expression profiling by high throughput sequencing,2017/05/27,4,ftp://ftp.ncbi.nlm.nih.gov/geo/series/GSE99nnn/GSE99364/,Stabilization of the c-Myc Protein by CAMKIIγ Promotes T Cell Lymphoma.,Cancer cell,2017 Jul 10,10.1016/j.ccell.2017.06.001,OSD-244|Mmus_C57-6T_TMS_BSL_LAR_Rep5_B5,Basal Control
142,GSM6342323,0.9954578876495361,GSE218085,Epigenetically-controlled tumor antigens derived from splice junctions between exons and transposable elements,,,This SuperSeries is composed of the SubSeries listed below.,Refer to individual Series,36735776,,,658205,GPL17021; GPL24247,Mus musculus,GSE,Expression profiling by high throughput sequencing; Genome binding/occupancy profiling by high throughput sequencing,2022/11/22,133,ftp://ftp.ncbi.nlm.nih.gov/geo/series/GSE218nnn/GSE218085/,Epigenetically controlled tumor antigens derived from splice junctions between exons and transposable elements.,Science immunology,2023 Feb 3,10.1126/sciimmunol.abm6360,OSD-244|Mmus_C57-6T_TMS_BSL_LAR_Rep5_B5,Basal Control
143,GSM2643072,0.9953149557113647,GSE99364,Stabilization of c-Myc protein by CAMKIIγ promotes T-cell lymphoma,,,"Although high c-Myc protein expression is observed alongside c-Myc gene amplification in some cancers, in most cases protein overexpression occurs while the amplified gene is largely absent, e.g. T-cell lymphoma (TCL). Here, Ca2+/calmodulin-dependent protein kinase II γ (CAMKIIγ) was shown to stabilize c-Myc protein by directly phosphorylating at serine 62 (S62), which represents a hitherto unknown mechanism of c-Myc protein overexpression. Further, CAMKIIγ was shown to be essential for tumor maintenance. Inhibiting CAMKIIγ with a potent CAMKIIγ-specific inhibitor destabilized c-Myc and reduced tumor burden dramatically. Importantly, high CAMKIIγ in clinical patient specimens positively correlated with increased c-Myc / pS62-c-Myc expression. Together, the CAMKIIγ:c-Myc axis critically influences the development and maintenance of TCL, and represent a novel therapeutic target for TCL.","We investigated how deleting CAMKIIγ suppressed the development of MNU-induced TCL in mice. Through RNA-sequencing, we analyzed the gene expression profiles of the thymuses of both wild-type and CAMKIIγ-/- mice, under either malignant (with MNU) or normal (without MNU) conditions.",28697340,,,113750,GPL13112,Mus musculus,GSE,Expression profiling by high throughput sequencing,2017/05/27,4,ftp://ftp.ncbi.nlm.nih.gov/geo/series/GSE99nnn/GSE99364/,Stabilization of the c-Myc Protein by CAMKIIγ Promotes T Cell Lymphoma.,Cancer cell,2017 Jul 10,10.1016/j.ccell.2017.06.001,OSD-244|Mmus_C57-6T_TMS_BSL_LAR_Rep5_B5,Basal Control
144,GSM4263015,0.9953073263168335,GSE143581,P53 dynamics vary between tissues and are linked with radiation sensitivity,,,We used RNAseq to explore the gene expression changes induced by ionizing radiation across multiple tissues,Mouse were treated with ionizing radiation (10gy) and sacrificed at different timepoints and tissues extracted and processed for RNA,,,,331843,GPL19057,Mus musculus,GSE,Expression profiling by high throughput sequencing,2020/04/30,54,ftp://ftp.ncbi.nlm.nih.gov/geo/series/GSE143nnn/GSE143581/,,,,,OSD-244|Mmus_C57-6T_TMS_BSL_LAR_Rep5_B5,Basal Control
145,GSM4263016,0.9952609539031982,GSE143581,P53 dynamics vary between tissues and are linked with radiation sensitivity,,,We used RNAseq to explore the gene expression changes induced by ionizing radiation across multiple tissues,Mouse were treated with ionizing radiation (10gy) and sacrificed at different timepoints and tissues extracted and processed for RNA,,,,331844,GPL19057,Mus musculus,GSE,Expression profiling by high throughput sequencing,2020/04/30,54,ftp://ftp.ncbi.nlm.nih.gov/geo/series/GSE143nnn/GSE143581/,,,,,OSD-244|Mmus_C57-6T_TMS_BSL_LAR_Rep5_B5,Basal Control
146,GSM4263013,0.9951218962669373,GSE143581,P53 dynamics vary between tissues and are linked with radiation sensitivity,,,We used RNAseq to explore the gene expression changes induced by ionizing radiation across multiple tissues,Mouse were treated with ionizing radiation (10gy) and sacrificed at different timepoints and tissues extracted and processed for RNA,,,,331841,GPL19057,Mus musculus,GSE,Expression profiling by high throughput sequencing,2020/04/30,54,ftp://ftp.ncbi.nlm.nih.gov/geo/series/GSE143nnn/GSE143581/,,,,,OSD-244|Mmus_C57-6T_TMS_BSL_LAR_Rep5_B5,Basal Control
147,GSM2508198,0.9950926899909973,GSE95371,RNA-seq analysis in MMTV-TGF- α Mice thymus,,,we report the comperative transcriptome analysis of the MMTV-TGF- α female mice thymus tissues,3 different fed types,29511668,,,97260,GPL21103,Mus musculus,GSE,Expression profiling by high throughput sequencing,2018/04/11,3,ftp://ftp.ncbi.nlm.nih.gov/geo/series/GSE95nnn/GSE95371/,Transcriptome Analysis of the Thymus in Short-Term Calorie-Restricted Mice Using RNA-seq.,International journal of genomics,2018,10.1155/2018/7647980,OSD-244|Mmus_C57-6T_TMS_BSL_LAR_Rep5_B5,Basal Control
148,GSM4263017,0.9945481419563293,GSE143581,P53 dynamics vary between tissues and are linked with radiation sensitivity,,,We used RNAseq to explore the gene expression changes induced by ionizing radiation across multiple tissues,Mouse were treated with ionizing radiation (10gy) and sacrificed at different timepoints and tissues extracted and processed for RNA,,,,331845,GPL19057,Mus musculus,GSE,Expression profiling by high throughput sequencing,2020/04/30,54,ftp://ftp.ncbi.nlm.nih.gov/geo/series/GSE143nnn/GSE143581/,,,,,OSD-244|Mmus_C57-6T_TMS_BSL_LAR_Rep5_B5,Basal Control
149,GSM4947037,0.994426965713501,GSE162218,Requirement of DNMT1 to orchestrate epigenomic reprogramming for NPM-ALK driven lymphomagenesis,,,This SuperSeries is composed of the SubSeries listed below.,Refer to individual Series,33310759,,,437153,GPL21493,Mus musculus,GSE,Expression profiling by high throughput sequencing; Methylation profiling by high throughput sequencing,2020/12/08,24,ftp://ftp.ncbi.nlm.nih.gov/geo/series/GSE162nnn/GSE162218/,Requirement of DNMT1 to orchestrate epigenomic reprogramming for NPM-ALK-driven lymphomagenesis.,Life science alliance,2021 Feb,10.26508/lsa.202000794,OSD-244|Mmus_C57-6T_TMS_BSL_LAR_Rep5_B5,Basal Control
150,GSM7780638,0.9933034181594849,GSE243200,Pathogenicity and landscape of differential gene expression in mice orally infected with clinical coxsackievirus A6 (CA6),,,"Hand, foot, and mouth disease (HFMD) is caused by more than 20 pathogenic enteroviruses belonging to the Picornaviridae family and Enterovirus genus. Since the introduction of the EV71 vaccine in 2016, the number of HFMD cases caused by EV71 has decreased. However, cases of infections caused by other enteroviruses, such as coxsackievirus A6 (CA6) and CA10, have been increasing accordingly. In this study, we used a clinical isolate of CA6 to establish an intragastric infection mouse model using 7-day-old mice to mimic the natural transmission route, by which we investigated the differential gene expression profiles associated with virus infection and pathogenicity. After intragastric infection, mice exhibited hind limb paralysis symptoms and weight loss, similar to those reported for EV71 infection in mice. The skeletal muscle was identified as the main site of virus replication, with a peak viral load reaching 2.31 × 107 copies/mg at 5 dpi and increased infiltration of inflammatory cells. RNA sequencing analysis identified differentially expressed genes (DEGs) after CA6 infection. DEGs in the blood, muscle, brain, spleen, and thymus were predominantly enriched in immune system responses, including pathways such as Toll-like receptor signalling and PI3K-Akt signalling. Our study has unveiled the genes involved in the host immune response during CA6 infection, thereby enhancing our comprehension of the pathological mechanism of HFMD.","Collect blood, muscle, brain, spleen, and thymus samples from mice infected for 3 dpi, 5 dpi, 7 dpi for RNA-Seq analysis.",38226810,,,816844,GPL24247,Mus musculus,GSE,Expression profiling by high throughput sequencing,2024/01/10,100,ftp://ftp.ncbi.nlm.nih.gov/geo/series/GSE243nnn/GSE243200/,Pathogenicity and landscape of differential gene expression in mice orally infected with clinical coxsackievirus A6 (CA6).,Journal of virology,2024 Feb 20,10.1128/jvi.01358-23,OSD-244|Mmus_C57-6T_TMS_BSL_LAR_Rep6_B6,Basal Control
151,GSM3720114,0.9928878545761108,GSE129689,RNA sequencing of mouse carotid arteries after sacubitril/valsartan treatment,,,"Purpose: To get insight into mouse strain-dependent differences in vascular remodeling, we analyzed gene expression profiles of the ligated carotid arteries after interventions in C57BL/6J and 129X1/SvJ mice Methods: mRNA isolations from snap-frozen single carotids (n=3 per group) were conducted. Tissue homogenization by Next Advance Bullet Blender with zirconium oxide beads and Trizol. Total RNA isolation using Trizol and Qiagen RNeasy Micro kit. Results: Multiple quality controls showed a reliable RNAseq of mRNAs from the ligated carotid arteries. Specifically, there was less than 2.6% drop in reads that ranged between 26.5 to 37.7 million reads. We found a good alignment and mapping to a mouse genome (82.4 - 91.0%) in this RNAseq study. A differential gene expression analysis was done by DESeq2-1.16.1 within R-3.4.1 for data normalization and differential expression analysis with an adjusted p-value threshold of 0.05 on each set of raw expression measures. Conclusions: Our study shows significant differences in gene expression signatures in carotid arteries from two inbred mouse strains after sacubitril/valsartan treatment. We conclude that genetic background determines efficacy of the sacubitril/valsartan in mice.","Mouse carotid artery mRNA profiles of C57BL/6J and 129X1/SvJ mice after two treatment regimen of vehicle, valsartan or sacubitril/valsartan were generated by deep sequencing, in triplicate, using Illumina HiSeq2500v4 high-throughput DNA sequencer.",31077344,,,252304,GPL17021,Mus musculus,GSE,Expression profiling by high throughput sequencing,2020/04/10,36,ftp://ftp.ncbi.nlm.nih.gov/geo/series/GSE129nnn/GSE129689/,Strain-selective efficacy of sacubitril/valsartan on carotid fibrosis in response to injury in two inbred mouse strains.,British journal of pharmacology,2019 Aug,10.1111/bph.14708,OSD-244|Mmus_C57-6T_TMS_BSL_LAR_Rep6_B6,Basal Control
152,GSM4947037,0.9926981925964355,GSE162218,Requirement of DNMT1 to orchestrate epigenomic reprogramming for NPM-ALK driven lymphomagenesis,,,This SuperSeries is composed of the SubSeries listed below.,Refer to individual Series,33310759,,,437153,GPL21493,Mus musculus,GSE,Expression profiling by high throughput sequencing; Methylation profiling by high throughput sequencing,2020/12/08,24,ftp://ftp.ncbi.nlm.nih.gov/geo/series/GSE162nnn/GSE162218/,Requirement of DNMT1 to orchestrate epigenomic reprogramming for NPM-ALK-driven lymphomagenesis.,Life science alliance,2021 Feb,10.26508/lsa.202000794,OSD-244|Mmus_C57-6T_TMS_BSL_LAR_Rep6_B6,Basal Control
153,GSM5704665,0.9913034439086914,GSE189618,Mouse kidney-specific genes,,,Analysis of RNAs from multiple mouse tissues to find kidney-specific genes,"Total RNA obtained from isolated C57BL/6J mice, various tissues.",,,,573465,GPL21103,Mus musculus,GSE,Expression profiling by high throughput sequencing,2021/11/29,19,ftp://ftp.ncbi.nlm.nih.gov/geo/series/GSE189nnn/GSE189618/,,,,,OSD-244|Mmus_C57-6T_TMS_BSL_LAR_Rep6_B6,Basal Control
154,GSM7021850,0.9908865094184875,GSE224409,Transcriptome profiling of lymph nodes from Spink5 conditional knock-out mice.,,,"We generated a viable mouse model of Netherton syndrome by conditional ablation of Spink5 gene in the epidermis. To study the systemic inflammation phenotype of this mouse model at the molecular level, we induced Spink5 deletion in the skin of young adult mice and collected inguinal lymph nodes for transcriptome analyses.",Comparative gene expression profiling analysis of RNA-seq data for inguinal lymph nodes of Spink5 conditional knock-out mice (n=5) and control (wild-type) mice (n=5).,38316920,,,733550,GPL24247,Mus musculus,GSE,Expression profiling by high throughput sequencing,2024/02/05,10,ftp://ftp.ncbi.nlm.nih.gov/geo/series/GSE224nnn/GSE224409/,Comparative analyses of Netherton syndrome patients and Spink5 conditional knock-out mice uncover disease-relevant pathways.,Communications biology,2024 Feb 5,10.1038/s42003-024-05780-y,OSD-244|Mmus_C57-6T_TMS_BSL_LAR_Rep6_B6,Basal Control
155,GSM3720130,0.9907084703445435,GSE129689,RNA sequencing of mouse carotid arteries after sacubitril/valsartan treatment,,,"Purpose: To get insight into mouse strain-dependent differences in vascular remodeling, we analyzed gene expression profiles of the ligated carotid arteries after interventions in C57BL/6J and 129X1/SvJ mice Methods: mRNA isolations from snap-frozen single carotids (n=3 per group) were conducted. Tissue homogenization by Next Advance Bullet Blender with zirconium oxide beads and Trizol. Total RNA isolation using Trizol and Qiagen RNeasy Micro kit. Results: Multiple quality controls showed a reliable RNAseq of mRNAs from the ligated carotid arteries. Specifically, there was less than 2.6% drop in reads that ranged between 26.5 to 37.7 million reads. We found a good alignment and mapping to a mouse genome (82.4 - 91.0%) in this RNAseq study. A differential gene expression analysis was done by DESeq2-1.16.1 within R-3.4.1 for data normalization and differential expression analysis with an adjusted p-value threshold of 0.05 on each set of raw expression measures. Conclusions: Our study shows significant differences in gene expression signatures in carotid arteries from two inbred mouse strains after sacubitril/valsartan treatment. We conclude that genetic background determines efficacy of the sacubitril/valsartan in mice.","Mouse carotid artery mRNA profiles of C57BL/6J and 129X1/SvJ mice after two treatment regimen of vehicle, valsartan or sacubitril/valsartan were generated by deep sequencing, in triplicate, using Illumina HiSeq2500v4 high-throughput DNA sequencer.",31077344,,,252320,GPL17021,Mus musculus,GSE,Expression profiling by high throughput sequencing,2020/04/10,36,ftp://ftp.ncbi.nlm.nih.gov/geo/series/GSE129nnn/GSE129689/,Strain-selective efficacy of sacubitril/valsartan on carotid fibrosis in response to injury in two inbred mouse strains.,British journal of pharmacology,2019 Aug,10.1111/bph.14708,OSD-244|Mmus_C57-6T_TMS_BSL_LAR_Rep6_B6,Basal Control
156,GSM4947042,0.9904022216796875,GSE162218,Requirement of DNMT1 to orchestrate epigenomic reprogramming for NPM-ALK driven lymphomagenesis,,,This SuperSeries is composed of the SubSeries listed below.,Refer to individual Series,33310759,,,437158,GPL21493,Mus musculus,GSE,Expression profiling by high throughput sequencing; Methylation profiling by high throughput sequencing,2020/12/08,24,ftp://ftp.ncbi.nlm.nih.gov/geo/series/GSE162nnn/GSE162218/,Requirement of DNMT1 to orchestrate epigenomic reprogramming for NPM-ALK-driven lymphomagenesis.,Life science alliance,2021 Feb,10.26508/lsa.202000794,OSD-244|Mmus_C57-6T_TMS_BSL_LAR_Rep6_B6,Basal Control
157,GSM4774821,0.9903877377510071,GSE157769,RNA sequencing of tumors from PPM1D transgenic mouse model,,,"The majority of cancers harbor alterations of the tumor suppressor TP53. However, childhood cancers, including unfavorable neuroblastoma, often lack TP53 mutations despite frequent loss of p53 function, suggesting alternative p53 inactivating mechanisms. Our study show that frequent gain of the p53-regulating gene PPM1D at chromosome 17q22.3 is linked to aggressive tumors and poor prognosis in neuroblastoma. A PPM1D transgenic mouse model develops cancers phenotypically and genetically similar to tumors arising in mice with dysfunctional p53 when subjected to low-dose irradiation. Tumors include T-cell lymphomas harboring Notch1- and Pten-mutations, adenocarcinomas and PHOX2B-expressing neuroblastomas, therey establishing PPM1D as a bona fide oncogene in wtTP53 cancer and childhood neuroblastoma. Pharmacological inhibition of WIP1 suppressed the growth of neural tumors in nude mice, proposing WIP1 as a therapeutic target in neural childhood tumors.","Transgenic mice overexpressing PPM1D were subject to low-dose radiation and subsequently developed thymic lymphomas. Bulk RNA sequencing was performed on a total of 24 samples from 24 mice: 14 thymic lymphomas and 10 controls (thymic tissue from healthy mice). Controls were divided into four groups based on irradiation status and genotype: wild-type non-irradiated (n = 3), PPM1D-transgenic non-irradiated (n = 3), wild-type irradiated (n = 2), PPM1D-transgenic irradiated (n = 2). mRNA libraries were generated using the TruSeq Stranded cDNA kit (Illumina) and sequenced on the HiSeq 2500 platform for paired-end reads with a length of 100-125 bp for all samples.",34771656,,,415282,GPL17021,Mus musculus,GSE,Expression profiling by high throughput sequencing,2020/12/31,24,ftp://ftp.ncbi.nlm.nih.gov/geo/series/GSE157nnn/GSE157769/,High Expression of PPM1D Induces Tumors Phenotypically Similar to TP53 Loss-of-Function Mutations in Mice.,Cancers,2021 Oct 31,10.3390/cancers13215493,OSD-244|Mmus_C57-6T_TMS_BSL_LAR_Rep6_B6,Basal Control
158,GSM6202434,0.9902917146682739,GSE204925,The C-terminus of p53 Confers Liver-Specific Gene Regulation and Radio-Resistance in vivo,,,This SuperSeries is composed of the SubSeries listed below.,Refer to individual Series,36924496,,,650278,GPL17021,Mus musculus,GSE,Expression profiling by high throughput sequencing; Genome binding/occupancy profiling by high throughput sequencing,2022/06/30,51,ftp://ftp.ncbi.nlm.nih.gov/geo/series/GSE204nnn/GSE204925/,In vivo RNA-seq and ChIP-seq analyses show an obligatory role for the C terminus of p53 in conferring tissue-specific radiation sensitivity.,Cell reports,2023 Mar 28,10.1016/j.celrep.2023.112216,OSD-244|Mmus_C57-6T_TMS_BSL_LAR_Rep6_B6,Basal Control
159,GSM3720132,0.9899008274078369,GSE129689,RNA sequencing of mouse carotid arteries after sacubitril/valsartan treatment,,,"Purpose: To get insight into mouse strain-dependent differences in vascular remodeling, we analyzed gene expression profiles of the ligated carotid arteries after interventions in C57BL/6J and 129X1/SvJ mice Methods: mRNA isolations from snap-frozen single carotids (n=3 per group) were conducted. Tissue homogenization by Next Advance Bullet Blender with zirconium oxide beads and Trizol. Total RNA isolation using Trizol and Qiagen RNeasy Micro kit. Results: Multiple quality controls showed a reliable RNAseq of mRNAs from the ligated carotid arteries. Specifically, there was less than 2.6% drop in reads that ranged between 26.5 to 37.7 million reads. We found a good alignment and mapping to a mouse genome (82.4 - 91.0%) in this RNAseq study. A differential gene expression analysis was done by DESeq2-1.16.1 within R-3.4.1 for data normalization and differential expression analysis with an adjusted p-value threshold of 0.05 on each set of raw expression measures. Conclusions: Our study shows significant differences in gene expression signatures in carotid arteries from two inbred mouse strains after sacubitril/valsartan treatment. We conclude that genetic background determines efficacy of the sacubitril/valsartan in mice.","Mouse carotid artery mRNA profiles of C57BL/6J and 129X1/SvJ mice after two treatment regimen of vehicle, valsartan or sacubitril/valsartan were generated by deep sequencing, in triplicate, using Illumina HiSeq2500v4 high-throughput DNA sequencer.",31077344,,,252322,GPL17021,Mus musculus,GSE,Expression profiling by high throughput sequencing,2020/04/10,36,ftp://ftp.ncbi.nlm.nih.gov/geo/series/GSE129nnn/GSE129689/,Strain-selective efficacy of sacubitril/valsartan on carotid fibrosis in response to injury in two inbred mouse strains.,British journal of pharmacology,2019 Aug,10.1111/bph.14708,OSD-244|Mmus_C57-6T_TMS_BSL_LAR_Rep6_B6,Basal Control
160,GSM4263014,0.9947124123573303,GSE143581,P53 dynamics vary between tissues and are linked with radiation sensitivity,,,We used RNAseq to explore the gene expression changes induced by ionizing radiation across multiple tissues,Mouse were treated with ionizing radiation (10gy) and sacrificed at different timepoints and tissues extracted and processed for RNA,,,,331842,GPL19057,Mus musculus,GSE,Expression profiling by high throughput sequencing,2020/04/30,54,ftp://ftp.ncbi.nlm.nih.gov/geo/series/GSE143nnn/GSE143581/,,,,,OSD-244|Mmus_C57-6T_TMS_BSL_LAR_Rep7_B7,Basal Control
161,GSM6202433,0.9943987131118774,GSE204925,The C-terminus of p53 Confers Liver-Specific Gene Regulation and Radio-Resistance in vivo,,,This SuperSeries is composed of the SubSeries listed below.,Refer to individual Series,36924496,,,650277,GPL17021,Mus musculus,GSE,Expression profiling by high throughput sequencing; Genome binding/occupancy profiling by high throughput sequencing,2022/06/30,51,ftp://ftp.ncbi.nlm.nih.gov/geo/series/GSE204nnn/GSE204925/,In vivo RNA-seq and ChIP-seq analyses show an obligatory role for the C terminus of p53 in conferring tissue-specific radiation sensitivity.,Cell reports,2023 Mar 28,10.1016/j.celrep.2023.112216,OSD-244|Mmus_C57-6T_TMS_BSL_LAR_Rep7_B7,Basal Control
162,GSM2883337,0.9943403601646423,GSE107915,Loss of Capicua alters early T cell development and predisposes mice to T cell lymphoblastic leukemia/lymphoma,,,Thymic lymphomas were dissected from Cic adult knockout mice or wildtype mice transplanted with Cic adult knockout progenitors. Tissues were snap-frozen in liquid nitrogen until further analysis. RNAs were purified using the AllPrep DNA/RNA mini kit (Qiagen).,Examination of gene expression in Cic-null lymphomas versus normal thymus from control littermates,29382756,,,138946,GPL19057,Mus musculus,GSE,Expression profiling by high throughput sequencing,2018/01/18,9,ftp://ftp.ncbi.nlm.nih.gov/geo/series/GSE107nnn/GSE107915/,Loss of Capicua alters early T cell development and predisposes mice to T cell lymphoblastic leukemia/lymphoma.,Proceedings of the National Academy of Sciences of the United States of America,2018 Feb 13,10.1073/pnas.1716452115,OSD-244|Mmus_C57-6T_TMS_BSL_LAR_Rep7_B7,Basal Control
163,GSM4947033,0.9943154454231262,GSE162218,Requirement of DNMT1 to orchestrate epigenomic reprogramming for NPM-ALK driven lymphomagenesis,,,This SuperSeries is composed of the SubSeries listed below.,Refer to individual Series,33310759,,,437149,GPL21493,Mus musculus,GSE,Expression profiling by high throughput sequencing; Methylation profiling by high throughput sequencing,2020/12/08,24,ftp://ftp.ncbi.nlm.nih.gov/geo/series/GSE162nnn/GSE162218/,Requirement of DNMT1 to orchestrate epigenomic reprogramming for NPM-ALK-driven lymphomagenesis.,Life science alliance,2021 Feb,10.26508/lsa.202000794,OSD-244|Mmus_C57-6T_TMS_BSL_LAR_Rep7_B7,Basal Control
164,GSM2883338,0.994289755821228,,,,,,,,,,138947,,,,,,,,,,,,OSD-244|Mmus_C57-6T_TMS_BSL_LAR_Rep7_B7,Basal Control
165,GSM5668681,0.9942783713340759,GSE187504,Next generation sequencing for quantitative analysis of double-negative (DN) thymocyte transcriptomes from Toxf/f and Toxf/fPdcd1Cre mice.,,,"Purpose: Next-generation sequencing (NGS) has revolutionized systems-based analysis of cellular pathways. The goals of this study are to compare the difference of NGS-derived transcriptome profiling between DN thymocytes from Toxf/f and Toxf/fPdcd1Cre mice. Methods: mRNA profiles of DN thymocytes sorted by FACS from 3-4-week-old Toxf/f and Toxf/fPdcd1Cre mice were generated by deep sequencing, in triplicate, using Illumina Novaseq6000. The sequence reads that passed quality filters were analyzed at the transcript level with qRT–PCR using TaqMan and SYBR Green assays. Results: Using an optimized data analysis workflow, we mapped about 30 million sequence reads per sample to the mouse genome (Build Ensembl_release100) and identified 19,045 transcripts in the DN thymocytes of Toxf/f and Toxf/fPdcd1Cre mice with BWA workflow. RNA-seq data showed approximately 1.4% of the transcripts which were differentially expressed between the DN thymocytes from Toxf/f and Toxf/fPdcd1Cre mice, with the parameter of false discovery rate (FDR) < 0.05 and absolute fold change ≥ 2. Conclusions: Our study exhibits the detailed analysis of DN thymocyte transcriptomes with biologic replicates, generated by RNA-seq technology. The optimized data analysis here provides a framework for comparative investigations of expression profiles. The RNA-seq data allow researchers to identify the transcripts affected by TOX and to better understand the role of TOX in the development of thymocytes.",mRNA profiles of DN thymocytes from 3-4-week-old Toxf/f and Toxf/fPdcd1Cre mice,35986136,,,559566,GPL17021,Mus musculus,GSE,Expression profiling by high throughput sequencing,2022/09/28,6,ftp://ftp.ncbi.nlm.nih.gov/geo/series/GSE187nnn/GSE187504/,TOX deficiency facilitates the differentiation of IL-17A-producing γδ T cells to drive autoimmune hepatitis.,Cellular & molecular immunology,2022 Oct,10.1038/s41423-022-00912-y,OSD-244|Mmus_C57-6T_TMS_BSL_LAR_Rep7_B7,Basal Control
166,GSM1489506,0.9939860105514526,GSE60827,RNA-Seq analysis comparing p53-null versus ΔNp63Δ/Δ;p53-null or ΔNp73Δ/Δ;p53-null thymic lymphoma tumors,,,We performed an RNA-Seq analysis comparing thymic lymphoma tissues from the p53-null(n=2) and ΔNp63Δ/Δ;p53-/- (n=3) or ΔNp73Δ/Δ;p53-/-(n=3). Mice at 10 weeks of age were injected with either Ad-mCherry or Ad-CRE-mCherry to delete ΔNp63/ΔNp73 in the thymic lmyphomas. We aimed to test by deleting the DNp63/DNp73 in these p53-deficient tumors will mediate tumor regression and analyze the expression profile of the genes,Examination of thymic lymphoma tissues in 3 different genotypes (p53-/- vs ΔNp63Δ/Δ;p53-/- or ΔNp73Δ/Δ;p53-/-),25409149,,,17567,GPL13112,Mus musculus,GSE,Expression profiling by high throughput sequencing,2014/11/19,8,ftp://ftp.ncbi.nlm.nih.gov/geo/series/GSE60nnn/GSE60827/,IAPP-driven metabolic reprogramming induces regression of p53-deficient tumours in vivo.,Nature,2015 Jan 29,10.1038/nature13910,OSD-244|Mmus_C57-6T_TMS_BSL_LAR_Rep7_B7,Basal Control
167,GSM4947032,0.9937450289726257,GSE162218,Requirement of DNMT1 to orchestrate epigenomic reprogramming for NPM-ALK driven lymphomagenesis,,,This SuperSeries is composed of the SubSeries listed below.,Refer to individual Series,33310759,,,437148,GPL21493,Mus musculus,GSE,Expression profiling by high throughput sequencing; Methylation profiling by high throughput sequencing,2020/12/08,24,ftp://ftp.ncbi.nlm.nih.gov/geo/series/GSE162nnn/GSE162218/,Requirement of DNMT1 to orchestrate epigenomic reprogramming for NPM-ALK-driven lymphomagenesis.,Life science alliance,2021 Feb,10.26508/lsa.202000794,OSD-244|Mmus_C57-6T_TMS_BSL_LAR_Rep7_B7,Basal Control
168,GSM6202432,0.9937413930892944,GSE204925,The C-terminus of p53 Confers Liver-Specific Gene Regulation and Radio-Resistance in vivo,,,This SuperSeries is composed of the SubSeries listed below.,Refer to individual Series,36924496,,,650276,GPL17021,Mus musculus,GSE,Expression profiling by high throughput sequencing; Genome binding/occupancy profiling by high throughput sequencing,2022/06/30,51,ftp://ftp.ncbi.nlm.nih.gov/geo/series/GSE204nnn/GSE204925/,In vivo RNA-seq and ChIP-seq analyses show an obligatory role for the C terminus of p53 in conferring tissue-specific radiation sensitivity.,Cell reports,2023 Mar 28,10.1016/j.celrep.2023.112216,OSD-244|Mmus_C57-6T_TMS_BSL_LAR_Rep7_B7,Basal Control
169,GSM5668680,0.9936902523040771,GSE187504,Next generation sequencing for quantitative analysis of double-negative (DN) thymocyte transcriptomes from Toxf/f and Toxf/fPdcd1Cre mice.,,,"Purpose: Next-generation sequencing (NGS) has revolutionized systems-based analysis of cellular pathways. The goals of this study are to compare the difference of NGS-derived transcriptome profiling between DN thymocytes from Toxf/f and Toxf/fPdcd1Cre mice. Methods: mRNA profiles of DN thymocytes sorted by FACS from 3-4-week-old Toxf/f and Toxf/fPdcd1Cre mice were generated by deep sequencing, in triplicate, using Illumina Novaseq6000. The sequence reads that passed quality filters were analyzed at the transcript level with qRT–PCR using TaqMan and SYBR Green assays. Results: Using an optimized data analysis workflow, we mapped about 30 million sequence reads per sample to the mouse genome (Build Ensembl_release100) and identified 19,045 transcripts in the DN thymocytes of Toxf/f and Toxf/fPdcd1Cre mice with BWA workflow. RNA-seq data showed approximately 1.4% of the transcripts which were differentially expressed between the DN thymocytes from Toxf/f and Toxf/fPdcd1Cre mice, with the parameter of false discovery rate (FDR) < 0.05 and absolute fold change ≥ 2. Conclusions: Our study exhibits the detailed analysis of DN thymocyte transcriptomes with biologic replicates, generated by RNA-seq technology. The optimized data analysis here provides a framework for comparative investigations of expression profiles. The RNA-seq data allow researchers to identify the transcripts affected by TOX and to better understand the role of TOX in the development of thymocytes.",mRNA profiles of DN thymocytes from 3-4-week-old Toxf/f and Toxf/fPdcd1Cre mice,35986136,,,559565,GPL17021,Mus musculus,GSE,Expression profiling by high throughput sequencing,2022/09/28,6,ftp://ftp.ncbi.nlm.nih.gov/geo/series/GSE187nnn/GSE187504/,TOX deficiency facilitates the differentiation of IL-17A-producing γδ T cells to drive autoimmune hepatitis.,Cellular & molecular immunology,2022 Oct,10.1038/s41423-022-00912-y,OSD-244|Mmus_C57-6T_TMS_BSL_LAR_Rep7_B7,Basal Control
170,GSM5699421,0.9910134077072144,GSE189336,Persistent inflammation and nitric oxide dysregulation are transcriptomic blueprints of subglottic stenosis,,,"Subglottic stenosis (SGS) is a recurrent, obstructive, fibroinflammatory disease of the upper airway resulting in severe dyspnea, dysphonia, as well as other potentially fatal complications. Although aberrant inflammation and wound-healing are commonly associated with pathogenesis, the mechanism through which such processes occur and recur in affected patients remains poorly studied. Here we report that transcriptomic profiling of laryngotracheal regions from minimally-invasive mucosal swabs of SGS patients reveals a distinctively pro-inflammatory gene signature. Surprisingly, comparative genomics between SGS patients and mice with direct laryngotracheal injury suggest that SGS patients bear more resemblance to the acute than chronic phase of injury. Furthermore, functional and regulatory network analyses identify neutrophilic involvement through hyper-activation of NF-κB and its downstream inflammasome as a potential master regulator. Interestingly, nitric oxide synthesis was found to be downregulated in SGS patients compared to healthy controls. Thus, SGS represents a state of immunodeficiency whereby defective immune clearance triggers recurrent, long-lasting production of pro-inflammatory cytokines.",Transcriptomic profiling (RNA-seq) of human laryngotracheal swabs and murine tracheas. NEBNext® Ultra™ II RNA Library Prep Kit for Illumina® and sequenced by Novogene.,34987502,,,572665,GPL24676; GPL24247,Homo sapiens; Mus musculus,GSE,Expression profiling by high throughput sequencing,2021/12/14,35,ftp://ftp.ncbi.nlm.nih.gov/geo/series/GSE189nnn/GSE189336/,Persistent Inflammation and Nitric Oxide Dysregulation Are Transcriptomic Blueprints of Subglottic Stenosis.,Frontiers in immunology,2021,10.3389/fimmu.2021.748533,OSD-244|Mmus_C57-6T_TMS_BSL_LAR_Rep8_B8,Basal Control
171,GSM3720114,0.990064263343811,GSE129689,RNA sequencing of mouse carotid arteries after sacubitril/valsartan treatment,,,"Purpose: To get insight into mouse strain-dependent differences in vascular remodeling, we analyzed gene expression profiles of the ligated carotid arteries after interventions in C57BL/6J and 129X1/SvJ mice Methods: mRNA isolations from snap-frozen single carotids (n=3 per group) were conducted. Tissue homogenization by Next Advance Bullet Blender with zirconium oxide beads and Trizol. Total RNA isolation using Trizol and Qiagen RNeasy Micro kit. Results: Multiple quality controls showed a reliable RNAseq of mRNAs from the ligated carotid arteries. Specifically, there was less than 2.6% drop in reads that ranged between 26.5 to 37.7 million reads. We found a good alignment and mapping to a mouse genome (82.4 - 91.0%) in this RNAseq study. A differential gene expression analysis was done by DESeq2-1.16.1 within R-3.4.1 for data normalization and differential expression analysis with an adjusted p-value threshold of 0.05 on each set of raw expression measures. Conclusions: Our study shows significant differences in gene expression signatures in carotid arteries from two inbred mouse strains after sacubitril/valsartan treatment. We conclude that genetic background determines efficacy of the sacubitril/valsartan in mice.","Mouse carotid artery mRNA profiles of C57BL/6J and 129X1/SvJ mice after two treatment regimen of vehicle, valsartan or sacubitril/valsartan were generated by deep sequencing, in triplicate, using Illumina HiSeq2500v4 high-throughput DNA sequencer.",31077344,,,252304,GPL17021,Mus musculus,GSE,Expression profiling by high throughput sequencing,2020/04/10,36,ftp://ftp.ncbi.nlm.nih.gov/geo/series/GSE129nnn/GSE129689/,Strain-selective efficacy of sacubitril/valsartan on carotid fibrosis in response to injury in two inbred mouse strains.,British journal of pharmacology,2019 Aug,10.1111/bph.14708,OSD-244|Mmus_C57-6T_TMS_BSL_LAR_Rep8_B8,Basal Control
172,GSM5699415,0.9898595809936523,GSE189336,Persistent inflammation and nitric oxide dysregulation are transcriptomic blueprints of subglottic stenosis,,,"Subglottic stenosis (SGS) is a recurrent, obstructive, fibroinflammatory disease of the upper airway resulting in severe dyspnea, dysphonia, as well as other potentially fatal complications. Although aberrant inflammation and wound-healing are commonly associated with pathogenesis, the mechanism through which such processes occur and recur in affected patients remains poorly studied. Here we report that transcriptomic profiling of laryngotracheal regions from minimally-invasive mucosal swabs of SGS patients reveals a distinctively pro-inflammatory gene signature. Surprisingly, comparative genomics between SGS patients and mice with direct laryngotracheal injury suggest that SGS patients bear more resemblance to the acute than chronic phase of injury. Furthermore, functional and regulatory network analyses identify neutrophilic involvement through hyper-activation of NF-κB and its downstream inflammasome as a potential master regulator. Interestingly, nitric oxide synthesis was found to be downregulated in SGS patients compared to healthy controls. Thus, SGS represents a state of immunodeficiency whereby defective immune clearance triggers recurrent, long-lasting production of pro-inflammatory cytokines.",Transcriptomic profiling (RNA-seq) of human laryngotracheal swabs and murine tracheas. NEBNext® Ultra™ II RNA Library Prep Kit for Illumina® and sequenced by Novogene.,34987502,,,572659,GPL24676; GPL24247,Homo sapiens; Mus musculus,GSE,Expression profiling by high throughput sequencing,2021/12/14,35,ftp://ftp.ncbi.nlm.nih.gov/geo/series/GSE189nnn/GSE189336/,Persistent Inflammation and Nitric Oxide Dysregulation Are Transcriptomic Blueprints of Subglottic Stenosis.,Frontiers in immunology,2021,10.3389/fimmu.2021.748533,OSD-244|Mmus_C57-6T_TMS_BSL_LAR_Rep8_B8,Basal Control
173,GSM4905183,0.9895051121711731,GSE161350,Next Generation Sequencing Facilitates Quantitative Analysis of dermal Transcriptomes of Imiquimod (IMQ)-Induced Psoriasis-Like Dermatitis Treated by Xiao-Yin-Fang (XYF) Therapy,,,"Purpose: Next-generation sequencing (NGS) has revolutionized systems-based analysis of cellular pathways. The goals of this study are to compare dermal transcriptomes of control group (wild-type IMQ-untreated C57/BL6 mice), model group (wild-type IMQ-treated C57/BL6 mice) and XYF group (model group mice treated by XYF). Methods: Dermal mRNA profiles of control group, model group and XYF group mice were generated by deep sequencing. Total RNA samples were prepared from intact dermal ear sheets of mouse ear skin from two mice. Double-strand cDNA was generated from equal amounts of total RNA by following TruSeq8 RNA Library Prep Kit v2 (#RS-122-2001/2002, Illumina). The cDNA libraries were sequenced using Illumina Hi-seq2500. STAR software was utilized for sequence alignment between the preprocessing sequence and reference genome sequence of mice downloaded from the Ensembl database(Mus_musculus.GRCm38.90,ftp://ftp.ensembl.org/pub/release-90/gtf/mus_musculus/ Mus_musculus.GRCm38.90.chr.gtf.gz). Transcript assembly of mRNA sequencing data was performed by StringTie software. The expression levels for each of the genes were normalized to FPKM (fragments per kilobase of transcript per million fragments mapped). DESeq 2 was applied to conduct the analysis of differentially expressed genes (DEG). The cutoffs of DEG method were determined as the P value < = 0.05, the FDR value < = 0.05 and the Fold Change (FC) value > = 2. Results: Heatmap analysis of differentially expressed genes (DEG) revealed distinct transcriptomes between different groups, which displayed a partial reversal of pathological gene-expressing modifications by the treatment of XYF. Detailed comparison identified shared DEGs of opposite deviations between control group versus model group and model group versus XYF group. Kyoto Encyclopedia of Genes and Genomes (KEGG) pathway analysis uncovered the dermis from disease-model group was greatly disturbed in cytokine-cytokine receptor interaction, chemokine signaling pathways, IL-17 signaling pathway, TNF signaling pathway, Wnt signaling pathway and PI3K-Akt signaling pathway. As for XYF therapy, several metabolic pathways, Calcium signaling, cAMP signaling pathway and cGMP-PKG signaling pathway were affected within the dermis. Further Gene Set Enrichment Analysis (GSEA) exposed multiple metabolic pathways, which involved ether lipid metabolism, alpha linolenic acid metabolism, arachidonic acid metabolism, linoleic acid metabolism, glycerophospholipid metabolism, glycosaminoglycan biosynthesis heparan sulfate, along with VEGF signaling and cell cycle were considerably suppressed in the dermal tissue when given XYF. Conclusions: XYF might regulate various inflammatory signaling, metabolic processes and microvascular formation to influence γδT cell biology.",Dermal Transcriptomes of IMQ-Induced Psoriasis-Like Dermatitis Treated by XYF Therapy,33935720,,,435217,GPL21273,Mus musculus,GSE,Expression profiling by high throughput sequencing,2020/11/13,9,ftp://ftp.ncbi.nlm.nih.gov/geo/series/GSE161nnn/GSE161350/,Xiao-Yin-Fang Therapy Alleviates Psoriasis-like Skin Inflammation Through Suppressing γδT17 Cell Polarization.,Frontiers in pharmacology,2021,10.3389/fphar.2021.629513,OSD-244|Mmus_C57-6T_TMS_BSL_LAR_Rep8_B8,Basal Control
174,GSM3720130,0.9892927408218384,GSE129689,RNA sequencing of mouse carotid arteries after sacubitril/valsartan treatment,,,"Purpose: To get insight into mouse strain-dependent differences in vascular remodeling, we analyzed gene expression profiles of the ligated carotid arteries after interventions in C57BL/6J and 129X1/SvJ mice Methods: mRNA isolations from snap-frozen single carotids (n=3 per group) were conducted. Tissue homogenization by Next Advance Bullet Blender with zirconium oxide beads and Trizol. Total RNA isolation using Trizol and Qiagen RNeasy Micro kit. Results: Multiple quality controls showed a reliable RNAseq of mRNAs from the ligated carotid arteries. Specifically, there was less than 2.6% drop in reads that ranged between 26.5 to 37.7 million reads. We found a good alignment and mapping to a mouse genome (82.4 - 91.0%) in this RNAseq study. A differential gene expression analysis was done by DESeq2-1.16.1 within R-3.4.1 for data normalization and differential expression analysis with an adjusted p-value threshold of 0.05 on each set of raw expression measures. Conclusions: Our study shows significant differences in gene expression signatures in carotid arteries from two inbred mouse strains after sacubitril/valsartan treatment. We conclude that genetic background determines efficacy of the sacubitril/valsartan in mice.","Mouse carotid artery mRNA profiles of C57BL/6J and 129X1/SvJ mice after two treatment regimen of vehicle, valsartan or sacubitril/valsartan were generated by deep sequencing, in triplicate, using Illumina HiSeq2500v4 high-throughput DNA sequencer.",31077344,,,252320,GPL17021,Mus musculus,GSE,Expression profiling by high throughput sequencing,2020/04/10,36,ftp://ftp.ncbi.nlm.nih.gov/geo/series/GSE129nnn/GSE129689/,Strain-selective efficacy of sacubitril/valsartan on carotid fibrosis in response to injury in two inbred mouse strains.,British journal of pharmacology,2019 Aug,10.1111/bph.14708,OSD-244|Mmus_C57-6T_TMS_BSL_LAR_Rep8_B8,Basal Control
175,GSM5699420,0.9892303347587585,GSE189336,Persistent inflammation and nitric oxide dysregulation are transcriptomic blueprints of subglottic stenosis,,,"Subglottic stenosis (SGS) is a recurrent, obstructive, fibroinflammatory disease of the upper airway resulting in severe dyspnea, dysphonia, as well as other potentially fatal complications. Although aberrant inflammation and wound-healing are commonly associated with pathogenesis, the mechanism through which such processes occur and recur in affected patients remains poorly studied. Here we report that transcriptomic profiling of laryngotracheal regions from minimally-invasive mucosal swabs of SGS patients reveals a distinctively pro-inflammatory gene signature. Surprisingly, comparative genomics between SGS patients and mice with direct laryngotracheal injury suggest that SGS patients bear more resemblance to the acute than chronic phase of injury. Furthermore, functional and regulatory network analyses identify neutrophilic involvement through hyper-activation of NF-κB and its downstream inflammasome as a potential master regulator. Interestingly, nitric oxide synthesis was found to be downregulated in SGS patients compared to healthy controls. Thus, SGS represents a state of immunodeficiency whereby defective immune clearance triggers recurrent, long-lasting production of pro-inflammatory cytokines.",Transcriptomic profiling (RNA-seq) of human laryngotracheal swabs and murine tracheas. NEBNext® Ultra™ II RNA Library Prep Kit for Illumina® and sequenced by Novogene.,34987502,,,572664,GPL24676; GPL24247,Homo sapiens; Mus musculus,GSE,Expression profiling by high throughput sequencing,2021/12/14,35,ftp://ftp.ncbi.nlm.nih.gov/geo/series/GSE189nnn/GSE189336/,Persistent Inflammation and Nitric Oxide Dysregulation Are Transcriptomic Blueprints of Subglottic Stenosis.,Frontiers in immunology,2021,10.3389/fimmu.2021.748533,OSD-244|Mmus_C57-6T_TMS_BSL_LAR_Rep8_B8,Basal Control
176,GSM5577630,0.9890232086181641,GSE184092,Transcriptome of YTN16 tumor tissues after treatment with anti-PD-L1 or anti-CTLA-4,,,"A murine gastric cancer YTN16  is sensitive to anti-CTLA-4, but resistant to anti-PD-L1. To investigate tumor microenvironments after treatment of these mAbs, we performed RNA-Seq analyses.","C57BL/6 mice were inoculated with 5×106 YTN16 on day 0. Anti-PD-L1 (clone 10F9G2, 200 µg/mouse) or anti-CTLA4 (clone 9H10, 100 µg/mouse) antibodies were injected on days 0, 4 and 8. On days 7, 14 and 21, tumors were harvested and subjected to RNA-Seq.",35008270,,,538880,GPL24247,Mus musculus,GSE,Expression profiling by high throughput sequencing,2022/01/19,30,ftp://ftp.ncbi.nlm.nih.gov/geo/series/GSE184nnn/GSE184092/,Identification of Neoantigens in Two Murine Gastric Cancer Cell Lines Leading to the Neoantigen-Based Immunotherapy.,Cancers,2021 Dec 27,10.3390/cancers14010106,OSD-244|Mmus_C57-6T_TMS_BSL_LAR_Rep8_B8,Basal Control
177,GSM4318757,0.9889775514602661,GSE145474,RNA-seq on periodontal tisuues of  susceptible and resistant collaborative cross mice after periodontal infection,,,"We assessed alveolar bone changes of Collaborative cross (CC) lines in response to a mixed oral infection with a well-known periodontal pathogen. The CC lines showed significant variation in their response to the mixed infection. We then carried out RNA-seq analysis on periodontal tisuues of resistant CC lines, susceptible CC lines and two CC lines that showed bone formation after oral bacterial infection.","We assessed alveolar bone changes of Collaborative cross lines after periodontal infection with P.g. (strain 381) and F.n. (strain PK1594) using micro–computed tomography (µCT) (control groups were treated with PBS and 2% Carboxymethycellulose). The CC lines showed significant variation in their response to the mixed infection. We then carried out RNA-seq analysis on periodontal tisuues of two resistant CC lines (TAU-IL188, TAU-IL111), two susceptible CC lines (TAU-IL785, TAU-IL551) and two CC lines that showed bone formation after oral bacterial infection (TAU-IL2124, TAU-IL2126).",32184465,,,336704,GPL19057,Mus musculus,GSE,Expression profiling by high throughput sequencing,2020/02/19,24,ftp://ftp.ncbi.nlm.nih.gov/geo/series/GSE145nnn/GSE145474/,Translation of mouse model to human gives insights into periodontitis etiology.,Scientific reports,2020 Mar 17,10.1038/s41598-020-61819-0,OSD-244|Mmus_C57-6T_TMS_BSL_LAR_Rep8_B8,Basal Control
178,GSM4363141,0.9889208078384399,GSE146027,"Transcriptome of murine gastric cancer treated with anti-IL-17, PD-1 or CTLA-4 antibodies.",,,"YTN2 and YTN16 cells are chemically induced gastric cancer cell lines. YTN2 is spontaneously regressed in C57BL/6 mice in CD8+ T cell-dependent manner, while YTN16 grows progressively.  To investigate the interaction of tumor microenvironment and T cells, bulk RNA-Seq of total tumor RNA were performed in YTN2 and YTN16 gastric tumor-bearing mice.","Mice were inoculated with 5 ×106 YTN2 or YTN16. Anti-IL-17(clone 17F3), anti-PD-1(RMP1-14) or anti-CTLA-4 (9H10) mAbs were injected on days 3, 6, 9, and 12, days 6, 9, and 12 or days 0, 4 and 8, respectively. Tumors were harvested on day 7, 10, 14 or 21. Expression profiles were analyzed by RNA-sequencing.",33093158;35008270,,,338464,GPL24247; GPL21273,Mus musculus,GSE,Expression profiling by high throughput sequencing,2020/10/28,61,ftp://ftp.ncbi.nlm.nih.gov/geo/series/GSE146nnn/GSE146027/,Deep immunophenotyping at the single-cell level identifies a combination of anti-IL-17 and checkpoint blockade as an effective treatment in a preclinical model of data-guided personalized immunotherapy.,Journal for immunotherapy of cancer,2020 Oct,10.1136/jitc-2020-001358,OSD-244|Mmus_C57-6T_TMS_BSL_LAR_Rep8_B8,Basal Control
179,GSM5704665,0.9888582229614258,GSE189618,Mouse kidney-specific genes,,,Analysis of RNAs from multiple mouse tissues to find kidney-specific genes,"Total RNA obtained from isolated C57BL/6J mice, various tissues.",,,,573465,GPL21103,Mus musculus,GSE,Expression profiling by high throughput sequencing,2021/11/29,19,ftp://ftp.ncbi.nlm.nih.gov/geo/series/GSE189nnn/GSE189618/,,,,,OSD-244|Mmus_C57-6T_TMS_BSL_LAR_Rep8_B8,Basal Control
180,GSM3720114,0.9923148155212402,GSE129689,RNA sequencing of mouse carotid arteries after sacubitril/valsartan treatment,,,"Purpose: To get insight into mouse strain-dependent differences in vascular remodeling, we analyzed gene expression profiles of the ligated carotid arteries after interventions in C57BL/6J and 129X1/SvJ mice Methods: mRNA isolations from snap-frozen single carotids (n=3 per group) were conducted. Tissue homogenization by Next Advance Bullet Blender with zirconium oxide beads and Trizol. Total RNA isolation using Trizol and Qiagen RNeasy Micro kit. Results: Multiple quality controls showed a reliable RNAseq of mRNAs from the ligated carotid arteries. Specifically, there was less than 2.6% drop in reads that ranged between 26.5 to 37.7 million reads. We found a good alignment and mapping to a mouse genome (82.4 - 91.0%) in this RNAseq study. A differential gene expression analysis was done by DESeq2-1.16.1 within R-3.4.1 for data normalization and differential expression analysis with an adjusted p-value threshold of 0.05 on each set of raw expression measures. Conclusions: Our study shows significant differences in gene expression signatures in carotid arteries from two inbred mouse strains after sacubitril/valsartan treatment. We conclude that genetic background determines efficacy of the sacubitril/valsartan in mice.","Mouse carotid artery mRNA profiles of C57BL/6J and 129X1/SvJ mice after two treatment regimen of vehicle, valsartan or sacubitril/valsartan were generated by deep sequencing, in triplicate, using Illumina HiSeq2500v4 high-throughput DNA sequencer.",31077344,,,252304,GPL17021,Mus musculus,GSE,Expression profiling by high throughput sequencing,2020/04/10,36,ftp://ftp.ncbi.nlm.nih.gov/geo/series/GSE129nnn/GSE129689/,Strain-selective efficacy of sacubitril/valsartan on carotid fibrosis in response to injury in two inbred mouse strains.,British journal of pharmacology,2019 Aug,10.1111/bph.14708,OSD-244|Mmus_C57-6T_TMS_BSL_LAR_Rep9_B9,Basal Control
181,GSM2643073,0.9912419319152832,GSE99364,Stabilization of c-Myc protein by CAMKIIγ promotes T-cell lymphoma,,,"Although high c-Myc protein expression is observed alongside c-Myc gene amplification in some cancers, in most cases protein overexpression occurs while the amplified gene is largely absent, e.g. T-cell lymphoma (TCL). Here, Ca2+/calmodulin-dependent protein kinase II γ (CAMKIIγ) was shown to stabilize c-Myc protein by directly phosphorylating at serine 62 (S62), which represents a hitherto unknown mechanism of c-Myc protein overexpression. Further, CAMKIIγ was shown to be essential for tumor maintenance. Inhibiting CAMKIIγ with a potent CAMKIIγ-specific inhibitor destabilized c-Myc and reduced tumor burden dramatically. Importantly, high CAMKIIγ in clinical patient specimens positively correlated with increased c-Myc / pS62-c-Myc expression. Together, the CAMKIIγ:c-Myc axis critically influences the development and maintenance of TCL, and represent a novel therapeutic target for TCL.","We investigated how deleting CAMKIIγ suppressed the development of MNU-induced TCL in mice. Through RNA-sequencing, we analyzed the gene expression profiles of the thymuses of both wild-type and CAMKIIγ-/- mice, under either malignant (with MNU) or normal (without MNU) conditions.",28697340,,,113751,GPL13112,Mus musculus,GSE,Expression profiling by high throughput sequencing,2017/05/27,4,ftp://ftp.ncbi.nlm.nih.gov/geo/series/GSE99nnn/GSE99364/,Stabilization of the c-Myc Protein by CAMKIIγ Promotes T Cell Lymphoma.,Cancer cell,2017 Jul 10,10.1016/j.ccell.2017.06.001,OSD-244|Mmus_C57-6T_TMS_BSL_LAR_Rep9_B9,Basal Control
182,GSM4263018,0.9912034869194031,GSE143581,P53 dynamics vary between tissues and are linked with radiation sensitivity,,,We used RNAseq to explore the gene expression changes induced by ionizing radiation across multiple tissues,Mouse were treated with ionizing radiation (10gy) and sacrificed at different timepoints and tissues extracted and processed for RNA,,,,331846,GPL19057,Mus musculus,GSE,Expression profiling by high throughput sequencing,2020/04/30,54,ftp://ftp.ncbi.nlm.nih.gov/geo/series/GSE143nnn/GSE143581/,,,,,OSD-244|Mmus_C57-6T_TMS_BSL_LAR_Rep9_B9,Basal Control
183,GSM4263017,0.9901354312896729,GSE143581,P53 dynamics vary between tissues and are linked with radiation sensitivity,,,We used RNAseq to explore the gene expression changes induced by ionizing radiation across multiple tissues,Mouse were treated with ionizing radiation (10gy) and sacrificed at different timepoints and tissues extracted and processed for RNA,,,,331845,GPL19057,Mus musculus,GSE,Expression profiling by high throughput sequencing,2020/04/30,54,ftp://ftp.ncbi.nlm.nih.gov/geo/series/GSE143nnn/GSE143581/,,,,,OSD-244|Mmus_C57-6T_TMS_BSL_LAR_Rep9_B9,Basal Control
184,GSM6342323,0.9899728298187256,GSE218085,Epigenetically-controlled tumor antigens derived from splice junctions between exons and transposable elements,,,This SuperSeries is composed of the SubSeries listed below.,Refer to individual Series,36735776,,,658205,GPL17021; GPL24247,Mus musculus,GSE,Expression profiling by high throughput sequencing; Genome binding/occupancy profiling by high throughput sequencing,2022/11/22,133,ftp://ftp.ncbi.nlm.nih.gov/geo/series/GSE218nnn/GSE218085/,Epigenetically controlled tumor antigens derived from splice junctions between exons and transposable elements.,Science immunology,2023 Feb 3,10.1126/sciimmunol.abm6360,OSD-244|Mmus_C57-6T_TMS_BSL_LAR_Rep9_B9,Basal Control
185,GSM2643075,0.9892163872718811,GSE99364,Stabilization of c-Myc protein by CAMKIIγ promotes T-cell lymphoma,,,"Although high c-Myc protein expression is observed alongside c-Myc gene amplification in some cancers, in most cases protein overexpression occurs while the amplified gene is largely absent, e.g. T-cell lymphoma (TCL). Here, Ca2+/calmodulin-dependent protein kinase II γ (CAMKIIγ) was shown to stabilize c-Myc protein by directly phosphorylating at serine 62 (S62), which represents a hitherto unknown mechanism of c-Myc protein overexpression. Further, CAMKIIγ was shown to be essential for tumor maintenance. Inhibiting CAMKIIγ with a potent CAMKIIγ-specific inhibitor destabilized c-Myc and reduced tumor burden dramatically. Importantly, high CAMKIIγ in clinical patient specimens positively correlated with increased c-Myc / pS62-c-Myc expression. Together, the CAMKIIγ:c-Myc axis critically influences the development and maintenance of TCL, and represent a novel therapeutic target for TCL.","We investigated how deleting CAMKIIγ suppressed the development of MNU-induced TCL in mice. Through RNA-sequencing, we analyzed the gene expression profiles of the thymuses of both wild-type and CAMKIIγ-/- mice, under either malignant (with MNU) or normal (without MNU) conditions.",28697340,,,113753,GPL13112,Mus musculus,GSE,Expression profiling by high throughput sequencing,2017/05/27,4,ftp://ftp.ncbi.nlm.nih.gov/geo/series/GSE99nnn/GSE99364/,Stabilization of the c-Myc Protein by CAMKIIγ Promotes T Cell Lymphoma.,Cancer cell,2017 Jul 10,10.1016/j.ccell.2017.06.001,OSD-244|Mmus_C57-6T_TMS_BSL_LAR_Rep9_B9,Basal Control
186,GSM6022419,0.9890886545181274,GSE179798,Quantitative sequencing using BID-seq uncovers abundant pseudouridines in mammalian mRNA at base resolution,,,"Functional characterization of pseudouridine (Ψ) in mammalian messenger RNA (mRNA) has been hampered by the lack of a quantitative method that maps pseudouridine in the whole transcriptome. We report bisulfite-induced deletion sequencing (BID-seq) that utilizes a bisulfite-mediated reaction to stoichiometrically convert pseudouridine into deletion upon reverse transcription. BID-seq enabled detection of abundant pseudouridine sites with stoichiometry information in several human cell lines and 12 different mouse tissues using 10-20 ng input RNA. We uncovered consensus sequences for pseudouridine in mammalian mRNA and assigned different ‘writer’ proteins to individual pseudouridine deposition. Our results reveal a transcript stabilization role of Ψ sites installed by TRUB1 in human cancer cells. We also detected presence of Ψ within stop codons of mammalian mRNA, and confirmed the role of Ψ in promoting stop codon read-through in vivo. This new method for sensitive and comprehensive detection of Ψ sets the stage for future investigations of the roles of Ψ in diverse biological processes.","[dataset1] 20 samples (Sample 1-20): ""Input"" and ""Treated"" samples in BID-seq to detect pseudouridine in polyA+ RNA from HeLa cells of shControl and 8 human PUS synthase knockdown. (5′ SR Adapter: 5′-GUUCAGAGUUCUACAGUCCGACGAUC NNNNN-3′; See instructions of each sample about 3' SR Adapter sequences) [dataset3] 48 samples (Sample 41-88): ""Input"" and ""Treated"" samples in BID-seq to detect pseudouridine in polyA+ RNA from 12 mouse tissues. (5′ SR Adapter: 5′-GUUCAGAGUUCUACAGUCCGACGAUC NNNNN-3′; See instructions of each sample about 3' SR Adapter sequences) [dataset4] 18 samples (Sample 89-106): ""Input"" and ""Treated"" samples in BID-seq to detect pseudouridine in polyA+ RNA from wild-type HeLa, HEK293T and A549 cells. (5′ SR Adapter: 5′-GUUCAGAGUUCUACAGUCCGACGAUC-3′; See instructions of each sample about 3' SR Adapter sequences)",36302989;39789092,,,630046,GPL24676; GPL24247,Mus musculus; Homo sapiens,GSE,Expression profiling by high throughput sequencing,2022/09/05,86,ftp://ftp.ncbi.nlm.nih.gov/geo/series/GSE179nnn/GSE179798/,Quantitative sequencing using BID-seq uncovers abundant pseudouridines in mammalian mRNA at base resolution.,Nature biotechnology,2023 Mar,10.1038/s41587-022-01505-w,OSD-244|Mmus_C57-6T_TMS_BSL_LAR_Rep9_B9,Basal Control
187,GSM6022418,0.9889820218086243,GSE179798,Quantitative sequencing using BID-seq uncovers abundant pseudouridines in mammalian mRNA at base resolution,,,"Functional characterization of pseudouridine (Ψ) in mammalian messenger RNA (mRNA) has been hampered by the lack of a quantitative method that maps pseudouridine in the whole transcriptome. We report bisulfite-induced deletion sequencing (BID-seq) that utilizes a bisulfite-mediated reaction to stoichiometrically convert pseudouridine into deletion upon reverse transcription. BID-seq enabled detection of abundant pseudouridine sites with stoichiometry information in several human cell lines and 12 different mouse tissues using 10-20 ng input RNA. We uncovered consensus sequences for pseudouridine in mammalian mRNA and assigned different ‘writer’ proteins to individual pseudouridine deposition. Our results reveal a transcript stabilization role of Ψ sites installed by TRUB1 in human cancer cells. We also detected presence of Ψ within stop codons of mammalian mRNA, and confirmed the role of Ψ in promoting stop codon read-through in vivo. This new method for sensitive and comprehensive detection of Ψ sets the stage for future investigations of the roles of Ψ in diverse biological processes.","[dataset1] 20 samples (Sample 1-20): ""Input"" and ""Treated"" samples in BID-seq to detect pseudouridine in polyA+ RNA from HeLa cells of shControl and 8 human PUS synthase knockdown. (5′ SR Adapter: 5′-GUUCAGAGUUCUACAGUCCGACGAUC NNNNN-3′; See instructions of each sample about 3' SR Adapter sequences) [dataset3] 48 samples (Sample 41-88): ""Input"" and ""Treated"" samples in BID-seq to detect pseudouridine in polyA+ RNA from 12 mouse tissues. (5′ SR Adapter: 5′-GUUCAGAGUUCUACAGUCCGACGAUC NNNNN-3′; See instructions of each sample about 3' SR Adapter sequences) [dataset4] 18 samples (Sample 89-106): ""Input"" and ""Treated"" samples in BID-seq to detect pseudouridine in polyA+ RNA from wild-type HeLa, HEK293T and A549 cells. (5′ SR Adapter: 5′-GUUCAGAGUUCUACAGUCCGACGAUC-3′; See instructions of each sample about 3' SR Adapter sequences)",36302989;39789092,,,630045,GPL24676; GPL24247,Mus musculus; Homo sapiens,GSE,Expression profiling by high throughput sequencing,2022/09/05,86,ftp://ftp.ncbi.nlm.nih.gov/geo/series/GSE179nnn/GSE179798/,Quantitative sequencing using BID-seq uncovers abundant pseudouridines in mammalian mRNA at base resolution.,Nature biotechnology,2023 Mar,10.1038/s41587-022-01505-w,OSD-244|Mmus_C57-6T_TMS_BSL_LAR_Rep9_B9,Basal Control
188,GSM4263019,0.9888549447059631,GSE143581,P53 dynamics vary between tissues and are linked with radiation sensitivity,,,We used RNAseq to explore the gene expression changes induced by ionizing radiation across multiple tissues,Mouse were treated with ionizing radiation (10gy) and sacrificed at different timepoints and tissues extracted and processed for RNA,,,,331847,GPL19057,Mus musculus,GSE,Expression profiling by high throughput sequencing,2020/04/30,54,ftp://ftp.ncbi.nlm.nih.gov/geo/series/GSE143nnn/GSE143581/,,,,,OSD-244|Mmus_C57-6T_TMS_BSL_LAR_Rep9_B9,Basal Control
189,GSM4947037,0.988735020160675,GSE162218,Requirement of DNMT1 to orchestrate epigenomic reprogramming for NPM-ALK driven lymphomagenesis,,,This SuperSeries is composed of the SubSeries listed below.,Refer to individual Series,33310759,,,437153,GPL21493,Mus musculus,GSE,Expression profiling by high throughput sequencing; Methylation profiling by high throughput sequencing,2020/12/08,24,ftp://ftp.ncbi.nlm.nih.gov/geo/series/GSE162nnn/GSE162218/,Requirement of DNMT1 to orchestrate epigenomic reprogramming for NPM-ALK-driven lymphomagenesis.,Life science alliance,2021 Feb,10.26508/lsa.202000794,OSD-244|Mmus_C57-6T_TMS_BSL_LAR_Rep9_B9,Basal Control
190,GSM4116220,0.995907723903656,GSE138691,Loss of MBNL1 induces RNA mis-processing in the thymus and peripheral blood.,,,"The thymus is a primary lymphoid organ that plays an essential role in T lymphocyte maturation and selection during development of one arm of the mammalian adaptive immune response. Although transcriptional mechanisms have been well documented in thymocyte development, co-/post-transcriptional modifications are also important but have received less attention. Here, we demonstrate that the RNA alternative splicing factor MBNL1, which is sequestered in nuclear RNA foci by C(C)UG short tandem repeat expansions in myotonic dystrophy (DM), is essential for normal thymus development and function. Mbnl1 129S1 knockout mice develop postnatal thymic hyperplasia with thymocyte accumulation. Transcriptome analysis indicates numerous gene expression and RNA mis-splicing events, including transcription factors from the TCF/LEF (T-cell factor/lymphoid enhancer factor) family. CNBP, the gene affected in DM type 2 (DM2), is coordinately expressed with MBNL1 in the developing thymus and DM2 CCTG expansions induce similar transcriptome alterations in DM2 blood, which thus serve as disease-specific biomarkers.","RNA-Seq was performed on Mbnl1 knockout and wild type mouse thymi as well as human DM2, DM1, C9-ALS/FTD, sporadic ALS, and unaffected control PBMCs and/or whole blood.",32332745,,,297387,GPL17021; GPL18573,Homo sapiens; Mus musculus,GSE,Expression profiling by high throughput sequencing; Third-party reanalysis,2020/03/05,33,ftp://ftp.ncbi.nlm.nih.gov/geo/series/GSE138nnn/GSE138691/,Loss of MBNL1 induces RNA misprocessing in the thymus and peripheral blood.,Nature communications,2020 Apr 24,10.1038/s41467-020-15962-x,OSD-244|Mmus_C57-6T_TMS_GC_ISS-T_Rep10_G10,Ground Control
191,GSM4947041,0.9957083463668823,GSE162218,Requirement of DNMT1 to orchestrate epigenomic reprogramming for NPM-ALK driven lymphomagenesis,,,This SuperSeries is composed of the SubSeries listed below.,Refer to individual Series,33310759,,,437157,GPL21493,Mus musculus,GSE,Expression profiling by high throughput sequencing; Methylation profiling by high throughput sequencing,2020/12/08,24,ftp://ftp.ncbi.nlm.nih.gov/geo/series/GSE162nnn/GSE162218/,Requirement of DNMT1 to orchestrate epigenomic reprogramming for NPM-ALK-driven lymphomagenesis.,Life science alliance,2021 Feb,10.26508/lsa.202000794,OSD-244|Mmus_C57-6T_TMS_GC_ISS-T_Rep10_G10,Ground Control
192,GSM4947035,0.9956108331680298,GSE162218,Requirement of DNMT1 to orchestrate epigenomic reprogramming for NPM-ALK driven lymphomagenesis,,,This SuperSeries is composed of the SubSeries listed below.,Refer to individual Series,33310759,,,437151,GPL21493,Mus musculus,GSE,Expression profiling by high throughput sequencing; Methylation profiling by high throughput sequencing,2020/12/08,24,ftp://ftp.ncbi.nlm.nih.gov/geo/series/GSE162nnn/GSE162218/,Requirement of DNMT1 to orchestrate epigenomic reprogramming for NPM-ALK-driven lymphomagenesis.,Life science alliance,2021 Feb,10.26508/lsa.202000794,OSD-244|Mmus_C57-6T_TMS_GC_ISS-T_Rep10_G10,Ground Control
193,GSM6998471,0.9954898357391357,GSE223894,Spontaneous Development of an Autoimmune Hepatitis – Primary Biliary Cirrhosis Overlap Syndrome in dnTGFβRII Aire-/- mice,,,"Autoimmune regulator (Aire) and TGF-β signaling play an important role in central tolerance and peripheral tolerance respectively, by eliminating or suppressing the activity of autoreactive T cells. We have previously demonstrated that dnTGFβRII mice develop a defect in peripheral tolerance and a primary biliary cirrhosis (PBC) like disease. We hypothesized that by introducing the AIRE gene to this model, we would observe a more severe PBC phenotype. Interestingly, however, we demonstrate that while dnTGFβRII Aire-/- mice do manifest key histologic and serologic features of autoimmune cholangitis, they also develop mild to moderate interface hepatitis and show high levels of alanine transaminase (ALT) and antinuclear antibodies (ANA), characteristics of autoimmune hepatitis (AIH). To further understand this unique phenotype, we performed RNA-seq and flow cytometry to explore the functional pathways and immune cell pathways in the liver of dnTGFβRII Aire-/- mice. Our data revealed enrichments of programmed cell death pathways and predominant CD8+ T cell infiltrates. Depleting CD8+ T cells using an anti-CD8α antibody significantly alleviated hepatic inflammation and prolonged the lifespan of these mice. Finally, RNA-seq data indicated the clonal expansion of hepatic CD8+ T cells. In conclusion, these mice develop an autoreactive CD8+ T cell mediated autoimmune cholangitis with concurrent hepatitis that exhibits key histological and serological features of the AIH-PBC overlap syndrome, representing a novel model for the study of tolerance and autoimmune liver disease.","To explore the function state of hepatic cells in different groups, we extracted the total RNA of liver and thymus tissues or 5×10^5 hepatic CD8+ T cells from dnTGFβRII Aire-/- mice and their control littermates, then we build the cDNA library and performed the bulk RNA sequencing.",36853094,,,732338,GPL24247; GPL23479,Mus musculus,GSE,Expression profiling by high throughput sequencing,2023/02/21,22,ftp://ftp.ncbi.nlm.nih.gov/geo/series/GSE223nnn/GSE223894/,Spontaneous development of an autoimmune hepatitis - primary biliary cholangitis overlap syndrome in dnTGFβRII Aire(-/-) mice.,The Journal of pathology,2023 Jun,10.1002/path.6077,OSD-244|Mmus_C57-6T_TMS_GC_ISS-T_Rep10_G10,Ground Control
194,GSM6085262,0.9953998327255249,GSE201969,In vivo self-assembly and targeted delivery of EGFR siRNA-encapsulating small extracellular vesicles to EGFR-positive cancer cells for NSCLC therapy,,,"We designed a synthetic biology circuit encoding both an EGFR-targeting peptide (GE11) and an EGFR siRNA under the control of the cytomegalovirus (CMV) promoter. After uptake by mouse liver cells via intravenous injection, this genetic circuit can reprogram the liver cells to produce and self-assemble EGFR siRNAs into secretory small extracellular vesicles (sEVs) tagged with the GE11 peptide, after which the siRNA-encapsulating sEVs are further transported via the blood circulation and guided by the GE11 peptide to EGFR-positive tumour cells for NSCLC therapy. RNA sequencing-based transcriptomic profiling confirmed the safety and low off-target activity of in vivo self-assembled EGFR siRNAs.","EGFR DEL19 transgenic mice were administered doxycycline for 25 days and analysed by micro-CT to ensure spontaneous tumour formation in the lungs. Mice were then intravenously injected with the CMV-scrR, CMV-siRE or CMV-GE11-siRE circuit (10 mg/kg) every 2 days for a total of 7 injections. After treatment, mice were sacrificed, and normal tissues and tumours were harvested to determine the global transcriptome alterations by RNA sequencing.",,,,635614,GPL24247,Mus musculus,GSE,Expression profiling by high throughput sequencing,2024/04/30,72,ftp://ftp.ncbi.nlm.nih.gov/geo/series/GSE201nnn/GSE201969/,,,,,OSD-244|Mmus_C57-6T_TMS_GC_ISS-T_Rep10_G10,Ground Control
195,GSM4116221,0.9953866600990295,GSE138691,Loss of MBNL1 induces RNA mis-processing in the thymus and peripheral blood.,,,"The thymus is a primary lymphoid organ that plays an essential role in T lymphocyte maturation and selection during development of one arm of the mammalian adaptive immune response. Although transcriptional mechanisms have been well documented in thymocyte development, co-/post-transcriptional modifications are also important but have received less attention. Here, we demonstrate that the RNA alternative splicing factor MBNL1, which is sequestered in nuclear RNA foci by C(C)UG short tandem repeat expansions in myotonic dystrophy (DM), is essential for normal thymus development and function. Mbnl1 129S1 knockout mice develop postnatal thymic hyperplasia with thymocyte accumulation. Transcriptome analysis indicates numerous gene expression and RNA mis-splicing events, including transcription factors from the TCF/LEF (T-cell factor/lymphoid enhancer factor) family. CNBP, the gene affected in DM type 2 (DM2), is coordinately expressed with MBNL1 in the developing thymus and DM2 CCTG expansions induce similar transcriptome alterations in DM2 blood, which thus serve as disease-specific biomarkers.","RNA-Seq was performed on Mbnl1 knockout and wild type mouse thymi as well as human DM2, DM1, C9-ALS/FTD, sporadic ALS, and unaffected control PBMCs and/or whole blood.",32332745,,,297388,GPL17021; GPL18573,Homo sapiens; Mus musculus,GSE,Expression profiling by high throughput sequencing; Third-party reanalysis,2020/03/05,33,ftp://ftp.ncbi.nlm.nih.gov/geo/series/GSE138nnn/GSE138691/,Loss of MBNL1 induces RNA misprocessing in the thymus and peripheral blood.,Nature communications,2020 Apr 24,10.1038/s41467-020-15962-x,OSD-244|Mmus_C57-6T_TMS_GC_ISS-T_Rep10_G10,Ground Control
196,GSM4445403,0.9951726198196411,GSE147757,A multiple reporter protein tolerant mouse model,,,"We report the generation of a novel mouse strain that is immunologically tolerant to exogenously introduced reporter proteins ('Tol' strain). As a control, we test whether any transcriptomic changes can be observed between the Tol strain and wild-type littermate. This is tested for thymus, cerebrum and cerebellum.",Examination of transcriptomes of 3 different tissues from mice from 2 genotypes.,32472011,,,355129,GPL17021,Mus musculus,GSE,Expression profiling by high throughput sequencing,2020/04/12,22,ftp://ftp.ncbi.nlm.nih.gov/geo/series/GSE147nnn/GSE147757/,A mouse model that is immunologically tolerant to reporter and modifier proteins.,Communications biology,2020 May 29,10.1038/s42003-020-0979-0,OSD-244|Mmus_C57-6T_TMS_GC_ISS-T_Rep10_G10,Ground Control
197,GSM3467334,0.9949953556060791,GSE122496,PRC2 inactivation cooperates with JAK3 mutant signaling in the development of T-cell acute lymphoblastic leukemia,,,"T-ALL is characterized by deregulation of transcriptional control and impairment of epigenetic homeostasis. We observed that T-ALL cases with mutations in the IL7R-JAK-STAT pathway frequently harbor inactivating mutations in the PRC2 complex, in particular SUZ12 mutations. PRC2 is an epigenetic complex responsible for writing the H3K27me3 mark associated with gene repression. To assess whether loss of SUZ12 cooperates with mutant JAK3 signaling during T-ALL development, we expressed the JAK3(M511I) mutant in mouse bone marrow cells in vivo and tested the effect of Cas9-mediated inactivation of Suz12 on leukemia development. The mice developed a T-cell leukemia that infiltrated most hematological organs (bone marrow, thymus, spleen, lymph nodes, blood). At time of sacrifice the majority of cells in the blood and hematopoietic organs was JAK3(M511I) positive and Suz12 negative. Reduced Suz12 protein and H3K27me3 levels were confirmed with flow cytometry. Moreover, JAK3(M511I) also cooperates with Suz12 gRNA-mediated inactivation in vitro. Pro-T cells carrying both JAK3(M511I) and Suz12 gRNA were able to transform to IL7 independent growth, whereas single mutant (JAK3(M511I) only or Suz12 gRNA only) pro-T cells could not. In order to get insight in the mechanism of cooperation between JAK3 mutant signaling and Suz12 inactivation, we performed and integrated RNA- and ChIP-sequencing (Suz12, H3K27me3, H3K27Ac, H3K4me1, H3K4me3) on leukemic cells from the mice. This showed a global upregulation of many genes, including known PRC2 target genes upon loss of Suz12. Moreover, Suz12 was bound to promoters of Wnt signaling genes (Fzd7, Lrp4) and Wnt target genes (Axin2, Jag2, Mmp9), concomitant with high H3K27me3 levels. Loss of Suz12 led to drastic reduction of H3K27me3 at these loci and upregulation of these Wnt genes. As Wnt signaling is ectopically activated, we wanted to test whether JAK3(M511I) + Suz12 gRNA cells are more sensitive to Wnt inhibitor. JAK3(M511I) + Suz12 pro-T cells and leukemic spleen cells exhibited increased sensitivity to Wnt inhibitor compared to JAK3 mutant control cells, indicating that Wnt signaling contributes to the cooperation between Suz12 loss and JAK3 mutant signaling. In conclusion, our data show that Suz12 inactivation cooperates with mutant JAK3 signaling to drive leukemia development in vivo and demonstrates the use of Cas9 transgenic mice to study the role of tumor suppressor genes in T-ALL mouse models. Moreover, Suz12 loss leads to ectopic activation of Wnt signaling, a pathway contributing to the cooperation of Suz12 loss and JAK3 mutant signaling that can also be targeted with inhibitors.","RNA-sequencing of transgenic mouse samples with different conditions: wildtype, JAK3 mutant, SUZ12 inactivation, JAK3 mutant+SUZ12 inactivation ChIPmentation sequencing in transgenic mouse samples with different conditions (see RNA-sequencing) with multiple antibodies: Suz12, H3K27ac, H3K27me3, H3K4me3, H3K4me1",31492675,,,214821,GPL17021,Mus musculus,GSE,Expression profiling by high throughput sequencing; Genome binding/occupancy profiling by high throughput sequencing,2019/03/01,57,ftp://ftp.ncbi.nlm.nih.gov/geo/series/GSE122nnn/GSE122496/,Suz12 inactivation cooperates with JAK3 mutant signaling in the development of T-cell acute lymphoblastic leukemia.,Blood,2019 Oct 17,10.1182/blood.2019000015,OSD-244|Mmus_C57-6T_TMS_GC_ISS-T_Rep10_G10,Ground Control
198,GSM4445410,0.9949549436569214,GSE147757,A multiple reporter protein tolerant mouse model,,,"We report the generation of a novel mouse strain that is immunologically tolerant to exogenously introduced reporter proteins ('Tol' strain). As a control, we test whether any transcriptomic changes can be observed between the Tol strain and wild-type littermate. This is tested for thymus, cerebrum and cerebellum.",Examination of transcriptomes of 3 different tissues from mice from 2 genotypes.,32472011,,,355136,GPL17021,Mus musculus,GSE,Expression profiling by high throughput sequencing,2020/04/12,22,ftp://ftp.ncbi.nlm.nih.gov/geo/series/GSE147nnn/GSE147757/,A mouse model that is immunologically tolerant to reporter and modifier proteins.,Communications biology,2020 May 29,10.1038/s42003-020-0979-0,OSD-244|Mmus_C57-6T_TMS_GC_ISS-T_Rep10_G10,Ground Control
199,GSM4445409,0.9949445128440857,GSE147757,A multiple reporter protein tolerant mouse model,,,"We report the generation of a novel mouse strain that is immunologically tolerant to exogenously introduced reporter proteins ('Tol' strain). As a control, we test whether any transcriptomic changes can be observed between the Tol strain and wild-type littermate. This is tested for thymus, cerebrum and cerebellum.",Examination of transcriptomes of 3 different tissues from mice from 2 genotypes.,32472011,,,355135,GPL17021,Mus musculus,GSE,Expression profiling by high throughput sequencing,2020/04/12,22,ftp://ftp.ncbi.nlm.nih.gov/geo/series/GSE147nnn/GSE147757/,A mouse model that is immunologically tolerant to reporter and modifier proteins.,Communications biology,2020 May 29,10.1038/s42003-020-0979-0,OSD-244|Mmus_C57-6T_TMS_GC_ISS-T_Rep10_G10,Ground Control
200,GSM5668681,0.9927781820297241,GSE187504,Next generation sequencing for quantitative analysis of double-negative (DN) thymocyte transcriptomes from Toxf/f and Toxf/fPdcd1Cre mice.,,,"Purpose: Next-generation sequencing (NGS) has revolutionized systems-based analysis of cellular pathways. The goals of this study are to compare the difference of NGS-derived transcriptome profiling between DN thymocytes from Toxf/f and Toxf/fPdcd1Cre mice. Methods: mRNA profiles of DN thymocytes sorted by FACS from 3-4-week-old Toxf/f and Toxf/fPdcd1Cre mice were generated by deep sequencing, in triplicate, using Illumina Novaseq6000. The sequence reads that passed quality filters were analyzed at the transcript level with qRT–PCR using TaqMan and SYBR Green assays. Results: Using an optimized data analysis workflow, we mapped about 30 million sequence reads per sample to the mouse genome (Build Ensembl_release100) and identified 19,045 transcripts in the DN thymocytes of Toxf/f and Toxf/fPdcd1Cre mice with BWA workflow. RNA-seq data showed approximately 1.4% of the transcripts which were differentially expressed between the DN thymocytes from Toxf/f and Toxf/fPdcd1Cre mice, with the parameter of false discovery rate (FDR) < 0.05 and absolute fold change ≥ 2. Conclusions: Our study exhibits the detailed analysis of DN thymocyte transcriptomes with biologic replicates, generated by RNA-seq technology. The optimized data analysis here provides a framework for comparative investigations of expression profiles. The RNA-seq data allow researchers to identify the transcripts affected by TOX and to better understand the role of TOX in the development of thymocytes.",mRNA profiles of DN thymocytes from 3-4-week-old Toxf/f and Toxf/fPdcd1Cre mice,35986136,,,559566,GPL17021,Mus musculus,GSE,Expression profiling by high throughput sequencing,2022/09/28,6,ftp://ftp.ncbi.nlm.nih.gov/geo/series/GSE187nnn/GSE187504/,TOX deficiency facilitates the differentiation of IL-17A-producing γδ T cells to drive autoimmune hepatitis.,Cellular & molecular immunology,2022 Oct,10.1038/s41423-022-00912-y,OSD-244|Mmus_C57-6T_TMS_GC_ISS-T_Rep1_G1,Ground Control
201,GSM4947033,0.9925515055656433,GSE162218,Requirement of DNMT1 to orchestrate epigenomic reprogramming for NPM-ALK driven lymphomagenesis,,,This SuperSeries is composed of the SubSeries listed below.,Refer to individual Series,33310759,,,437149,GPL21493,Mus musculus,GSE,Expression profiling by high throughput sequencing; Methylation profiling by high throughput sequencing,2020/12/08,24,ftp://ftp.ncbi.nlm.nih.gov/geo/series/GSE162nnn/GSE162218/,Requirement of DNMT1 to orchestrate epigenomic reprogramming for NPM-ALK-driven lymphomagenesis.,Life science alliance,2021 Feb,10.26508/lsa.202000794,OSD-244|Mmus_C57-6T_TMS_GC_ISS-T_Rep1_G1,Ground Control
202,GSM4263014,0.9924968481063843,GSE143581,P53 dynamics vary between tissues and are linked with radiation sensitivity,,,We used RNAseq to explore the gene expression changes induced by ionizing radiation across multiple tissues,Mouse were treated with ionizing radiation (10gy) and sacrificed at different timepoints and tissues extracted and processed for RNA,,,,331842,GPL19057,Mus musculus,GSE,Expression profiling by high throughput sequencing,2020/04/30,54,ftp://ftp.ncbi.nlm.nih.gov/geo/series/GSE143nnn/GSE143581/,,,,,OSD-244|Mmus_C57-6T_TMS_GC_ISS-T_Rep1_G1,Ground Control
203,GSM4947042,0.9924352765083313,GSE162218,Requirement of DNMT1 to orchestrate epigenomic reprogramming for NPM-ALK driven lymphomagenesis,,,This SuperSeries is composed of the SubSeries listed below.,Refer to individual Series,33310759,,,437158,GPL21493,Mus musculus,GSE,Expression profiling by high throughput sequencing; Methylation profiling by high throughput sequencing,2020/12/08,24,ftp://ftp.ncbi.nlm.nih.gov/geo/series/GSE162nnn/GSE162218/,Requirement of DNMT1 to orchestrate epigenomic reprogramming for NPM-ALK-driven lymphomagenesis.,Life science alliance,2021 Feb,10.26508/lsa.202000794,OSD-244|Mmus_C57-6T_TMS_GC_ISS-T_Rep1_G1,Ground Control
204,GSM4947032,0.9924314618110657,GSE162218,Requirement of DNMT1 to orchestrate epigenomic reprogramming for NPM-ALK driven lymphomagenesis,,,This SuperSeries is composed of the SubSeries listed below.,Refer to individual Series,33310759,,,437148,GPL21493,Mus musculus,GSE,Expression profiling by high throughput sequencing; Methylation profiling by high throughput sequencing,2020/12/08,24,ftp://ftp.ncbi.nlm.nih.gov/geo/series/GSE162nnn/GSE162218/,Requirement of DNMT1 to orchestrate epigenomic reprogramming for NPM-ALK-driven lymphomagenesis.,Life science alliance,2021 Feb,10.26508/lsa.202000794,OSD-244|Mmus_C57-6T_TMS_GC_ISS-T_Rep1_G1,Ground Control
205,GSM5668680,0.992162823677063,GSE187504,Next generation sequencing for quantitative analysis of double-negative (DN) thymocyte transcriptomes from Toxf/f and Toxf/fPdcd1Cre mice.,,,"Purpose: Next-generation sequencing (NGS) has revolutionized systems-based analysis of cellular pathways. The goals of this study are to compare the difference of NGS-derived transcriptome profiling between DN thymocytes from Toxf/f and Toxf/fPdcd1Cre mice. Methods: mRNA profiles of DN thymocytes sorted by FACS from 3-4-week-old Toxf/f and Toxf/fPdcd1Cre mice were generated by deep sequencing, in triplicate, using Illumina Novaseq6000. The sequence reads that passed quality filters were analyzed at the transcript level with qRT–PCR using TaqMan and SYBR Green assays. Results: Using an optimized data analysis workflow, we mapped about 30 million sequence reads per sample to the mouse genome (Build Ensembl_release100) and identified 19,045 transcripts in the DN thymocytes of Toxf/f and Toxf/fPdcd1Cre mice with BWA workflow. RNA-seq data showed approximately 1.4% of the transcripts which were differentially expressed between the DN thymocytes from Toxf/f and Toxf/fPdcd1Cre mice, with the parameter of false discovery rate (FDR) < 0.05 and absolute fold change ≥ 2. Conclusions: Our study exhibits the detailed analysis of DN thymocyte transcriptomes with biologic replicates, generated by RNA-seq technology. The optimized data analysis here provides a framework for comparative investigations of expression profiles. The RNA-seq data allow researchers to identify the transcripts affected by TOX and to better understand the role of TOX in the development of thymocytes.",mRNA profiles of DN thymocytes from 3-4-week-old Toxf/f and Toxf/fPdcd1Cre mice,35986136,,,559565,GPL17021,Mus musculus,GSE,Expression profiling by high throughput sequencing,2022/09/28,6,ftp://ftp.ncbi.nlm.nih.gov/geo/series/GSE187nnn/GSE187504/,TOX deficiency facilitates the differentiation of IL-17A-producing γδ T cells to drive autoimmune hepatitis.,Cellular & molecular immunology,2022 Oct,10.1038/s41423-022-00912-y,OSD-244|Mmus_C57-6T_TMS_GC_ISS-T_Rep1_G1,Ground Control
206,GSM6202433,0.9920186996459961,GSE204925,The C-terminus of p53 Confers Liver-Specific Gene Regulation and Radio-Resistance in vivo,,,This SuperSeries is composed of the SubSeries listed below.,Refer to individual Series,36924496,,,650277,GPL17021,Mus musculus,GSE,Expression profiling by high throughput sequencing; Genome binding/occupancy profiling by high throughput sequencing,2022/06/30,51,ftp://ftp.ncbi.nlm.nih.gov/geo/series/GSE204nnn/GSE204925/,In vivo RNA-seq and ChIP-seq analyses show an obligatory role for the C terminus of p53 in conferring tissue-specific radiation sensitivity.,Cell reports,2023 Mar 28,10.1016/j.celrep.2023.112216,OSD-244|Mmus_C57-6T_TMS_GC_ISS-T_Rep1_G1,Ground Control
207,GSM4947034,0.991924524307251,GSE162218,Requirement of DNMT1 to orchestrate epigenomic reprogramming for NPM-ALK driven lymphomagenesis,,,This SuperSeries is composed of the SubSeries listed below.,Refer to individual Series,33310759,,,437150,GPL21493,Mus musculus,GSE,Expression profiling by high throughput sequencing; Methylation profiling by high throughput sequencing,2020/12/08,24,ftp://ftp.ncbi.nlm.nih.gov/geo/series/GSE162nnn/GSE162218/,Requirement of DNMT1 to orchestrate epigenomic reprogramming for NPM-ALK-driven lymphomagenesis.,Life science alliance,2021 Feb,10.26508/lsa.202000794,OSD-244|Mmus_C57-6T_TMS_GC_ISS-T_Rep1_G1,Ground Control
208,GSM2508198,0.9917920231819153,GSE95371,RNA-seq analysis in MMTV-TGF- α Mice thymus,,,we report the comperative transcriptome analysis of the MMTV-TGF- α female mice thymus tissues,3 different fed types,29511668,,,97260,GPL21103,Mus musculus,GSE,Expression profiling by high throughput sequencing,2018/04/11,3,ftp://ftp.ncbi.nlm.nih.gov/geo/series/GSE95nnn/GSE95371/,Transcriptome Analysis of the Thymus in Short-Term Calorie-Restricted Mice Using RNA-seq.,International journal of genomics,2018,10.1155/2018/7647980,OSD-244|Mmus_C57-6T_TMS_GC_ISS-T_Rep1_G1,Ground Control
209,GSM4774823,0.9916599988937378,GSE157769,RNA sequencing of tumors from PPM1D transgenic mouse model,,,"The majority of cancers harbor alterations of the tumor suppressor TP53. However, childhood cancers, including unfavorable neuroblastoma, often lack TP53 mutations despite frequent loss of p53 function, suggesting alternative p53 inactivating mechanisms. Our study show that frequent gain of the p53-regulating gene PPM1D at chromosome 17q22.3 is linked to aggressive tumors and poor prognosis in neuroblastoma. A PPM1D transgenic mouse model develops cancers phenotypically and genetically similar to tumors arising in mice with dysfunctional p53 when subjected to low-dose irradiation. Tumors include T-cell lymphomas harboring Notch1- and Pten-mutations, adenocarcinomas and PHOX2B-expressing neuroblastomas, therey establishing PPM1D as a bona fide oncogene in wtTP53 cancer and childhood neuroblastoma. Pharmacological inhibition of WIP1 suppressed the growth of neural tumors in nude mice, proposing WIP1 as a therapeutic target in neural childhood tumors.","Transgenic mice overexpressing PPM1D were subject to low-dose radiation and subsequently developed thymic lymphomas. Bulk RNA sequencing was performed on a total of 24 samples from 24 mice: 14 thymic lymphomas and 10 controls (thymic tissue from healthy mice). Controls were divided into four groups based on irradiation status and genotype: wild-type non-irradiated (n = 3), PPM1D-transgenic non-irradiated (n = 3), wild-type irradiated (n = 2), PPM1D-transgenic irradiated (n = 2). mRNA libraries were generated using the TruSeq Stranded cDNA kit (Illumina) and sequenced on the HiSeq 2500 platform for paired-end reads with a length of 100-125 bp for all samples.",34771656,,,415284,GPL17021,Mus musculus,GSE,Expression profiling by high throughput sequencing,2020/12/31,24,ftp://ftp.ncbi.nlm.nih.gov/geo/series/GSE157nnn/GSE157769/,High Expression of PPM1D Induces Tumors Phenotypically Similar to TP53 Loss-of-Function Mutations in Mice.,Cancers,2021 Oct 31,10.3390/cancers13215493,OSD-244|Mmus_C57-6T_TMS_GC_ISS-T_Rep1_G1,Ground Control
210,GSM5668681,0.9925684332847595,GSE187504,Next generation sequencing for quantitative analysis of double-negative (DN) thymocyte transcriptomes from Toxf/f and Toxf/fPdcd1Cre mice.,,,"Purpose: Next-generation sequencing (NGS) has revolutionized systems-based analysis of cellular pathways. The goals of this study are to compare the difference of NGS-derived transcriptome profiling between DN thymocytes from Toxf/f and Toxf/fPdcd1Cre mice. Methods: mRNA profiles of DN thymocytes sorted by FACS from 3-4-week-old Toxf/f and Toxf/fPdcd1Cre mice were generated by deep sequencing, in triplicate, using Illumina Novaseq6000. The sequence reads that passed quality filters were analyzed at the transcript level with qRT–PCR using TaqMan and SYBR Green assays. Results: Using an optimized data analysis workflow, we mapped about 30 million sequence reads per sample to the mouse genome (Build Ensembl_release100) and identified 19,045 transcripts in the DN thymocytes of Toxf/f and Toxf/fPdcd1Cre mice with BWA workflow. RNA-seq data showed approximately 1.4% of the transcripts which were differentially expressed between the DN thymocytes from Toxf/f and Toxf/fPdcd1Cre mice, with the parameter of false discovery rate (FDR) < 0.05 and absolute fold change ≥ 2. Conclusions: Our study exhibits the detailed analysis of DN thymocyte transcriptomes with biologic replicates, generated by RNA-seq technology. The optimized data analysis here provides a framework for comparative investigations of expression profiles. The RNA-seq data allow researchers to identify the transcripts affected by TOX and to better understand the role of TOX in the development of thymocytes.",mRNA profiles of DN thymocytes from 3-4-week-old Toxf/f and Toxf/fPdcd1Cre mice,35986136,,,559566,GPL17021,Mus musculus,GSE,Expression profiling by high throughput sequencing,2022/09/28,6,ftp://ftp.ncbi.nlm.nih.gov/geo/series/GSE187nnn/GSE187504/,TOX deficiency facilitates the differentiation of IL-17A-producing γδ T cells to drive autoimmune hepatitis.,Cellular & molecular immunology,2022 Oct,10.1038/s41423-022-00912-y,OSD-244|Mmus_C57-6T_TMS_GC_ISS-T_Rep2_G2,Ground Control
211,GSM1489506,0.9923385977745056,GSE60827,RNA-Seq analysis comparing p53-null versus ΔNp63Δ/Δ;p53-null or ΔNp73Δ/Δ;p53-null thymic lymphoma tumors,,,We performed an RNA-Seq analysis comparing thymic lymphoma tissues from the p53-null(n=2) and ΔNp63Δ/Δ;p53-/- (n=3) or ΔNp73Δ/Δ;p53-/-(n=3). Mice at 10 weeks of age were injected with either Ad-mCherry or Ad-CRE-mCherry to delete ΔNp63/ΔNp73 in the thymic lmyphomas. We aimed to test by deleting the DNp63/DNp73 in these p53-deficient tumors will mediate tumor regression and analyze the expression profile of the genes,Examination of thymic lymphoma tissues in 3 different genotypes (p53-/- vs ΔNp63Δ/Δ;p53-/- or ΔNp73Δ/Δ;p53-/-),25409149,,,17567,GPL13112,Mus musculus,GSE,Expression profiling by high throughput sequencing,2014/11/19,8,ftp://ftp.ncbi.nlm.nih.gov/geo/series/GSE60nnn/GSE60827/,IAPP-driven metabolic reprogramming induces regression of p53-deficient tumours in vivo.,Nature,2015 Jan 29,10.1038/nature13910,OSD-244|Mmus_C57-6T_TMS_GC_ISS-T_Rep2_G2,Ground Control
212,GSM4947033,0.992275595664978,GSE162218,Requirement of DNMT1 to orchestrate epigenomic reprogramming for NPM-ALK driven lymphomagenesis,,,This SuperSeries is composed of the SubSeries listed below.,Refer to individual Series,33310759,,,437149,GPL21493,Mus musculus,GSE,Expression profiling by high throughput sequencing; Methylation profiling by high throughput sequencing,2020/12/08,24,ftp://ftp.ncbi.nlm.nih.gov/geo/series/GSE162nnn/GSE162218/,Requirement of DNMT1 to orchestrate epigenomic reprogramming for NPM-ALK-driven lymphomagenesis.,Life science alliance,2021 Feb,10.26508/lsa.202000794,OSD-244|Mmus_C57-6T_TMS_GC_ISS-T_Rep2_G2,Ground Control
213,GSM6202433,0.9921936392784119,GSE204925,The C-terminus of p53 Confers Liver-Specific Gene Regulation and Radio-Resistance in vivo,,,This SuperSeries is composed of the SubSeries listed below.,Refer to individual Series,36924496,,,650277,GPL17021,Mus musculus,GSE,Expression profiling by high throughput sequencing; Genome binding/occupancy profiling by high throughput sequencing,2022/06/30,51,ftp://ftp.ncbi.nlm.nih.gov/geo/series/GSE204nnn/GSE204925/,In vivo RNA-seq and ChIP-seq analyses show an obligatory role for the C terminus of p53 in conferring tissue-specific radiation sensitivity.,Cell reports,2023 Mar 28,10.1016/j.celrep.2023.112216,OSD-244|Mmus_C57-6T_TMS_GC_ISS-T_Rep2_G2,Ground Control
214,GSM2883337,0.9920358657836914,GSE107915,Loss of Capicua alters early T cell development and predisposes mice to T cell lymphoblastic leukemia/lymphoma,,,Thymic lymphomas were dissected from Cic adult knockout mice or wildtype mice transplanted with Cic adult knockout progenitors. Tissues were snap-frozen in liquid nitrogen until further analysis. RNAs were purified using the AllPrep DNA/RNA mini kit (Qiagen).,Examination of gene expression in Cic-null lymphomas versus normal thymus from control littermates,29382756,,,138946,GPL19057,Mus musculus,GSE,Expression profiling by high throughput sequencing,2018/01/18,9,ftp://ftp.ncbi.nlm.nih.gov/geo/series/GSE107nnn/GSE107915/,Loss of Capicua alters early T cell development and predisposes mice to T cell lymphoblastic leukemia/lymphoma.,Proceedings of the National Academy of Sciences of the United States of America,2018 Feb 13,10.1073/pnas.1716452115,OSD-244|Mmus_C57-6T_TMS_GC_ISS-T_Rep2_G2,Ground Control
215,GSM2883338,0.9919336438179016,GSE107915,Loss of Capicua alters early T cell development and predisposes mice to T cell lymphoblastic leukemia/lymphoma,,,Thymic lymphomas were dissected from Cic adult knockout mice or wildtype mice transplanted with Cic adult knockout progenitors. Tissues were snap-frozen in liquid nitrogen until further analysis. RNAs were purified using the AllPrep DNA/RNA mini kit (Qiagen).,Examination of gene expression in Cic-null lymphomas versus normal thymus from control littermates,29382756,,,138947,GPL19057,Mus musculus,GSE,Expression profiling by high throughput sequencing,2018/01/18,9,ftp://ftp.ncbi.nlm.nih.gov/geo/series/GSE107nnn/GSE107915/,Loss of Capicua alters early T cell development and predisposes mice to T cell lymphoblastic leukemia/lymphoma.,Proceedings of the National Academy of Sciences of the United States of America,2018 Feb 13,10.1073/pnas.1716452115,OSD-244|Mmus_C57-6T_TMS_GC_ISS-T_Rep2_G2,Ground Control
216,GSM5668680,0.9918519258499146,GSE187504,Next generation sequencing for quantitative analysis of double-negative (DN) thymocyte transcriptomes from Toxf/f and Toxf/fPdcd1Cre mice.,,,"Purpose: Next-generation sequencing (NGS) has revolutionized systems-based analysis of cellular pathways. The goals of this study are to compare the difference of NGS-derived transcriptome profiling between DN thymocytes from Toxf/f and Toxf/fPdcd1Cre mice. Methods: mRNA profiles of DN thymocytes sorted by FACS from 3-4-week-old Toxf/f and Toxf/fPdcd1Cre mice were generated by deep sequencing, in triplicate, using Illumina Novaseq6000. The sequence reads that passed quality filters were analyzed at the transcript level with qRT–PCR using TaqMan and SYBR Green assays. Results: Using an optimized data analysis workflow, we mapped about 30 million sequence reads per sample to the mouse genome (Build Ensembl_release100) and identified 19,045 transcripts in the DN thymocytes of Toxf/f and Toxf/fPdcd1Cre mice with BWA workflow. RNA-seq data showed approximately 1.4% of the transcripts which were differentially expressed between the DN thymocytes from Toxf/f and Toxf/fPdcd1Cre mice, with the parameter of false discovery rate (FDR) < 0.05 and absolute fold change ≥ 2. Conclusions: Our study exhibits the detailed analysis of DN thymocyte transcriptomes with biologic replicates, generated by RNA-seq technology. The optimized data analysis here provides a framework for comparative investigations of expression profiles. The RNA-seq data allow researchers to identify the transcripts affected by TOX and to better understand the role of TOX in the development of thymocytes.",mRNA profiles of DN thymocytes from 3-4-week-old Toxf/f and Toxf/fPdcd1Cre mice,35986136,,,559565,GPL17021,Mus musculus,GSE,Expression profiling by high throughput sequencing,2022/09/28,6,ftp://ftp.ncbi.nlm.nih.gov/geo/series/GSE187nnn/GSE187504/,TOX deficiency facilitates the differentiation of IL-17A-producing γδ T cells to drive autoimmune hepatitis.,Cellular & molecular immunology,2022 Oct,10.1038/s41423-022-00912-y,OSD-244|Mmus_C57-6T_TMS_GC_ISS-T_Rep2_G2,Ground Control
217,GSM4263014,0.9917344450950623,GSE143581,P53 dynamics vary between tissues and are linked with radiation sensitivity,,,We used RNAseq to explore the gene expression changes induced by ionizing radiation across multiple tissues,Mouse were treated with ionizing radiation (10gy) and sacrificed at different timepoints and tissues extracted and processed for RNA,,,,331842,GPL19057,Mus musculus,GSE,Expression profiling by high throughput sequencing,2020/04/30,54,ftp://ftp.ncbi.nlm.nih.gov/geo/series/GSE143nnn/GSE143581/,,,,,OSD-244|Mmus_C57-6T_TMS_GC_ISS-T_Rep2_G2,Ground Control
218,GSM6202442,0.9915964603424072,GSE204925,The C-terminus of p53 Confers Liver-Specific Gene Regulation and Radio-Resistance in vivo,,,This SuperSeries is composed of the SubSeries listed below.,Refer to individual Series,36924496,,,650286,GPL17021,Mus musculus,GSE,Expression profiling by high throughput sequencing; Genome binding/occupancy profiling by high throughput sequencing,2022/06/30,51,ftp://ftp.ncbi.nlm.nih.gov/geo/series/GSE204nnn/GSE204925/,In vivo RNA-seq and ChIP-seq analyses show an obligatory role for the C terminus of p53 in conferring tissue-specific radiation sensitivity.,Cell reports,2023 Mar 28,10.1016/j.celrep.2023.112216,OSD-244|Mmus_C57-6T_TMS_GC_ISS-T_Rep2_G2,Ground Control
219,GSM4947032,0.9915530681610107,GSE162218,Requirement of DNMT1 to orchestrate epigenomic reprogramming for NPM-ALK driven lymphomagenesis,,,This SuperSeries is composed of the SubSeries listed below.,Refer to individual Series,33310759,,,437148,GPL21493,Mus musculus,GSE,Expression profiling by high throughput sequencing; Methylation profiling by high throughput sequencing,2020/12/08,24,ftp://ftp.ncbi.nlm.nih.gov/geo/series/GSE162nnn/GSE162218/,Requirement of DNMT1 to orchestrate epigenomic reprogramming for NPM-ALK-driven lymphomagenesis.,Life science alliance,2021 Feb,10.26508/lsa.202000794,OSD-244|Mmus_C57-6T_TMS_GC_ISS-T_Rep2_G2,Ground Control
220,GSM4947037,0.9914052486419678,GSE162218,Requirement of DNMT1 to orchestrate epigenomic reprogramming for NPM-ALK driven lymphomagenesis,,,This SuperSeries is composed of the SubSeries listed below.,Refer to individual Series,33310759,,,437153,GPL21493,Mus musculus,GSE,Expression profiling by high throughput sequencing; Methylation profiling by high throughput sequencing,2020/12/08,24,ftp://ftp.ncbi.nlm.nih.gov/geo/series/GSE162nnn/GSE162218/,Requirement of DNMT1 to orchestrate epigenomic reprogramming for NPM-ALK-driven lymphomagenesis.,Life science alliance,2021 Feb,10.26508/lsa.202000794,OSD-244|Mmus_C57-6T_TMS_GC_ISS-T_Rep3_G3,Ground Control
221,GSM4292064,0.9911952018737793,GSE144618,Inhibition of longevity regulator PAPP-A modulates tissue homeostasis via restraint of mesenchymal stromal cells,,,This SuperSeries is composed of the SubSeries listed below.,Refer to individual Series,33561324,,,334116,GPL21103,Mus musculus,GSE,Expression profiling by high throughput sequencing,2021/02/01,255,ftp://ftp.ncbi.nlm.nih.gov/geo/series/GSE144nnn/GSE144618/,Inhibition of longevity regulator PAPP-A modulates tissue homeostasis via restraint of mesenchymal stromal cells.,Aging cell,2021 Mar,10.1111/acel.13313,OSD-244|Mmus_C57-6T_TMS_GC_ISS-T_Rep3_G3,Ground Control
222,GSM3720114,0.9900857210159302,GSE129689,RNA sequencing of mouse carotid arteries after sacubitril/valsartan treatment,,,"Purpose: To get insight into mouse strain-dependent differences in vascular remodeling, we analyzed gene expression profiles of the ligated carotid arteries after interventions in C57BL/6J and 129X1/SvJ mice Methods: mRNA isolations from snap-frozen single carotids (n=3 per group) were conducted. Tissue homogenization by Next Advance Bullet Blender with zirconium oxide beads and Trizol. Total RNA isolation using Trizol and Qiagen RNeasy Micro kit. Results: Multiple quality controls showed a reliable RNAseq of mRNAs from the ligated carotid arteries. Specifically, there was less than 2.6% drop in reads that ranged between 26.5 to 37.7 million reads. We found a good alignment and mapping to a mouse genome (82.4 - 91.0%) in this RNAseq study. A differential gene expression analysis was done by DESeq2-1.16.1 within R-3.4.1 for data normalization and differential expression analysis with an adjusted p-value threshold of 0.05 on each set of raw expression measures. Conclusions: Our study shows significant differences in gene expression signatures in carotid arteries from two inbred mouse strains after sacubitril/valsartan treatment. We conclude that genetic background determines efficacy of the sacubitril/valsartan in mice.","Mouse carotid artery mRNA profiles of C57BL/6J and 129X1/SvJ mice after two treatment regimen of vehicle, valsartan or sacubitril/valsartan were generated by deep sequencing, in triplicate, using Illumina HiSeq2500v4 high-throughput DNA sequencer.",31077344,,,252304,GPL17021,Mus musculus,GSE,Expression profiling by high throughput sequencing,2020/04/10,36,ftp://ftp.ncbi.nlm.nih.gov/geo/series/GSE129nnn/GSE129689/,Strain-selective efficacy of sacubitril/valsartan on carotid fibrosis in response to injury in two inbred mouse strains.,British journal of pharmacology,2019 Aug,10.1111/bph.14708,OSD-244|Mmus_C57-6T_TMS_GC_ISS-T_Rep3_G3,Ground Control
223,GSM6202434,0.988674521446228,GSE204925,The C-terminus of p53 Confers Liver-Specific Gene Regulation and Radio-Resistance in vivo,,,This SuperSeries is composed of the SubSeries listed below.,Refer to individual Series,36924496,,,650278,GPL17021,Mus musculus,GSE,Expression profiling by high throughput sequencing; Genome binding/occupancy profiling by high throughput sequencing,2022/06/30,51,ftp://ftp.ncbi.nlm.nih.gov/geo/series/GSE204nnn/GSE204925/,In vivo RNA-seq and ChIP-seq analyses show an obligatory role for the C terminus of p53 in conferring tissue-specific radiation sensitivity.,Cell reports,2023 Mar 28,10.1016/j.celrep.2023.112216,OSD-244|Mmus_C57-6T_TMS_GC_ISS-T_Rep3_G3,Ground Control
224,GSM2973228,0.9884665012359619,GSE109883,Global gene expression profiling reveal distinct molecular profiles between p53-sensitive and p53-resistant T-cell lymphomas,,,"TP53 mutations occur in approximately 50% of all human tumors with increased frequency in aggressive cancers that are notoriously difficult to treat. Additionally, p53 missense mutations are remarkably predictive of refractoriness to chemo/radiotherapy in various malignancies. These observations have led to the development of mutant-p53 targeting agents that restore p53 function. An important unknown is which p53-mutant tumors will respond to p53 reactivation-based therapies. Here we found a heterogeneous impact on therapeutic response to p53 restoration, suggesting it will unlikely be effective as a single therapy. The goal of the study was to identify the pathways conferring resistance or sensitivity to genetic p53 restoration in tumors with a p53 missense mutaiton Results:We sequenced the transcriptome of tumors that were sensitive or resistant to p53 restoration and found that TNF signaling was activated in p53-sensitive tumors.",12 independent biological samples were analyzed to compare tumors that were sensitive (n=8) or resistant (n=4) to genetic p53 restoration,29440484,,,153008,GPL21493,Mus musculus,GSE,Expression profiling by high throughput sequencing,2018/05/01,12,ftp://ftp.ncbi.nlm.nih.gov/geo/series/GSE109nnn/GSE109883/,Synergistic and additive effect of retinoic acid in circumventing resistance to p53 restoration.,Proceedings of the National Academy of Sciences of the United States of America,2018 Feb 27,10.1073/pnas.1719001115,OSD-244|Mmus_C57-6T_TMS_GC_ISS-T_Rep3_G3,Ground Control
225,GSM4263015,0.9883495569229126,GSE143581,P53 dynamics vary between tissues and are linked with radiation sensitivity,,,We used RNAseq to explore the gene expression changes induced by ionizing radiation across multiple tissues,Mouse were treated with ionizing radiation (10gy) and sacrificed at different timepoints and tissues extracted and processed for RNA,,,,331843,GPL19057,Mus musculus,GSE,Expression profiling by high throughput sequencing,2020/04/30,54,ftp://ftp.ncbi.nlm.nih.gov/geo/series/GSE143nnn/GSE143581/,,,,,OSD-244|Mmus_C57-6T_TMS_GC_ISS-T_Rep3_G3,Ground Control
226,GSM4263018,0.9882891178131104,GSE143581,P53 dynamics vary between tissues and are linked with radiation sensitivity,,,We used RNAseq to explore the gene expression changes induced by ionizing radiation across multiple tissues,Mouse were treated with ionizing radiation (10gy) and sacrificed at different timepoints and tissues extracted and processed for RNA,,,,331846,GPL19057,Mus musculus,GSE,Expression profiling by high throughput sequencing,2020/04/30,54,ftp://ftp.ncbi.nlm.nih.gov/geo/series/GSE143nnn/GSE143581/,,,,,OSD-244|Mmus_C57-6T_TMS_GC_ISS-T_Rep3_G3,Ground Control
227,GSM4263016,0.9882135391235352,GSE143581,P53 dynamics vary between tissues and are linked with radiation sensitivity,,,We used RNAseq to explore the gene expression changes induced by ionizing radiation across multiple tissues,Mouse were treated with ionizing radiation (10gy) and sacrificed at different timepoints and tissues extracted and processed for RNA,,,,331844,GPL19057,Mus musculus,GSE,Expression profiling by high throughput sequencing,2020/04/30,54,ftp://ftp.ncbi.nlm.nih.gov/geo/series/GSE143nnn/GSE143581/,,,,,OSD-244|Mmus_C57-6T_TMS_GC_ISS-T_Rep3_G3,Ground Control
228,GSM5704665,0.9878802299499512,GSE189618,Mouse kidney-specific genes,,,Analysis of RNAs from multiple mouse tissues to find kidney-specific genes,"Total RNA obtained from isolated C57BL/6J mice, various tissues.",,,,573465,GPL21103,Mus musculus,GSE,Expression profiling by high throughput sequencing,2021/11/29,19,ftp://ftp.ncbi.nlm.nih.gov/geo/series/GSE189nnn/GSE189618/,,,,,OSD-244|Mmus_C57-6T_TMS_GC_ISS-T_Rep3_G3,Ground Control
229,GSM4263017,0.9878604412078857,GSE143581,P53 dynamics vary between tissues and are linked with radiation sensitivity,,,We used RNAseq to explore the gene expression changes induced by ionizing radiation across multiple tissues,Mouse were treated with ionizing radiation (10gy) and sacrificed at different timepoints and tissues extracted and processed for RNA,,,,331845,GPL19057,Mus musculus,GSE,Expression profiling by high throughput sequencing,2020/04/30,54,ftp://ftp.ncbi.nlm.nih.gov/geo/series/GSE143nnn/GSE143581/,,,,,OSD-244|Mmus_C57-6T_TMS_GC_ISS-T_Rep3_G3,Ground Control
230,GSM8120909,0.9954625368118286,GSE260610,Effect of TUDCA on the artery which suffered from the atherosclerosis in ApoE-/- mice,,,"Cholesterol efflux capacity dysfunction in macrophages is thought to be important in atherosclerosis. However, the molecular mechanism underlying this dysfunction remains unclear. Our previous analysis found that the increase of endoplasmic reticulum stress in macrophages during atherosclerotic plaque formation. Here we extended our analysis to ApoE-/- mice fed a high fat diet, some of which were treated with tauroursodeoxycholic acid (TUDCA) and collected the arteries of mice among these three groups (NFD, HFD and HFD+TUDCA) to perform the Bulk-RNA sequencing. There was significantly high expression of matrix metalloproteinase family (MMP9, MMP25, MMP8, MMP12, MMP13 and MMP3), CD68, inflammasome (IL1b, IL18bp, ifi44, ifi204 and Nlrp3), ER stress (Hspa5) and cholesterol transporters (ABCA1 and ABCG1) in the HFD group compared with the NFD group, however, TUDCA rescued the high expression of the above DEGs to different degrees. As shown by the expression levels of ifi204, Nlrp3, Il1b, and Il18, inflammasome activation was evident in the arteries of the HFD group compared to the NFD group. The ER stress inhibitor TUDCA not only decreased expression of the ER stress-related gene Hspa5 but also down-regulated inflammasome activation (as seen with the expression levels of ifi204, ifi44, NLRP3 and IL1b) in the artery of TUDCA treated mice compared with mice without drugs.","Male ApoE-/- mice (8 weeks old, n =60) were obtained from HFK Bioscience Company (Beijing, China). All the ApoE-/- mice were randomly divided into 3 groups: Group 1: control group (normal fat diet, NFD); Group 2: high-fat diet (HFD); Group 3: HFD + TUDCA. A random number table was used for mouse randomization. Group 1 mice were fed with a diet of 5% fat without cholesterol, whereas the other groups were fed with an HFD (16% fat and 0·25% cholesterol). After 8 weeks of HFD feeding, one group of HFD-treated mice was intragastric administration with 1000 mg/kg of TUDCA once daily (HFD+TUDCA group) for 4 weeks, whereas the NFD-treated mice and other group of HFD-treated mice were treated with an equal volume of saline (NFD or HFD group) for 4 weeks. After 4 weeks of TUDCA or saline treatment, the mice were anaesthetized intraperitoneally with 3% pentobarbital sodium (40 mg/kg) and sacrificed. The aortic tissues from the ascending aorta to the ileal bifurcation were immediately gathered for bulk-RNA sequencing.",,,,852151,GPL17021,Mus musculus,GSE,Expression profiling by high throughput sequencing,2024/03/05,12,ftp://ftp.ncbi.nlm.nih.gov/geo/series/GSE260nnn/GSE260610/,,,,,OSD-244|Mmus_C57-6T_TMS_GC_ISS-T_Rep4_G4,Ground Control
231,GSM8120906,0.995327353477478,GSE260610,Effect of TUDCA on the artery which suffered from the atherosclerosis in ApoE-/- mice,,,"Cholesterol efflux capacity dysfunction in macrophages is thought to be important in atherosclerosis. However, the molecular mechanism underlying this dysfunction remains unclear. Our previous analysis found that the increase of endoplasmic reticulum stress in macrophages during atherosclerotic plaque formation. Here we extended our analysis to ApoE-/- mice fed a high fat diet, some of which were treated with tauroursodeoxycholic acid (TUDCA) and collected the arteries of mice among these three groups (NFD, HFD and HFD+TUDCA) to perform the Bulk-RNA sequencing. There was significantly high expression of matrix metalloproteinase family (MMP9, MMP25, MMP8, MMP12, MMP13 and MMP3), CD68, inflammasome (IL1b, IL18bp, ifi44, ifi204 and Nlrp3), ER stress (Hspa5) and cholesterol transporters (ABCA1 and ABCG1) in the HFD group compared with the NFD group, however, TUDCA rescued the high expression of the above DEGs to different degrees. As shown by the expression levels of ifi204, Nlrp3, Il1b, and Il18, inflammasome activation was evident in the arteries of the HFD group compared to the NFD group. The ER stress inhibitor TUDCA not only decreased expression of the ER stress-related gene Hspa5 but also down-regulated inflammasome activation (as seen with the expression levels of ifi204, ifi44, NLRP3 and IL1b) in the artery of TUDCA treated mice compared with mice without drugs.","Male ApoE-/- mice (8 weeks old, n =60) were obtained from HFK Bioscience Company (Beijing, China). All the ApoE-/- mice were randomly divided into 3 groups: Group 1: control group (normal fat diet, NFD); Group 2: high-fat diet (HFD); Group 3: HFD + TUDCA. A random number table was used for mouse randomization. Group 1 mice were fed with a diet of 5% fat without cholesterol, whereas the other groups were fed with an HFD (16% fat and 0·25% cholesterol). After 8 weeks of HFD feeding, one group of HFD-treated mice was intragastric administration with 1000 mg/kg of TUDCA once daily (HFD+TUDCA group) for 4 weeks, whereas the NFD-treated mice and other group of HFD-treated mice were treated with an equal volume of saline (NFD or HFD group) for 4 weeks. After 4 weeks of TUDCA or saline treatment, the mice were anaesthetized intraperitoneally with 3% pentobarbital sodium (40 mg/kg) and sacrificed. The aortic tissues from the ascending aorta to the ileal bifurcation were immediately gathered for bulk-RNA sequencing.",,,,852148,GPL17021,Mus musculus,GSE,Expression profiling by high throughput sequencing,2024/03/05,12,ftp://ftp.ncbi.nlm.nih.gov/geo/series/GSE260nnn/GSE260610/,,,,,OSD-244|Mmus_C57-6T_TMS_GC_ISS-T_Rep4_G4,Ground Control
232,GSM8120908,0.9951524138450623,GSE260610,Effect of TUDCA on the artery which suffered from the atherosclerosis in ApoE-/- mice,,,"Cholesterol efflux capacity dysfunction in macrophages is thought to be important in atherosclerosis. However, the molecular mechanism underlying this dysfunction remains unclear. Our previous analysis found that the increase of endoplasmic reticulum stress in macrophages during atherosclerotic plaque formation. Here we extended our analysis to ApoE-/- mice fed a high fat diet, some of which were treated with tauroursodeoxycholic acid (TUDCA) and collected the arteries of mice among these three groups (NFD, HFD and HFD+TUDCA) to perform the Bulk-RNA sequencing. There was significantly high expression of matrix metalloproteinase family (MMP9, MMP25, MMP8, MMP12, MMP13 and MMP3), CD68, inflammasome (IL1b, IL18bp, ifi44, ifi204 and Nlrp3), ER stress (Hspa5) and cholesterol transporters (ABCA1 and ABCG1) in the HFD group compared with the NFD group, however, TUDCA rescued the high expression of the above DEGs to different degrees. As shown by the expression levels of ifi204, Nlrp3, Il1b, and Il18, inflammasome activation was evident in the arteries of the HFD group compared to the NFD group. The ER stress inhibitor TUDCA not only decreased expression of the ER stress-related gene Hspa5 but also down-regulated inflammasome activation (as seen with the expression levels of ifi204, ifi44, NLRP3 and IL1b) in the artery of TUDCA treated mice compared with mice without drugs.","Male ApoE-/- mice (8 weeks old, n =60) were obtained from HFK Bioscience Company (Beijing, China). All the ApoE-/- mice were randomly divided into 3 groups: Group 1: control group (normal fat diet, NFD); Group 2: high-fat diet (HFD); Group 3: HFD + TUDCA. A random number table was used for mouse randomization. Group 1 mice were fed with a diet of 5% fat without cholesterol, whereas the other groups were fed with an HFD (16% fat and 0·25% cholesterol). After 8 weeks of HFD feeding, one group of HFD-treated mice was intragastric administration with 1000 mg/kg of TUDCA once daily (HFD+TUDCA group) for 4 weeks, whereas the NFD-treated mice and other group of HFD-treated mice were treated with an equal volume of saline (NFD or HFD group) for 4 weeks. After 4 weeks of TUDCA or saline treatment, the mice were anaesthetized intraperitoneally with 3% pentobarbital sodium (40 mg/kg) and sacrificed. The aortic tissues from the ascending aorta to the ileal bifurcation were immediately gathered for bulk-RNA sequencing.",,,,852150,GPL17021,Mus musculus,GSE,Expression profiling by high throughput sequencing,2024/03/05,12,ftp://ftp.ncbi.nlm.nih.gov/geo/series/GSE260nnn/GSE260610/,,,,,OSD-244|Mmus_C57-6T_TMS_GC_ISS-T_Rep4_G4,Ground Control
233,GSM6209578,0.9951041340827942,GSE205267,Role of Axl in target organ inflammation and damage due to hypertensive aortic remodeling,,,"Aortic remodeling is a cause and consequence of hypertension. It increases workload on the heart and enhances arterial pulsatility in the microcirculation. We have shown that excessive endothelial stretch leads to release of Growth Arrest Specific 6 (GAS6), which in turn activates the tyrosine kinase receptor Axl on monocytes, and causes immune activation and inflammation. We hypothesized that GAS6/Axl blockade would reduce renal and vascular inflammation and lessen renal dysfunction in the setting of chronic aortic remodeling. We characterized a model aortic remodeling in mice following a 2-week infusion of angiotensin II (ang II). Aortas demonstrated increased mural collagen and mechanical testing revealed a marked loss of Windkessel function or energy storage that persisted for 6 months following ang II. Renal function studies showed a reduced ability to excrete a volume load, a progressive increase in albuminuria and tubular damage as estimated by Periodic Acid Schiff (PAS) staining. Treatment with the Axl inhibitor R428 beginning 2 months after ang II infusion had minimal effect on aortic remodeling 2 months later, but reduced the infiltration of T cells, g/d T cells and macrophages into the aorta and kidney, and improved renal excretory capacity, reduced albuminuria, and reduced evidence of renal tubular damage. We conclude that brief episodes of hypertension can induce chronic aortic remodeling which in turn associates with a low-grade inflammation of the aorta and kidneys and evidence of renal dysfunction. These events are mediated at least in part by GAS6/Axl signaling and are improved with Axl blockade.","Comparative gene expression profiling analysis of RNA-seq data aortas 2, 4 and 6 months after a 2 week episode of hypertension",36083796,,,651066,GPL17021,Mus musculus,GSE,Expression profiling by high throughput sequencing,2022/12/31,24,ftp://ftp.ncbi.nlm.nih.gov/geo/series/GSE205nnn/GSE205267/,Role of Axl in target organ inflammation and damage due to hypertensive aortic remodeling.,American journal of physiology. Heart and circulatory physiology,2022 Nov 1,10.1152/ajpheart.00253.2022,OSD-244|Mmus_C57-6T_TMS_GC_ISS-T_Rep4_G4,Ground Control
234,GSM6209579,0.9948012828826904,GSE205267,Role of Axl in target organ inflammation and damage due to hypertensive aortic remodeling,,,"Aortic remodeling is a cause and consequence of hypertension. It increases workload on the heart and enhances arterial pulsatility in the microcirculation. We have shown that excessive endothelial stretch leads to release of Growth Arrest Specific 6 (GAS6), which in turn activates the tyrosine kinase receptor Axl on monocytes, and causes immune activation and inflammation. We hypothesized that GAS6/Axl blockade would reduce renal and vascular inflammation and lessen renal dysfunction in the setting of chronic aortic remodeling. We characterized a model aortic remodeling in mice following a 2-week infusion of angiotensin II (ang II). Aortas demonstrated increased mural collagen and mechanical testing revealed a marked loss of Windkessel function or energy storage that persisted for 6 months following ang II. Renal function studies showed a reduced ability to excrete a volume load, a progressive increase in albuminuria and tubular damage as estimated by Periodic Acid Schiff (PAS) staining. Treatment with the Axl inhibitor R428 beginning 2 months after ang II infusion had minimal effect on aortic remodeling 2 months later, but reduced the infiltration of T cells, g/d T cells and macrophages into the aorta and kidney, and improved renal excretory capacity, reduced albuminuria, and reduced evidence of renal tubular damage. We conclude that brief episodes of hypertension can induce chronic aortic remodeling which in turn associates with a low-grade inflammation of the aorta and kidneys and evidence of renal dysfunction. These events are mediated at least in part by GAS6/Axl signaling and are improved with Axl blockade.","Comparative gene expression profiling analysis of RNA-seq data aortas 2, 4 and 6 months after a 2 week episode of hypertension",36083796,,,651067,GPL17021,Mus musculus,GSE,Expression profiling by high throughput sequencing,2022/12/31,24,ftp://ftp.ncbi.nlm.nih.gov/geo/series/GSE205nnn/GSE205267/,Role of Axl in target organ inflammation and damage due to hypertensive aortic remodeling.,American journal of physiology. Heart and circulatory physiology,2022 Nov 1,10.1152/ajpheart.00253.2022,OSD-244|Mmus_C57-6T_TMS_GC_ISS-T_Rep4_G4,Ground Control
235,GSM3768748,0.9947031140327454,GSE131285,Functional characterization of the Differences Between Parotid and Submandibular Salivary Glands,,,We applied both single cell and bulk RNA-sequencing to characterize and identify uniqueness in gene expression of the mouse Parotid gland compared to other tissues including the submandibular gland,Bulk RNA-seq,31623513,,,256592,GPL16417,Mus musculus,GSE,Expression profiling by high throughput sequencing,2019/10/07,7,ftp://ftp.ncbi.nlm.nih.gov/geo/series/GSE131nnn/GSE131285/,Transcriptomic and Single-Cell Analysis of the Murine Parotid Gland.,Journal of dental research,2019 Dec,10.1177/0022034519882355,OSD-244|Mmus_C57-6T_TMS_GC_ISS-T_Rep4_G4,Ground Control
236,GSM6209575,0.9946922063827515,GSE205267,Role of Axl in target organ inflammation and damage due to hypertensive aortic remodeling,,,"Aortic remodeling is a cause and consequence of hypertension. It increases workload on the heart and enhances arterial pulsatility in the microcirculation. We have shown that excessive endothelial stretch leads to release of Growth Arrest Specific 6 (GAS6), which in turn activates the tyrosine kinase receptor Axl on monocytes, and causes immune activation and inflammation. We hypothesized that GAS6/Axl blockade would reduce renal and vascular inflammation and lessen renal dysfunction in the setting of chronic aortic remodeling. We characterized a model aortic remodeling in mice following a 2-week infusion of angiotensin II (ang II). Aortas demonstrated increased mural collagen and mechanical testing revealed a marked loss of Windkessel function or energy storage that persisted for 6 months following ang II. Renal function studies showed a reduced ability to excrete a volume load, a progressive increase in albuminuria and tubular damage as estimated by Periodic Acid Schiff (PAS) staining. Treatment with the Axl inhibitor R428 beginning 2 months after ang II infusion had minimal effect on aortic remodeling 2 months later, but reduced the infiltration of T cells, g/d T cells and macrophages into the aorta and kidney, and improved renal excretory capacity, reduced albuminuria, and reduced evidence of renal tubular damage. We conclude that brief episodes of hypertension can induce chronic aortic remodeling which in turn associates with a low-grade inflammation of the aorta and kidneys and evidence of renal dysfunction. These events are mediated at least in part by GAS6/Axl signaling and are improved with Axl blockade.","Comparative gene expression profiling analysis of RNA-seq data aortas 2, 4 and 6 months after a 2 week episode of hypertension",36083796,,,651063,GPL17021,Mus musculus,GSE,Expression profiling by high throughput sequencing,2022/12/31,24,ftp://ftp.ncbi.nlm.nih.gov/geo/series/GSE205nnn/GSE205267/,Role of Axl in target organ inflammation and damage due to hypertensive aortic remodeling.,American journal of physiology. Heart and circulatory physiology,2022 Nov 1,10.1152/ajpheart.00253.2022,OSD-244|Mmus_C57-6T_TMS_GC_ISS-T_Rep4_G4,Ground Control
237,GSM6209565,0.9945489764213562,GSE205267,Role of Axl in target organ inflammation and damage due to hypertensive aortic remodeling,,,"Aortic remodeling is a cause and consequence of hypertension. It increases workload on the heart and enhances arterial pulsatility in the microcirculation. We have shown that excessive endothelial stretch leads to release of Growth Arrest Specific 6 (GAS6), which in turn activates the tyrosine kinase receptor Axl on monocytes, and causes immune activation and inflammation. We hypothesized that GAS6/Axl blockade would reduce renal and vascular inflammation and lessen renal dysfunction in the setting of chronic aortic remodeling. We characterized a model aortic remodeling in mice following a 2-week infusion of angiotensin II (ang II). Aortas demonstrated increased mural collagen and mechanical testing revealed a marked loss of Windkessel function or energy storage that persisted for 6 months following ang II. Renal function studies showed a reduced ability to excrete a volume load, a progressive increase in albuminuria and tubular damage as estimated by Periodic Acid Schiff (PAS) staining. Treatment with the Axl inhibitor R428 beginning 2 months after ang II infusion had minimal effect on aortic remodeling 2 months later, but reduced the infiltration of T cells, g/d T cells and macrophages into the aorta and kidney, and improved renal excretory capacity, reduced albuminuria, and reduced evidence of renal tubular damage. We conclude that brief episodes of hypertension can induce chronic aortic remodeling which in turn associates with a low-grade inflammation of the aorta and kidneys and evidence of renal dysfunction. These events are mediated at least in part by GAS6/Axl signaling and are improved with Axl blockade.","Comparative gene expression profiling analysis of RNA-seq data aortas 2, 4 and 6 months after a 2 week episode of hypertension",36083796,,,651053,GPL17021,Mus musculus,GSE,Expression profiling by high throughput sequencing,2022/12/31,24,ftp://ftp.ncbi.nlm.nih.gov/geo/series/GSE205nnn/GSE205267/,Role of Axl in target organ inflammation and damage due to hypertensive aortic remodeling.,American journal of physiology. Heart and circulatory physiology,2022 Nov 1,10.1152/ajpheart.00253.2022,OSD-244|Mmus_C57-6T_TMS_GC_ISS-T_Rep4_G4,Ground Control
238,GSM3391967,0.9945023059844971,GSE120038,Effect of miR-92a-3p and/or miR-489-3p inhibition on aorta endothelium of Apoe-/-;5/6Nx,,,The role of endothelial miR-92a-3p and miR-489-3p in CKD-associated atherosclerosis was examined by mRNA expression analysis in Apoe-/- mice with 5/6 nephrectomy treated with locked-nucleic acid (LNA) inhibitors complexed with high-density lipoprotein (HDL).,"RNA sequencing of aortic endothelial cell total RNA from Apoe-/- (B6.129P2-Apoetm1Unc/J) with 5/6 nephrectomy for 7 weeks and one week after treatment with saline, HDL, HDL + LNA92a, HDL + LNA489, or HDL + LNA92a + LNA489. Surgery was performed on 9 week old female mice maintained on regular chow diet. The mice recieved a single retro-orbital treatment 7 weeks post surgery and were sacrificed 1 week post treatment. The aortic endothelium was sheared to collect total RNA, which was sequenced with 4 biological replicates per group.",30731284,,,198520,GPL21493,Mus musculus,GSE,Expression profiling by high throughput sequencing,2019/03/01,20,ftp://ftp.ncbi.nlm.nih.gov/geo/series/GSE120nnn/GSE120038/,Dual inhibition of endothelial miR-92a-3p and miR-489-3p reduces renal injury-associated atherosclerosis.,Atherosclerosis,2019 Mar,10.1016/j.atherosclerosis.2019.01.023,OSD-244|Mmus_C57-6T_TMS_GC_ISS-T_Rep4_G4,Ground Control
239,GSM6209566,0.994434118270874,GSE205267,Role of Axl in target organ inflammation and damage due to hypertensive aortic remodeling,,,"Aortic remodeling is a cause and consequence of hypertension. It increases workload on the heart and enhances arterial pulsatility in the microcirculation. We have shown that excessive endothelial stretch leads to release of Growth Arrest Specific 6 (GAS6), which in turn activates the tyrosine kinase receptor Axl on monocytes, and causes immune activation and inflammation. We hypothesized that GAS6/Axl blockade would reduce renal and vascular inflammation and lessen renal dysfunction in the setting of chronic aortic remodeling. We characterized a model aortic remodeling in mice following a 2-week infusion of angiotensin II (ang II). Aortas demonstrated increased mural collagen and mechanical testing revealed a marked loss of Windkessel function or energy storage that persisted for 6 months following ang II. Renal function studies showed a reduced ability to excrete a volume load, a progressive increase in albuminuria and tubular damage as estimated by Periodic Acid Schiff (PAS) staining. Treatment with the Axl inhibitor R428 beginning 2 months after ang II infusion had minimal effect on aortic remodeling 2 months later, but reduced the infiltration of T cells, g/d T cells and macrophages into the aorta and kidney, and improved renal excretory capacity, reduced albuminuria, and reduced evidence of renal tubular damage. We conclude that brief episodes of hypertension can induce chronic aortic remodeling which in turn associates with a low-grade inflammation of the aorta and kidneys and evidence of renal dysfunction. These events are mediated at least in part by GAS6/Axl signaling and are improved with Axl blockade.","Comparative gene expression profiling analysis of RNA-seq data aortas 2, 4 and 6 months after a 2 week episode of hypertension",36083796,,,651054,GPL17021,Mus musculus,GSE,Expression profiling by high throughput sequencing,2022/12/31,24,ftp://ftp.ncbi.nlm.nih.gov/geo/series/GSE205nnn/GSE205267/,Role of Axl in target organ inflammation and damage due to hypertensive aortic remodeling.,American journal of physiology. Heart and circulatory physiology,2022 Nov 1,10.1152/ajpheart.00253.2022,OSD-244|Mmus_C57-6T_TMS_GC_ISS-T_Rep4_G4,Ground Control
240,GSM3720114,0.9905320405960083,GSE129689,RNA sequencing of mouse carotid arteries after sacubitril/valsartan treatment,,,"Purpose: To get insight into mouse strain-dependent differences in vascular remodeling, we analyzed gene expression profiles of the ligated carotid arteries after interventions in C57BL/6J and 129X1/SvJ mice Methods: mRNA isolations from snap-frozen single carotids (n=3 per group) were conducted. Tissue homogenization by Next Advance Bullet Blender with zirconium oxide beads and Trizol. Total RNA isolation using Trizol and Qiagen RNeasy Micro kit. Results: Multiple quality controls showed a reliable RNAseq of mRNAs from the ligated carotid arteries. Specifically, there was less than 2.6% drop in reads that ranged between 26.5 to 37.7 million reads. We found a good alignment and mapping to a mouse genome (82.4 - 91.0%) in this RNAseq study. A differential gene expression analysis was done by DESeq2-1.16.1 within R-3.4.1 for data normalization and differential expression analysis with an adjusted p-value threshold of 0.05 on each set of raw expression measures. Conclusions: Our study shows significant differences in gene expression signatures in carotid arteries from two inbred mouse strains after sacubitril/valsartan treatment. We conclude that genetic background determines efficacy of the sacubitril/valsartan in mice.","Mouse carotid artery mRNA profiles of C57BL/6J and 129X1/SvJ mice after two treatment regimen of vehicle, valsartan or sacubitril/valsartan were generated by deep sequencing, in triplicate, using Illumina HiSeq2500v4 high-throughput DNA sequencer.",31077344,,,252304,GPL17021,Mus musculus,GSE,Expression profiling by high throughput sequencing,2020/04/10,36,ftp://ftp.ncbi.nlm.nih.gov/geo/series/GSE129nnn/GSE129689/,Strain-selective efficacy of sacubitril/valsartan on carotid fibrosis in response to injury in two inbred mouse strains.,British journal of pharmacology,2019 Aug,10.1111/bph.14708,OSD-244|Mmus_C57-6T_TMS_GC_ISS-T_Rep5_G5,Ground Control
241,GSM5704665,0.9905141592025757,GSE189618,Mouse kidney-specific genes,,,Analysis of RNAs from multiple mouse tissues to find kidney-specific genes,"Total RNA obtained from isolated C57BL/6J mice, various tissues.",,,,573465,GPL21103,Mus musculus,GSE,Expression profiling by high throughput sequencing,2021/11/29,19,ftp://ftp.ncbi.nlm.nih.gov/geo/series/GSE189nnn/GSE189618/,,,,,OSD-244|Mmus_C57-6T_TMS_GC_ISS-T_Rep5_G5,Ground Control
242,GSM4947037,0.9889593124389648,GSE162218,Requirement of DNMT1 to orchestrate epigenomic reprogramming for NPM-ALK driven lymphomagenesis,,,This SuperSeries is composed of the SubSeries listed below.,Refer to individual Series,33310759,,,437153,GPL21493,Mus musculus,GSE,Expression profiling by high throughput sequencing; Methylation profiling by high throughput sequencing,2020/12/08,24,ftp://ftp.ncbi.nlm.nih.gov/geo/series/GSE162nnn/GSE162218/,Requirement of DNMT1 to orchestrate epigenomic reprogramming for NPM-ALK-driven lymphomagenesis.,Life science alliance,2021 Feb,10.26508/lsa.202000794,OSD-244|Mmus_C57-6T_TMS_GC_ISS-T_Rep5_G5,Ground Control
243,GSM6202434,0.9883641004562378,GSE204925,The C-terminus of p53 Confers Liver-Specific Gene Regulation and Radio-Resistance in vivo,,,This SuperSeries is composed of the SubSeries listed below.,Refer to individual Series,36924496,,,650278,GPL17021,Mus musculus,GSE,Expression profiling by high throughput sequencing; Genome binding/occupancy profiling by high throughput sequencing,2022/06/30,51,ftp://ftp.ncbi.nlm.nih.gov/geo/series/GSE204nnn/GSE204925/,In vivo RNA-seq and ChIP-seq analyses show an obligatory role for the C terminus of p53 in conferring tissue-specific radiation sensitivity.,Cell reports,2023 Mar 28,10.1016/j.celrep.2023.112216,OSD-244|Mmus_C57-6T_TMS_GC_ISS-T_Rep5_G5,Ground Control
244,GSM3720130,0.9881879687309265,GSE129689,RNA sequencing of mouse carotid arteries after sacubitril/valsartan treatment,,,"Purpose: To get insight into mouse strain-dependent differences in vascular remodeling, we analyzed gene expression profiles of the ligated carotid arteries after interventions in C57BL/6J and 129X1/SvJ mice Methods: mRNA isolations from snap-frozen single carotids (n=3 per group) were conducted. Tissue homogenization by Next Advance Bullet Blender with zirconium oxide beads and Trizol. Total RNA isolation using Trizol and Qiagen RNeasy Micro kit. Results: Multiple quality controls showed a reliable RNAseq of mRNAs from the ligated carotid arteries. Specifically, there was less than 2.6% drop in reads that ranged between 26.5 to 37.7 million reads. We found a good alignment and mapping to a mouse genome (82.4 - 91.0%) in this RNAseq study. A differential gene expression analysis was done by DESeq2-1.16.1 within R-3.4.1 for data normalization and differential expression analysis with an adjusted p-value threshold of 0.05 on each set of raw expression measures. Conclusions: Our study shows significant differences in gene expression signatures in carotid arteries from two inbred mouse strains after sacubitril/valsartan treatment. We conclude that genetic background determines efficacy of the sacubitril/valsartan in mice.","Mouse carotid artery mRNA profiles of C57BL/6J and 129X1/SvJ mice after two treatment regimen of vehicle, valsartan or sacubitril/valsartan were generated by deep sequencing, in triplicate, using Illumina HiSeq2500v4 high-throughput DNA sequencer.",31077344,,,252320,GPL17021,Mus musculus,GSE,Expression profiling by high throughput sequencing,2020/04/10,36,ftp://ftp.ncbi.nlm.nih.gov/geo/series/GSE129nnn/GSE129689/,Strain-selective efficacy of sacubitril/valsartan on carotid fibrosis in response to injury in two inbred mouse strains.,British journal of pharmacology,2019 Aug,10.1111/bph.14708,OSD-244|Mmus_C57-6T_TMS_GC_ISS-T_Rep5_G5,Ground Control
245,GSM7021850,0.9871214628219604,GSE224409,Transcriptome profiling of lymph nodes from Spink5 conditional knock-out mice.,,,"We generated a viable mouse model of Netherton syndrome by conditional ablation of Spink5 gene in the epidermis. To study the systemic inflammation phenotype of this mouse model at the molecular level, we induced Spink5 deletion in the skin of young adult mice and collected inguinal lymph nodes for transcriptome analyses.",Comparative gene expression profiling analysis of RNA-seq data for inguinal lymph nodes of Spink5 conditional knock-out mice (n=5) and control (wild-type) mice (n=5).,38316920,,,733550,GPL24247,Mus musculus,GSE,Expression profiling by high throughput sequencing,2024/02/05,10,ftp://ftp.ncbi.nlm.nih.gov/geo/series/GSE224nnn/GSE224409/,Comparative analyses of Netherton syndrome patients and Spink5 conditional knock-out mice uncover disease-relevant pathways.,Communications biology,2024 Feb 5,10.1038/s42003-024-05780-y,OSD-244|Mmus_C57-6T_TMS_GC_ISS-T_Rep5_G5,Ground Control
246,GSM4292064,0.9869019985198975,GSE144618,Inhibition of longevity regulator PAPP-A modulates tissue homeostasis via restraint of mesenchymal stromal cells,,,This SuperSeries is composed of the SubSeries listed below.,Refer to individual Series,33561324,,,334116,GPL21103,Mus musculus,GSE,Expression profiling by high throughput sequencing,2021/02/01,255,ftp://ftp.ncbi.nlm.nih.gov/geo/series/GSE144nnn/GSE144618/,Inhibition of longevity regulator PAPP-A modulates tissue homeostasis via restraint of mesenchymal stromal cells.,Aging cell,2021 Mar,10.1111/acel.13313,OSD-244|Mmus_C57-6T_TMS_GC_ISS-T_Rep5_G5,Ground Control
247,GSM4263018,0.9867222309112549,GSE143581,P53 dynamics vary between tissues and are linked with radiation sensitivity,,,We used RNAseq to explore the gene expression changes induced by ionizing radiation across multiple tissues,Mouse were treated with ionizing radiation (10gy) and sacrificed at different timepoints and tissues extracted and processed for RNA,,,,331846,GPL19057,Mus musculus,GSE,Expression profiling by high throughput sequencing,2020/04/30,54,ftp://ftp.ncbi.nlm.nih.gov/geo/series/GSE143nnn/GSE143581/,,,,,OSD-244|Mmus_C57-6T_TMS_GC_ISS-T_Rep5_G5,Ground Control
248,GSM7780638,0.986711323261261,GSE243200,Pathogenicity and landscape of differential gene expression in mice orally infected with clinical coxsackievirus A6 (CA6),,,"Hand, foot, and mouth disease (HFMD) is caused by more than 20 pathogenic enteroviruses belonging to the Picornaviridae family and Enterovirus genus. Since the introduction of the EV71 vaccine in 2016, the number of HFMD cases caused by EV71 has decreased. However, cases of infections caused by other enteroviruses, such as coxsackievirus A6 (CA6) and CA10, have been increasing accordingly. In this study, we used a clinical isolate of CA6 to establish an intragastric infection mouse model using 7-day-old mice to mimic the natural transmission route, by which we investigated the differential gene expression profiles associated with virus infection and pathogenicity. After intragastric infection, mice exhibited hind limb paralysis symptoms and weight loss, similar to those reported for EV71 infection in mice. The skeletal muscle was identified as the main site of virus replication, with a peak viral load reaching 2.31 × 107 copies/mg at 5 dpi and increased infiltration of inflammatory cells. RNA sequencing analysis identified differentially expressed genes (DEGs) after CA6 infection. DEGs in the blood, muscle, brain, spleen, and thymus were predominantly enriched in immune system responses, including pathways such as Toll-like receptor signalling and PI3K-Akt signalling. Our study has unveiled the genes involved in the host immune response during CA6 infection, thereby enhancing our comprehension of the pathological mechanism of HFMD.","Collect blood, muscle, brain, spleen, and thymus samples from mice infected for 3 dpi, 5 dpi, 7 dpi for RNA-Seq analysis.",38226810,,,816844,GPL24247,Mus musculus,GSE,Expression profiling by high throughput sequencing,2024/01/10,100,ftp://ftp.ncbi.nlm.nih.gov/geo/series/GSE243nnn/GSE243200/,Pathogenicity and landscape of differential gene expression in mice orally infected with clinical coxsackievirus A6 (CA6).,Journal of virology,2024 Feb 20,10.1128/jvi.01358-23,OSD-244|Mmus_C57-6T_TMS_GC_ISS-T_Rep5_G5,Ground Control
249,GSM5699415,0.9864292144775391,GSE189336,Persistent inflammation and nitric oxide dysregulation are transcriptomic blueprints of subglottic stenosis,,,"Subglottic stenosis (SGS) is a recurrent, obstructive, fibroinflammatory disease of the upper airway resulting in severe dyspnea, dysphonia, as well as other potentially fatal complications. Although aberrant inflammation and wound-healing are commonly associated with pathogenesis, the mechanism through which such processes occur and recur in affected patients remains poorly studied. Here we report that transcriptomic profiling of laryngotracheal regions from minimally-invasive mucosal swabs of SGS patients reveals a distinctively pro-inflammatory gene signature. Surprisingly, comparative genomics between SGS patients and mice with direct laryngotracheal injury suggest that SGS patients bear more resemblance to the acute than chronic phase of injury. Furthermore, functional and regulatory network analyses identify neutrophilic involvement through hyper-activation of NF-κB and its downstream inflammasome as a potential master regulator. Interestingly, nitric oxide synthesis was found to be downregulated in SGS patients compared to healthy controls. Thus, SGS represents a state of immunodeficiency whereby defective immune clearance triggers recurrent, long-lasting production of pro-inflammatory cytokines.",Transcriptomic profiling (RNA-seq) of human laryngotracheal swabs and murine tracheas. NEBNext® Ultra™ II RNA Library Prep Kit for Illumina® and sequenced by Novogene.,34987502,,,572659,GPL24676; GPL24247,Homo sapiens; Mus musculus,GSE,Expression profiling by high throughput sequencing,2021/12/14,35,ftp://ftp.ncbi.nlm.nih.gov/geo/series/GSE189nnn/GSE189336/,Persistent Inflammation and Nitric Oxide Dysregulation Are Transcriptomic Blueprints of Subglottic Stenosis.,Frontiers in immunology,2021,10.3389/fimmu.2021.748533,OSD-244|Mmus_C57-6T_TMS_GC_ISS-T_Rep5_G5,Ground Control
250,GSM2643075,0.9940034747123718,GSE99364,Stabilization of c-Myc protein by CAMKIIγ promotes T-cell lymphoma,,,"Although high c-Myc protein expression is observed alongside c-Myc gene amplification in some cancers, in most cases protein overexpression occurs while the amplified gene is largely absent, e.g. T-cell lymphoma (TCL). Here, Ca2+/calmodulin-dependent protein kinase II γ (CAMKIIγ) was shown to stabilize c-Myc protein by directly phosphorylating at serine 62 (S62), which represents a hitherto unknown mechanism of c-Myc protein overexpression. Further, CAMKIIγ was shown to be essential for tumor maintenance. Inhibiting CAMKIIγ with a potent CAMKIIγ-specific inhibitor destabilized c-Myc and reduced tumor burden dramatically. Importantly, high CAMKIIγ in clinical patient specimens positively correlated with increased c-Myc / pS62-c-Myc expression. Together, the CAMKIIγ:c-Myc axis critically influences the development and maintenance of TCL, and represent a novel therapeutic target for TCL.","We investigated how deleting CAMKIIγ suppressed the development of MNU-induced TCL in mice. Through RNA-sequencing, we analyzed the gene expression profiles of the thymuses of both wild-type and CAMKIIγ-/- mice, under either malignant (with MNU) or normal (without MNU) conditions.",28697340,,,113753,GPL13112,Mus musculus,GSE,Expression profiling by high throughput sequencing,2017/05/27,4,ftp://ftp.ncbi.nlm.nih.gov/geo/series/GSE99nnn/GSE99364/,Stabilization of the c-Myc Protein by CAMKIIγ Promotes T Cell Lymphoma.,Cancer cell,2017 Jul 10,10.1016/j.ccell.2017.06.001,OSD-244|Mmus_C57-6T_TMS_GC_ISS-T_Rep6_G6,Ground Control
251,GSM4445407,0.9935789108276367,GSE147757,A multiple reporter protein tolerant mouse model,,,"We report the generation of a novel mouse strain that is immunologically tolerant to exogenously introduced reporter proteins ('Tol' strain). As a control, we test whether any transcriptomic changes can be observed between the Tol strain and wild-type littermate. This is tested for thymus, cerebrum and cerebellum.",Examination of transcriptomes of 3 different tissues from mice from 2 genotypes.,32472011,,,355133,GPL17021,Mus musculus,GSE,Expression profiling by high throughput sequencing,2020/04/12,22,ftp://ftp.ncbi.nlm.nih.gov/geo/series/GSE147nnn/GSE147757/,A mouse model that is immunologically tolerant to reporter and modifier proteins.,Communications biology,2020 May 29,10.1038/s42003-020-0979-0,OSD-244|Mmus_C57-6T_TMS_GC_ISS-T_Rep6_G6,Ground Control
252,GSM4263013,0.9935616254806519,GSE143581,P53 dynamics vary between tissues and are linked with radiation sensitivity,,,We used RNAseq to explore the gene expression changes induced by ionizing radiation across multiple tissues,Mouse were treated with ionizing radiation (10gy) and sacrificed at different timepoints and tissues extracted and processed for RNA,,,,331841,GPL19057,Mus musculus,GSE,Expression profiling by high throughput sequencing,2020/04/30,54,ftp://ftp.ncbi.nlm.nih.gov/geo/series/GSE143nnn/GSE143581/,,,,,OSD-244|Mmus_C57-6T_TMS_GC_ISS-T_Rep6_G6,Ground Control
253,GSM4263016,0.9933816194534302,GSE143581,P53 dynamics vary between tissues and are linked with radiation sensitivity,,,We used RNAseq to explore the gene expression changes induced by ionizing radiation across multiple tissues,Mouse were treated with ionizing radiation (10gy) and sacrificed at different timepoints and tissues extracted and processed for RNA,,,,331844,GPL19057,Mus musculus,GSE,Expression profiling by high throughput sequencing,2020/04/30,54,ftp://ftp.ncbi.nlm.nih.gov/geo/series/GSE143nnn/GSE143581/,,,,,OSD-244|Mmus_C57-6T_TMS_GC_ISS-T_Rep6_G6,Ground Control
254,GSM4263015,0.993193507194519,GSE143581,P53 dynamics vary between tissues and are linked with radiation sensitivity,,,We used RNAseq to explore the gene expression changes induced by ionizing radiation across multiple tissues,Mouse were treated with ionizing radiation (10gy) and sacrificed at different timepoints and tissues extracted and processed for RNA,,,,331843,GPL19057,Mus musculus,GSE,Expression profiling by high throughput sequencing,2020/04/30,54,ftp://ftp.ncbi.nlm.nih.gov/geo/series/GSE143nnn/GSE143581/,,,,,OSD-244|Mmus_C57-6T_TMS_GC_ISS-T_Rep6_G6,Ground Control
255,GSM4445408,0.9931380748748779,GSE147757,A multiple reporter protein tolerant mouse model,,,"We report the generation of a novel mouse strain that is immunologically tolerant to exogenously introduced reporter proteins ('Tol' strain). As a control, we test whether any transcriptomic changes can be observed between the Tol strain and wild-type littermate. This is tested for thymus, cerebrum and cerebellum.",Examination of transcriptomes of 3 different tissues from mice from 2 genotypes.,32472011,,,355134,GPL17021,Mus musculus,GSE,Expression profiling by high throughput sequencing,2020/04/12,22,ftp://ftp.ncbi.nlm.nih.gov/geo/series/GSE147nnn/GSE147757/,A mouse model that is immunologically tolerant to reporter and modifier proteins.,Communications biology,2020 May 29,10.1038/s42003-020-0979-0,OSD-244|Mmus_C57-6T_TMS_GC_ISS-T_Rep6_G6,Ground Control
256,GSM2643073,0.9931012988090515,GSE99364,Stabilization of c-Myc protein by CAMKIIγ promotes T-cell lymphoma,,,"Although high c-Myc protein expression is observed alongside c-Myc gene amplification in some cancers, in most cases protein overexpression occurs while the amplified gene is largely absent, e.g. T-cell lymphoma (TCL). Here, Ca2+/calmodulin-dependent protein kinase II γ (CAMKIIγ) was shown to stabilize c-Myc protein by directly phosphorylating at serine 62 (S62), which represents a hitherto unknown mechanism of c-Myc protein overexpression. Further, CAMKIIγ was shown to be essential for tumor maintenance. Inhibiting CAMKIIγ with a potent CAMKIIγ-specific inhibitor destabilized c-Myc and reduced tumor burden dramatically. Importantly, high CAMKIIγ in clinical patient specimens positively correlated with increased c-Myc / pS62-c-Myc expression. Together, the CAMKIIγ:c-Myc axis critically influences the development and maintenance of TCL, and represent a novel therapeutic target for TCL.","We investigated how deleting CAMKIIγ suppressed the development of MNU-induced TCL in mice. Through RNA-sequencing, we analyzed the gene expression profiles of the thymuses of both wild-type and CAMKIIγ-/- mice, under either malignant (with MNU) or normal (without MNU) conditions.",28697340,,,113751,GPL13112,Mus musculus,GSE,Expression profiling by high throughput sequencing,2017/05/27,4,ftp://ftp.ncbi.nlm.nih.gov/geo/series/GSE99nnn/GSE99364/,Stabilization of the c-Myc Protein by CAMKIIγ Promotes T Cell Lymphoma.,Cancer cell,2017 Jul 10,10.1016/j.ccell.2017.06.001,OSD-244|Mmus_C57-6T_TMS_GC_ISS-T_Rep6_G6,Ground Control
257,GSM2643072,0.9929731488227844,GSE99364,Stabilization of c-Myc protein by CAMKIIγ promotes T-cell lymphoma,,,"Although high c-Myc protein expression is observed alongside c-Myc gene amplification in some cancers, in most cases protein overexpression occurs while the amplified gene is largely absent, e.g. T-cell lymphoma (TCL). Here, Ca2+/calmodulin-dependent protein kinase II γ (CAMKIIγ) was shown to stabilize c-Myc protein by directly phosphorylating at serine 62 (S62), which represents a hitherto unknown mechanism of c-Myc protein overexpression. Further, CAMKIIγ was shown to be essential for tumor maintenance. Inhibiting CAMKIIγ with a potent CAMKIIγ-specific inhibitor destabilized c-Myc and reduced tumor burden dramatically. Importantly, high CAMKIIγ in clinical patient specimens positively correlated with increased c-Myc / pS62-c-Myc expression. Together, the CAMKIIγ:c-Myc axis critically influences the development and maintenance of TCL, and represent a novel therapeutic target for TCL.","We investigated how deleting CAMKIIγ suppressed the development of MNU-induced TCL in mice. Through RNA-sequencing, we analyzed the gene expression profiles of the thymuses of both wild-type and CAMKIIγ-/- mice, under either malignant (with MNU) or normal (without MNU) conditions.",28697340,,,113750,GPL13112,Mus musculus,GSE,Expression profiling by high throughput sequencing,2017/05/27,4,ftp://ftp.ncbi.nlm.nih.gov/geo/series/GSE99nnn/GSE99364/,Stabilization of the c-Myc Protein by CAMKIIγ Promotes T Cell Lymphoma.,Cancer cell,2017 Jul 10,10.1016/j.ccell.2017.06.001,OSD-244|Mmus_C57-6T_TMS_GC_ISS-T_Rep6_G6,Ground Control
258,GSM2508198,0.9928416013717651,GSE95371,RNA-seq analysis in MMTV-TGF- α Mice thymus,,,we report the comperative transcriptome analysis of the MMTV-TGF- α female mice thymus tissues,3 different fed types,29511668,,,97260,GPL21103,Mus musculus,GSE,Expression profiling by high throughput sequencing,2018/04/11,3,ftp://ftp.ncbi.nlm.nih.gov/geo/series/GSE95nnn/GSE95371/,Transcriptome Analysis of the Thymus in Short-Term Calorie-Restricted Mice Using RNA-seq.,International journal of genomics,2018,10.1155/2018/7647980,OSD-244|Mmus_C57-6T_TMS_GC_ISS-T_Rep6_G6,Ground Control
259,GSM4947037,0.992405891418457,GSE162218,Requirement of DNMT1 to orchestrate epigenomic reprogramming for NPM-ALK driven lymphomagenesis,,,This SuperSeries is composed of the SubSeries listed below.,Refer to individual Series,33310759,,,437153,GPL21493,Mus musculus,GSE,Expression profiling by high throughput sequencing; Methylation profiling by high throughput sequencing,2020/12/08,24,ftp://ftp.ncbi.nlm.nih.gov/geo/series/GSE162nnn/GSE162218/,Requirement of DNMT1 to orchestrate epigenomic reprogramming for NPM-ALK-driven lymphomagenesis.,Life science alliance,2021 Feb,10.26508/lsa.202000794,OSD-244|Mmus_C57-6T_TMS_GC_ISS-T_Rep6_G6,Ground Control
260,GSM4947037,0.9947537183761597,GSE162218,Requirement of DNMT1 to orchestrate epigenomic reprogramming for NPM-ALK driven lymphomagenesis,,,This SuperSeries is composed of the SubSeries listed below.,Refer to individual Series,33310759,,,437153,GPL21493,Mus musculus,GSE,Expression profiling by high throughput sequencing; Methylation profiling by high throughput sequencing,2020/12/08,24,ftp://ftp.ncbi.nlm.nih.gov/geo/series/GSE162nnn/GSE162218/,Requirement of DNMT1 to orchestrate epigenomic reprogramming for NPM-ALK-driven lymphomagenesis.,Life science alliance,2021 Feb,10.26508/lsa.202000794,OSD-244|Mmus_C57-6T_TMS_GC_ISS-T_Rep7_G7,Ground Control
261,GSM2508198,0.994599461555481,GSE95371,RNA-seq analysis in MMTV-TGF- α Mice thymus,,,we report the comperative transcriptome analysis of the MMTV-TGF- α female mice thymus tissues,3 different fed types,29511668,,,97260,GPL21103,Mus musculus,GSE,Expression profiling by high throughput sequencing,2018/04/11,3,ftp://ftp.ncbi.nlm.nih.gov/geo/series/GSE95nnn/GSE95371/,Transcriptome Analysis of the Thymus in Short-Term Calorie-Restricted Mice Using RNA-seq.,International journal of genomics,2018,10.1155/2018/7647980,OSD-244|Mmus_C57-6T_TMS_GC_ISS-T_Rep7_G7,Ground Control
262,GSM4947034,0.9945627450942993,GSE162218,Requirement of DNMT1 to orchestrate epigenomic reprogramming for NPM-ALK driven lymphomagenesis,,,This SuperSeries is composed of the SubSeries listed below.,Refer to individual Series,33310759,,,437150,GPL21493,Mus musculus,GSE,Expression profiling by high throughput sequencing; Methylation profiling by high throughput sequencing,2020/12/08,24,ftp://ftp.ncbi.nlm.nih.gov/geo/series/GSE162nnn/GSE162218/,Requirement of DNMT1 to orchestrate epigenomic reprogramming for NPM-ALK-driven lymphomagenesis.,Life science alliance,2021 Feb,10.26508/lsa.202000794,OSD-244|Mmus_C57-6T_TMS_GC_ISS-T_Rep7_G7,Ground Control
263,GSM2643075,0.9944391250610352,GSE99364,Stabilization of c-Myc protein by CAMKIIγ promotes T-cell lymphoma,,,"Although high c-Myc protein expression is observed alongside c-Myc gene amplification in some cancers, in most cases protein overexpression occurs while the amplified gene is largely absent, e.g. T-cell lymphoma (TCL). Here, Ca2+/calmodulin-dependent protein kinase II γ (CAMKIIγ) was shown to stabilize c-Myc protein by directly phosphorylating at serine 62 (S62), which represents a hitherto unknown mechanism of c-Myc protein overexpression. Further, CAMKIIγ was shown to be essential for tumor maintenance. Inhibiting CAMKIIγ with a potent CAMKIIγ-specific inhibitor destabilized c-Myc and reduced tumor burden dramatically. Importantly, high CAMKIIγ in clinical patient specimens positively correlated with increased c-Myc / pS62-c-Myc expression. Together, the CAMKIIγ:c-Myc axis critically influences the development and maintenance of TCL, and represent a novel therapeutic target for TCL.","We investigated how deleting CAMKIIγ suppressed the development of MNU-induced TCL in mice. Through RNA-sequencing, we analyzed the gene expression profiles of the thymuses of both wild-type and CAMKIIγ-/- mice, under either malignant (with MNU) or normal (without MNU) conditions.",28697340,,,113753,GPL13112,Mus musculus,GSE,Expression profiling by high throughput sequencing,2017/05/27,4,ftp://ftp.ncbi.nlm.nih.gov/geo/series/GSE99nnn/GSE99364/,Stabilization of the c-Myc Protein by CAMKIIγ Promotes T Cell Lymphoma.,Cancer cell,2017 Jul 10,10.1016/j.ccell.2017.06.001,OSD-244|Mmus_C57-6T_TMS_GC_ISS-T_Rep7_G7,Ground Control
264,GSM4947042,0.9943304061889648,GSE162218,Requirement of DNMT1 to orchestrate epigenomic reprogramming for NPM-ALK driven lymphomagenesis,,,This SuperSeries is composed of the SubSeries listed below.,Refer to individual Series,33310759,,,437158,GPL21493,Mus musculus,GSE,Expression profiling by high throughput sequencing; Methylation profiling by high throughput sequencing,2020/12/08,24,ftp://ftp.ncbi.nlm.nih.gov/geo/series/GSE162nnn/GSE162218/,Requirement of DNMT1 to orchestrate epigenomic reprogramming for NPM-ALK-driven lymphomagenesis.,Life science alliance,2021 Feb,10.26508/lsa.202000794,OSD-244|Mmus_C57-6T_TMS_GC_ISS-T_Rep7_G7,Ground Control
265,GSM4263015,0.9936996102333069,,,,,,,,,,331843,,,,,,,,,,,,OSD-244|Mmus_C57-6T_TMS_GC_ISS-T_Rep7_G7,Ground Control
266,GSM4947043,0.9933861494064331,,,,,,,,,,437159,,,,,,,,,,,,OSD-244|Mmus_C57-6T_TMS_GC_ISS-T_Rep7_G7,Ground Control
267,GSM4445407,0.9933160543441772,,,,,,,,,,355133,,,,,,,,,,,,OSD-244|Mmus_C57-6T_TMS_GC_ISS-T_Rep7_G7,Ground Control
268,GSM4263013,0.9932147860527039,,,,,,,,,,331841,,,,,,,,,,,,OSD-244|Mmus_C57-6T_TMS_GC_ISS-T_Rep7_G7,Ground Control
269,GSM4445410,0.9930086731910706,GSE147757,A multiple reporter protein tolerant mouse model,,,"We report the generation of a novel mouse strain that is immunologically tolerant to exogenously introduced reporter proteins ('Tol' strain). As a control, we test whether any transcriptomic changes can be observed between the Tol strain and wild-type littermate. This is tested for thymus, cerebrum and cerebellum.",Examination of transcriptomes of 3 different tissues from mice from 2 genotypes.,32472011,,,355136,GPL17021,Mus musculus,GSE,Expression profiling by high throughput sequencing,2020/04/12,22,ftp://ftp.ncbi.nlm.nih.gov/geo/series/GSE147nnn/GSE147757/,A mouse model that is immunologically tolerant to reporter and modifier proteins.,Communications biology,2020 May 29,10.1038/s42003-020-0979-0,OSD-244|Mmus_C57-6T_TMS_GC_ISS-T_Rep7_G7,Ground Control
270,GSM3467334,0.9960635900497437,GSE122496,PRC2 inactivation cooperates with JAK3 mutant signaling in the development of T-cell acute lymphoblastic leukemia,,,"T-ALL is characterized by deregulation of transcriptional control and impairment of epigenetic homeostasis. We observed that T-ALL cases with mutations in the IL7R-JAK-STAT pathway frequently harbor inactivating mutations in the PRC2 complex, in particular SUZ12 mutations. PRC2 is an epigenetic complex responsible for writing the H3K27me3 mark associated with gene repression. To assess whether loss of SUZ12 cooperates with mutant JAK3 signaling during T-ALL development, we expressed the JAK3(M511I) mutant in mouse bone marrow cells in vivo and tested the effect of Cas9-mediated inactivation of Suz12 on leukemia development. The mice developed a T-cell leukemia that infiltrated most hematological organs (bone marrow, thymus, spleen, lymph nodes, blood). At time of sacrifice the majority of cells in the blood and hematopoietic organs was JAK3(M511I) positive and Suz12 negative. Reduced Suz12 protein and H3K27me3 levels were confirmed with flow cytometry. Moreover, JAK3(M511I) also cooperates with Suz12 gRNA-mediated inactivation in vitro. Pro-T cells carrying both JAK3(M511I) and Suz12 gRNA were able to transform to IL7 independent growth, whereas single mutant (JAK3(M511I) only or Suz12 gRNA only) pro-T cells could not. In order to get insight in the mechanism of cooperation between JAK3 mutant signaling and Suz12 inactivation, we performed and integrated RNA- and ChIP-sequencing (Suz12, H3K27me3, H3K27Ac, H3K4me1, H3K4me3) on leukemic cells from the mice. This showed a global upregulation of many genes, including known PRC2 target genes upon loss of Suz12. Moreover, Suz12 was bound to promoters of Wnt signaling genes (Fzd7, Lrp4) and Wnt target genes (Axin2, Jag2, Mmp9), concomitant with high H3K27me3 levels. Loss of Suz12 led to drastic reduction of H3K27me3 at these loci and upregulation of these Wnt genes. As Wnt signaling is ectopically activated, we wanted to test whether JAK3(M511I) + Suz12 gRNA cells are more sensitive to Wnt inhibitor. JAK3(M511I) + Suz12 pro-T cells and leukemic spleen cells exhibited increased sensitivity to Wnt inhibitor compared to JAK3 mutant control cells, indicating that Wnt signaling contributes to the cooperation between Suz12 loss and JAK3 mutant signaling. In conclusion, our data show that Suz12 inactivation cooperates with mutant JAK3 signaling to drive leukemia development in vivo and demonstrates the use of Cas9 transgenic mice to study the role of tumor suppressor genes in T-ALL mouse models. Moreover, Suz12 loss leads to ectopic activation of Wnt signaling, a pathway contributing to the cooperation of Suz12 loss and JAK3 mutant signaling that can also be targeted with inhibitors.","RNA-sequencing of transgenic mouse samples with different conditions: wildtype, JAK3 mutant, SUZ12 inactivation, JAK3 mutant+SUZ12 inactivation ChIPmentation sequencing in transgenic mouse samples with different conditions (see RNA-sequencing) with multiple antibodies: Suz12, H3K27ac, H3K27me3, H3K4me3, H3K4me1",31492675,,,214821,GPL17021,Mus musculus,GSE,Expression profiling by high throughput sequencing; Genome binding/occupancy profiling by high throughput sequencing,2019/03/01,57,ftp://ftp.ncbi.nlm.nih.gov/geo/series/GSE122nnn/GSE122496/,Suz12 inactivation cooperates with JAK3 mutant signaling in the development of T-cell acute lymphoblastic leukemia.,Blood,2019 Oct 17,10.1182/blood.2019000015,OSD-244|Mmus_C57-6T_TMS_GC_ISS-T_Rep8_G8,Ground Control
271,GSM4445407,0.9959783554077148,GSE147757,A multiple reporter protein tolerant mouse model,,,"We report the generation of a novel mouse strain that is immunologically tolerant to exogenously introduced reporter proteins ('Tol' strain). As a control, we test whether any transcriptomic changes can be observed between the Tol strain and wild-type littermate. This is tested for thymus, cerebrum and cerebellum.",Examination of transcriptomes of 3 different tissues from mice from 2 genotypes.,32472011,,,355133,GPL17021,Mus musculus,GSE,Expression profiling by high throughput sequencing,2020/04/12,22,ftp://ftp.ncbi.nlm.nih.gov/geo/series/GSE147nnn/GSE147757/,A mouse model that is immunologically tolerant to reporter and modifier proteins.,Communications biology,2020 May 29,10.1038/s42003-020-0979-0,OSD-244|Mmus_C57-6T_TMS_GC_ISS-T_Rep8_G8,Ground Control
272,GSM4445408,0.9956692457199097,GSE147757,A multiple reporter protein tolerant mouse model,,,"We report the generation of a novel mouse strain that is immunologically tolerant to exogenously introduced reporter proteins ('Tol' strain). As a control, we test whether any transcriptomic changes can be observed between the Tol strain and wild-type littermate. This is tested for thymus, cerebrum and cerebellum.",Examination of transcriptomes of 3 different tissues from mice from 2 genotypes.,32472011,,,355134,GPL17021,Mus musculus,GSE,Expression profiling by high throughput sequencing,2020/04/12,22,ftp://ftp.ncbi.nlm.nih.gov/geo/series/GSE147nnn/GSE147757/,A mouse model that is immunologically tolerant to reporter and modifier proteins.,Communications biology,2020 May 29,10.1038/s42003-020-0979-0,OSD-244|Mmus_C57-6T_TMS_GC_ISS-T_Rep8_G8,Ground Control
273,GSM4116221,0.9953377842903137,GSE138691,Loss of MBNL1 induces RNA mis-processing in the thymus and peripheral blood.,,,"The thymus is a primary lymphoid organ that plays an essential role in T lymphocyte maturation and selection during development of one arm of the mammalian adaptive immune response. Although transcriptional mechanisms have been well documented in thymocyte development, co-/post-transcriptional modifications are also important but have received less attention. Here, we demonstrate that the RNA alternative splicing factor MBNL1, which is sequestered in nuclear RNA foci by C(C)UG short tandem repeat expansions in myotonic dystrophy (DM), is essential for normal thymus development and function. Mbnl1 129S1 knockout mice develop postnatal thymic hyperplasia with thymocyte accumulation. Transcriptome analysis indicates numerous gene expression and RNA mis-splicing events, including transcription factors from the TCF/LEF (T-cell factor/lymphoid enhancer factor) family. CNBP, the gene affected in DM type 2 (DM2), is coordinately expressed with MBNL1 in the developing thymus and DM2 CCTG expansions induce similar transcriptome alterations in DM2 blood, which thus serve as disease-specific biomarkers.","RNA-Seq was performed on Mbnl1 knockout and wild type mouse thymi as well as human DM2, DM1, C9-ALS/FTD, sporadic ALS, and unaffected control PBMCs and/or whole blood.",32332745,,,297388,GPL17021; GPL18573,Homo sapiens; Mus musculus,GSE,Expression profiling by high throughput sequencing; Third-party reanalysis,2020/03/05,33,ftp://ftp.ncbi.nlm.nih.gov/geo/series/GSE138nnn/GSE138691/,Loss of MBNL1 induces RNA misprocessing in the thymus and peripheral blood.,Nature communications,2020 Apr 24,10.1038/s41467-020-15962-x,OSD-244|Mmus_C57-6T_TMS_GC_ISS-T_Rep8_G8,Ground Control
274,GSM4947035,0.9953029155731201,GSE162218,Requirement of DNMT1 to orchestrate epigenomic reprogramming for NPM-ALK driven lymphomagenesis,,,This SuperSeries is composed of the SubSeries listed below.,Refer to individual Series,33310759,,,437151,GPL21493,Mus musculus,GSE,Expression profiling by high throughput sequencing; Methylation profiling by high throughput sequencing,2020/12/08,24,ftp://ftp.ncbi.nlm.nih.gov/geo/series/GSE162nnn/GSE162218/,Requirement of DNMT1 to orchestrate epigenomic reprogramming for NPM-ALK-driven lymphomagenesis.,Life science alliance,2021 Feb,10.26508/lsa.202000794,OSD-244|Mmus_C57-6T_TMS_GC_ISS-T_Rep8_G8,Ground Control
275,GSM2643075,0.9951614141464233,GSE99364,Stabilization of c-Myc protein by CAMKIIγ promotes T-cell lymphoma,,,"Although high c-Myc protein expression is observed alongside c-Myc gene amplification in some cancers, in most cases protein overexpression occurs while the amplified gene is largely absent, e.g. T-cell lymphoma (TCL). Here, Ca2+/calmodulin-dependent protein kinase II γ (CAMKIIγ) was shown to stabilize c-Myc protein by directly phosphorylating at serine 62 (S62), which represents a hitherto unknown mechanism of c-Myc protein overexpression. Further, CAMKIIγ was shown to be essential for tumor maintenance. Inhibiting CAMKIIγ with a potent CAMKIIγ-specific inhibitor destabilized c-Myc and reduced tumor burden dramatically. Importantly, high CAMKIIγ in clinical patient specimens positively correlated with increased c-Myc / pS62-c-Myc expression. Together, the CAMKIIγ:c-Myc axis critically influences the development and maintenance of TCL, and represent a novel therapeutic target for TCL.","We investigated how deleting CAMKIIγ suppressed the development of MNU-induced TCL in mice. Through RNA-sequencing, we analyzed the gene expression profiles of the thymuses of both wild-type and CAMKIIγ-/- mice, under either malignant (with MNU) or normal (without MNU) conditions.",28697340,,,113753,GPL13112,Mus musculus,GSE,Expression profiling by high throughput sequencing,2017/05/27,4,ftp://ftp.ncbi.nlm.nih.gov/geo/series/GSE99nnn/GSE99364/,Stabilization of the c-Myc Protein by CAMKIIγ Promotes T Cell Lymphoma.,Cancer cell,2017 Jul 10,10.1016/j.ccell.2017.06.001,OSD-244|Mmus_C57-6T_TMS_GC_ISS-T_Rep8_G8,Ground Control
276,GSM6085256,0.9951568245887756,GSE201969,In vivo self-assembly and targeted delivery of EGFR siRNA-encapsulating small extracellular vesicles to EGFR-positive cancer cells for NSCLC therapy,,,"We designed a synthetic biology circuit encoding both an EGFR-targeting peptide (GE11) and an EGFR siRNA under the control of the cytomegalovirus (CMV) promoter. After uptake by mouse liver cells via intravenous injection, this genetic circuit can reprogram the liver cells to produce and self-assemble EGFR siRNAs into secretory small extracellular vesicles (sEVs) tagged with the GE11 peptide, after which the siRNA-encapsulating sEVs are further transported via the blood circulation and guided by the GE11 peptide to EGFR-positive tumour cells for NSCLC therapy. RNA sequencing-based transcriptomic profiling confirmed the safety and low off-target activity of in vivo self-assembled EGFR siRNAs.","EGFR DEL19 transgenic mice were administered doxycycline for 25 days and analysed by micro-CT to ensure spontaneous tumour formation in the lungs. Mice were then intravenously injected with the CMV-scrR, CMV-siRE or CMV-GE11-siRE circuit (10 mg/kg) every 2 days for a total of 7 injections. After treatment, mice were sacrificed, and normal tissues and tumours were harvested to determine the global transcriptome alterations by RNA sequencing.",,,,635608,GPL24247,Mus musculus,GSE,Expression profiling by high throughput sequencing,2024/04/30,72,ftp://ftp.ncbi.nlm.nih.gov/geo/series/GSE201nnn/GSE201969/,,,,,OSD-244|Mmus_C57-6T_TMS_GC_ISS-T_Rep8_G8,Ground Control
277,GSM4445403,0.9950909614562988,GSE147757,A multiple reporter protein tolerant mouse model,,,"We report the generation of a novel mouse strain that is immunologically tolerant to exogenously introduced reporter proteins ('Tol' strain). As a control, we test whether any transcriptomic changes can be observed between the Tol strain and wild-type littermate. This is tested for thymus, cerebrum and cerebellum.",Examination of transcriptomes of 3 different tissues from mice from 2 genotypes.,32472011,,,355129,GPL17021,Mus musculus,GSE,Expression profiling by high throughput sequencing,2020/04/12,22,ftp://ftp.ncbi.nlm.nih.gov/geo/series/GSE147nnn/GSE147757/,A mouse model that is immunologically tolerant to reporter and modifier proteins.,Communications biology,2020 May 29,10.1038/s42003-020-0979-0,OSD-244|Mmus_C57-6T_TMS_GC_ISS-T_Rep8_G8,Ground Control
278,GSM6998471,0.9950702786445618,GSE223894,Spontaneous Development of an Autoimmune Hepatitis – Primary Biliary Cirrhosis Overlap Syndrome in dnTGFβRII Aire-/- mice,,,"Autoimmune regulator (Aire) and TGF-β signaling play an important role in central tolerance and peripheral tolerance respectively, by eliminating or suppressing the activity of autoreactive T cells. We have previously demonstrated that dnTGFβRII mice develop a defect in peripheral tolerance and a primary biliary cirrhosis (PBC) like disease. We hypothesized that by introducing the AIRE gene to this model, we would observe a more severe PBC phenotype. Interestingly, however, we demonstrate that while dnTGFβRII Aire-/- mice do manifest key histologic and serologic features of autoimmune cholangitis, they also develop mild to moderate interface hepatitis and show high levels of alanine transaminase (ALT) and antinuclear antibodies (ANA), characteristics of autoimmune hepatitis (AIH). To further understand this unique phenotype, we performed RNA-seq and flow cytometry to explore the functional pathways and immune cell pathways in the liver of dnTGFβRII Aire-/- mice. Our data revealed enrichments of programmed cell death pathways and predominant CD8+ T cell infiltrates. Depleting CD8+ T cells using an anti-CD8α antibody significantly alleviated hepatic inflammation and prolonged the lifespan of these mice. Finally, RNA-seq data indicated the clonal expansion of hepatic CD8+ T cells. In conclusion, these mice develop an autoreactive CD8+ T cell mediated autoimmune cholangitis with concurrent hepatitis that exhibits key histological and serological features of the AIH-PBC overlap syndrome, representing a novel model for the study of tolerance and autoimmune liver disease.","To explore the function state of hepatic cells in different groups, we extracted the total RNA of liver and thymus tissues or 5×10^5 hepatic CD8+ T cells from dnTGFβRII Aire-/- mice and their control littermates, then we build the cDNA library and performed the bulk RNA sequencing.",36853094,,,732338,GPL24247; GPL23479,Mus musculus,GSE,Expression profiling by high throughput sequencing,2023/02/21,22,ftp://ftp.ncbi.nlm.nih.gov/geo/series/GSE223nnn/GSE223894/,Spontaneous development of an autoimmune hepatitis - primary biliary cholangitis overlap syndrome in dnTGFβRII Aire(-/-) mice.,The Journal of pathology,2023 Jun,10.1002/path.6077,OSD-244|Mmus_C57-6T_TMS_GC_ISS-T_Rep8_G8,Ground Control
279,GSM4445410,0.9950532913208008,GSE147757,A multiple reporter protein tolerant mouse model,,,"We report the generation of a novel mouse strain that is immunologically tolerant to exogenously introduced reporter proteins ('Tol' strain). As a control, we test whether any transcriptomic changes can be observed between the Tol strain and wild-type littermate. This is tested for thymus, cerebrum and cerebellum.",Examination of transcriptomes of 3 different tissues from mice from 2 genotypes.,32472011,,,355136,GPL17021,Mus musculus,GSE,Expression profiling by high throughput sequencing,2020/04/12,22,ftp://ftp.ncbi.nlm.nih.gov/geo/series/GSE147nnn/GSE147757/,A mouse model that is immunologically tolerant to reporter and modifier proteins.,Communications biology,2020 May 29,10.1038/s42003-020-0979-0,OSD-244|Mmus_C57-6T_TMS_GC_ISS-T_Rep8_G8,Ground Control
280,GSM2643075,0.9933608770370483,GSE99364,Stabilization of c-Myc protein by CAMKIIγ promotes T-cell lymphoma,,,"Although high c-Myc protein expression is observed alongside c-Myc gene amplification in some cancers, in most cases protein overexpression occurs while the amplified gene is largely absent, e.g. T-cell lymphoma (TCL). Here, Ca2+/calmodulin-dependent protein kinase II γ (CAMKIIγ) was shown to stabilize c-Myc protein by directly phosphorylating at serine 62 (S62), which represents a hitherto unknown mechanism of c-Myc protein overexpression. Further, CAMKIIγ was shown to be essential for tumor maintenance. Inhibiting CAMKIIγ with a potent CAMKIIγ-specific inhibitor destabilized c-Myc and reduced tumor burden dramatically. Importantly, high CAMKIIγ in clinical patient specimens positively correlated with increased c-Myc / pS62-c-Myc expression. Together, the CAMKIIγ:c-Myc axis critically influences the development and maintenance of TCL, and represent a novel therapeutic target for TCL.","We investigated how deleting CAMKIIγ suppressed the development of MNU-induced TCL in mice. Through RNA-sequencing, we analyzed the gene expression profiles of the thymuses of both wild-type and CAMKIIγ-/- mice, under either malignant (with MNU) or normal (without MNU) conditions.",28697340,,,113753,GPL13112,Mus musculus,GSE,Expression profiling by high throughput sequencing,2017/05/27,4,ftp://ftp.ncbi.nlm.nih.gov/geo/series/GSE99nnn/GSE99364/,Stabilization of the c-Myc Protein by CAMKIIγ Promotes T Cell Lymphoma.,Cancer cell,2017 Jul 10,10.1016/j.ccell.2017.06.001,OSD-244|Mmus_C57-6T_TMS_GC_ISS-T_Rep9_G9,Ground Control
281,GSM2643073,0.9930287599563599,GSE99364,Stabilization of c-Myc protein by CAMKIIγ promotes T-cell lymphoma,,,"Although high c-Myc protein expression is observed alongside c-Myc gene amplification in some cancers, in most cases protein overexpression occurs while the amplified gene is largely absent, e.g. T-cell lymphoma (TCL). Here, Ca2+/calmodulin-dependent protein kinase II γ (CAMKIIγ) was shown to stabilize c-Myc protein by directly phosphorylating at serine 62 (S62), which represents a hitherto unknown mechanism of c-Myc protein overexpression. Further, CAMKIIγ was shown to be essential for tumor maintenance. Inhibiting CAMKIIγ with a potent CAMKIIγ-specific inhibitor destabilized c-Myc and reduced tumor burden dramatically. Importantly, high CAMKIIγ in clinical patient specimens positively correlated with increased c-Myc / pS62-c-Myc expression. Together, the CAMKIIγ:c-Myc axis critically influences the development and maintenance of TCL, and represent a novel therapeutic target for TCL.","We investigated how deleting CAMKIIγ suppressed the development of MNU-induced TCL in mice. Through RNA-sequencing, we analyzed the gene expression profiles of the thymuses of both wild-type and CAMKIIγ-/- mice, under either malignant (with MNU) or normal (without MNU) conditions.",28697340,,,113751,GPL13112,Mus musculus,GSE,Expression profiling by high throughput sequencing,2017/05/27,4,ftp://ftp.ncbi.nlm.nih.gov/geo/series/GSE99nnn/GSE99364/,Stabilization of the c-Myc Protein by CAMKIIγ Promotes T Cell Lymphoma.,Cancer cell,2017 Jul 10,10.1016/j.ccell.2017.06.001,OSD-244|Mmus_C57-6T_TMS_GC_ISS-T_Rep9_G9,Ground Control
282,GSM2643072,0.992164134979248,GSE99364,Stabilization of c-Myc protein by CAMKIIγ promotes T-cell lymphoma,,,"Although high c-Myc protein expression is observed alongside c-Myc gene amplification in some cancers, in most cases protein overexpression occurs while the amplified gene is largely absent, e.g. T-cell lymphoma (TCL). Here, Ca2+/calmodulin-dependent protein kinase II γ (CAMKIIγ) was shown to stabilize c-Myc protein by directly phosphorylating at serine 62 (S62), which represents a hitherto unknown mechanism of c-Myc protein overexpression. Further, CAMKIIγ was shown to be essential for tumor maintenance. Inhibiting CAMKIIγ with a potent CAMKIIγ-specific inhibitor destabilized c-Myc and reduced tumor burden dramatically. Importantly, high CAMKIIγ in clinical patient specimens positively correlated with increased c-Myc / pS62-c-Myc expression. Together, the CAMKIIγ:c-Myc axis critically influences the development and maintenance of TCL, and represent a novel therapeutic target for TCL.","We investigated how deleting CAMKIIγ suppressed the development of MNU-induced TCL in mice. Through RNA-sequencing, we analyzed the gene expression profiles of the thymuses of both wild-type and CAMKIIγ-/- mice, under either malignant (with MNU) or normal (without MNU) conditions.",28697340,,,113750,GPL13112,Mus musculus,GSE,Expression profiling by high throughput sequencing,2017/05/27,4,ftp://ftp.ncbi.nlm.nih.gov/geo/series/GSE99nnn/GSE99364/,Stabilization of the c-Myc Protein by CAMKIIγ Promotes T Cell Lymphoma.,Cancer cell,2017 Jul 10,10.1016/j.ccell.2017.06.001,OSD-244|Mmus_C57-6T_TMS_GC_ISS-T_Rep9_G9,Ground Control
283,GSM3467334,0.9919726848602295,GSE122496,PRC2 inactivation cooperates with JAK3 mutant signaling in the development of T-cell acute lymphoblastic leukemia,,,"T-ALL is characterized by deregulation of transcriptional control and impairment of epigenetic homeostasis. We observed that T-ALL cases with mutations in the IL7R-JAK-STAT pathway frequently harbor inactivating mutations in the PRC2 complex, in particular SUZ12 mutations. PRC2 is an epigenetic complex responsible for writing the H3K27me3 mark associated with gene repression. To assess whether loss of SUZ12 cooperates with mutant JAK3 signaling during T-ALL development, we expressed the JAK3(M511I) mutant in mouse bone marrow cells in vivo and tested the effect of Cas9-mediated inactivation of Suz12 on leukemia development. The mice developed a T-cell leukemia that infiltrated most hematological organs (bone marrow, thymus, spleen, lymph nodes, blood). At time of sacrifice the majority of cells in the blood and hematopoietic organs was JAK3(M511I) positive and Suz12 negative. Reduced Suz12 protein and H3K27me3 levels were confirmed with flow cytometry. Moreover, JAK3(M511I) also cooperates with Suz12 gRNA-mediated inactivation in vitro. Pro-T cells carrying both JAK3(M511I) and Suz12 gRNA were able to transform to IL7 independent growth, whereas single mutant (JAK3(M511I) only or Suz12 gRNA only) pro-T cells could not. In order to get insight in the mechanism of cooperation between JAK3 mutant signaling and Suz12 inactivation, we performed and integrated RNA- and ChIP-sequencing (Suz12, H3K27me3, H3K27Ac, H3K4me1, H3K4me3) on leukemic cells from the mice. This showed a global upregulation of many genes, including known PRC2 target genes upon loss of Suz12. Moreover, Suz12 was bound to promoters of Wnt signaling genes (Fzd7, Lrp4) and Wnt target genes (Axin2, Jag2, Mmp9), concomitant with high H3K27me3 levels. Loss of Suz12 led to drastic reduction of H3K27me3 at these loci and upregulation of these Wnt genes. As Wnt signaling is ectopically activated, we wanted to test whether JAK3(M511I) + Suz12 gRNA cells are more sensitive to Wnt inhibitor. JAK3(M511I) + Suz12 pro-T cells and leukemic spleen cells exhibited increased sensitivity to Wnt inhibitor compared to JAK3 mutant control cells, indicating that Wnt signaling contributes to the cooperation between Suz12 loss and JAK3 mutant signaling. In conclusion, our data show that Suz12 inactivation cooperates with mutant JAK3 signaling to drive leukemia development in vivo and demonstrates the use of Cas9 transgenic mice to study the role of tumor suppressor genes in T-ALL mouse models. Moreover, Suz12 loss leads to ectopic activation of Wnt signaling, a pathway contributing to the cooperation of Suz12 loss and JAK3 mutant signaling that can also be targeted with inhibitors.","RNA-sequencing of transgenic mouse samples with different conditions: wildtype, JAK3 mutant, SUZ12 inactivation, JAK3 mutant+SUZ12 inactivation ChIPmentation sequencing in transgenic mouse samples with different conditions (see RNA-sequencing) with multiple antibodies: Suz12, H3K27ac, H3K27me3, H3K4me3, H3K4me1",31492675,,,214821,GPL17021,Mus musculus,GSE,Expression profiling by high throughput sequencing; Genome binding/occupancy profiling by high throughput sequencing,2019/03/01,57,ftp://ftp.ncbi.nlm.nih.gov/geo/series/GSE122nnn/GSE122496/,Suz12 inactivation cooperates with JAK3 mutant signaling in the development of T-cell acute lymphoblastic leukemia.,Blood,2019 Oct 17,10.1182/blood.2019000015,OSD-244|Mmus_C57-6T_TMS_GC_ISS-T_Rep9_G9,Ground Control
284,GSM6342323,0.9918605089187622,GSE218085,Epigenetically-controlled tumor antigens derived from splice junctions between exons and transposable elements,,,This SuperSeries is composed of the SubSeries listed below.,Refer to individual Series,36735776,,,658205,GPL17021; GPL24247,Mus musculus,GSE,Expression profiling by high throughput sequencing; Genome binding/occupancy profiling by high throughput sequencing,2022/11/22,133,ftp://ftp.ncbi.nlm.nih.gov/geo/series/GSE218nnn/GSE218085/,Epigenetically controlled tumor antigens derived from splice junctions between exons and transposable elements.,Science immunology,2023 Feb 3,10.1126/sciimmunol.abm6360,OSD-244|Mmus_C57-6T_TMS_GC_ISS-T_Rep9_G9,Ground Control
285,GSM4947037,0.9916089177131653,GSE162218,Requirement of DNMT1 to orchestrate epigenomic reprogramming for NPM-ALK driven lymphomagenesis,,,This SuperSeries is composed of the SubSeries listed below.,Refer to individual Series,33310759,,,437153,GPL21493,Mus musculus,GSE,Expression profiling by high throughput sequencing; Methylation profiling by high throughput sequencing,2020/12/08,24,ftp://ftp.ncbi.nlm.nih.gov/geo/series/GSE162nnn/GSE162218/,Requirement of DNMT1 to orchestrate epigenomic reprogramming for NPM-ALK-driven lymphomagenesis.,Life science alliance,2021 Feb,10.26508/lsa.202000794,OSD-244|Mmus_C57-6T_TMS_GC_ISS-T_Rep9_G9,Ground Control
286,GSM4445408,0.9916051626205444,GSE147757,A multiple reporter protein tolerant mouse model,,,"We report the generation of a novel mouse strain that is immunologically tolerant to exogenously introduced reporter proteins ('Tol' strain). As a control, we test whether any transcriptomic changes can be observed between the Tol strain and wild-type littermate. This is tested for thymus, cerebrum and cerebellum.",Examination of transcriptomes of 3 different tissues from mice from 2 genotypes.,32472011,,,355134,GPL17021,Mus musculus,GSE,Expression profiling by high throughput sequencing,2020/04/12,22,ftp://ftp.ncbi.nlm.nih.gov/geo/series/GSE147nnn/GSE147757/,A mouse model that is immunologically tolerant to reporter and modifier proteins.,Communications biology,2020 May 29,10.1038/s42003-020-0979-0,OSD-244|Mmus_C57-6T_TMS_GC_ISS-T_Rep9_G9,Ground Control
287,GSM4445407,0.9915367364883423,GSE147757,A multiple reporter protein tolerant mouse model,,,"We report the generation of a novel mouse strain that is immunologically tolerant to exogenously introduced reporter proteins ('Tol' strain). As a control, we test whether any transcriptomic changes can be observed between the Tol strain and wild-type littermate. This is tested for thymus, cerebrum and cerebellum.",Examination of transcriptomes of 3 different tissues from mice from 2 genotypes.,32472011,,,355133,GPL17021,Mus musculus,GSE,Expression profiling by high throughput sequencing,2020/04/12,22,ftp://ftp.ncbi.nlm.nih.gov/geo/series/GSE147nnn/GSE147757/,A mouse model that is immunologically tolerant to reporter and modifier proteins.,Communications biology,2020 May 29,10.1038/s42003-020-0979-0,OSD-244|Mmus_C57-6T_TMS_GC_ISS-T_Rep9_G9,Ground Control
288,GSM6085266,0.9913352727890015,GSE201969,In vivo self-assembly and targeted delivery of EGFR siRNA-encapsulating small extracellular vesicles to EGFR-positive cancer cells for NSCLC therapy,,,"We designed a synthetic biology circuit encoding both an EGFR-targeting peptide (GE11) and an EGFR siRNA under the control of the cytomegalovirus (CMV) promoter. After uptake by mouse liver cells via intravenous injection, this genetic circuit can reprogram the liver cells to produce and self-assemble EGFR siRNAs into secretory small extracellular vesicles (sEVs) tagged with the GE11 peptide, after which the siRNA-encapsulating sEVs are further transported via the blood circulation and guided by the GE11 peptide to EGFR-positive tumour cells for NSCLC therapy. RNA sequencing-based transcriptomic profiling confirmed the safety and low off-target activity of in vivo self-assembled EGFR siRNAs.","EGFR DEL19 transgenic mice were administered doxycycline for 25 days and analysed by micro-CT to ensure spontaneous tumour formation in the lungs. Mice were then intravenously injected with the CMV-scrR, CMV-siRE or CMV-GE11-siRE circuit (10 mg/kg) every 2 days for a total of 7 injections. After treatment, mice were sacrificed, and normal tissues and tumours were harvested to determine the global transcriptome alterations by RNA sequencing.",,,,635618,GPL24247,Mus musculus,GSE,Expression profiling by high throughput sequencing,2024/04/30,72,ftp://ftp.ncbi.nlm.nih.gov/geo/series/GSE201nnn/GSE201969/,,,,,OSD-244|Mmus_C57-6T_TMS_GC_ISS-T_Rep9_G9,Ground Control
289,GSM4263013,0.9910101890563965,GSE143581,P53 dynamics vary between tissues and are linked with radiation sensitivity,,,We used RNAseq to explore the gene expression changes induced by ionizing radiation across multiple tissues,Mouse were treated with ionizing radiation (10gy) and sacrificed at different timepoints and tissues extracted and processed for RNA,,,,331841,GPL19057,Mus musculus,GSE,Expression profiling by high throughput sequencing,2020/04/30,54,ftp://ftp.ncbi.nlm.nih.gov/geo/series/GSE143nnn/GSE143581/,,,,,OSD-244|Mmus_C57-6T_TMS_GC_ISS-T_Rep9_G9,Ground Control
290,GSM1489510,0.9892540574073792,GSE60827,RNA-Seq analysis comparing p53-null versus ΔNp63Δ/Δ;p53-null or ΔNp73Δ/Δ;p53-null thymic lymphoma tumors,,,We performed an RNA-Seq analysis comparing thymic lymphoma tissues from the p53-null(n=2) and ΔNp63Δ/Δ;p53-/- (n=3) or ΔNp73Δ/Δ;p53-/-(n=3). Mice at 10 weeks of age were injected with either Ad-mCherry or Ad-CRE-mCherry to delete ΔNp63/ΔNp73 in the thymic lmyphomas. We aimed to test by deleting the DNp63/DNp73 in these p53-deficient tumors will mediate tumor regression and analyze the expression profile of the genes,Examination of thymic lymphoma tissues in 3 different genotypes (p53-/- vs ΔNp63Δ/Δ;p53-/- or ΔNp73Δ/Δ;p53-/-),25409149,,,17571,GPL13112,Mus musculus,GSE,Expression profiling by high throughput sequencing,2014/11/19,8,ftp://ftp.ncbi.nlm.nih.gov/geo/series/GSE60nnn/GSE60827/,IAPP-driven metabolic reprogramming induces regression of p53-deficient tumours in vivo.,Nature,2015 Jan 29,10.1038/nature13910,OSD-244|Mmus_C57-6T_TMS_GC_LAR_Rep1_G2,Ground Control
291,GSM1489513,0.9890596270561218,GSE60827,RNA-Seq analysis comparing p53-null versus ΔNp63Δ/Δ;p53-null or ΔNp73Δ/Δ;p53-null thymic lymphoma tumors,,,We performed an RNA-Seq analysis comparing thymic lymphoma tissues from the p53-null(n=2) and ΔNp63Δ/Δ;p53-/- (n=3) or ΔNp73Δ/Δ;p53-/-(n=3). Mice at 10 weeks of age were injected with either Ad-mCherry or Ad-CRE-mCherry to delete ΔNp63/ΔNp73 in the thymic lmyphomas. We aimed to test by deleting the DNp63/DNp73 in these p53-deficient tumors will mediate tumor regression and analyze the expression profile of the genes,Examination of thymic lymphoma tissues in 3 different genotypes (p53-/- vs ΔNp63Δ/Δ;p53-/- or ΔNp73Δ/Δ;p53-/-),25409149,,,17574,GPL13112,Mus musculus,GSE,Expression profiling by high throughput sequencing,2014/11/19,8,ftp://ftp.ncbi.nlm.nih.gov/geo/series/GSE60nnn/GSE60827/,IAPP-driven metabolic reprogramming induces regression of p53-deficient tumours in vivo.,Nature,2015 Jan 29,10.1038/nature13910,OSD-244|Mmus_C57-6T_TMS_GC_LAR_Rep1_G2,Ground Control
292,GSM4263014,0.9871494770050049,GSE143581,P53 dynamics vary between tissues and are linked with radiation sensitivity,,,We used RNAseq to explore the gene expression changes induced by ionizing radiation across multiple tissues,Mouse were treated with ionizing radiation (10gy) and sacrificed at different timepoints and tissues extracted and processed for RNA,,,,331842,GPL19057,Mus musculus,GSE,Expression profiling by high throughput sequencing,2020/04/30,54,ftp://ftp.ncbi.nlm.nih.gov/geo/series/GSE143nnn/GSE143581/,,,,,OSD-244|Mmus_C57-6T_TMS_GC_LAR_Rep1_G2,Ground Control
293,GSM1489512,0.9870302677154541,GSE60827,RNA-Seq analysis comparing p53-null versus ΔNp63Δ/Δ;p53-null or ΔNp73Δ/Δ;p53-null thymic lymphoma tumors,,,We performed an RNA-Seq analysis comparing thymic lymphoma tissues from the p53-null(n=2) and ΔNp63Δ/Δ;p53-/- (n=3) or ΔNp73Δ/Δ;p53-/-(n=3). Mice at 10 weeks of age were injected with either Ad-mCherry or Ad-CRE-mCherry to delete ΔNp63/ΔNp73 in the thymic lmyphomas. We aimed to test by deleting the DNp63/DNp73 in these p53-deficient tumors will mediate tumor regression and analyze the expression profile of the genes,Examination of thymic lymphoma tissues in 3 different genotypes (p53-/- vs ΔNp63Δ/Δ;p53-/- or ΔNp73Δ/Δ;p53-/-),25409149,,,17573,GPL13112,Mus musculus,GSE,Expression profiling by high throughput sequencing,2014/11/19,8,ftp://ftp.ncbi.nlm.nih.gov/geo/series/GSE60nnn/GSE60827/,IAPP-driven metabolic reprogramming induces regression of p53-deficient tumours in vivo.,Nature,2015 Jan 29,10.1038/nature13910,OSD-244|Mmus_C57-6T_TMS_GC_LAR_Rep1_G2,Ground Control
294,GSM1489508,0.986851692199707,GSE60827,RNA-Seq analysis comparing p53-null versus ΔNp63Δ/Δ;p53-null or ΔNp73Δ/Δ;p53-null thymic lymphoma tumors,,,We performed an RNA-Seq analysis comparing thymic lymphoma tissues from the p53-null(n=2) and ΔNp63Δ/Δ;p53-/- (n=3) or ΔNp73Δ/Δ;p53-/-(n=3). Mice at 10 weeks of age were injected with either Ad-mCherry or Ad-CRE-mCherry to delete ΔNp63/ΔNp73 in the thymic lmyphomas. We aimed to test by deleting the DNp63/DNp73 in these p53-deficient tumors will mediate tumor regression and analyze the expression profile of the genes,Examination of thymic lymphoma tissues in 3 different genotypes (p53-/- vs ΔNp63Δ/Δ;p53-/- or ΔNp73Δ/Δ;p53-/-),25409149,,,17569,GPL13112,Mus musculus,GSE,Expression profiling by high throughput sequencing,2014/11/19,8,ftp://ftp.ncbi.nlm.nih.gov/geo/series/GSE60nnn/GSE60827/,IAPP-driven metabolic reprogramming induces regression of p53-deficient tumours in vivo.,Nature,2015 Jan 29,10.1038/nature13910,OSD-244|Mmus_C57-6T_TMS_GC_LAR_Rep1_G2,Ground Control
295,GSM4099486,0.9865182638168335,GSE138103,A whole-tissue RNA-seq toolkit for organism-wide studies of gene expression with PME-seq,,,"The immune system operates at the scale of the whole organism in mammals. We currently lack experimental approaches to systematically track and study organism-wide molecular processes in mice. Here we describe an integrated toolkit for measuring gene expression in whole tissues, 3-prime mRNA extension sequencing, that is applicable to most mouse organs and any mouse model of interest. Further, the methods of RNA-seq described in this protocol are broadly applicable to other sample types beyond whole organs, such as tissue samples or isolated cell populations. We report procedures to collect, store and lyse a dozen organ types using conditions compatible with the extraction of high-quality RNA. In addition, we detail protocols to perform high-throughput and low-cost RNA extraction and sequencing, as well as downstream data analysis. The protocol takes 5 d to process 384 mouse organs from collecting tissues to obtaining raw sequencing data, with additional time required for data analysis and mining. The protocol is accessible to individuals with basic skills in (i) mouse perfusion and dissection for sample collection and (ii) computation using Unix and R for data analysis. Overall, the methods presented here fill a gap in our toolbox for studying organism-wide processes in immunology and physiology.","To study immune processes at the organism-level, four replicates of 6 weeks old female mice were anasthesized, and transcardially perfused with PBS supplemented with 1 mM EDTA. 15 tissues (Liver, bone marrow, lung, inguinal lymph node, mesenteric lymph node, colon, small intestine, female reproductive tract, brain, kidney, thymus, peripheral blood mononuclear cells, heart, skin, spleen) were collected and stored in RNAlater at 4C overnight before freezing at -80C for long-term storage.",32076350,,,296230,GPL21626,Mus musculus,GSE,Expression profiling by high throughput sequencing,2019/10/01,60,ftp://ftp.ncbi.nlm.nih.gov/geo/series/GSE138nnn/GSE138103/,A whole-tissue RNA-seq toolkit for organism-wide studies of gene expression with PME-seq.,Nature protocols,2020 Apr,10.1038/s41596-019-0291-y,OSD-244|Mmus_C57-6T_TMS_GC_LAR_Rep1_G2,Ground Control
296,GSM1489506,0.986214280128479,GSE60827,RNA-Seq analysis comparing p53-null versus ΔNp63Δ/Δ;p53-null or ΔNp73Δ/Δ;p53-null thymic lymphoma tumors,,,We performed an RNA-Seq analysis comparing thymic lymphoma tissues from the p53-null(n=2) and ΔNp63Δ/Δ;p53-/- (n=3) or ΔNp73Δ/Δ;p53-/-(n=3). Mice at 10 weeks of age were injected with either Ad-mCherry or Ad-CRE-mCherry to delete ΔNp63/ΔNp73 in the thymic lmyphomas. We aimed to test by deleting the DNp63/DNp73 in these p53-deficient tumors will mediate tumor regression and analyze the expression profile of the genes,Examination of thymic lymphoma tissues in 3 different genotypes (p53-/- vs ΔNp63Δ/Δ;p53-/- or ΔNp73Δ/Δ;p53-/-),25409149,,,17567,GPL13112,Mus musculus,GSE,Expression profiling by high throughput sequencing,2014/11/19,8,ftp://ftp.ncbi.nlm.nih.gov/geo/series/GSE60nnn/GSE60827/,IAPP-driven metabolic reprogramming induces regression of p53-deficient tumours in vivo.,Nature,2015 Jan 29,10.1038/nature13910,OSD-244|Mmus_C57-6T_TMS_GC_LAR_Rep1_G2,Ground Control
297,GSM4099485,0.9860960245132446,GSE138103,A whole-tissue RNA-seq toolkit for organism-wide studies of gene expression with PME-seq,,,"The immune system operates at the scale of the whole organism in mammals. We currently lack experimental approaches to systematically track and study organism-wide molecular processes in mice. Here we describe an integrated toolkit for measuring gene expression in whole tissues, 3-prime mRNA extension sequencing, that is applicable to most mouse organs and any mouse model of interest. Further, the methods of RNA-seq described in this protocol are broadly applicable to other sample types beyond whole organs, such as tissue samples or isolated cell populations. We report procedures to collect, store and lyse a dozen organ types using conditions compatible with the extraction of high-quality RNA. In addition, we detail protocols to perform high-throughput and low-cost RNA extraction and sequencing, as well as downstream data analysis. The protocol takes 5 d to process 384 mouse organs from collecting tissues to obtaining raw sequencing data, with additional time required for data analysis and mining. The protocol is accessible to individuals with basic skills in (i) mouse perfusion and dissection for sample collection and (ii) computation using Unix and R for data analysis. Overall, the methods presented here fill a gap in our toolbox for studying organism-wide processes in immunology and physiology.","To study immune processes at the organism-level, four replicates of 6 weeks old female mice were anasthesized, and transcardially perfused with PBS supplemented with 1 mM EDTA. 15 tissues (Liver, bone marrow, lung, inguinal lymph node, mesenteric lymph node, colon, small intestine, female reproductive tract, brain, kidney, thymus, peripheral blood mononuclear cells, heart, skin, spleen) were collected and stored in RNAlater at 4C overnight before freezing at -80C for long-term storage.",32076350,,,296229,GPL21626,Mus musculus,GSE,Expression profiling by high throughput sequencing,2019/10/01,60,ftp://ftp.ncbi.nlm.nih.gov/geo/series/GSE138nnn/GSE138103/,A whole-tissue RNA-seq toolkit for organism-wide studies of gene expression with PME-seq.,Nature protocols,2020 Apr,10.1038/s41596-019-0291-y,OSD-244|Mmus_C57-6T_TMS_GC_LAR_Rep1_G2,Ground Control
298,GSM4099484,0.9855819344520569,GSE138103,A whole-tissue RNA-seq toolkit for organism-wide studies of gene expression with PME-seq,,,"The immune system operates at the scale of the whole organism in mammals. We currently lack experimental approaches to systematically track and study organism-wide molecular processes in mice. Here we describe an integrated toolkit for measuring gene expression in whole tissues, 3-prime mRNA extension sequencing, that is applicable to most mouse organs and any mouse model of interest. Further, the methods of RNA-seq described in this protocol are broadly applicable to other sample types beyond whole organs, such as tissue samples or isolated cell populations. We report procedures to collect, store and lyse a dozen organ types using conditions compatible with the extraction of high-quality RNA. In addition, we detail protocols to perform high-throughput and low-cost RNA extraction and sequencing, as well as downstream data analysis. The protocol takes 5 d to process 384 mouse organs from collecting tissues to obtaining raw sequencing data, with additional time required for data analysis and mining. The protocol is accessible to individuals with basic skills in (i) mouse perfusion and dissection for sample collection and (ii) computation using Unix and R for data analysis. Overall, the methods presented here fill a gap in our toolbox for studying organism-wide processes in immunology and physiology.","To study immune processes at the organism-level, four replicates of 6 weeks old female mice were anasthesized, and transcardially perfused with PBS supplemented with 1 mM EDTA. 15 tissues (Liver, bone marrow, lung, inguinal lymph node, mesenteric lymph node, colon, small intestine, female reproductive tract, brain, kidney, thymus, peripheral blood mononuclear cells, heart, skin, spleen) were collected and stored in RNAlater at 4C overnight before freezing at -80C for long-term storage.",32076350,,,296228,GPL21626,Mus musculus,GSE,Expression profiling by high throughput sequencing,2019/10/01,60,ftp://ftp.ncbi.nlm.nih.gov/geo/series/GSE138nnn/GSE138103/,A whole-tissue RNA-seq toolkit for organism-wide studies of gene expression with PME-seq.,Nature protocols,2020 Apr,10.1038/s41596-019-0291-y,OSD-244|Mmus_C57-6T_TMS_GC_LAR_Rep1_G2,Ground Control
299,GSM4099487,0.9855660200119019,GSE138103,A whole-tissue RNA-seq toolkit for organism-wide studies of gene expression with PME-seq,,,"The immune system operates at the scale of the whole organism in mammals. We currently lack experimental approaches to systematically track and study organism-wide molecular processes in mice. Here we describe an integrated toolkit for measuring gene expression in whole tissues, 3-prime mRNA extension sequencing, that is applicable to most mouse organs and any mouse model of interest. Further, the methods of RNA-seq described in this protocol are broadly applicable to other sample types beyond whole organs, such as tissue samples or isolated cell populations. We report procedures to collect, store and lyse a dozen organ types using conditions compatible with the extraction of high-quality RNA. In addition, we detail protocols to perform high-throughput and low-cost RNA extraction and sequencing, as well as downstream data analysis. The protocol takes 5 d to process 384 mouse organs from collecting tissues to obtaining raw sequencing data, with additional time required for data analysis and mining. The protocol is accessible to individuals with basic skills in (i) mouse perfusion and dissection for sample collection and (ii) computation using Unix and R for data analysis. Overall, the methods presented here fill a gap in our toolbox for studying organism-wide processes in immunology and physiology.","To study immune processes at the organism-level, four replicates of 6 weeks old female mice were anasthesized, and transcardially perfused with PBS supplemented with 1 mM EDTA. 15 tissues (Liver, bone marrow, lung, inguinal lymph node, mesenteric lymph node, colon, small intestine, female reproductive tract, brain, kidney, thymus, peripheral blood mononuclear cells, heart, skin, spleen) were collected and stored in RNAlater at 4C overnight before freezing at -80C for long-term storage.",32076350,,,296231,GPL21626,Mus musculus,GSE,Expression profiling by high throughput sequencing,2019/10/01,60,ftp://ftp.ncbi.nlm.nih.gov/geo/series/GSE138nnn/GSE138103/,A whole-tissue RNA-seq toolkit for organism-wide studies of gene expression with PME-seq.,Nature protocols,2020 Apr,10.1038/s41596-019-0291-y,OSD-244|Mmus_C57-6T_TMS_GC_LAR_Rep1_G2,Ground Control
300,GSM2940129,0.9947339296340942,GSE109345,Uncovering a Predictive Molecular Signature for the Onset of  NASH-Related Fibrosis in a Translational NASH Mouse Model,,,"SUMMARY: This article presents a predictive molecular signature that marks the early onset of fibrosis in a translational nonalcoholic steatohepatitis mouse model. Overlap of genes and processes with human nonalcoholic steatohepatitis and a list of top candidate biomarkers for early fibrosis are described. BACKGROUND & AIMS: The incidence of nonalcoholic steatohepatitis (NASH) is increasing. The pathophysiological mechanisms of NASH and the sequence of events leading to hepatic fibrosis are incompletely understood. The aim of this study was to gain insight into the dynamics of key molecular processes involved in NASH and to rank early markers for hepatic fibrosis. METHODS: A time-course study in low-density lipoprotein–receptor knockout. Leiden mice on a high-fat diet was performed to identify the temporal dynamics of key processes contributing to NASH and fibrosis. An integrative systems biology approach was used to elucidate candidate markers linked to the active fibrosis process by combining transcriptomics, dynamic proteomics, and histopathology. The translational value of these findings were confirmed using human NASH data sets. RESULTS: High-fat-diet feeding resulted in obesity, hyperlipidemia, insulin resistance, and NASH with fibrosis in a time-dependent manner. Temporal dynamics of key molecular processes involved in the development of NASH were identified, including lipid metabolism, inflammation, oxidative stress, and fibrosis. A data-integrative approach enabled identification of the active fibrotic process preceding histopathologic detection using a novel molecular fibrosis signature. Human studies were used to identify overlap of genes and processes and to perform a network biology-based prioritization to rank top candidate markers representing the early manifestation of fibrosis. CONCLUSIONS: An early predictive molecular signature was identified that marked the active profibrotic process before histopathologic fibrosis becomes manifest. Early detection of the onset of NASH and fibrosis enables identification of novel blood-based biomarkers to stratify patients at risk, development of new therapeutics, and help shorten (pre)clinical experimental time frames. Keywords: Systems Biology; Metabolic Syndrome; Liver Disease; Diagnosis.","In total 9 treatment groups: 5 Control groups (chow = standard diet; t=0, 6, 12, 18, 24 weeks), 4 Treatment groups (HFD = High Fat diet; 6, 12, 18, 24 weeks).",29276754;35897797,,,152023,GPL19057,Mus musculus,GSE,Expression profiling by high throughput sequencing,2018/01/19,78,ftp://ftp.ncbi.nlm.nih.gov/geo/series/GSE109nnn/GSE109345/,Uncovering a Predictive Molecular Signature for the Onset of NASH-Related Fibrosis in a Translational NASH Mouse Model.,Cellular and molecular gastroenterology and hepatology,2018,10.1016/j.jcmgh.2017.10.001,OSD-244|Mmus_C57-6T_TMS_GC_LAR_Rep2_G3,Ground Control
301,GSM3391949,0.9925039410591125,GSE120038,Effect of miR-92a-3p and/or miR-489-3p inhibition on aorta endothelium of Apoe-/-;5/6Nx,,,The role of endothelial miR-92a-3p and miR-489-3p in CKD-associated atherosclerosis was examined by mRNA expression analysis in Apoe-/- mice with 5/6 nephrectomy treated with locked-nucleic acid (LNA) inhibitors complexed with high-density lipoprotein (HDL).,"RNA sequencing of aortic endothelial cell total RNA from Apoe-/- (B6.129P2-Apoetm1Unc/J) with 5/6 nephrectomy for 7 weeks and one week after treatment with saline, HDL, HDL + LNA92a, HDL + LNA489, or HDL + LNA92a + LNA489. Surgery was performed on 9 week old female mice maintained on regular chow diet. The mice recieved a single retro-orbital treatment 7 weeks post surgery and were sacrificed 1 week post treatment. The aortic endothelium was sheared to collect total RNA, which was sequenced with 4 biological replicates per group.",30731284,,,198502,GPL21493,Mus musculus,GSE,Expression profiling by high throughput sequencing,2019/03/01,20,ftp://ftp.ncbi.nlm.nih.gov/geo/series/GSE120nnn/GSE120038/,Dual inhibition of endothelial miR-92a-3p and miR-489-3p reduces renal injury-associated atherosclerosis.,Atherosclerosis,2019 Mar,10.1016/j.atherosclerosis.2019.01.023,OSD-244|Mmus_C57-6T_TMS_GC_LAR_Rep2_G3,Ground Control
302,GSM7061331,0.9922352433204651,GSE225986,INTERCELLULAR HIF1alpha REPROGAMS MAMMARY PROGENITORS AND MYELOID IMMUNE EVASION TO DRIVE HIGH-RISK BREAST LESIONS,,,"The origin of breast cancer, whether primary or recurrent,is unknown. Here, we show that invasive breast cancer cells under conditions of hypoxia release small extracellular vesicles (sEV) that disrupt the differentiation hierarchy of the normal mammary epithelium, expand stem and luminal progenitor cells, and induce atypical ductal hyperplasia, cellular proliferation, and intraepithelial neoplasia. This is accompanied by systemic immunosuppression with increased myeloid cell release of the “alarmin”, S100A9, and multiple oncogenic traits of EMT, sustained angiogenesis, and local and disseminated luminal cell invasion, in vivo. When applied on the genetic background of a driver oncogene (MMTV-PyMT), hypoxic sEV accelerate bilateral breast cancer onset and progression. Mechanistically, genetic or pharmacologic targeting of hypoxia-inducible factor-1 (HIF1) packaged in hypoxic sEV or homozygous deletion of S100A9 normalizes mammary gland differentiation, restores T cell function and prevents atypical hyperplasia. The transcriptome of sEV-induced mammary gland lesions resembles luminal breast cancer, and detection of HIF1 in plasma circulating sEV from luminal breast cancer patients correlates with clinical recurrence. Therefore, a pleiotropic sEV-HIF1 signaling axis drives local and systemic mechanisms of mammary gland transformation at high risk for full-blown, multifocal breast cancer. This pathway may provide a readily accessible biomarker of luminal breast cancer progression.",RNAseq in control and exosome normoxia or hypoxia conditions,36892943,,,737081,GPL19057,Mus musculus,GSE,Expression profiling by high throughput sequencing,2023/05/12,8,ftp://ftp.ncbi.nlm.nih.gov/geo/series/GSE225nnn/GSE225986/,Intercellular hif1α reprograms mammary progenitors and myeloid immune evasion to drive high-risk breast lesions.,The Journal of clinical investigation,2023 Apr 17,10.1172/JCI164348,OSD-244|Mmus_C57-6T_TMS_GC_LAR_Rep2_G3,Ground Control
303,GSM7780639,0.9920506477355957,GSE243200,Pathogenicity and landscape of differential gene expression in mice orally infected with clinical coxsackievirus A6 (CA6),,,"Hand, foot, and mouth disease (HFMD) is caused by more than 20 pathogenic enteroviruses belonging to the Picornaviridae family and Enterovirus genus. Since the introduction of the EV71 vaccine in 2016, the number of HFMD cases caused by EV71 has decreased. However, cases of infections caused by other enteroviruses, such as coxsackievirus A6 (CA6) and CA10, have been increasing accordingly. In this study, we used a clinical isolate of CA6 to establish an intragastric infection mouse model using 7-day-old mice to mimic the natural transmission route, by which we investigated the differential gene expression profiles associated with virus infection and pathogenicity. After intragastric infection, mice exhibited hind limb paralysis symptoms and weight loss, similar to those reported for EV71 infection in mice. The skeletal muscle was identified as the main site of virus replication, with a peak viral load reaching 2.31 × 107 copies/mg at 5 dpi and increased infiltration of inflammatory cells. RNA sequencing analysis identified differentially expressed genes (DEGs) after CA6 infection. DEGs in the blood, muscle, brain, spleen, and thymus were predominantly enriched in immune system responses, including pathways such as Toll-like receptor signalling and PI3K-Akt signalling. Our study has unveiled the genes involved in the host immune response during CA6 infection, thereby enhancing our comprehension of the pathological mechanism of HFMD.","Collect blood, muscle, brain, spleen, and thymus samples from mice infected for 3 dpi, 5 dpi, 7 dpi for RNA-Seq analysis.",38226810,,,816845,GPL24247,Mus musculus,GSE,Expression profiling by high throughput sequencing,2024/01/10,100,ftp://ftp.ncbi.nlm.nih.gov/geo/series/GSE243nnn/GSE243200/,Pathogenicity and landscape of differential gene expression in mice orally infected with clinical coxsackievirus A6 (CA6).,Journal of virology,2024 Feb 20,10.1128/jvi.01358-23,OSD-244|Mmus_C57-6T_TMS_GC_LAR_Rep2_G3,Ground Control
304,GSM7780586,0.991905689239502,GSE243200,Pathogenicity and landscape of differential gene expression in mice orally infected with clinical coxsackievirus A6 (CA6),,,"Hand, foot, and mouth disease (HFMD) is caused by more than 20 pathogenic enteroviruses belonging to the Picornaviridae family and Enterovirus genus. Since the introduction of the EV71 vaccine in 2016, the number of HFMD cases caused by EV71 has decreased. However, cases of infections caused by other enteroviruses, such as coxsackievirus A6 (CA6) and CA10, have been increasing accordingly. In this study, we used a clinical isolate of CA6 to establish an intragastric infection mouse model using 7-day-old mice to mimic the natural transmission route, by which we investigated the differential gene expression profiles associated with virus infection and pathogenicity. After intragastric infection, mice exhibited hind limb paralysis symptoms and weight loss, similar to those reported for EV71 infection in mice. The skeletal muscle was identified as the main site of virus replication, with a peak viral load reaching 2.31 × 107 copies/mg at 5 dpi and increased infiltration of inflammatory cells. RNA sequencing analysis identified differentially expressed genes (DEGs) after CA6 infection. DEGs in the blood, muscle, brain, spleen, and thymus were predominantly enriched in immune system responses, including pathways such as Toll-like receptor signalling and PI3K-Akt signalling. Our study has unveiled the genes involved in the host immune response during CA6 infection, thereby enhancing our comprehension of the pathological mechanism of HFMD.","Collect blood, muscle, brain, spleen, and thymus samples from mice infected for 3 dpi, 5 dpi, 7 dpi for RNA-Seq analysis.",38226810,,,816792,GPL24247,Mus musculus,GSE,Expression profiling by high throughput sequencing,2024/01/10,100,ftp://ftp.ncbi.nlm.nih.gov/geo/series/GSE243nnn/GSE243200/,Pathogenicity and landscape of differential gene expression in mice orally infected with clinical coxsackievirus A6 (CA6).,Journal of virology,2024 Feb 20,10.1128/jvi.01358-23,OSD-244|Mmus_C57-6T_TMS_GC_LAR_Rep2_G3,Ground Control
305,GSM7780611,0.9916129112243652,GSE243200,Pathogenicity and landscape of differential gene expression in mice orally infected with clinical coxsackievirus A6 (CA6),,,"Hand, foot, and mouth disease (HFMD) is caused by more than 20 pathogenic enteroviruses belonging to the Picornaviridae family and Enterovirus genus. Since the introduction of the EV71 vaccine in 2016, the number of HFMD cases caused by EV71 has decreased. However, cases of infections caused by other enteroviruses, such as coxsackievirus A6 (CA6) and CA10, have been increasing accordingly. In this study, we used a clinical isolate of CA6 to establish an intragastric infection mouse model using 7-day-old mice to mimic the natural transmission route, by which we investigated the differential gene expression profiles associated with virus infection and pathogenicity. After intragastric infection, mice exhibited hind limb paralysis symptoms and weight loss, similar to those reported for EV71 infection in mice. The skeletal muscle was identified as the main site of virus replication, with a peak viral load reaching 2.31 × 107 copies/mg at 5 dpi and increased infiltration of inflammatory cells. RNA sequencing analysis identified differentially expressed genes (DEGs) after CA6 infection. DEGs in the blood, muscle, brain, spleen, and thymus were predominantly enriched in immune system responses, including pathways such as Toll-like receptor signalling and PI3K-Akt signalling. Our study has unveiled the genes involved in the host immune response during CA6 infection, thereby enhancing our comprehension of the pathological mechanism of HFMD.","Collect blood, muscle, brain, spleen, and thymus samples from mice infected for 3 dpi, 5 dpi, 7 dpi for RNA-Seq analysis.",38226810,,,816817,GPL24247,Mus musculus,GSE,Expression profiling by high throughput sequencing,2024/01/10,100,ftp://ftp.ncbi.nlm.nih.gov/geo/series/GSE243nnn/GSE243200/,Pathogenicity and landscape of differential gene expression in mice orally infected with clinical coxsackievirus A6 (CA6).,Journal of virology,2024 Feb 20,10.1128/jvi.01358-23,OSD-244|Mmus_C57-6T_TMS_GC_LAR_Rep2_G3,Ground Control
306,GSM7061335,0.9912698268890381,GSE225986,INTERCELLULAR HIF1alpha REPROGAMS MAMMARY PROGENITORS AND MYELOID IMMUNE EVASION TO DRIVE HIGH-RISK BREAST LESIONS,,,"The origin of breast cancer, whether primary or recurrent,is unknown. Here, we show that invasive breast cancer cells under conditions of hypoxia release small extracellular vesicles (sEV) that disrupt the differentiation hierarchy of the normal mammary epithelium, expand stem and luminal progenitor cells, and induce atypical ductal hyperplasia, cellular proliferation, and intraepithelial neoplasia. This is accompanied by systemic immunosuppression with increased myeloid cell release of the “alarmin”, S100A9, and multiple oncogenic traits of EMT, sustained angiogenesis, and local and disseminated luminal cell invasion, in vivo. When applied on the genetic background of a driver oncogene (MMTV-PyMT), hypoxic sEV accelerate bilateral breast cancer onset and progression. Mechanistically, genetic or pharmacologic targeting of hypoxia-inducible factor-1 (HIF1) packaged in hypoxic sEV or homozygous deletion of S100A9 normalizes mammary gland differentiation, restores T cell function and prevents atypical hyperplasia. The transcriptome of sEV-induced mammary gland lesions resembles luminal breast cancer, and detection of HIF1 in plasma circulating sEV from luminal breast cancer patients correlates with clinical recurrence. Therefore, a pleiotropic sEV-HIF1 signaling axis drives local and systemic mechanisms of mammary gland transformation at high risk for full-blown, multifocal breast cancer. This pathway may provide a readily accessible biomarker of luminal breast cancer progression.",RNAseq in control and exosome normoxia or hypoxia conditions,36892943,,,737085,GPL19057,Mus musculus,GSE,Expression profiling by high throughput sequencing,2023/05/12,8,ftp://ftp.ncbi.nlm.nih.gov/geo/series/GSE225nnn/GSE225986/,Intercellular hif1α reprograms mammary progenitors and myeloid immune evasion to drive high-risk breast lesions.,The Journal of clinical investigation,2023 Apr 17,10.1172/JCI164348,OSD-244|Mmus_C57-6T_TMS_GC_LAR_Rep2_G3,Ground Control
307,GSM7061336,0.9909665584564209,GSE225986,INTERCELLULAR HIF1alpha REPROGAMS MAMMARY PROGENITORS AND MYELOID IMMUNE EVASION TO DRIVE HIGH-RISK BREAST LESIONS,,,"The origin of breast cancer, whether primary or recurrent,is unknown. Here, we show that invasive breast cancer cells under conditions of hypoxia release small extracellular vesicles (sEV) that disrupt the differentiation hierarchy of the normal mammary epithelium, expand stem and luminal progenitor cells, and induce atypical ductal hyperplasia, cellular proliferation, and intraepithelial neoplasia. This is accompanied by systemic immunosuppression with increased myeloid cell release of the “alarmin”, S100A9, and multiple oncogenic traits of EMT, sustained angiogenesis, and local and disseminated luminal cell invasion, in vivo. When applied on the genetic background of a driver oncogene (MMTV-PyMT), hypoxic sEV accelerate bilateral breast cancer onset and progression. Mechanistically, genetic or pharmacologic targeting of hypoxia-inducible factor-1 (HIF1) packaged in hypoxic sEV or homozygous deletion of S100A9 normalizes mammary gland differentiation, restores T cell function and prevents atypical hyperplasia. The transcriptome of sEV-induced mammary gland lesions resembles luminal breast cancer, and detection of HIF1 in plasma circulating sEV from luminal breast cancer patients correlates with clinical recurrence. Therefore, a pleiotropic sEV-HIF1 signaling axis drives local and systemic mechanisms of mammary gland transformation at high risk for full-blown, multifocal breast cancer. This pathway may provide a readily accessible biomarker of luminal breast cancer progression.",RNAseq in control and exosome normoxia or hypoxia conditions,36892943,,,737086,GPL19057,Mus musculus,GSE,Expression profiling by high throughput sequencing,2023/05/12,8,ftp://ftp.ncbi.nlm.nih.gov/geo/series/GSE225nnn/GSE225986/,Intercellular hif1α reprograms mammary progenitors and myeloid immune evasion to drive high-risk breast lesions.,The Journal of clinical investigation,2023 Apr 17,10.1172/JCI164348,OSD-244|Mmus_C57-6T_TMS_GC_LAR_Rep2_G3,Ground Control
308,GSM7061333,0.9907494187355042,GSE225986,INTERCELLULAR HIF1alpha REPROGAMS MAMMARY PROGENITORS AND MYELOID IMMUNE EVASION TO DRIVE HIGH-RISK BREAST LESIONS,,,"The origin of breast cancer, whether primary or recurrent,is unknown. Here, we show that invasive breast cancer cells under conditions of hypoxia release small extracellular vesicles (sEV) that disrupt the differentiation hierarchy of the normal mammary epithelium, expand stem and luminal progenitor cells, and induce atypical ductal hyperplasia, cellular proliferation, and intraepithelial neoplasia. This is accompanied by systemic immunosuppression with increased myeloid cell release of the “alarmin”, S100A9, and multiple oncogenic traits of EMT, sustained angiogenesis, and local and disseminated luminal cell invasion, in vivo. When applied on the genetic background of a driver oncogene (MMTV-PyMT), hypoxic sEV accelerate bilateral breast cancer onset and progression. Mechanistically, genetic or pharmacologic targeting of hypoxia-inducible factor-1 (HIF1) packaged in hypoxic sEV or homozygous deletion of S100A9 normalizes mammary gland differentiation, restores T cell function and prevents atypical hyperplasia. The transcriptome of sEV-induced mammary gland lesions resembles luminal breast cancer, and detection of HIF1 in plasma circulating sEV from luminal breast cancer patients correlates with clinical recurrence. Therefore, a pleiotropic sEV-HIF1 signaling axis drives local and systemic mechanisms of mammary gland transformation at high risk for full-blown, multifocal breast cancer. This pathway may provide a readily accessible biomarker of luminal breast cancer progression.",RNAseq in control and exosome normoxia or hypoxia conditions,36892943,,,737083,GPL19057,Mus musculus,GSE,Expression profiling by high throughput sequencing,2023/05/12,8,ftp://ftp.ncbi.nlm.nih.gov/geo/series/GSE225nnn/GSE225986/,Intercellular hif1α reprograms mammary progenitors and myeloid immune evasion to drive high-risk breast lesions.,The Journal of clinical investigation,2023 Apr 17,10.1172/JCI164348,OSD-244|Mmus_C57-6T_TMS_GC_LAR_Rep2_G3,Ground Control
309,GSM4913418,0.9906469583511353,GSE161728,Transient genomic instability drives tumorigenesis through accelerated clonal evolution,,,"Abnormal numerical and structural chromosome content is frequently found in human cancer. However, the role of aneuploidy in tumor initiation and progression is poorly understood. To test the effect of aneuploidy on cancer development, we transiently induced chromosome instability (CIN) in mice by inducible overexpression of polo-like kinase 4 (PLK4), a master regulator of centrosome number. Short term increased PLK4 expression generated significant centrosome amplification and aneuploidy resulting in the formation of aggressive T cell lymphomas in mice with heterozygous inactivation of one p53 allele or accelerated tumor development in the absence of p53. Transient CIN increased the frequency of lymphoma-initiating cells, as revealed by T cell receptor sequencing of tumor samples. Transient CIN produced a unique tumor karyotype containing triploid chromosomes 4, 5, 14, and 15, as determined by whole genome sequencing.",Examination of the effect of aneuploidy on tumor development.,,,,436108,GPL21103,Mus musculus,GSE,Expression profiling by high throughput sequencing,2021/06/14,81,ftp://ftp.ncbi.nlm.nih.gov/geo/series/GSE161nnn/GSE161728/,,,,,OSD-244|Mmus_C57-6T_TMS_GC_LAR_Rep2_G3,Ground Control
310,GSM4947037,0.9916902780532837,GSE162218,Requirement of DNMT1 to orchestrate epigenomic reprogramming for NPM-ALK driven lymphomagenesis,,,This SuperSeries is composed of the SubSeries listed below.,Refer to individual Series,33310759,,,437153,GPL21493,Mus musculus,GSE,Expression profiling by high throughput sequencing; Methylation profiling by high throughput sequencing,2020/12/08,24,ftp://ftp.ncbi.nlm.nih.gov/geo/series/GSE162nnn/GSE162218/,Requirement of DNMT1 to orchestrate epigenomic reprogramming for NPM-ALK-driven lymphomagenesis.,Life science alliance,2021 Feb,10.26508/lsa.202000794,OSD-244|Mmus_C57-6T_TMS_GC_LAR_Rep3_G4,Ground Control
311,GSM4263015,0.991016685962677,GSE143581,P53 dynamics vary between tissues and are linked with radiation sensitivity,,,We used RNAseq to explore the gene expression changes induced by ionizing radiation across multiple tissues,Mouse were treated with ionizing radiation (10gy) and sacrificed at different timepoints and tissues extracted and processed for RNA,,,,331843,GPL19057,Mus musculus,GSE,Expression profiling by high throughput sequencing,2020/04/30,54,ftp://ftp.ncbi.nlm.nih.gov/geo/series/GSE143nnn/GSE143581/,,,,,OSD-244|Mmus_C57-6T_TMS_GC_LAR_Rep3_G4,Ground Control
312,GSM2643075,0.9907907247543335,GSE99364,Stabilization of c-Myc protein by CAMKIIγ promotes T-cell lymphoma,,,"Although high c-Myc protein expression is observed alongside c-Myc gene amplification in some cancers, in most cases protein overexpression occurs while the amplified gene is largely absent, e.g. T-cell lymphoma (TCL). Here, Ca2+/calmodulin-dependent protein kinase II γ (CAMKIIγ) was shown to stabilize c-Myc protein by directly phosphorylating at serine 62 (S62), which represents a hitherto unknown mechanism of c-Myc protein overexpression. Further, CAMKIIγ was shown to be essential for tumor maintenance. Inhibiting CAMKIIγ with a potent CAMKIIγ-specific inhibitor destabilized c-Myc and reduced tumor burden dramatically. Importantly, high CAMKIIγ in clinical patient specimens positively correlated with increased c-Myc / pS62-c-Myc expression. Together, the CAMKIIγ:c-Myc axis critically influences the development and maintenance of TCL, and represent a novel therapeutic target for TCL.","We investigated how deleting CAMKIIγ suppressed the development of MNU-induced TCL in mice. Through RNA-sequencing, we analyzed the gene expression profiles of the thymuses of both wild-type and CAMKIIγ-/- mice, under either malignant (with MNU) or normal (without MNU) conditions.",28697340,,,113753,GPL13112,Mus musculus,GSE,Expression profiling by high throughput sequencing,2017/05/27,4,ftp://ftp.ncbi.nlm.nih.gov/geo/series/GSE99nnn/GSE99364/,Stabilization of the c-Myc Protein by CAMKIIγ Promotes T Cell Lymphoma.,Cancer cell,2017 Jul 10,10.1016/j.ccell.2017.06.001,OSD-244|Mmus_C57-6T_TMS_GC_LAR_Rep3_G4,Ground Control
313,GSM2508198,0.9906774759292603,GSE95371,RNA-seq analysis in MMTV-TGF- α Mice thymus,,,we report the comperative transcriptome analysis of the MMTV-TGF- α female mice thymus tissues,3 different fed types,29511668,,,97260,GPL21103,Mus musculus,GSE,Expression profiling by high throughput sequencing,2018/04/11,3,ftp://ftp.ncbi.nlm.nih.gov/geo/series/GSE95nnn/GSE95371/,Transcriptome Analysis of the Thymus in Short-Term Calorie-Restricted Mice Using RNA-seq.,International journal of genomics,2018,10.1155/2018/7647980,OSD-244|Mmus_C57-6T_TMS_GC_LAR_Rep3_G4,Ground Control
314,GSM4263016,0.9906350374221802,GSE143581,P53 dynamics vary between tissues and are linked with radiation sensitivity,,,We used RNAseq to explore the gene expression changes induced by ionizing radiation across multiple tissues,Mouse were treated with ionizing radiation (10gy) and sacrificed at different timepoints and tissues extracted and processed for RNA,,,,331844,GPL19057,Mus musculus,GSE,Expression profiling by high throughput sequencing,2020/04/30,54,ftp://ftp.ncbi.nlm.nih.gov/geo/series/GSE143nnn/GSE143581/,,,,,OSD-244|Mmus_C57-6T_TMS_GC_LAR_Rep3_G4,Ground Control
315,GSM4947042,0.9901955127716064,GSE162218,Requirement of DNMT1 to orchestrate epigenomic reprogramming for NPM-ALK driven lymphomagenesis,,,This SuperSeries is composed of the SubSeries listed below.,Refer to individual Series,33310759,,,437158,GPL21493,Mus musculus,GSE,Expression profiling by high throughput sequencing; Methylation profiling by high throughput sequencing,2020/12/08,24,ftp://ftp.ncbi.nlm.nih.gov/geo/series/GSE162nnn/GSE162218/,Requirement of DNMT1 to orchestrate epigenomic reprogramming for NPM-ALK-driven lymphomagenesis.,Life science alliance,2021 Feb,10.26508/lsa.202000794,OSD-244|Mmus_C57-6T_TMS_GC_LAR_Rep3_G4,Ground Control
316,GSM4947034,0.9900379776954651,GSE162218,Requirement of DNMT1 to orchestrate epigenomic reprogramming for NPM-ALK driven lymphomagenesis,,,This SuperSeries is composed of the SubSeries listed below.,Refer to individual Series,33310759,,,437150,GPL21493,Mus musculus,GSE,Expression profiling by high throughput sequencing; Methylation profiling by high throughput sequencing,2020/12/08,24,ftp://ftp.ncbi.nlm.nih.gov/geo/series/GSE162nnn/GSE162218/,Requirement of DNMT1 to orchestrate epigenomic reprogramming for NPM-ALK-driven lymphomagenesis.,Life science alliance,2021 Feb,10.26508/lsa.202000794,OSD-244|Mmus_C57-6T_TMS_GC_LAR_Rep3_G4,Ground Control
317,GSM4263013,0.9895129203796387,GSE143581,P53 dynamics vary between tissues and are linked with radiation sensitivity,,,We used RNAseq to explore the gene expression changes induced by ionizing radiation across multiple tissues,Mouse were treated with ionizing radiation (10gy) and sacrificed at different timepoints and tissues extracted and processed for RNA,,,,331841,GPL19057,Mus musculus,GSE,Expression profiling by high throughput sequencing,2020/04/30,54,ftp://ftp.ncbi.nlm.nih.gov/geo/series/GSE143nnn/GSE143581/,,,,,OSD-244|Mmus_C57-6T_TMS_GC_LAR_Rep3_G4,Ground Control
318,GSM2643073,0.9894202947616577,GSE99364,Stabilization of c-Myc protein by CAMKIIγ promotes T-cell lymphoma,,,"Although high c-Myc protein expression is observed alongside c-Myc gene amplification in some cancers, in most cases protein overexpression occurs while the amplified gene is largely absent, e.g. T-cell lymphoma (TCL). Here, Ca2+/calmodulin-dependent protein kinase II γ (CAMKIIγ) was shown to stabilize c-Myc protein by directly phosphorylating at serine 62 (S62), which represents a hitherto unknown mechanism of c-Myc protein overexpression. Further, CAMKIIγ was shown to be essential for tumor maintenance. Inhibiting CAMKIIγ with a potent CAMKIIγ-specific inhibitor destabilized c-Myc and reduced tumor burden dramatically. Importantly, high CAMKIIγ in clinical patient specimens positively correlated with increased c-Myc / pS62-c-Myc expression. Together, the CAMKIIγ:c-Myc axis critically influences the development and maintenance of TCL, and represent a novel therapeutic target for TCL.","We investigated how deleting CAMKIIγ suppressed the development of MNU-induced TCL in mice. Through RNA-sequencing, we analyzed the gene expression profiles of the thymuses of both wild-type and CAMKIIγ-/- mice, under either malignant (with MNU) or normal (without MNU) conditions.",28697340,,,113751,GPL13112,Mus musculus,GSE,Expression profiling by high throughput sequencing,2017/05/27,4,ftp://ftp.ncbi.nlm.nih.gov/geo/series/GSE99nnn/GSE99364/,Stabilization of the c-Myc Protein by CAMKIIγ Promotes T Cell Lymphoma.,Cancer cell,2017 Jul 10,10.1016/j.ccell.2017.06.001,OSD-244|Mmus_C57-6T_TMS_GC_LAR_Rep3_G4,Ground Control
319,GSM4263014,0.98909991979599,GSE143581,P53 dynamics vary between tissues and are linked with radiation sensitivity,,,We used RNAseq to explore the gene expression changes induced by ionizing radiation across multiple tissues,Mouse were treated with ionizing radiation (10gy) and sacrificed at different timepoints and tissues extracted and processed for RNA,,,,331842,GPL19057,Mus musculus,GSE,Expression profiling by high throughput sequencing,2020/04/30,54,ftp://ftp.ncbi.nlm.nih.gov/geo/series/GSE143nnn/GSE143581/,,,,,OSD-244|Mmus_C57-6T_TMS_GC_LAR_Rep3_G4,Ground Control
320,GSM2508198,0.9967297315597534,GSE95371,RNA-seq analysis in MMTV-TGF- α Mice thymus,,,we report the comperative transcriptome analysis of the MMTV-TGF- α female mice thymus tissues,3 different fed types,29511668,,,97260,GPL21103,Mus musculus,GSE,Expression profiling by high throughput sequencing,2018/04/11,3,ftp://ftp.ncbi.nlm.nih.gov/geo/series/GSE95nnn/GSE95371/,Transcriptome Analysis of the Thymus in Short-Term Calorie-Restricted Mice Using RNA-seq.,International journal of genomics,2018,10.1155/2018/7647980,OSD-244|Mmus_C57-6T_TMS_GC_LAR_Rep4_G5,Ground Control
321,GSM4263014,0.9961351156234741,GSE143581,P53 dynamics vary between tissues and are linked with radiation sensitivity,,,We used RNAseq to explore the gene expression changes induced by ionizing radiation across multiple tissues,Mouse were treated with ionizing radiation (10gy) and sacrificed at different timepoints and tissues extracted and processed for RNA,,,,331842,GPL19057,Mus musculus,GSE,Expression profiling by high throughput sequencing,2020/04/30,54,ftp://ftp.ncbi.nlm.nih.gov/geo/series/GSE143nnn/GSE143581/,,,,,OSD-244|Mmus_C57-6T_TMS_GC_LAR_Rep4_G5,Ground Control
322,GSM4947034,0.9960601329803467,GSE162218,Requirement of DNMT1 to orchestrate epigenomic reprogramming for NPM-ALK driven lymphomagenesis,,,This SuperSeries is composed of the SubSeries listed below.,Refer to individual Series,33310759,,,437150,GPL21493,Mus musculus,GSE,Expression profiling by high throughput sequencing; Methylation profiling by high throughput sequencing,2020/12/08,24,ftp://ftp.ncbi.nlm.nih.gov/geo/series/GSE162nnn/GSE162218/,Requirement of DNMT1 to orchestrate epigenomic reprogramming for NPM-ALK-driven lymphomagenesis.,Life science alliance,2021 Feb,10.26508/lsa.202000794,OSD-244|Mmus_C57-6T_TMS_GC_LAR_Rep4_G5,Ground Control
323,GSM4263015,0.9957996606826782,GSE143581,P53 dynamics vary between tissues and are linked with radiation sensitivity,,,We used RNAseq to explore the gene expression changes induced by ionizing radiation across multiple tissues,Mouse were treated with ionizing radiation (10gy) and sacrificed at different timepoints and tissues extracted and processed for RNA,,,,331843,GPL19057,Mus musculus,GSE,Expression profiling by high throughput sequencing,2020/04/30,54,ftp://ftp.ncbi.nlm.nih.gov/geo/series/GSE143nnn/GSE143581/,,,,,OSD-244|Mmus_C57-6T_TMS_GC_LAR_Rep4_G5,Ground Control
324,GSM4947042,0.9955184459686279,GSE162218,Requirement of DNMT1 to orchestrate epigenomic reprogramming for NPM-ALK driven lymphomagenesis,,,This SuperSeries is composed of the SubSeries listed below.,Refer to individual Series,33310759,,,437158,GPL21493,Mus musculus,GSE,Expression profiling by high throughput sequencing; Methylation profiling by high throughput sequencing,2020/12/08,24,ftp://ftp.ncbi.nlm.nih.gov/geo/series/GSE162nnn/GSE162218/,Requirement of DNMT1 to orchestrate epigenomic reprogramming for NPM-ALK-driven lymphomagenesis.,Life science alliance,2021 Feb,10.26508/lsa.202000794,OSD-244|Mmus_C57-6T_TMS_GC_LAR_Rep4_G5,Ground Control
325,GSM4947032,0.9953392744064331,GSE162218,Requirement of DNMT1 to orchestrate epigenomic reprogramming for NPM-ALK driven lymphomagenesis,,,This SuperSeries is composed of the SubSeries listed below.,Refer to individual Series,33310759,,,437148,GPL21493,Mus musculus,GSE,Expression profiling by high throughput sequencing; Methylation profiling by high throughput sequencing,2020/12/08,24,ftp://ftp.ncbi.nlm.nih.gov/geo/series/GSE162nnn/GSE162218/,Requirement of DNMT1 to orchestrate epigenomic reprogramming for NPM-ALK-driven lymphomagenesis.,Life science alliance,2021 Feb,10.26508/lsa.202000794,OSD-244|Mmus_C57-6T_TMS_GC_LAR_Rep4_G5,Ground Control
326,GSM7780613,0.9953298568725586,GSE243200,Pathogenicity and landscape of differential gene expression in mice orally infected with clinical coxsackievirus A6 (CA6),,,"Hand, foot, and mouth disease (HFMD) is caused by more than 20 pathogenic enteroviruses belonging to the Picornaviridae family and Enterovirus genus. Since the introduction of the EV71 vaccine in 2016, the number of HFMD cases caused by EV71 has decreased. However, cases of infections caused by other enteroviruses, such as coxsackievirus A6 (CA6) and CA10, have been increasing accordingly. In this study, we used a clinical isolate of CA6 to establish an intragastric infection mouse model using 7-day-old mice to mimic the natural transmission route, by which we investigated the differential gene expression profiles associated with virus infection and pathogenicity. After intragastric infection, mice exhibited hind limb paralysis symptoms and weight loss, similar to those reported for EV71 infection in mice. The skeletal muscle was identified as the main site of virus replication, with a peak viral load reaching 2.31 × 107 copies/mg at 5 dpi and increased infiltration of inflammatory cells. RNA sequencing analysis identified differentially expressed genes (DEGs) after CA6 infection. DEGs in the blood, muscle, brain, spleen, and thymus were predominantly enriched in immune system responses, including pathways such as Toll-like receptor signalling and PI3K-Akt signalling. Our study has unveiled the genes involved in the host immune response during CA6 infection, thereby enhancing our comprehension of the pathological mechanism of HFMD.","Collect blood, muscle, brain, spleen, and thymus samples from mice infected for 3 dpi, 5 dpi, 7 dpi for RNA-Seq analysis.",38226810,,,816819,GPL24247,Mus musculus,GSE,Expression profiling by high throughput sequencing,2024/01/10,100,ftp://ftp.ncbi.nlm.nih.gov/geo/series/GSE243nnn/GSE243200/,Pathogenicity and landscape of differential gene expression in mice orally infected with clinical coxsackievirus A6 (CA6).,Journal of virology,2024 Feb 20,10.1128/jvi.01358-23,OSD-244|Mmus_C57-6T_TMS_GC_LAR_Rep4_G5,Ground Control
327,GSM2643075,0.9952746629714966,GSE99364,Stabilization of c-Myc protein by CAMKIIγ promotes T-cell lymphoma,,,"Although high c-Myc protein expression is observed alongside c-Myc gene amplification in some cancers, in most cases protein overexpression occurs while the amplified gene is largely absent, e.g. T-cell lymphoma (TCL). Here, Ca2+/calmodulin-dependent protein kinase II γ (CAMKIIγ) was shown to stabilize c-Myc protein by directly phosphorylating at serine 62 (S62), which represents a hitherto unknown mechanism of c-Myc protein overexpression. Further, CAMKIIγ was shown to be essential for tumor maintenance. Inhibiting CAMKIIγ with a potent CAMKIIγ-specific inhibitor destabilized c-Myc and reduced tumor burden dramatically. Importantly, high CAMKIIγ in clinical patient specimens positively correlated with increased c-Myc / pS62-c-Myc expression. Together, the CAMKIIγ:c-Myc axis critically influences the development and maintenance of TCL, and represent a novel therapeutic target for TCL.","We investigated how deleting CAMKIIγ suppressed the development of MNU-induced TCL in mice. Through RNA-sequencing, we analyzed the gene expression profiles of the thymuses of both wild-type and CAMKIIγ-/- mice, under either malignant (with MNU) or normal (without MNU) conditions.",28697340,,,113753,GPL13112,Mus musculus,GSE,Expression profiling by high throughput sequencing,2017/05/27,4,ftp://ftp.ncbi.nlm.nih.gov/geo/series/GSE99nnn/GSE99364/,Stabilization of the c-Myc Protein by CAMKIIγ Promotes T Cell Lymphoma.,Cancer cell,2017 Jul 10,10.1016/j.ccell.2017.06.001,OSD-244|Mmus_C57-6T_TMS_GC_LAR_Rep4_G5,Ground Control
328,GSM2393989,0.9951374530792236,GSE89952,"Transcriptome analysis of murine T-cell lymphoblastic lymphomas induced by HrasG12V, p53 KO and CIC loss-of-function",,,"RNA sequencing of T-ALL tumors derived from genetically modified mouse models: CIC loss-of-function, HRASG12V driven from the Kras promoter and Trp53 KO. Results provide insight into the role of the RAS/CIC axis in T-ALL development.","RNA-Sequencing of 5 CIC LOF, 3 K:HrasG12V and 4 Trp53 KO T-ALL murine tumor samples.",28827401,,,90650,GPL13112,Mus musculus,GSE,Expression profiling by high throughput sequencing,2017/11/24,15,ftp://ftp.ncbi.nlm.nih.gov/geo/series/GSE89nnn/GSE89952/,Inactivation of Capicua in adult mice causes T-cell lymphoblastic lymphoma.,Genes & development,2017 Jul 15,10.1101/gad.300244.117,OSD-244|Mmus_C57-6T_TMS_GC_LAR_Rep4_G5,Ground Control
329,GSM4947043,0.99510657787323,GSE162218,Requirement of DNMT1 to orchestrate epigenomic reprogramming for NPM-ALK driven lymphomagenesis,,,This SuperSeries is composed of the SubSeries listed below.,Refer to individual Series,33310759,,,437159,GPL21493,Mus musculus,GSE,Expression profiling by high throughput sequencing; Methylation profiling by high throughput sequencing,2020/12/08,24,ftp://ftp.ncbi.nlm.nih.gov/geo/series/GSE162nnn/GSE162218/,Requirement of DNMT1 to orchestrate epigenomic reprogramming for NPM-ALK-driven lymphomagenesis.,Life science alliance,2021 Feb,10.26508/lsa.202000794,OSD-244|Mmus_C57-6T_TMS_GC_LAR_Rep4_G5,Ground Control
330,GSM4263015,0.9931460022926331,GSE143581,P53 dynamics vary between tissues and are linked with radiation sensitivity,,,We used RNAseq to explore the gene expression changes induced by ionizing radiation across multiple tissues,Mouse were treated with ionizing radiation (10gy) and sacrificed at different timepoints and tissues extracted and processed for RNA,,,,331843,GPL19057,Mus musculus,GSE,Expression profiling by high throughput sequencing,2020/04/30,54,ftp://ftp.ncbi.nlm.nih.gov/geo/series/GSE143nnn/GSE143581/,,,,,OSD-244|Mmus_C57-6T_TMS_GC_LAR_Rep5_G6,Ground Control
331,GSM1489513,0.9927109479904175,GSE60827,RNA-Seq analysis comparing p53-null versus ΔNp63Δ/Δ;p53-null or ΔNp73Δ/Δ;p53-null thymic lymphoma tumors,,,We performed an RNA-Seq analysis comparing thymic lymphoma tissues from the p53-null(n=2) and ΔNp63Δ/Δ;p53-/- (n=3) or ΔNp73Δ/Δ;p53-/-(n=3). Mice at 10 weeks of age were injected with either Ad-mCherry or Ad-CRE-mCherry to delete ΔNp63/ΔNp73 in the thymic lmyphomas. We aimed to test by deleting the DNp63/DNp73 in these p53-deficient tumors will mediate tumor regression and analyze the expression profile of the genes,Examination of thymic lymphoma tissues in 3 different genotypes (p53-/- vs ΔNp63Δ/Δ;p53-/- or ΔNp73Δ/Δ;p53-/-),25409149,,,17574,GPL13112,Mus musculus,GSE,Expression profiling by high throughput sequencing,2014/11/19,8,ftp://ftp.ncbi.nlm.nih.gov/geo/series/GSE60nnn/GSE60827/,IAPP-driven metabolic reprogramming induces regression of p53-deficient tumours in vivo.,Nature,2015 Jan 29,10.1038/nature13910,OSD-244|Mmus_C57-6T_TMS_GC_LAR_Rep5_G6,Ground Control
332,GSM4263016,0.9926497936248779,GSE143581,P53 dynamics vary between tissues and are linked with radiation sensitivity,,,We used RNAseq to explore the gene expression changes induced by ionizing radiation across multiple tissues,Mouse were treated with ionizing radiation (10gy) and sacrificed at different timepoints and tissues extracted and processed for RNA,,,,331844,GPL19057,Mus musculus,GSE,Expression profiling by high throughput sequencing,2020/04/30,54,ftp://ftp.ncbi.nlm.nih.gov/geo/series/GSE143nnn/GSE143581/,,,,,OSD-244|Mmus_C57-6T_TMS_GC_LAR_Rep5_G6,Ground Control
333,GSM1489510,0.9924041032791138,GSE60827,RNA-Seq analysis comparing p53-null versus ΔNp63Δ/Δ;p53-null or ΔNp73Δ/Δ;p53-null thymic lymphoma tumors,,,We performed an RNA-Seq analysis comparing thymic lymphoma tissues from the p53-null(n=2) and ΔNp63Δ/Δ;p53-/- (n=3) or ΔNp73Δ/Δ;p53-/-(n=3). Mice at 10 weeks of age were injected with either Ad-mCherry or Ad-CRE-mCherry to delete ΔNp63/ΔNp73 in the thymic lmyphomas. We aimed to test by deleting the DNp63/DNp73 in these p53-deficient tumors will mediate tumor regression and analyze the expression profile of the genes,Examination of thymic lymphoma tissues in 3 different genotypes (p53-/- vs ΔNp63Δ/Δ;p53-/- or ΔNp73Δ/Δ;p53-/-),25409149,,,17571,GPL13112,Mus musculus,GSE,Expression profiling by high throughput sequencing,2014/11/19,8,ftp://ftp.ncbi.nlm.nih.gov/geo/series/GSE60nnn/GSE60827/,IAPP-driven metabolic reprogramming induces regression of p53-deficient tumours in vivo.,Nature,2015 Jan 29,10.1038/nature13910,OSD-244|Mmus_C57-6T_TMS_GC_LAR_Rep5_G6,Ground Control
334,GSM2973228,0.9923475384712219,GSE109883,Global gene expression profiling reveal distinct molecular profiles between p53-sensitive and p53-resistant T-cell lymphomas,,,"TP53 mutations occur in approximately 50% of all human tumors with increased frequency in aggressive cancers that are notoriously difficult to treat. Additionally, p53 missense mutations are remarkably predictive of refractoriness to chemo/radiotherapy in various malignancies. These observations have led to the development of mutant-p53 targeting agents that restore p53 function. An important unknown is which p53-mutant tumors will respond to p53 reactivation-based therapies. Here we found a heterogeneous impact on therapeutic response to p53 restoration, suggesting it will unlikely be effective as a single therapy. The goal of the study was to identify the pathways conferring resistance or sensitivity to genetic p53 restoration in tumors with a p53 missense mutaiton Results:We sequenced the transcriptome of tumors that were sensitive or resistant to p53 restoration and found that TNF signaling was activated in p53-sensitive tumors.",12 independent biological samples were analyzed to compare tumors that were sensitive (n=8) or resistant (n=4) to genetic p53 restoration,29440484,,,153008,GPL21493,Mus musculus,GSE,Expression profiling by high throughput sequencing,2018/05/01,12,ftp://ftp.ncbi.nlm.nih.gov/geo/series/GSE109nnn/GSE109883/,Synergistic and additive effect of retinoic acid in circumventing resistance to p53 restoration.,Proceedings of the National Academy of Sciences of the United States of America,2018 Feb 27,10.1073/pnas.1719001115,OSD-244|Mmus_C57-6T_TMS_GC_LAR_Rep5_G6,Ground Control
335,GSM4947037,0.9919859170913696,GSE162218,Requirement of DNMT1 to orchestrate epigenomic reprogramming for NPM-ALK driven lymphomagenesis,,,This SuperSeries is composed of the SubSeries listed below.,Refer to individual Series,33310759,,,437153,GPL21493,Mus musculus,GSE,Expression profiling by high throughput sequencing; Methylation profiling by high throughput sequencing,2020/12/08,24,ftp://ftp.ncbi.nlm.nih.gov/geo/series/GSE162nnn/GSE162218/,Requirement of DNMT1 to orchestrate epigenomic reprogramming for NPM-ALK-driven lymphomagenesis.,Life science alliance,2021 Feb,10.26508/lsa.202000794,OSD-244|Mmus_C57-6T_TMS_GC_LAR_Rep5_G6,Ground Control
336,GSM4292064,0.9919520616531372,GSE144618,Inhibition of longevity regulator PAPP-A modulates tissue homeostasis via restraint of mesenchymal stromal cells,,,This SuperSeries is composed of the SubSeries listed below.,Refer to individual Series,33561324,,,334116,GPL21103,Mus musculus,GSE,Expression profiling by high throughput sequencing,2021/02/01,255,ftp://ftp.ncbi.nlm.nih.gov/geo/series/GSE144nnn/GSE144618/,Inhibition of longevity regulator PAPP-A modulates tissue homeostasis via restraint of mesenchymal stromal cells.,Aging cell,2021 Mar,10.1111/acel.13313,OSD-244|Mmus_C57-6T_TMS_GC_LAR_Rep5_G6,Ground Control
337,GSM4263017,0.9919429421424866,GSE143581,P53 dynamics vary between tissues and are linked with radiation sensitivity,,,We used RNAseq to explore the gene expression changes induced by ionizing radiation across multiple tissues,Mouse were treated with ionizing radiation (10gy) and sacrificed at different timepoints and tissues extracted and processed for RNA,,,,331845,GPL19057,Mus musculus,GSE,Expression profiling by high throughput sequencing,2020/04/30,54,ftp://ftp.ncbi.nlm.nih.gov/geo/series/GSE143nnn/GSE143581/,,,,,OSD-244|Mmus_C57-6T_TMS_GC_LAR_Rep5_G6,Ground Control
338,GSM4263014,0.9913989901542664,GSE143581,P53 dynamics vary between tissues and are linked with radiation sensitivity,,,We used RNAseq to explore the gene expression changes induced by ionizing radiation across multiple tissues,Mouse were treated with ionizing radiation (10gy) and sacrificed at different timepoints and tissues extracted and processed for RNA,,,,331842,GPL19057,Mus musculus,GSE,Expression profiling by high throughput sequencing,2020/04/30,54,ftp://ftp.ncbi.nlm.nih.gov/geo/series/GSE143nnn/GSE143581/,,,,,OSD-244|Mmus_C57-6T_TMS_GC_LAR_Rep5_G6,Ground Control
339,GSM2973230,0.9912078380584717,GSE109883,Global gene expression profiling reveal distinct molecular profiles between p53-sensitive and p53-resistant T-cell lymphomas,,,"TP53 mutations occur in approximately 50% of all human tumors with increased frequency in aggressive cancers that are notoriously difficult to treat. Additionally, p53 missense mutations are remarkably predictive of refractoriness to chemo/radiotherapy in various malignancies. These observations have led to the development of mutant-p53 targeting agents that restore p53 function. An important unknown is which p53-mutant tumors will respond to p53 reactivation-based therapies. Here we found a heterogeneous impact on therapeutic response to p53 restoration, suggesting it will unlikely be effective as a single therapy. The goal of the study was to identify the pathways conferring resistance or sensitivity to genetic p53 restoration in tumors with a p53 missense mutaiton Results:We sequenced the transcriptome of tumors that were sensitive or resistant to p53 restoration and found that TNF signaling was activated in p53-sensitive tumors.",12 independent biological samples were analyzed to compare tumors that were sensitive (n=8) or resistant (n=4) to genetic p53 restoration,29440484,,,153010,GPL21493,Mus musculus,GSE,Expression profiling by high throughput sequencing,2018/05/01,12,ftp://ftp.ncbi.nlm.nih.gov/geo/series/GSE109nnn/GSE109883/,Synergistic and additive effect of retinoic acid in circumventing resistance to p53 restoration.,Proceedings of the National Academy of Sciences of the United States of America,2018 Feb 27,10.1073/pnas.1719001115,OSD-244|Mmus_C57-6T_TMS_GC_LAR_Rep5_G6,Ground Control
340,GSM4947032,0.9935476779937744,GSE162218,Requirement of DNMT1 to orchestrate epigenomic reprogramming for NPM-ALK driven lymphomagenesis,,,This SuperSeries is composed of the SubSeries listed below.,Refer to individual Series,33310759,,,437148,GPL21493,Mus musculus,GSE,Expression profiling by high throughput sequencing; Methylation profiling by high throughput sequencing,2020/12/08,24,ftp://ftp.ncbi.nlm.nih.gov/geo/series/GSE162nnn/GSE162218/,Requirement of DNMT1 to orchestrate epigenomic reprogramming for NPM-ALK-driven lymphomagenesis.,Life science alliance,2021 Feb,10.26508/lsa.202000794,OSD-244|Mmus_C57-6T_TMS_GC_LAR_Rep6_G7,Ground Control
341,GSM5668677,0.9933716654777527,GSE187504,Next generation sequencing for quantitative analysis of double-negative (DN) thymocyte transcriptomes from Toxf/f and Toxf/fPdcd1Cre mice.,,,"Purpose: Next-generation sequencing (NGS) has revolutionized systems-based analysis of cellular pathways. The goals of this study are to compare the difference of NGS-derived transcriptome profiling between DN thymocytes from Toxf/f and Toxf/fPdcd1Cre mice. Methods: mRNA profiles of DN thymocytes sorted by FACS from 3-4-week-old Toxf/f and Toxf/fPdcd1Cre mice were generated by deep sequencing, in triplicate, using Illumina Novaseq6000. The sequence reads that passed quality filters were analyzed at the transcript level with qRT–PCR using TaqMan and SYBR Green assays. Results: Using an optimized data analysis workflow, we mapped about 30 million sequence reads per sample to the mouse genome (Build Ensembl_release100) and identified 19,045 transcripts in the DN thymocytes of Toxf/f and Toxf/fPdcd1Cre mice with BWA workflow. RNA-seq data showed approximately 1.4% of the transcripts which were differentially expressed between the DN thymocytes from Toxf/f and Toxf/fPdcd1Cre mice, with the parameter of false discovery rate (FDR) < 0.05 and absolute fold change ≥ 2. Conclusions: Our study exhibits the detailed analysis of DN thymocyte transcriptomes with biologic replicates, generated by RNA-seq technology. The optimized data analysis here provides a framework for comparative investigations of expression profiles. The RNA-seq data allow researchers to identify the transcripts affected by TOX and to better understand the role of TOX in the development of thymocytes.",mRNA profiles of DN thymocytes from 3-4-week-old Toxf/f and Toxf/fPdcd1Cre mice,35986136,,,559562,GPL17021,Mus musculus,GSE,Expression profiling by high throughput sequencing,2022/09/28,6,ftp://ftp.ncbi.nlm.nih.gov/geo/series/GSE187nnn/GSE187504/,TOX deficiency facilitates the differentiation of IL-17A-producing γδ T cells to drive autoimmune hepatitis.,Cellular & molecular immunology,2022 Oct,10.1038/s41423-022-00912-y,OSD-244|Mmus_C57-6T_TMS_GC_LAR_Rep6_G7,Ground Control
342,GSM6998472,0.9933342933654785,GSE223894,Spontaneous Development of an Autoimmune Hepatitis – Primary Biliary Cirrhosis Overlap Syndrome in dnTGFβRII Aire-/- mice,,,"Autoimmune regulator (Aire) and TGF-β signaling play an important role in central tolerance and peripheral tolerance respectively, by eliminating or suppressing the activity of autoreactive T cells. We have previously demonstrated that dnTGFβRII mice develop a defect in peripheral tolerance and a primary biliary cirrhosis (PBC) like disease. We hypothesized that by introducing the AIRE gene to this model, we would observe a more severe PBC phenotype. Interestingly, however, we demonstrate that while dnTGFβRII Aire-/- mice do manifest key histologic and serologic features of autoimmune cholangitis, they also develop mild to moderate interface hepatitis and show high levels of alanine transaminase (ALT) and antinuclear antibodies (ANA), characteristics of autoimmune hepatitis (AIH). To further understand this unique phenotype, we performed RNA-seq and flow cytometry to explore the functional pathways and immune cell pathways in the liver of dnTGFβRII Aire-/- mice. Our data revealed enrichments of programmed cell death pathways and predominant CD8+ T cell infiltrates. Depleting CD8+ T cells using an anti-CD8α antibody significantly alleviated hepatic inflammation and prolonged the lifespan of these mice. Finally, RNA-seq data indicated the clonal expansion of hepatic CD8+ T cells. In conclusion, these mice develop an autoreactive CD8+ T cell mediated autoimmune cholangitis with concurrent hepatitis that exhibits key histological and serological features of the AIH-PBC overlap syndrome, representing a novel model for the study of tolerance and autoimmune liver disease.","To explore the function state of hepatic cells in different groups, we extracted the total RNA of liver and thymus tissues or 5×10^5 hepatic CD8+ T cells from dnTGFβRII Aire-/- mice and their control littermates, then we build the cDNA library and performed the bulk RNA sequencing.",36853094,,,732339,GPL24247; GPL23479,Mus musculus,GSE,Expression profiling by high throughput sequencing,2023/02/21,22,ftp://ftp.ncbi.nlm.nih.gov/geo/series/GSE223nnn/GSE223894/,Spontaneous development of an autoimmune hepatitis - primary biliary cholangitis overlap syndrome in dnTGFβRII Aire(-/-) mice.,The Journal of pathology,2023 Jun,10.1002/path.6077,OSD-244|Mmus_C57-6T_TMS_GC_LAR_Rep6_G7,Ground Control
343,GSM2508198,0.9932368993759155,GSE95371,RNA-seq analysis in MMTV-TGF- α Mice thymus,,,we report the comperative transcriptome analysis of the MMTV-TGF- α female mice thymus tissues,3 different fed types,29511668,,,97260,GPL21103,Mus musculus,GSE,Expression profiling by high throughput sequencing,2018/04/11,3,ftp://ftp.ncbi.nlm.nih.gov/geo/series/GSE95nnn/GSE95371/,Transcriptome Analysis of the Thymus in Short-Term Calorie-Restricted Mice Using RNA-seq.,International journal of genomics,2018,10.1155/2018/7647980,OSD-244|Mmus_C57-6T_TMS_GC_LAR_Rep6_G7,Ground Control
344,GSM5668680,0.9932199716567993,GSE187504,Next generation sequencing for quantitative analysis of double-negative (DN) thymocyte transcriptomes from Toxf/f and Toxf/fPdcd1Cre mice.,,,"Purpose: Next-generation sequencing (NGS) has revolutionized systems-based analysis of cellular pathways. The goals of this study are to compare the difference of NGS-derived transcriptome profiling between DN thymocytes from Toxf/f and Toxf/fPdcd1Cre mice. Methods: mRNA profiles of DN thymocytes sorted by FACS from 3-4-week-old Toxf/f and Toxf/fPdcd1Cre mice were generated by deep sequencing, in triplicate, using Illumina Novaseq6000. The sequence reads that passed quality filters were analyzed at the transcript level with qRT–PCR using TaqMan and SYBR Green assays. Results: Using an optimized data analysis workflow, we mapped about 30 million sequence reads per sample to the mouse genome (Build Ensembl_release100) and identified 19,045 transcripts in the DN thymocytes of Toxf/f and Toxf/fPdcd1Cre mice with BWA workflow. RNA-seq data showed approximately 1.4% of the transcripts which were differentially expressed between the DN thymocytes from Toxf/f and Toxf/fPdcd1Cre mice, with the parameter of false discovery rate (FDR) < 0.05 and absolute fold change ≥ 2. Conclusions: Our study exhibits the detailed analysis of DN thymocyte transcriptomes with biologic replicates, generated by RNA-seq technology. The optimized data analysis here provides a framework for comparative investigations of expression profiles. The RNA-seq data allow researchers to identify the transcripts affected by TOX and to better understand the role of TOX in the development of thymocytes.",mRNA profiles of DN thymocytes from 3-4-week-old Toxf/f and Toxf/fPdcd1Cre mice,35986136,,,559565,GPL17021,Mus musculus,GSE,Expression profiling by high throughput sequencing,2022/09/28,6,ftp://ftp.ncbi.nlm.nih.gov/geo/series/GSE187nnn/GSE187504/,TOX deficiency facilitates the differentiation of IL-17A-producing γδ T cells to drive autoimmune hepatitis.,Cellular & molecular immunology,2022 Oct,10.1038/s41423-022-00912-y,OSD-244|Mmus_C57-6T_TMS_GC_LAR_Rep6_G7,Ground Control
345,GSM5668681,0.9932059049606323,GSE187504,Next generation sequencing for quantitative analysis of double-negative (DN) thymocyte transcriptomes from Toxf/f and Toxf/fPdcd1Cre mice.,,,"Purpose: Next-generation sequencing (NGS) has revolutionized systems-based analysis of cellular pathways. The goals of this study are to compare the difference of NGS-derived transcriptome profiling between DN thymocytes from Toxf/f and Toxf/fPdcd1Cre mice. Methods: mRNA profiles of DN thymocytes sorted by FACS from 3-4-week-old Toxf/f and Toxf/fPdcd1Cre mice were generated by deep sequencing, in triplicate, using Illumina Novaseq6000. The sequence reads that passed quality filters were analyzed at the transcript level with qRT–PCR using TaqMan and SYBR Green assays. Results: Using an optimized data analysis workflow, we mapped about 30 million sequence reads per sample to the mouse genome (Build Ensembl_release100) and identified 19,045 transcripts in the DN thymocytes of Toxf/f and Toxf/fPdcd1Cre mice with BWA workflow. RNA-seq data showed approximately 1.4% of the transcripts which were differentially expressed between the DN thymocytes from Toxf/f and Toxf/fPdcd1Cre mice, with the parameter of false discovery rate (FDR) < 0.05 and absolute fold change ≥ 2. Conclusions: Our study exhibits the detailed analysis of DN thymocyte transcriptomes with biologic replicates, generated by RNA-seq technology. The optimized data analysis here provides a framework for comparative investigations of expression profiles. The RNA-seq data allow researchers to identify the transcripts affected by TOX and to better understand the role of TOX in the development of thymocytes.",mRNA profiles of DN thymocytes from 3-4-week-old Toxf/f and Toxf/fPdcd1Cre mice,35986136,,,559566,GPL17021,Mus musculus,GSE,Expression profiling by high throughput sequencing,2022/09/28,6,ftp://ftp.ncbi.nlm.nih.gov/geo/series/GSE187nnn/GSE187504/,TOX deficiency facilitates the differentiation of IL-17A-producing γδ T cells to drive autoimmune hepatitis.,Cellular & molecular immunology,2022 Oct,10.1038/s41423-022-00912-y,OSD-244|Mmus_C57-6T_TMS_GC_LAR_Rep6_G7,Ground Control
346,GSM4947043,0.9930382966995239,GSE162218,Requirement of DNMT1 to orchestrate epigenomic reprogramming for NPM-ALK driven lymphomagenesis,,,This SuperSeries is composed of the SubSeries listed below.,Refer to individual Series,33310759,,,437159,GPL21493,Mus musculus,GSE,Expression profiling by high throughput sequencing; Methylation profiling by high throughput sequencing,2020/12/08,24,ftp://ftp.ncbi.nlm.nih.gov/geo/series/GSE162nnn/GSE162218/,Requirement of DNMT1 to orchestrate epigenomic reprogramming for NPM-ALK-driven lymphomagenesis.,Life science alliance,2021 Feb,10.26508/lsa.202000794,OSD-244|Mmus_C57-6T_TMS_GC_LAR_Rep6_G7,Ground Control
347,GSM4947035,0.9930357933044434,GSE162218,Requirement of DNMT1 to orchestrate epigenomic reprogramming for NPM-ALK driven lymphomagenesis,,,This SuperSeries is composed of the SubSeries listed below.,Refer to individual Series,33310759,,,437151,GPL21493,Mus musculus,GSE,Expression profiling by high throughput sequencing; Methylation profiling by high throughput sequencing,2020/12/08,24,ftp://ftp.ncbi.nlm.nih.gov/geo/series/GSE162nnn/GSE162218/,Requirement of DNMT1 to orchestrate epigenomic reprogramming for NPM-ALK-driven lymphomagenesis.,Life science alliance,2021 Feb,10.26508/lsa.202000794,OSD-244|Mmus_C57-6T_TMS_GC_LAR_Rep6_G7,Ground Control
348,GSM4445410,0.9929627180099487,GSE147757,A multiple reporter protein tolerant mouse model,,,"We report the generation of a novel mouse strain that is immunologically tolerant to exogenously introduced reporter proteins ('Tol' strain). As a control, we test whether any transcriptomic changes can be observed between the Tol strain and wild-type littermate. This is tested for thymus, cerebrum and cerebellum.",Examination of transcriptomes of 3 different tissues from mice from 2 genotypes.,32472011,,,355136,GPL17021,Mus musculus,GSE,Expression profiling by high throughput sequencing,2020/04/12,22,ftp://ftp.ncbi.nlm.nih.gov/geo/series/GSE147nnn/GSE147757/,A mouse model that is immunologically tolerant to reporter and modifier proteins.,Communications biology,2020 May 29,10.1038/s42003-020-0979-0,OSD-244|Mmus_C57-6T_TMS_GC_LAR_Rep6_G7,Ground Control
349,GSM4263014,0.9928861856460571,GSE143581,P53 dynamics vary between tissues and are linked with radiation sensitivity,,,We used RNAseq to explore the gene expression changes induced by ionizing radiation across multiple tissues,Mouse were treated with ionizing radiation (10gy) and sacrificed at different timepoints and tissues extracted and processed for RNA,,,,331842,GPL19057,Mus musculus,GSE,Expression profiling by high throughput sequencing,2020/04/30,54,ftp://ftp.ncbi.nlm.nih.gov/geo/series/GSE143nnn/GSE143581/,,,,,OSD-244|Mmus_C57-6T_TMS_GC_LAR_Rep6_G7,Ground Control
350,GSM4292064,0.9910621643066406,GSE144618,Inhibition of longevity regulator PAPP-A modulates tissue homeostasis via restraint of mesenchymal stromal cells,,,This SuperSeries is composed of the SubSeries listed below.,Refer to individual Series,33561324,,,334116,GPL21103,Mus musculus,GSE,Expression profiling by high throughput sequencing,2021/02/01,255,ftp://ftp.ncbi.nlm.nih.gov/geo/series/GSE144nnn/GSE144618/,Inhibition of longevity regulator PAPP-A modulates tissue homeostasis via restraint of mesenchymal stromal cells.,Aging cell,2021 Mar,10.1111/acel.13313,OSD-244|Mmus_C57-6T_TMS_GC_LAR_Rep7_G8,Ground Control
351,GSM2973230,0.9836056232452393,GSE109883,Global gene expression profiling reveal distinct molecular profiles between p53-sensitive and p53-resistant T-cell lymphomas,,,"TP53 mutations occur in approximately 50% of all human tumors with increased frequency in aggressive cancers that are notoriously difficult to treat. Additionally, p53 missense mutations are remarkably predictive of refractoriness to chemo/radiotherapy in various malignancies. These observations have led to the development of mutant-p53 targeting agents that restore p53 function. An important unknown is which p53-mutant tumors will respond to p53 reactivation-based therapies. Here we found a heterogeneous impact on therapeutic response to p53 restoration, suggesting it will unlikely be effective as a single therapy. The goal of the study was to identify the pathways conferring resistance or sensitivity to genetic p53 restoration in tumors with a p53 missense mutaiton Results:We sequenced the transcriptome of tumors that were sensitive or resistant to p53 restoration and found that TNF signaling was activated in p53-sensitive tumors.",12 independent biological samples were analyzed to compare tumors that were sensitive (n=8) or resistant (n=4) to genetic p53 restoration,29440484,,,153010,GPL21493,Mus musculus,GSE,Expression profiling by high throughput sequencing,2018/05/01,12,ftp://ftp.ncbi.nlm.nih.gov/geo/series/GSE109nnn/GSE109883/,Synergistic and additive effect of retinoic acid in circumventing resistance to p53 restoration.,Proceedings of the National Academy of Sciences of the United States of America,2018 Feb 27,10.1073/pnas.1719001115,OSD-244|Mmus_C57-6T_TMS_GC_LAR_Rep7_G8,Ground Control
352,GSM1489510,0.9831397533416748,GSE60827,RNA-Seq analysis comparing p53-null versus ΔNp63Δ/Δ;p53-null or ΔNp73Δ/Δ;p53-null thymic lymphoma tumors,,,We performed an RNA-Seq analysis comparing thymic lymphoma tissues from the p53-null(n=2) and ΔNp63Δ/Δ;p53-/- (n=3) or ΔNp73Δ/Δ;p53-/-(n=3). Mice at 10 weeks of age were injected with either Ad-mCherry or Ad-CRE-mCherry to delete ΔNp63/ΔNp73 in the thymic lmyphomas. We aimed to test by deleting the DNp63/DNp73 in these p53-deficient tumors will mediate tumor regression and analyze the expression profile of the genes,Examination of thymic lymphoma tissues in 3 different genotypes (p53-/- vs ΔNp63Δ/Δ;p53-/- or ΔNp73Δ/Δ;p53-/-),25409149,,,17571,GPL13112,Mus musculus,GSE,Expression profiling by high throughput sequencing,2014/11/19,8,ftp://ftp.ncbi.nlm.nih.gov/geo/series/GSE60nnn/GSE60827/,IAPP-driven metabolic reprogramming induces regression of p53-deficient tumours in vivo.,Nature,2015 Jan 29,10.1038/nature13910,OSD-244|Mmus_C57-6T_TMS_GC_LAR_Rep7_G8,Ground Control
353,GSM1489513,0.9828706383705139,GSE60827,RNA-Seq analysis comparing p53-null versus ΔNp63Δ/Δ;p53-null or ΔNp73Δ/Δ;p53-null thymic lymphoma tumors,,,We performed an RNA-Seq analysis comparing thymic lymphoma tissues from the p53-null(n=2) and ΔNp63Δ/Δ;p53-/- (n=3) or ΔNp73Δ/Δ;p53-/-(n=3). Mice at 10 weeks of age were injected with either Ad-mCherry or Ad-CRE-mCherry to delete ΔNp63/ΔNp73 in the thymic lmyphomas. We aimed to test by deleting the DNp63/DNp73 in these p53-deficient tumors will mediate tumor regression and analyze the expression profile of the genes,Examination of thymic lymphoma tissues in 3 different genotypes (p53-/- vs ΔNp63Δ/Δ;p53-/- or ΔNp73Δ/Δ;p53-/-),25409149,,,17574,GPL13112,Mus musculus,GSE,Expression profiling by high throughput sequencing,2014/11/19,8,ftp://ftp.ncbi.nlm.nih.gov/geo/series/GSE60nnn/GSE60827/,IAPP-driven metabolic reprogramming induces regression of p53-deficient tumours in vivo.,Nature,2015 Jan 29,10.1038/nature13910,OSD-244|Mmus_C57-6T_TMS_GC_LAR_Rep7_G8,Ground Control
354,GSM2973228,0.9823030233383179,GSE109883,Global gene expression profiling reveal distinct molecular profiles between p53-sensitive and p53-resistant T-cell lymphomas,,,"TP53 mutations occur in approximately 50% of all human tumors with increased frequency in aggressive cancers that are notoriously difficult to treat. Additionally, p53 missense mutations are remarkably predictive of refractoriness to chemo/radiotherapy in various malignancies. These observations have led to the development of mutant-p53 targeting agents that restore p53 function. An important unknown is which p53-mutant tumors will respond to p53 reactivation-based therapies. Here we found a heterogeneous impact on therapeutic response to p53 restoration, suggesting it will unlikely be effective as a single therapy. The goal of the study was to identify the pathways conferring resistance or sensitivity to genetic p53 restoration in tumors with a p53 missense mutaiton Results:We sequenced the transcriptome of tumors that were sensitive or resistant to p53 restoration and found that TNF signaling was activated in p53-sensitive tumors.",12 independent biological samples were analyzed to compare tumors that were sensitive (n=8) or resistant (n=4) to genetic p53 restoration,29440484,,,153008,GPL21493,Mus musculus,GSE,Expression profiling by high throughput sequencing,2018/05/01,12,ftp://ftp.ncbi.nlm.nih.gov/geo/series/GSE109nnn/GSE109883/,Synergistic and additive effect of retinoic acid in circumventing resistance to p53 restoration.,Proceedings of the National Academy of Sciences of the United States of America,2018 Feb 27,10.1073/pnas.1719001115,OSD-244|Mmus_C57-6T_TMS_GC_LAR_Rep7_G8,Ground Control
355,GSM6917808,0.9804702997207642,GSE222197,PD-L1 Enhanced by cis-Urocanic Acid on Langerhans Cells Inhibits Vg4+ gdT17 Cells in Psoriatic Skin Inflammation,,,"To establish the role of PD-L1 expression on Langerhans cells and its influence on psoriatic skin inflammation, we isolated Langerhans cells from harvested ears of wild type mice treated with Vaseline or Imiquimod. We then determined the gene expression profile of isolated Langerhans cells from the different groups at a single time point using data from RNA-seq. The experiment was performed in duplicate.",Transcriptomic analysis of RNA-seq data of isolated Langerhans cells from ears of wild type mice treated with Vaseline (negative control) or Imiquimod (test).,36868499;41022781,,,718401,GPL30172; GPL17021,Mus musculus,GSE,Expression profiling by high throughput sequencing,2023/06/30,4,ftp://ftp.ncbi.nlm.nih.gov/geo/series/GSE222nnn/GSE222197/,PD-L1 Enhanced by cis-Urocanic Acid on Langerhans Cells Inhibits Vγ4(+) γδT17 Cells in Imiquimod-Induced Skin Inflammation.,The Journal of investigative dermatology,2023 Aug,10.1016/j.jid.2023.02.018,OSD-244|Mmus_C57-6T_TMS_GC_LAR_Rep7_G8,Ground Control
356,GSM4960223,0.9801946878433228,GSE162804,ATF3-induced mammary tumors exhibit molecular features of human basal-like breast cancer,,,"Transcriptional profiling of mammary tumors that occurs in parous, BK5.ATF3 mice, compared to adjacent normal mammary tissue","Two-condition experiment, BK5.ATF3-induced mammary tumors v. adjacent normal mammary glands. Biological replicates: 3 tumors, 3 paired normal glands.",33652981,,,438665,GPL13112,Mus musculus,GSE,Expression profiling by high throughput sequencing,2021/03/23,6,ftp://ftp.ncbi.nlm.nih.gov/geo/series/GSE162nnn/GSE162804/,ATF3-Induced Mammary Tumors Exhibit Molecular Features of Human Basal-Like Breast Cancer.,International journal of molecular sciences,2021 Feb 26,10.3390/ijms22052353,OSD-244|Mmus_C57-6T_TMS_GC_LAR_Rep7_G8,Ground Control
357,GSM1489512,0.9801293611526489,GSE60827,RNA-Seq analysis comparing p53-null versus ΔNp63Δ/Δ;p53-null or ΔNp73Δ/Δ;p53-null thymic lymphoma tumors,,,We performed an RNA-Seq analysis comparing thymic lymphoma tissues from the p53-null(n=2) and ΔNp63Δ/Δ;p53-/- (n=3) or ΔNp73Δ/Δ;p53-/-(n=3). Mice at 10 weeks of age were injected with either Ad-mCherry or Ad-CRE-mCherry to delete ΔNp63/ΔNp73 in the thymic lmyphomas. We aimed to test by deleting the DNp63/DNp73 in these p53-deficient tumors will mediate tumor regression and analyze the expression profile of the genes,Examination of thymic lymphoma tissues in 3 different genotypes (p53-/- vs ΔNp63Δ/Δ;p53-/- or ΔNp73Δ/Δ;p53-/-),25409149,,,17573,GPL13112,Mus musculus,GSE,Expression profiling by high throughput sequencing,2014/11/19,8,ftp://ftp.ncbi.nlm.nih.gov/geo/series/GSE60nnn/GSE60827/,IAPP-driven metabolic reprogramming induces regression of p53-deficient tumours in vivo.,Nature,2015 Jan 29,10.1038/nature13910,OSD-244|Mmus_C57-6T_TMS_GC_LAR_Rep7_G8,Ground Control
358,GSM1489508,0.9800649881362915,GSE60827,RNA-Seq analysis comparing p53-null versus ΔNp63Δ/Δ;p53-null or ΔNp73Δ/Δ;p53-null thymic lymphoma tumors,,,We performed an RNA-Seq analysis comparing thymic lymphoma tissues from the p53-null(n=2) and ΔNp63Δ/Δ;p53-/- (n=3) or ΔNp73Δ/Δ;p53-/-(n=3). Mice at 10 weeks of age were injected with either Ad-mCherry or Ad-CRE-mCherry to delete ΔNp63/ΔNp73 in the thymic lmyphomas. We aimed to test by deleting the DNp63/DNp73 in these p53-deficient tumors will mediate tumor regression and analyze the expression profile of the genes,Examination of thymic lymphoma tissues in 3 different genotypes (p53-/- vs ΔNp63Δ/Δ;p53-/- or ΔNp73Δ/Δ;p53-/-),25409149,,,17569,GPL13112,Mus musculus,GSE,Expression profiling by high throughput sequencing,2014/11/19,8,ftp://ftp.ncbi.nlm.nih.gov/geo/series/GSE60nnn/GSE60827/,IAPP-driven metabolic reprogramming induces regression of p53-deficient tumours in vivo.,Nature,2015 Jan 29,10.1038/nature13910,OSD-244|Mmus_C57-6T_TMS_GC_LAR_Rep7_G8,Ground Control
359,GSM2973231,0.9794995784759521,GSE109883,Global gene expression profiling reveal distinct molecular profiles between p53-sensitive and p53-resistant T-cell lymphomas,,,"TP53 mutations occur in approximately 50% of all human tumors with increased frequency in aggressive cancers that are notoriously difficult to treat. Additionally, p53 missense mutations are remarkably predictive of refractoriness to chemo/radiotherapy in various malignancies. These observations have led to the development of mutant-p53 targeting agents that restore p53 function. An important unknown is which p53-mutant tumors will respond to p53 reactivation-based therapies. Here we found a heterogeneous impact on therapeutic response to p53 restoration, suggesting it will unlikely be effective as a single therapy. The goal of the study was to identify the pathways conferring resistance or sensitivity to genetic p53 restoration in tumors with a p53 missense mutaiton Results:We sequenced the transcriptome of tumors that were sensitive or resistant to p53 restoration and found that TNF signaling was activated in p53-sensitive tumors.",12 independent biological samples were analyzed to compare tumors that were sensitive (n=8) or resistant (n=4) to genetic p53 restoration,29440484,,,153011,GPL21493,Mus musculus,GSE,Expression profiling by high throughput sequencing,2018/05/01,12,ftp://ftp.ncbi.nlm.nih.gov/geo/series/GSE109nnn/GSE109883/,Synergistic and additive effect of retinoic acid in circumventing resistance to p53 restoration.,Proceedings of the National Academy of Sciences of the United States of America,2018 Feb 27,10.1073/pnas.1719001115,OSD-244|Mmus_C57-6T_TMS_GC_LAR_Rep7_G8,Ground Control
360,GSM3076032,0.9899908900260925,GSE112665,Loss of p53 dictates Wnt-dependent systemic inflammation in breast cancer,,,"Cancer-associated inflammatory processes in the tumour microenvironment, as well as systemically, are strongly linked with poor disease outcome in cancer patients. For most human solid tumour types, high systemic neutrophil-to-lymphocyte ratios (NLR) are associated with increased metastasis and poor overall survival and recent experimental studies have demonstrated a causal relationship between neutrophils and metastasis formation. However, to date, the cancer cell-intrinsic mechanisms dictating the substantial heterogeneity in systemic neutrophilic inflammation between tumour-bearing hosts are largely unresolved. Using a panel of 16 distinct genetically engineered mouse models (GEMMs) for breast cancer, we demonstrate that tumour cell-intrinsic loss of p53 changes the phenotype and function of macrophages in the microenvironment, leading to activation of a systemic inflammatory cascade that drives neutrophil expansion. Mechanistically, p53 loss in cancer cells induces secretion of Wnt ligands that act in a paracrine fashion to stimulate IL-1b production from tumour-associated macrophages. Intratumoural IL-1β production stimulates an inflammatory cascade leading to the systemic accumulation of neutrophils. Pharmacological and genetic blockade of cancer cell-derived Wnt secretion reverses IL-1β expression by macrophages and subsequent systemic neutrophilic inflammation. Collectively, using pre-clinical mouse models for breast cancer, we demonstrate a novel mechanistic link between loss of p53 in cancer cells, Wnt ligand secretion and systemic immune activation. This illustrates the importance of cancer cell-intrinsic genetic aberrations in dictating cancer-associated inflammation. These insights set the stage for personalized immune intervention strategies for cancer patients.","In this study, gene expression profiles of tumours from genetically engineered mouse models (GEMMs) were analysed using RNA sequencing. Analysis was performed on bulk tumours of 10 GEMMs with different tissue-specific mutations driving tumorigenesis, totalling to 125 different tumours (n=5 or more per group). Subsequently, samples were grouped according to p53 status of the tumour (models containing Trp53 floxed alleles, or not) and comparisons were made between p53-KO and p53-WT tumours.",31367040,,,170065,GPL17021; GPL13112,Mus musculus,GSE,Expression profiling by high throughput sequencing,2019/05/20,145,ftp://ftp.ncbi.nlm.nih.gov/geo/series/GSE112nnn/GSE112665/,Loss of p53 triggers WNT-dependent systemic inflammation to drive breast cancer metastasis.,Nature,2019 Aug,10.1038/s41586-019-1450-6,OSD-244|Mmus_C57-6T_TMS_GC_LAR_Rep8_G9,Ground Control
361,GSM4318745,0.9892740249633789,GSE145474,RNA-seq on periodontal tisuues of  susceptible and resistant collaborative cross mice after periodontal infection,,,"We assessed alveolar bone changes of Collaborative cross (CC) lines in response to a mixed oral infection with a well-known periodontal pathogen. The CC lines showed significant variation in their response to the mixed infection. We then carried out RNA-seq analysis on periodontal tisuues of resistant CC lines, susceptible CC lines and two CC lines that showed bone formation after oral bacterial infection.","We assessed alveolar bone changes of Collaborative cross lines after periodontal infection with P.g. (strain 381) and F.n. (strain PK1594) using micro–computed tomography (µCT) (control groups were treated with PBS and 2% Carboxymethycellulose). The CC lines showed significant variation in their response to the mixed infection. We then carried out RNA-seq analysis on periodontal tisuues of two resistant CC lines (TAU-IL188, TAU-IL111), two susceptible CC lines (TAU-IL785, TAU-IL551) and two CC lines that showed bone formation after oral bacterial infection (TAU-IL2124, TAU-IL2126).",32184465,,,336692,GPL19057,Mus musculus,GSE,Expression profiling by high throughput sequencing,2020/02/19,24,ftp://ftp.ncbi.nlm.nih.gov/geo/series/GSE145nnn/GSE145474/,Translation of mouse model to human gives insights into periodontitis etiology.,Scientific reports,2020 Mar 17,10.1038/s41598-020-61819-0,OSD-244|Mmus_C57-6T_TMS_GC_LAR_Rep8_G9,Ground Control
362,GSM4318749,0.9887612462043762,GSE145474,RNA-seq on periodontal tisuues of  susceptible and resistant collaborative cross mice after periodontal infection,,,"We assessed alveolar bone changes of Collaborative cross (CC) lines in response to a mixed oral infection with a well-known periodontal pathogen. The CC lines showed significant variation in their response to the mixed infection. We then carried out RNA-seq analysis on periodontal tisuues of resistant CC lines, susceptible CC lines and two CC lines that showed bone formation after oral bacterial infection.","We assessed alveolar bone changes of Collaborative cross lines after periodontal infection with P.g. (strain 381) and F.n. (strain PK1594) using micro–computed tomography (µCT) (control groups were treated with PBS and 2% Carboxymethycellulose). The CC lines showed significant variation in their response to the mixed infection. We then carried out RNA-seq analysis on periodontal tisuues of two resistant CC lines (TAU-IL188, TAU-IL111), two susceptible CC lines (TAU-IL785, TAU-IL551) and two CC lines that showed bone formation after oral bacterial infection (TAU-IL2124, TAU-IL2126).",32184465,,,336696,GPL19057,Mus musculus,GSE,Expression profiling by high throughput sequencing,2020/02/19,24,ftp://ftp.ncbi.nlm.nih.gov/geo/series/GSE145nnn/GSE145474/,Translation of mouse model to human gives insights into periodontitis etiology.,Scientific reports,2020 Mar 17,10.1038/s41598-020-61819-0,OSD-244|Mmus_C57-6T_TMS_GC_LAR_Rep8_G9,Ground Control
363,GSM3076025,0.9883172512054443,GSE112665,Loss of p53 dictates Wnt-dependent systemic inflammation in breast cancer,,,"Cancer-associated inflammatory processes in the tumour microenvironment, as well as systemically, are strongly linked with poor disease outcome in cancer patients. For most human solid tumour types, high systemic neutrophil-to-lymphocyte ratios (NLR) are associated with increased metastasis and poor overall survival and recent experimental studies have demonstrated a causal relationship between neutrophils and metastasis formation. However, to date, the cancer cell-intrinsic mechanisms dictating the substantial heterogeneity in systemic neutrophilic inflammation between tumour-bearing hosts are largely unresolved. Using a panel of 16 distinct genetically engineered mouse models (GEMMs) for breast cancer, we demonstrate that tumour cell-intrinsic loss of p53 changes the phenotype and function of macrophages in the microenvironment, leading to activation of a systemic inflammatory cascade that drives neutrophil expansion. Mechanistically, p53 loss in cancer cells induces secretion of Wnt ligands that act in a paracrine fashion to stimulate IL-1b production from tumour-associated macrophages. Intratumoural IL-1β production stimulates an inflammatory cascade leading to the systemic accumulation of neutrophils. Pharmacological and genetic blockade of cancer cell-derived Wnt secretion reverses IL-1β expression by macrophages and subsequent systemic neutrophilic inflammation. Collectively, using pre-clinical mouse models for breast cancer, we demonstrate a novel mechanistic link between loss of p53 in cancer cells, Wnt ligand secretion and systemic immune activation. This illustrates the importance of cancer cell-intrinsic genetic aberrations in dictating cancer-associated inflammation. These insights set the stage for personalized immune intervention strategies for cancer patients.","In this study, gene expression profiles of tumours from genetically engineered mouse models (GEMMs) were analysed using RNA sequencing. Analysis was performed on bulk tumours of 10 GEMMs with different tissue-specific mutations driving tumorigenesis, totalling to 125 different tumours (n=5 or more per group). Subsequently, samples were grouped according to p53 status of the tumour (models containing Trp53 floxed alleles, or not) and comparisons were made between p53-KO and p53-WT tumours.",31367040,,,170058,GPL17021; GPL13112,Mus musculus,GSE,Expression profiling by high throughput sequencing,2019/05/20,145,ftp://ftp.ncbi.nlm.nih.gov/geo/series/GSE112nnn/GSE112665/,Loss of p53 triggers WNT-dependent systemic inflammation to drive breast cancer metastasis.,Nature,2019 Aug,10.1038/s41586-019-1450-6,OSD-244|Mmus_C57-6T_TMS_GC_LAR_Rep8_G9,Ground Control
364,GSM5715154,0.9880424737930298,GSE190138,Systematic analysis of inflammation and pain pathways in a mouse model of gout,,,"Gout is a prevalent and painful inflammatory arthritis, and its global burden continues to rise.  Intense pain induced by gout attacks is a major complication of gout. Treatment and long-term  management for gout patients remain challenging. Despite the discovery of many key immune  response and inflammatory genes and pathways in gout, the molecular mechanisms of gout  inflammation are still not entirely elucidated. Particularly, systematic studies of gout inflammation  and pain are lacking. Using a monosodium urate (MSU) crystals-induced gout model, we  performed genome-wide transcriptome analysis for the ankle joint, dorsal root ganglion (DRG),  and spinal cord of gout mice. Our results revealed transcriptional changes in both the joint and the  nervous system. Furthermore, through integrated analysis with public datasets of mouse  inflammatory pain and neuropathic pain models, human GWAS, osteoarthritis (OA), and  rheumatoid arthritis (RA), we identified common and unique features associated with acute gout  inflammation and severe pain.","Monosodium urate (MSU) crystals were used as treatments. 1 x PBS were used as controls.  Ankle joint, dorsal root ganglion (DRG), and spinal cord (SC) were collected and RNA-sequencing (RNA-seq) was performed.",35430901,,,574930,GPL24247,Mus musculus,GSE,Expression profiling by high throughput sequencing,2022/06/24,18,ftp://ftp.ncbi.nlm.nih.gov/geo/series/GSE190nnn/GSE190138/,Systematic analysis of inflammation and pain pathways in a mouse model of gout.,Molecular pain,2022 Jan-Dec,10.1177/17448069221097760,OSD-244|Mmus_C57-6T_TMS_GC_LAR_Rep8_G9,Ground Control
365,GSM2559918,0.9879201054573059,GSE97225,Transcriptome analysis of BAP1 knockout and restoration,,,This SuperSeries is composed of the SubSeries listed below.,Refer to individual Series,29490280,,,99576,GPL11154; GPL13112,Homo sapiens; Mus musculus,GSE,Expression profiling by high throughput sequencing,2018/01/31,21,ftp://ftp.ncbi.nlm.nih.gov/geo/series/GSE97nnn/GSE97225/,GNA11 Q209L Mouse Model Reveals RasGRP3 as an Essential Signaling Node in Uveal Melanoma.,Cell reports,2018 Feb 27,10.1016/j.celrep.2018.01.081,OSD-244|Mmus_C57-6T_TMS_GC_LAR_Rep8_G9,Ground Control
366,GSM4318761,0.9877897500991821,GSE145474,RNA-seq on periodontal tisuues of  susceptible and resistant collaborative cross mice after periodontal infection,,,"We assessed alveolar bone changes of Collaborative cross (CC) lines in response to a mixed oral infection with a well-known periodontal pathogen. The CC lines showed significant variation in their response to the mixed infection. We then carried out RNA-seq analysis on periodontal tisuues of resistant CC lines, susceptible CC lines and two CC lines that showed bone formation after oral bacterial infection.","We assessed alveolar bone changes of Collaborative cross lines after periodontal infection with P.g. (strain 381) and F.n. (strain PK1594) using micro–computed tomography (µCT) (control groups were treated with PBS and 2% Carboxymethycellulose). The CC lines showed significant variation in their response to the mixed infection. We then carried out RNA-seq analysis on periodontal tisuues of two resistant CC lines (TAU-IL188, TAU-IL111), two susceptible CC lines (TAU-IL785, TAU-IL551) and two CC lines that showed bone formation after oral bacterial infection (TAU-IL2124, TAU-IL2126).",32184465,,,336708,GPL19057,Mus musculus,GSE,Expression profiling by high throughput sequencing,2020/02/19,24,ftp://ftp.ncbi.nlm.nih.gov/geo/series/GSE145nnn/GSE145474/,Translation of mouse model to human gives insights into periodontitis etiology.,Scientific reports,2020 Mar 17,10.1038/s41598-020-61819-0,OSD-244|Mmus_C57-6T_TMS_GC_LAR_Rep8_G9,Ground Control
367,GSM4318762,0.987777829170227,GSE145474,RNA-seq on periodontal tisuues of  susceptible and resistant collaborative cross mice after periodontal infection,,,"We assessed alveolar bone changes of Collaborative cross (CC) lines in response to a mixed oral infection with a well-known periodontal pathogen. The CC lines showed significant variation in their response to the mixed infection. We then carried out RNA-seq analysis on periodontal tisuues of resistant CC lines, susceptible CC lines and two CC lines that showed bone formation after oral bacterial infection.","We assessed alveolar bone changes of Collaborative cross lines after periodontal infection with P.g. (strain 381) and F.n. (strain PK1594) using micro–computed tomography (µCT) (control groups were treated with PBS and 2% Carboxymethycellulose). The CC lines showed significant variation in their response to the mixed infection. We then carried out RNA-seq analysis on periodontal tisuues of two resistant CC lines (TAU-IL188, TAU-IL111), two susceptible CC lines (TAU-IL785, TAU-IL551) and two CC lines that showed bone formation after oral bacterial infection (TAU-IL2124, TAU-IL2126).",32184465,,,336709,GPL19057,Mus musculus,GSE,Expression profiling by high throughput sequencing,2020/02/19,24,ftp://ftp.ncbi.nlm.nih.gov/geo/series/GSE145nnn/GSE145474/,Translation of mouse model to human gives insights into periodontitis etiology.,Scientific reports,2020 Mar 17,10.1038/s41598-020-61819-0,OSD-244|Mmus_C57-6T_TMS_GC_LAR_Rep8_G9,Ground Control
368,GSM4318750,0.9874446392059326,GSE145474,RNA-seq on periodontal tisuues of  susceptible and resistant collaborative cross mice after periodontal infection,,,"We assessed alveolar bone changes of Collaborative cross (CC) lines in response to a mixed oral infection with a well-known periodontal pathogen. The CC lines showed significant variation in their response to the mixed infection. We then carried out RNA-seq analysis on periodontal tisuues of resistant CC lines, susceptible CC lines and two CC lines that showed bone formation after oral bacterial infection.","We assessed alveolar bone changes of Collaborative cross lines after periodontal infection with P.g. (strain 381) and F.n. (strain PK1594) using micro–computed tomography (µCT) (control groups were treated with PBS and 2% Carboxymethycellulose). The CC lines showed significant variation in their response to the mixed infection. We then carried out RNA-seq analysis on periodontal tisuues of two resistant CC lines (TAU-IL188, TAU-IL111), two susceptible CC lines (TAU-IL785, TAU-IL551) and two CC lines that showed bone formation after oral bacterial infection (TAU-IL2124, TAU-IL2126).",32184465,,,336697,GPL19057,Mus musculus,GSE,Expression profiling by high throughput sequencing,2020/02/19,24,ftp://ftp.ncbi.nlm.nih.gov/geo/series/GSE145nnn/GSE145474/,Translation of mouse model to human gives insights into periodontitis etiology.,Scientific reports,2020 Mar 17,10.1038/s41598-020-61819-0,OSD-244|Mmus_C57-6T_TMS_GC_LAR_Rep8_G9,Ground Control
369,GSM4318768,0.9872355461120605,GSE145474,RNA-seq on periodontal tisuues of  susceptible and resistant collaborative cross mice after periodontal infection,,,"We assessed alveolar bone changes of Collaborative cross (CC) lines in response to a mixed oral infection with a well-known periodontal pathogen. The CC lines showed significant variation in their response to the mixed infection. We then carried out RNA-seq analysis on periodontal tisuues of resistant CC lines, susceptible CC lines and two CC lines that showed bone formation after oral bacterial infection.","We assessed alveolar bone changes of Collaborative cross lines after periodontal infection with P.g. (strain 381) and F.n. (strain PK1594) using micro–computed tomography (µCT) (control groups were treated with PBS and 2% Carboxymethycellulose). The CC lines showed significant variation in their response to the mixed infection. We then carried out RNA-seq analysis on periodontal tisuues of two resistant CC lines (TAU-IL188, TAU-IL111), two susceptible CC lines (TAU-IL785, TAU-IL551) and two CC lines that showed bone formation after oral bacterial infection (TAU-IL2124, TAU-IL2126).",32184465,,,336715,GPL19057,Mus musculus,GSE,Expression profiling by high throughput sequencing,2020/02/19,24,ftp://ftp.ncbi.nlm.nih.gov/geo/series/GSE145nnn/GSE145474/,Translation of mouse model to human gives insights into periodontitis etiology.,Scientific reports,2020 Mar 17,10.1038/s41598-020-61819-0,OSD-244|Mmus_C57-6T_TMS_GC_LAR_Rep8_G9,Ground Control
370,GSM4263018,0.9923901557922363,GSE143581,P53 dynamics vary between tissues and are linked with radiation sensitivity,,,We used RNAseq to explore the gene expression changes induced by ionizing radiation across multiple tissues,Mouse were treated with ionizing radiation (10gy) and sacrificed at different timepoints and tissues extracted and processed for RNA,,,,331846,GPL19057,Mus musculus,GSE,Expression profiling by high throughput sequencing,2020/04/30,54,ftp://ftp.ncbi.nlm.nih.gov/geo/series/GSE143nnn/GSE143581/,,,,,OSD-244|Mmus_C57-6T_TMS_GC_LAR_Rep9_G10,Ground Control
371,GSM2643073,0.9918066263198853,GSE99364,Stabilization of c-Myc protein by CAMKIIγ promotes T-cell lymphoma,,,"Although high c-Myc protein expression is observed alongside c-Myc gene amplification in some cancers, in most cases protein overexpression occurs while the amplified gene is largely absent, e.g. T-cell lymphoma (TCL). Here, Ca2+/calmodulin-dependent protein kinase II γ (CAMKIIγ) was shown to stabilize c-Myc protein by directly phosphorylating at serine 62 (S62), which represents a hitherto unknown mechanism of c-Myc protein overexpression. Further, CAMKIIγ was shown to be essential for tumor maintenance. Inhibiting CAMKIIγ with a potent CAMKIIγ-specific inhibitor destabilized c-Myc and reduced tumor burden dramatically. Importantly, high CAMKIIγ in clinical patient specimens positively correlated with increased c-Myc / pS62-c-Myc expression. Together, the CAMKIIγ:c-Myc axis critically influences the development and maintenance of TCL, and represent a novel therapeutic target for TCL.","We investigated how deleting CAMKIIγ suppressed the development of MNU-induced TCL in mice. Through RNA-sequencing, we analyzed the gene expression profiles of the thymuses of both wild-type and CAMKIIγ-/- mice, under either malignant (with MNU) or normal (without MNU) conditions.",28697340,,,113751,GPL13112,Mus musculus,GSE,Expression profiling by high throughput sequencing,2017/05/27,4,ftp://ftp.ncbi.nlm.nih.gov/geo/series/GSE99nnn/GSE99364/,Stabilization of the c-Myc Protein by CAMKIIγ Promotes T Cell Lymphoma.,Cancer cell,2017 Jul 10,10.1016/j.ccell.2017.06.001,OSD-244|Mmus_C57-6T_TMS_GC_LAR_Rep9_G10,Ground Control
372,GSM4263017,0.9912842512130737,GSE143581,P53 dynamics vary between tissues and are linked with radiation sensitivity,,,We used RNAseq to explore the gene expression changes induced by ionizing radiation across multiple tissues,Mouse were treated with ionizing radiation (10gy) and sacrificed at different timepoints and tissues extracted and processed for RNA,,,,331845,GPL19057,Mus musculus,GSE,Expression profiling by high throughput sequencing,2020/04/30,54,ftp://ftp.ncbi.nlm.nih.gov/geo/series/GSE143nnn/GSE143581/,,,,,OSD-244|Mmus_C57-6T_TMS_GC_LAR_Rep9_G10,Ground Control
373,GSM6342323,0.9909690618515015,GSE218085,Epigenetically-controlled tumor antigens derived from splice junctions between exons and transposable elements,,,This SuperSeries is composed of the SubSeries listed below.,Refer to individual Series,36735776,,,658205,GPL17021; GPL24247,Mus musculus,GSE,Expression profiling by high throughput sequencing; Genome binding/occupancy profiling by high throughput sequencing,2022/11/22,133,ftp://ftp.ncbi.nlm.nih.gov/geo/series/GSE218nnn/GSE218085/,Epigenetically controlled tumor antigens derived from splice junctions between exons and transposable elements.,Science immunology,2023 Feb 3,10.1126/sciimmunol.abm6360,OSD-244|Mmus_C57-6T_TMS_GC_LAR_Rep9_G10,Ground Control
374,GSM4754871,0.9909650087356567,GSE157132,Maternal Influenza A Virus Infection Restricts Fetal and Placental Growth and Adversely Affects the Fetal Thymic Transcriptome,,,"Maternal influenza A viral infections in humans are associated with low birth weight, increased risk of pre-term birth, stillbirth and congenital defects. To examine the effect of maternal influenza virus infection on placental and fetal growth, pregnant C57BL/6 mice were inoculated intranasally with influenza A virus A/CA/07/2009 pandemic H1N1 or PBS at E3.5, E7.5 or E12.5, and the placentae and fetuses collecgted and weighed at E18.5. Fetal thymuses were pooled from each litter. Placentae were examined histologically, stained by IHC for CD34 and vascular channels quantified. RNA from E7.5 and E12.5 placentae and E7.5 fetal thymuses was subjected to RNA sequencing and pathway analysis. Placental weights were decreased in litters inoculated with influenza at E3.5 and E7.5. Placentae from E7.5 and E12.5 inoculated litters exhibited decreased labyrinth development and transmembrane protein 150A gene was upregulated in E7.5 placentae.  Fetal weights were decreased in litters inoculated at E7.5 and E12.5 compared to controls. RNA sequencing of E7.5 thymuses indicated that 957 genes were downregulated 2-fold including Mal, which is associated with Toll-like receptor signaling and T cell differentiation. There were 28 upregulated genes.  It is concluded that maternal influenza A virus infection impairs fetal thymic gene expression as well as restricting placental and fetal growth.",RNA was extracted from individual E18.5 mouse placenta and fetal thymus pools following either control or influenza (H1N1) infection on E.7.5 and E12.5 or E7.5 of pregnancy; respectively and analyzed for RNA sequence (RNA-Seq).,32911797,,,412824,GPL17021,Mus musculus,GSE,Expression profiling by high throughput sequencing,2020/09/11,18,ftp://ftp.ncbi.nlm.nih.gov/geo/series/GSE157nnn/GSE157132/,Maternal Influenza A Virus Infection Restricts Fetal and Placental Growth and Adversely Affects the Fetal Thymic Transcriptome.,Viruses,2020 Sep 8,10.3390/v12091003,OSD-244|Mmus_C57-6T_TMS_GC_LAR_Rep9_G10,Ground Control
375,GSM3720114,0.9904434680938721,GSE129689,RNA sequencing of mouse carotid arteries after sacubitril/valsartan treatment,,,"Purpose: To get insight into mouse strain-dependent differences in vascular remodeling, we analyzed gene expression profiles of the ligated carotid arteries after interventions in C57BL/6J and 129X1/SvJ mice Methods: mRNA isolations from snap-frozen single carotids (n=3 per group) were conducted. Tissue homogenization by Next Advance Bullet Blender with zirconium oxide beads and Trizol. Total RNA isolation using Trizol and Qiagen RNeasy Micro kit. Results: Multiple quality controls showed a reliable RNAseq of mRNAs from the ligated carotid arteries. Specifically, there was less than 2.6% drop in reads that ranged between 26.5 to 37.7 million reads. We found a good alignment and mapping to a mouse genome (82.4 - 91.0%) in this RNAseq study. A differential gene expression analysis was done by DESeq2-1.16.1 within R-3.4.1 for data normalization and differential expression analysis with an adjusted p-value threshold of 0.05 on each set of raw expression measures. Conclusions: Our study shows significant differences in gene expression signatures in carotid arteries from two inbred mouse strains after sacubitril/valsartan treatment. We conclude that genetic background determines efficacy of the sacubitril/valsartan in mice.","Mouse carotid artery mRNA profiles of C57BL/6J and 129X1/SvJ mice after two treatment regimen of vehicle, valsartan or sacubitril/valsartan were generated by deep sequencing, in triplicate, using Illumina HiSeq2500v4 high-throughput DNA sequencer.",31077344,,,252304,GPL17021,Mus musculus,GSE,Expression profiling by high throughput sequencing,2020/04/10,36,ftp://ftp.ncbi.nlm.nih.gov/geo/series/GSE129nnn/GSE129689/,Strain-selective efficacy of sacubitril/valsartan on carotid fibrosis in response to injury in two inbred mouse strains.,British journal of pharmacology,2019 Aug,10.1111/bph.14708,OSD-244|Mmus_C57-6T_TMS_GC_LAR_Rep9_G10,Ground Control
376,GSM4263019,0.9902945756912231,GSE143581,P53 dynamics vary between tissues and are linked with radiation sensitivity,,,We used RNAseq to explore the gene expression changes induced by ionizing radiation across multiple tissues,Mouse were treated with ionizing radiation (10gy) and sacrificed at different timepoints and tissues extracted and processed for RNA,,,,331847,GPL19057,Mus musculus,GSE,Expression profiling by high throughput sequencing,2020/04/30,54,ftp://ftp.ncbi.nlm.nih.gov/geo/series/GSE143nnn/GSE143581/,,,,,OSD-244|Mmus_C57-6T_TMS_GC_LAR_Rep9_G10,Ground Control
377,GSM6022419,0.9898672103881836,GSE179798,Quantitative sequencing using BID-seq uncovers abundant pseudouridines in mammalian mRNA at base resolution,,,"Functional characterization of pseudouridine (Ψ) in mammalian messenger RNA (mRNA) has been hampered by the lack of a quantitative method that maps pseudouridine in the whole transcriptome. We report bisulfite-induced deletion sequencing (BID-seq) that utilizes a bisulfite-mediated reaction to stoichiometrically convert pseudouridine into deletion upon reverse transcription. BID-seq enabled detection of abundant pseudouridine sites with stoichiometry information in several human cell lines and 12 different mouse tissues using 10-20 ng input RNA. We uncovered consensus sequences for pseudouridine in mammalian mRNA and assigned different ‘writer’ proteins to individual pseudouridine deposition. Our results reveal a transcript stabilization role of Ψ sites installed by TRUB1 in human cancer cells. We also detected presence of Ψ within stop codons of mammalian mRNA, and confirmed the role of Ψ in promoting stop codon read-through in vivo. This new method for sensitive and comprehensive detection of Ψ sets the stage for future investigations of the roles of Ψ in diverse biological processes.","[dataset1] 20 samples (Sample 1-20): ""Input"" and ""Treated"" samples in BID-seq to detect pseudouridine in polyA+ RNA from HeLa cells of shControl and 8 human PUS synthase knockdown. (5′ SR Adapter: 5′-GUUCAGAGUUCUACAGUCCGACGAUC NNNNN-3′; See instructions of each sample about 3' SR Adapter sequences) [dataset3] 48 samples (Sample 41-88): ""Input"" and ""Treated"" samples in BID-seq to detect pseudouridine in polyA+ RNA from 12 mouse tissues. (5′ SR Adapter: 5′-GUUCAGAGUUCUACAGUCCGACGAUC NNNNN-3′; See instructions of each sample about 3' SR Adapter sequences) [dataset4] 18 samples (Sample 89-106): ""Input"" and ""Treated"" samples in BID-seq to detect pseudouridine in polyA+ RNA from wild-type HeLa, HEK293T and A549 cells. (5′ SR Adapter: 5′-GUUCAGAGUUCUACAGUCCGACGAUC-3′; See instructions of each sample about 3' SR Adapter sequences)",36302989;39789092,,,630046,GPL24676; GPL24247,Mus musculus; Homo sapiens,GSE,Expression profiling by high throughput sequencing,2022/09/05,86,ftp://ftp.ncbi.nlm.nih.gov/geo/series/GSE179nnn/GSE179798/,Quantitative sequencing using BID-seq uncovers abundant pseudouridines in mammalian mRNA at base resolution.,Nature biotechnology,2023 Mar,10.1038/s41587-022-01505-w,OSD-244|Mmus_C57-6T_TMS_GC_LAR_Rep9_G10,Ground Control
378,GSM5465914,0.989730954170227,GSE179798,Quantitative sequencing using BID-seq uncovers abundant pseudouridines in mammalian mRNA at base resolution,,,"Functional characterization of pseudouridine (Ψ) in mammalian messenger RNA (mRNA) has been hampered by the lack of a quantitative method that maps pseudouridine in the whole transcriptome. We report bisulfite-induced deletion sequencing (BID-seq) that utilizes a bisulfite-mediated reaction to stoichiometrically convert pseudouridine into deletion upon reverse transcription. BID-seq enabled detection of abundant pseudouridine sites with stoichiometry information in several human cell lines and 12 different mouse tissues using 10-20 ng input RNA. We uncovered consensus sequences for pseudouridine in mammalian mRNA and assigned different ‘writer’ proteins to individual pseudouridine deposition. Our results reveal a transcript stabilization role of Ψ sites installed by TRUB1 in human cancer cells. We also detected presence of Ψ within stop codons of mammalian mRNA, and confirmed the role of Ψ in promoting stop codon read-through in vivo. This new method for sensitive and comprehensive detection of Ψ sets the stage for future investigations of the roles of Ψ in diverse biological processes.","[dataset1] 20 samples (Sample 1-20): ""Input"" and ""Treated"" samples in BID-seq to detect pseudouridine in polyA+ RNA from HeLa cells of shControl and 8 human PUS synthase knockdown. (5′ SR Adapter: 5′-GUUCAGAGUUCUACAGUCCGACGAUC NNNNN-3′; See instructions of each sample about 3' SR Adapter sequences) [dataset3] 48 samples (Sample 41-88): ""Input"" and ""Treated"" samples in BID-seq to detect pseudouridine in polyA+ RNA from 12 mouse tissues. (5′ SR Adapter: 5′-GUUCAGAGUUCUACAGUCCGACGAUC NNNNN-3′; See instructions of each sample about 3' SR Adapter sequences) [dataset4] 18 samples (Sample 89-106): ""Input"" and ""Treated"" samples in BID-seq to detect pseudouridine in polyA+ RNA from wild-type HeLa, HEK293T and A549 cells. (5′ SR Adapter: 5′-GUUCAGAGUUCUACAGUCCGACGAUC-3′; See instructions of each sample about 3' SR Adapter sequences)",36302989;39789092,,,519536,GPL24676; GPL24247,Mus musculus; Homo sapiens,GSE,Expression profiling by high throughput sequencing,2022/09/05,86,ftp://ftp.ncbi.nlm.nih.gov/geo/series/GSE179nnn/GSE179798/,Quantitative sequencing using BID-seq uncovers abundant pseudouridines in mammalian mRNA at base resolution.,Nature biotechnology,2023 Mar,10.1038/s41587-022-01505-w,OSD-244|Mmus_C57-6T_TMS_GC_LAR_Rep9_G10,Ground Control
379,GSM6022418,0.9893852472305298,GSE179798,Quantitative sequencing using BID-seq uncovers abundant pseudouridines in mammalian mRNA at base resolution,,,"Functional characterization of pseudouridine (Ψ) in mammalian messenger RNA (mRNA) has been hampered by the lack of a quantitative method that maps pseudouridine in the whole transcriptome. We report bisulfite-induced deletion sequencing (BID-seq) that utilizes a bisulfite-mediated reaction to stoichiometrically convert pseudouridine into deletion upon reverse transcription. BID-seq enabled detection of abundant pseudouridine sites with stoichiometry information in several human cell lines and 12 different mouse tissues using 10-20 ng input RNA. We uncovered consensus sequences for pseudouridine in mammalian mRNA and assigned different ‘writer’ proteins to individual pseudouridine deposition. Our results reveal a transcript stabilization role of Ψ sites installed by TRUB1 in human cancer cells. We also detected presence of Ψ within stop codons of mammalian mRNA, and confirmed the role of Ψ in promoting stop codon read-through in vivo. This new method for sensitive and comprehensive detection of Ψ sets the stage for future investigations of the roles of Ψ in diverse biological processes.","[dataset1] 20 samples (Sample 1-20): ""Input"" and ""Treated"" samples in BID-seq to detect pseudouridine in polyA+ RNA from HeLa cells of shControl and 8 human PUS synthase knockdown. (5′ SR Adapter: 5′-GUUCAGAGUUCUACAGUCCGACGAUC NNNNN-3′; See instructions of each sample about 3' SR Adapter sequences) [dataset3] 48 samples (Sample 41-88): ""Input"" and ""Treated"" samples in BID-seq to detect pseudouridine in polyA+ RNA from 12 mouse tissues. (5′ SR Adapter: 5′-GUUCAGAGUUCUACAGUCCGACGAUC NNNNN-3′; See instructions of each sample about 3' SR Adapter sequences) [dataset4] 18 samples (Sample 89-106): ""Input"" and ""Treated"" samples in BID-seq to detect pseudouridine in polyA+ RNA from wild-type HeLa, HEK293T and A549 cells. (5′ SR Adapter: 5′-GUUCAGAGUUCUACAGUCCGACGAUC-3′; See instructions of each sample about 3' SR Adapter sequences)",36302989;39789092,,,630045,GPL24676; GPL24247,Mus musculus; Homo sapiens,GSE,Expression profiling by high throughput sequencing,2022/09/05,86,ftp://ftp.ncbi.nlm.nih.gov/geo/series/GSE179nnn/GSE179798/,Quantitative sequencing using BID-seq uncovers abundant pseudouridines in mammalian mRNA at base resolution.,Nature biotechnology,2023 Mar,10.1038/s41587-022-01505-w,OSD-244|Mmus_C57-6T_TMS_GC_LAR_Rep9_G10,Ground Control
380,GSM2643073,0.9930740594863892,GSE99364,Stabilization of c-Myc protein by CAMKIIγ promotes T-cell lymphoma,,,"Although high c-Myc protein expression is observed alongside c-Myc gene amplification in some cancers, in most cases protein overexpression occurs while the amplified gene is largely absent, e.g. T-cell lymphoma (TCL). Here, Ca2+/calmodulin-dependent protein kinase II γ (CAMKIIγ) was shown to stabilize c-Myc protein by directly phosphorylating at serine 62 (S62), which represents a hitherto unknown mechanism of c-Myc protein overexpression. Further, CAMKIIγ was shown to be essential for tumor maintenance. Inhibiting CAMKIIγ with a potent CAMKIIγ-specific inhibitor destabilized c-Myc and reduced tumor burden dramatically. Importantly, high CAMKIIγ in clinical patient specimens positively correlated with increased c-Myc / pS62-c-Myc expression. Together, the CAMKIIγ:c-Myc axis critically influences the development and maintenance of TCL, and represent a novel therapeutic target for TCL.","We investigated how deleting CAMKIIγ suppressed the development of MNU-induced TCL in mice. Through RNA-sequencing, we analyzed the gene expression profiles of the thymuses of both wild-type and CAMKIIγ-/- mice, under either malignant (with MNU) or normal (without MNU) conditions.",28697340,,,113751,GPL13112,Mus musculus,GSE,Expression profiling by high throughput sequencing,2017/05/27,4,ftp://ftp.ncbi.nlm.nih.gov/geo/series/GSE99nnn/GSE99364/,Stabilization of the c-Myc Protein by CAMKIIγ Promotes T Cell Lymphoma.,Cancer cell,2017 Jul 10,10.1016/j.ccell.2017.06.001,OSD-244|Mmus_C57-6T_TMS_FLT_ISS-T_Rep10_F10,Space Flight
381,GSM4614048,0.9930366277694702,GSE152382,Expression profiles in multiple tissues of WT and Nrf2-knockout mouse under space filght,,,"To elucidate roles that Nrf2 plays in regulating adaptive responses to the space stress, one month-long space travel and RNA-seq analysis of six Nrf2-KO mice and six wild-type mice were conducted . After 31-days-stay in the ISS, all the flight mice returned safely to Earth. We found that Nrf2 was indeed activated by the space stress in various tissues. The space stress and Nrf2-deficiency brought about changes in gene expression.","mRNA profiling using multiple tissues including temporal bone, mandibularbone, spleen, liver, white and brown adipose tissues, kidney, thymus, and brain cerebullum of wild type (WT) and Nrf2-knockout (Nrf2KO) mice",32901092;34887485,,,379515,GPL17021,Mus musculus,GSE,Expression profiling by high throughput sequencing,2020/10/02,192,ftp://ftp.ncbi.nlm.nih.gov/geo/series/GSE152nnn/GSE152382/,Nrf2 contributes to the weight gain of mice during space travel.,Communications biology,2020 Sep 8,10.1038/s42003-020-01227-2,OSD-244|Mmus_C57-6T_TMS_FLT_ISS-T_Rep10_F10,Space Flight
382,GSM4614045,0.9930020570755005,GSE152382,Expression profiles in multiple tissues of WT and Nrf2-knockout mouse under space filght,,,"To elucidate roles that Nrf2 plays in regulating adaptive responses to the space stress, one month-long space travel and RNA-seq analysis of six Nrf2-KO mice and six wild-type mice were conducted . After 31-days-stay in the ISS, all the flight mice returned safely to Earth. We found that Nrf2 was indeed activated by the space stress in various tissues. The space stress and Nrf2-deficiency brought about changes in gene expression.","mRNA profiling using multiple tissues including temporal bone, mandibularbone, spleen, liver, white and brown adipose tissues, kidney, thymus, and brain cerebullum of wild type (WT) and Nrf2-knockout (Nrf2KO) mice",32901092;34887485,,,379512,GPL17021,Mus musculus,GSE,Expression profiling by high throughput sequencing,2020/10/02,192,ftp://ftp.ncbi.nlm.nih.gov/geo/series/GSE152nnn/GSE152382/,Nrf2 contributes to the weight gain of mice during space travel.,Communications biology,2020 Sep 8,10.1038/s42003-020-01227-2,OSD-244|Mmus_C57-6T_TMS_FLT_ISS-T_Rep10_F10,Space Flight
383,GSM6085266,0.9928388595581055,GSE201969,In vivo self-assembly and targeted delivery of EGFR siRNA-encapsulating small extracellular vesicles to EGFR-positive cancer cells for NSCLC therapy,,,"We designed a synthetic biology circuit encoding both an EGFR-targeting peptide (GE11) and an EGFR siRNA under the control of the cytomegalovirus (CMV) promoter. After uptake by mouse liver cells via intravenous injection, this genetic circuit can reprogram the liver cells to produce and self-assemble EGFR siRNAs into secretory small extracellular vesicles (sEVs) tagged with the GE11 peptide, after which the siRNA-encapsulating sEVs are further transported via the blood circulation and guided by the GE11 peptide to EGFR-positive tumour cells for NSCLC therapy. RNA sequencing-based transcriptomic profiling confirmed the safety and low off-target activity of in vivo self-assembled EGFR siRNAs.","EGFR DEL19 transgenic mice were administered doxycycline for 25 days and analysed by micro-CT to ensure spontaneous tumour formation in the lungs. Mice were then intravenously injected with the CMV-scrR, CMV-siRE or CMV-GE11-siRE circuit (10 mg/kg) every 2 days for a total of 7 injections. After treatment, mice were sacrificed, and normal tissues and tumours were harvested to determine the global transcriptome alterations by RNA sequencing.",,,,635618,GPL24247,Mus musculus,GSE,Expression profiling by high throughput sequencing,2024/04/30,72,ftp://ftp.ncbi.nlm.nih.gov/geo/series/GSE201nnn/GSE201969/,,,,,OSD-244|Mmus_C57-6T_TMS_FLT_ISS-T_Rep10_F10,Space Flight
384,GSM6342323,0.9928311705589294,GSE218085,Epigenetically-controlled tumor antigens derived from splice junctions between exons and transposable elements,,,This SuperSeries is composed of the SubSeries listed below.,Refer to individual Series,36735776,,,658205,GPL17021; GPL24247,Mus musculus,GSE,Expression profiling by high throughput sequencing; Genome binding/occupancy profiling by high throughput sequencing,2022/11/22,133,ftp://ftp.ncbi.nlm.nih.gov/geo/series/GSE218nnn/GSE218085/,Epigenetically controlled tumor antigens derived from splice junctions between exons and transposable elements.,Science immunology,2023 Feb 3,10.1126/sciimmunol.abm6360,OSD-244|Mmus_C57-6T_TMS_FLT_ISS-T_Rep10_F10,Space Flight
385,GSM6085258,0.9926731586456299,GSE201969,In vivo self-assembly and targeted delivery of EGFR siRNA-encapsulating small extracellular vesicles to EGFR-positive cancer cells for NSCLC therapy,,,"We designed a synthetic biology circuit encoding both an EGFR-targeting peptide (GE11) and an EGFR siRNA under the control of the cytomegalovirus (CMV) promoter. After uptake by mouse liver cells via intravenous injection, this genetic circuit can reprogram the liver cells to produce and self-assemble EGFR siRNAs into secretory small extracellular vesicles (sEVs) tagged with the GE11 peptide, after which the siRNA-encapsulating sEVs are further transported via the blood circulation and guided by the GE11 peptide to EGFR-positive tumour cells for NSCLC therapy. RNA sequencing-based transcriptomic profiling confirmed the safety and low off-target activity of in vivo self-assembled EGFR siRNAs.","EGFR DEL19 transgenic mice were administered doxycycline for 25 days and analysed by micro-CT to ensure spontaneous tumour formation in the lungs. Mice were then intravenously injected with the CMV-scrR, CMV-siRE or CMV-GE11-siRE circuit (10 mg/kg) every 2 days for a total of 7 injections. After treatment, mice were sacrificed, and normal tissues and tumours were harvested to determine the global transcriptome alterations by RNA sequencing.",,,,635610,GPL24247,Mus musculus,GSE,Expression profiling by high throughput sequencing,2024/04/30,72,ftp://ftp.ncbi.nlm.nih.gov/geo/series/GSE201nnn/GSE201969/,,,,,OSD-244|Mmus_C57-6T_TMS_FLT_ISS-T_Rep10_F10,Space Flight
386,GSM2643075,0.9926726818084717,GSE99364,Stabilization of c-Myc protein by CAMKIIγ promotes T-cell lymphoma,,,"Although high c-Myc protein expression is observed alongside c-Myc gene amplification in some cancers, in most cases protein overexpression occurs while the amplified gene is largely absent, e.g. T-cell lymphoma (TCL). Here, Ca2+/calmodulin-dependent protein kinase II γ (CAMKIIγ) was shown to stabilize c-Myc protein by directly phosphorylating at serine 62 (S62), which represents a hitherto unknown mechanism of c-Myc protein overexpression. Further, CAMKIIγ was shown to be essential for tumor maintenance. Inhibiting CAMKIIγ with a potent CAMKIIγ-specific inhibitor destabilized c-Myc and reduced tumor burden dramatically. Importantly, high CAMKIIγ in clinical patient specimens positively correlated with increased c-Myc / pS62-c-Myc expression. Together, the CAMKIIγ:c-Myc axis critically influences the development and maintenance of TCL, and represent a novel therapeutic target for TCL.","We investigated how deleting CAMKIIγ suppressed the development of MNU-induced TCL in mice. Through RNA-sequencing, we analyzed the gene expression profiles of the thymuses of both wild-type and CAMKIIγ-/- mice, under either malignant (with MNU) or normal (without MNU) conditions.",28697340,,,113753,GPL13112,Mus musculus,GSE,Expression profiling by high throughput sequencing,2017/05/27,4,ftp://ftp.ncbi.nlm.nih.gov/geo/series/GSE99nnn/GSE99364/,Stabilization of the c-Myc Protein by CAMKIIγ Promotes T Cell Lymphoma.,Cancer cell,2017 Jul 10,10.1016/j.ccell.2017.06.001,OSD-244|Mmus_C57-6T_TMS_FLT_ISS-T_Rep10_F10,Space Flight
387,GSM4614041,0.992588996887207,GSE152382,Expression profiles in multiple tissues of WT and Nrf2-knockout mouse under space filght,,,"To elucidate roles that Nrf2 plays in regulating adaptive responses to the space stress, one month-long space travel and RNA-seq analysis of six Nrf2-KO mice and six wild-type mice were conducted . After 31-days-stay in the ISS, all the flight mice returned safely to Earth. We found that Nrf2 was indeed activated by the space stress in various tissues. The space stress and Nrf2-deficiency brought about changes in gene expression.","mRNA profiling using multiple tissues including temporal bone, mandibularbone, spleen, liver, white and brown adipose tissues, kidney, thymus, and brain cerebullum of wild type (WT) and Nrf2-knockout (Nrf2KO) mice",32901092;34887485,,,379508,GPL17021,Mus musculus,GSE,Expression profiling by high throughput sequencing,2020/10/02,192,ftp://ftp.ncbi.nlm.nih.gov/geo/series/GSE152nnn/GSE152382/,Nrf2 contributes to the weight gain of mice during space travel.,Communications biology,2020 Sep 8,10.1038/s42003-020-01227-2,OSD-244|Mmus_C57-6T_TMS_FLT_ISS-T_Rep10_F10,Space Flight
388,GSM6085259,0.9922988414764404,GSE201969,In vivo self-assembly and targeted delivery of EGFR siRNA-encapsulating small extracellular vesicles to EGFR-positive cancer cells for NSCLC therapy,,,"We designed a synthetic biology circuit encoding both an EGFR-targeting peptide (GE11) and an EGFR siRNA under the control of the cytomegalovirus (CMV) promoter. After uptake by mouse liver cells via intravenous injection, this genetic circuit can reprogram the liver cells to produce and self-assemble EGFR siRNAs into secretory small extracellular vesicles (sEVs) tagged with the GE11 peptide, after which the siRNA-encapsulating sEVs are further transported via the blood circulation and guided by the GE11 peptide to EGFR-positive tumour cells for NSCLC therapy. RNA sequencing-based transcriptomic profiling confirmed the safety and low off-target activity of in vivo self-assembled EGFR siRNAs.","EGFR DEL19 transgenic mice were administered doxycycline for 25 days and analysed by micro-CT to ensure spontaneous tumour formation in the lungs. Mice were then intravenously injected with the CMV-scrR, CMV-siRE or CMV-GE11-siRE circuit (10 mg/kg) every 2 days for a total of 7 injections. After treatment, mice were sacrificed, and normal tissues and tumours were harvested to determine the global transcriptome alterations by RNA sequencing.",,,,635611,GPL24247,Mus musculus,GSE,Expression profiling by high throughput sequencing,2024/04/30,72,ftp://ftp.ncbi.nlm.nih.gov/geo/series/GSE201nnn/GSE201969/,,,,,OSD-244|Mmus_C57-6T_TMS_FLT_ISS-T_Rep10_F10,Space Flight
389,GSM3467334,0.9921842217445374,GSE122496,PRC2 inactivation cooperates with JAK3 mutant signaling in the development of T-cell acute lymphoblastic leukemia,,,"T-ALL is characterized by deregulation of transcriptional control and impairment of epigenetic homeostasis. We observed that T-ALL cases with mutations in the IL7R-JAK-STAT pathway frequently harbor inactivating mutations in the PRC2 complex, in particular SUZ12 mutations. PRC2 is an epigenetic complex responsible for writing the H3K27me3 mark associated with gene repression. To assess whether loss of SUZ12 cooperates with mutant JAK3 signaling during T-ALL development, we expressed the JAK3(M511I) mutant in mouse bone marrow cells in vivo and tested the effect of Cas9-mediated inactivation of Suz12 on leukemia development. The mice developed a T-cell leukemia that infiltrated most hematological organs (bone marrow, thymus, spleen, lymph nodes, blood). At time of sacrifice the majority of cells in the blood and hematopoietic organs was JAK3(M511I) positive and Suz12 negative. Reduced Suz12 protein and H3K27me3 levels were confirmed with flow cytometry. Moreover, JAK3(M511I) also cooperates with Suz12 gRNA-mediated inactivation in vitro. Pro-T cells carrying both JAK3(M511I) and Suz12 gRNA were able to transform to IL7 independent growth, whereas single mutant (JAK3(M511I) only or Suz12 gRNA only) pro-T cells could not. In order to get insight in the mechanism of cooperation between JAK3 mutant signaling and Suz12 inactivation, we performed and integrated RNA- and ChIP-sequencing (Suz12, H3K27me3, H3K27Ac, H3K4me1, H3K4me3) on leukemic cells from the mice. This showed a global upregulation of many genes, including known PRC2 target genes upon loss of Suz12. Moreover, Suz12 was bound to promoters of Wnt signaling genes (Fzd7, Lrp4) and Wnt target genes (Axin2, Jag2, Mmp9), concomitant with high H3K27me3 levels. Loss of Suz12 led to drastic reduction of H3K27me3 at these loci and upregulation of these Wnt genes. As Wnt signaling is ectopically activated, we wanted to test whether JAK3(M511I) + Suz12 gRNA cells are more sensitive to Wnt inhibitor. JAK3(M511I) + Suz12 pro-T cells and leukemic spleen cells exhibited increased sensitivity to Wnt inhibitor compared to JAK3 mutant control cells, indicating that Wnt signaling contributes to the cooperation between Suz12 loss and JAK3 mutant signaling. In conclusion, our data show that Suz12 inactivation cooperates with mutant JAK3 signaling to drive leukemia development in vivo and demonstrates the use of Cas9 transgenic mice to study the role of tumor suppressor genes in T-ALL mouse models. Moreover, Suz12 loss leads to ectopic activation of Wnt signaling, a pathway contributing to the cooperation of Suz12 loss and JAK3 mutant signaling that can also be targeted with inhibitors.","RNA-sequencing of transgenic mouse samples with different conditions: wildtype, JAK3 mutant, SUZ12 inactivation, JAK3 mutant+SUZ12 inactivation ChIPmentation sequencing in transgenic mouse samples with different conditions (see RNA-sequencing) with multiple antibodies: Suz12, H3K27ac, H3K27me3, H3K4me3, H3K4me1",31492675,,,214821,GPL17021,Mus musculus,GSE,Expression profiling by high throughput sequencing; Genome binding/occupancy profiling by high throughput sequencing,2019/03/01,57,ftp://ftp.ncbi.nlm.nih.gov/geo/series/GSE122nnn/GSE122496/,Suz12 inactivation cooperates with JAK3 mutant signaling in the development of T-cell acute lymphoblastic leukemia.,Blood,2019 Oct 17,10.1182/blood.2019000015,OSD-244|Mmus_C57-6T_TMS_FLT_ISS-T_Rep10_F10,Space Flight
390,GSM2360697,0.9905625581741333,GSE89207,Candidate Gene Identification Through RNA-Seq Analysis of (TRAMP x J:DO) F1 Primary Tumors,,,RNA-seq analysis of 195 randomly selected (TRAMP x J:DO) F1 prostates that had been harvested at experimental termination (210 days or humane endpoints) was performed to identify metastasis associated transcriptomic changes,Total RNA expression profile of TRAMP x DO F1 prostate tumors,27916600,,,79178,GPL13112,Mus musculus,GSE,Expression profiling by high throughput sequencing,2017/01/01,281,ftp://ftp.ncbi.nlm.nih.gov/geo/series/GSE89nnn/GSE89207/,Mapping Complex Traits in a Diversity Outbred F1 Mouse Population Identifies Germline Modifiers of Metastasis in Human Prostate Cancer.,Cell systems,2017 Jan 25,10.1016/j.cels.2016.10.018,OSD-244|Mmus_C57-6T_TMS_FLT_ISS-T_Rep1_F1,Space Flight
391,GSM5455426,0.9886476993560791,GSE180201,QPCTL deletion results in a rewiring of the tumor microenvironment,,,This SuperSeries is composed of the SubSeries listed below.,Refer to individual Series,35309731,,,518249,GPL21626; GPL24247,Mus musculus,GSE,Expression profiling by high throughput sequencing,2022/01/03,49,ftp://ftp.ncbi.nlm.nih.gov/geo/series/GSE180nnn/GSE180201/,QPCTL regulates macrophage and monocyte abundance and inflammatory signatures in the tumor microenvironment.,Oncoimmunology,2022,10.1080/2162402X.2022.2049486,OSD-244|Mmus_C57-6T_TMS_FLT_ISS-T_Rep1_F1,Space Flight
392,GSM7349541,0.9883156418800354,GSE232512,Development of a 6-gene mesothelioma-specific prognostic signature using whole transcriptomic analysis of mouse and human tumors,,,"Background: Mesothelioma is an aggressive, fatal cancer that is inextricably linked to asbestos exposure. Recent trials using a combination of the immune checkpoint inhibitors ipilimumab and nivolumab has significantly improved treatment outcomes, however durable treatment responses remain restricted to a subset of patients (15-20%), highlighting the need to identify strategies that better predict treatment response. Method: Here, we performed RNAseq on a large tumor biobank from genetically diverse mouse model, CC-MexTAg model to compare gene expression profiles of tumors from mice with different overall survival to develop a prognostic gene signature. Results: while the variation in gene expression data of tumors did not associate with 3-fold variation in overall survival of CC-MexTAg mice, we identified two distinct tumor clusters characterized with immune and non-immune phenotypes, in which immune cluster tumours showed the better potential of response to cancer therapies. We used 20 hub genes associated with these tumor phenotypes to develop a 6-gene signature that could predict survival in four independent mesothelioma datasets and showed a potential to respond to cancer immunotherapy.","167 asbestos induced tumours harvested from 119 mice, representing 35 CC-MexTAg strains.",39474071,,,779746,GPL24247,Mus musculus,GSE,Expression profiling by high throughput sequencing,2024/02/15,167,ftp://ftp.ncbi.nlm.nih.gov/geo/series/GSE232nnn/GSE232512/,Mesothelioma survival prediction based on a six-gene transcriptomic signature.,iScience,2024 Oct 18,10.1016/j.isci.2024.111011,OSD-244|Mmus_C57-6T_TMS_FLT_ISS-T_Rep1_F1,Space Flight
393,GSM7349490,0.9882450103759766,GSE232512,Development of a 6-gene mesothelioma-specific prognostic signature using whole transcriptomic analysis of mouse and human tumors,,,"Background: Mesothelioma is an aggressive, fatal cancer that is inextricably linked to asbestos exposure. Recent trials using a combination of the immune checkpoint inhibitors ipilimumab and nivolumab has significantly improved treatment outcomes, however durable treatment responses remain restricted to a subset of patients (15-20%), highlighting the need to identify strategies that better predict treatment response. Method: Here, we performed RNAseq on a large tumor biobank from genetically diverse mouse model, CC-MexTAg model to compare gene expression profiles of tumors from mice with different overall survival to develop a prognostic gene signature. Results: while the variation in gene expression data of tumors did not associate with 3-fold variation in overall survival of CC-MexTAg mice, we identified two distinct tumor clusters characterized with immune and non-immune phenotypes, in which immune cluster tumours showed the better potential of response to cancer therapies. We used 20 hub genes associated with these tumor phenotypes to develop a 6-gene signature that could predict survival in four independent mesothelioma datasets and showed a potential to respond to cancer immunotherapy.","167 asbestos induced tumours harvested from 119 mice, representing 35 CC-MexTAg strains.",39474071,,,779695,GPL24247,Mus musculus,GSE,Expression profiling by high throughput sequencing,2024/02/15,167,ftp://ftp.ncbi.nlm.nih.gov/geo/series/GSE232nnn/GSE232512/,Mesothelioma survival prediction based on a six-gene transcriptomic signature.,iScience,2024 Oct 18,10.1016/j.isci.2024.111011,OSD-244|Mmus_C57-6T_TMS_FLT_ISS-T_Rep1_F1,Space Flight
394,GSM6108486,0.9881300926208496,GSE202332,"Various forms of calorie restriction, but not a nonrestricted low-fat diet, reverse obesity-associated tumor growth and lung metastasis in a mouse model of triple-negative breast cancer",,,This SuperSeries is composed of the SubSeries listed below.,Refer to individual Series,,,,636604,GPL17021,Mus musculus,GSE,Expression profiling by high throughput sequencing; Methylation profiling by high throughput sequencing,2022/05/12,54,ftp://ftp.ncbi.nlm.nih.gov/geo/series/GSE202nnn/GSE202332/,,,,,OSD-244|Mmus_C57-6T_TMS_FLT_ISS-T_Rep1_F1,Space Flight
395,GSM3076030,0.9881131052970886,GSE112665,Loss of p53 dictates Wnt-dependent systemic inflammation in breast cancer,,,"Cancer-associated inflammatory processes in the tumour microenvironment, as well as systemically, are strongly linked with poor disease outcome in cancer patients. For most human solid tumour types, high systemic neutrophil-to-lymphocyte ratios (NLR) are associated with increased metastasis and poor overall survival and recent experimental studies have demonstrated a causal relationship between neutrophils and metastasis formation. However, to date, the cancer cell-intrinsic mechanisms dictating the substantial heterogeneity in systemic neutrophilic inflammation between tumour-bearing hosts are largely unresolved. Using a panel of 16 distinct genetically engineered mouse models (GEMMs) for breast cancer, we demonstrate that tumour cell-intrinsic loss of p53 changes the phenotype and function of macrophages in the microenvironment, leading to activation of a systemic inflammatory cascade that drives neutrophil expansion. Mechanistically, p53 loss in cancer cells induces secretion of Wnt ligands that act in a paracrine fashion to stimulate IL-1b production from tumour-associated macrophages. Intratumoural IL-1β production stimulates an inflammatory cascade leading to the systemic accumulation of neutrophils. Pharmacological and genetic blockade of cancer cell-derived Wnt secretion reverses IL-1β expression by macrophages and subsequent systemic neutrophilic inflammation. Collectively, using pre-clinical mouse models for breast cancer, we demonstrate a novel mechanistic link between loss of p53 in cancer cells, Wnt ligand secretion and systemic immune activation. This illustrates the importance of cancer cell-intrinsic genetic aberrations in dictating cancer-associated inflammation. These insights set the stage for personalized immune intervention strategies for cancer patients.","In this study, gene expression profiles of tumours from genetically engineered mouse models (GEMMs) were analysed using RNA sequencing. Analysis was performed on bulk tumours of 10 GEMMs with different tissue-specific mutations driving tumorigenesis, totalling to 125 different tumours (n=5 or more per group). Subsequently, samples were grouped according to p53 status of the tumour (models containing Trp53 floxed alleles, or not) and comparisons were made between p53-KO and p53-WT tumours.",31367040,,,170063,GPL17021; GPL13112,Mus musculus,GSE,Expression profiling by high throughput sequencing,2019/05/20,145,ftp://ftp.ncbi.nlm.nih.gov/geo/series/GSE112nnn/GSE112665/,Loss of p53 triggers WNT-dependent systemic inflammation to drive breast cancer metastasis.,Nature,2019 Aug,10.1038/s41586-019-1450-6,OSD-244|Mmus_C57-6T_TMS_FLT_ISS-T_Rep1_F1,Space Flight
396,GSM3745074,0.9873243570327759,GSE130629,Transcriptional Correlates of Tolerance and Lethality from Mouse Models Predict Ebola Virus Disease Outcome,,,We report comparative outcome-dependent transcriptional profiles from spleen and liver from Collaborative Cross mice infected with mouse-adapted Ebola virus (MA-EBOV).,Longitudinal transcriptional profiling (mRNA and miRNA) of 10 Collaborative Cross lines infected with mouse-adapted Ebola virus.,32049004,,,254674,GPL21103,Mus musculus,GSE,Expression profiling by high throughput sequencing,2019/12/01,729,ftp://ftp.ncbi.nlm.nih.gov/geo/series/GSE130nnn/GSE130629/,Transcriptional Correlates of Tolerance and Lethality in Mice Predict Ebola Virus Disease Patient Outcomes.,Cell reports,2020 Feb 11,10.1016/j.celrep.2020.01.026,OSD-244|Mmus_C57-6T_TMS_FLT_ISS-T_Rep1_F1,Space Flight
397,GSM5012171,0.9872738122940063,GSE164494,Loss of Rab22a prevents Angiotensin II-induced Hypertension and vascular dysfunction by inhibiting AT1R recyling,,,"The goals of this study is to compare the differently expressed genes in abdominal aorta of Rab22a KO mice and Rab22a WT mice with or without Angiotensin II treatment for 14 days at the concentration of 500ng/kg/min.The mice (n=20) were randomly divided into 4 groups:WT+AngII,WT+NS,KO+AngII,KO+NS (n = 5 for each group). Mice in WT+NS and KO+NS groups were infused with saline or 500 ng/kg/min of WT+AngII and KO+AngII respectively. Then the abdominal aorta were used to identify differentially expressed genes among different groups.","RNA sequencing was performed with abdominal aorta of  mice in 4 groups (WT+AngII,WT+NS,KO+AngII,KO+NS,n = 5 for each group) to identify the differently expressed genes and related pathway.",,,,454330,GPL21273,Mus musculus,GSE,Expression profiling by high throughput sequencing,2021/01/10,20,ftp://ftp.ncbi.nlm.nih.gov/geo/series/GSE164nnn/GSE164494/,,,,,OSD-244|Mmus_C57-6T_TMS_FLT_ISS-T_Rep1_F1,Space Flight
398,GSM7349433,0.987217128276825,GSE232512,Development of a 6-gene mesothelioma-specific prognostic signature using whole transcriptomic analysis of mouse and human tumors,,,"Background: Mesothelioma is an aggressive, fatal cancer that is inextricably linked to asbestos exposure. Recent trials using a combination of the immune checkpoint inhibitors ipilimumab and nivolumab has significantly improved treatment outcomes, however durable treatment responses remain restricted to a subset of patients (15-20%), highlighting the need to identify strategies that better predict treatment response. Method: Here, we performed RNAseq on a large tumor biobank from genetically diverse mouse model, CC-MexTAg model to compare gene expression profiles of tumors from mice with different overall survival to develop a prognostic gene signature. Results: while the variation in gene expression data of tumors did not associate with 3-fold variation in overall survival of CC-MexTAg mice, we identified two distinct tumor clusters characterized with immune and non-immune phenotypes, in which immune cluster tumours showed the better potential of response to cancer therapies. We used 20 hub genes associated with these tumor phenotypes to develop a 6-gene signature that could predict survival in four independent mesothelioma datasets and showed a potential to respond to cancer immunotherapy.","167 asbestos induced tumours harvested from 119 mice, representing 35 CC-MexTAg strains.",39474071,,,779639,GPL24247,Mus musculus,GSE,Expression profiling by high throughput sequencing,2024/02/15,167,ftp://ftp.ncbi.nlm.nih.gov/geo/series/GSE232nnn/GSE232512/,Mesothelioma survival prediction based on a six-gene transcriptomic signature.,iScience,2024 Oct 18,10.1016/j.isci.2024.111011,OSD-244|Mmus_C57-6T_TMS_FLT_ISS-T_Rep1_F1,Space Flight
399,GSM6070906,0.9871454834938049,GSE201760,Triple therapy reduced metastasis in triple-negative breast cancer.,,,"Purpose: To understand the underlying mechanisms of oncolytic virus therapy in breast cancer. Methods: The primary tumors of 4T1 in BALB/C mice were exstracted and analyzed by RNA-seq. Results: In consistent with previous studies, we found some anti-tumor factors were up-regulated. Interestingly, several immunosupressive genes were activited. Conclusion: Our study identified the intercellular and intracellular factors restricting the optimized oHSV efficacy and supported the rationally designed triple therapy for clinical translation.","Breast tumors in BALB/C mice were extracted, followed by RNA-seq. There were 4 groups, and 4 mice per group. Control group: Intratumoral and intraperitoneal injection of PBS. Ab group: Intraperitoneal injection of PD-1 antibody. Dual group: Intratumoral injection of oHSV and intraperitoneal injection of OLA. Triplet group: Intratumoral injection of oHSV and intraperitoneal injection of OLA and PD-1 antibody.",,,,635005,GPL24247,Mus musculus,GSE,Expression profiling by high throughput sequencing,2023/05/01,16,ftp://ftp.ncbi.nlm.nih.gov/geo/series/GSE201nnn/GSE201760/,,,,,OSD-244|Mmus_C57-6T_TMS_FLT_ISS-T_Rep1_F1,Space Flight
400,GSM5455398,0.9948334693908691,GSE180201,QPCTL deletion results in a rewiring of the tumor microenvironment,,,This SuperSeries is composed of the SubSeries listed below.,Refer to individual Series,35309731,,,518221,GPL21626; GPL24247,Mus musculus,GSE,Expression profiling by high throughput sequencing,2022/01/03,49,ftp://ftp.ncbi.nlm.nih.gov/geo/series/GSE180nnn/GSE180201/,QPCTL regulates macrophage and monocyte abundance and inflammatory signatures in the tumor microenvironment.,Oncoimmunology,2022,10.1080/2162402X.2022.2049486,OSD-244|Mmus_C57-6T_TMS_FLT_ISS-T_Rep2_F2,Space Flight
401,GSM5016657,0.9932396411895752,GSE164673,Novel biomarkers for a personalized managemnet of Type II Diabetes,,,This SuperSeries is composed of the SubSeries listed below.,Refer to individual Series,34634522,,,454899,GPL17021,Mus musculus,GSE,Expression profiling by high throughput sequencing,2021/11/24,296,ftp://ftp.ncbi.nlm.nih.gov/geo/series/GSE164nnn/GSE164673/,Plasma triacylglycerols are biomarkers of β-cell function in mice and humans.,Molecular metabolism,2021 Dec,10.1016/j.molmet.2021.101355,OSD-244|Mmus_C57-6T_TMS_FLT_ISS-T_Rep2_F2,Space Flight
402,GSM5455403,0.9929506778717041,GSE180201,QPCTL deletion results in a rewiring of the tumor microenvironment,,,This SuperSeries is composed of the SubSeries listed below.,Refer to individual Series,35309731,,,518226,GPL21626; GPL24247,Mus musculus,GSE,Expression profiling by high throughput sequencing,2022/01/03,49,ftp://ftp.ncbi.nlm.nih.gov/geo/series/GSE180nnn/GSE180201/,QPCTL regulates macrophage and monocyte abundance and inflammatory signatures in the tumor microenvironment.,Oncoimmunology,2022,10.1080/2162402X.2022.2049486,OSD-244|Mmus_C57-6T_TMS_FLT_ISS-T_Rep2_F2,Space Flight
403,GSM5016764,0.9927901029586792,GSE164673,Novel biomarkers for a personalized managemnet of Type II Diabetes,,,This SuperSeries is composed of the SubSeries listed below.,Refer to individual Series,34634522,,,455006,GPL17021,Mus musculus,GSE,Expression profiling by high throughput sequencing,2021/11/24,296,ftp://ftp.ncbi.nlm.nih.gov/geo/series/GSE164nnn/GSE164673/,Plasma triacylglycerols are biomarkers of β-cell function in mice and humans.,Molecular metabolism,2021 Dec,10.1016/j.molmet.2021.101355,OSD-244|Mmus_C57-6T_TMS_FLT_ISS-T_Rep2_F2,Space Flight
404,GSM5455402,0.9926506280899048,GSE180201,QPCTL deletion results in a rewiring of the tumor microenvironment,,,This SuperSeries is composed of the SubSeries listed below.,Refer to individual Series,35309731,,,518225,GPL21626; GPL24247,Mus musculus,GSE,Expression profiling by high throughput sequencing,2022/01/03,49,ftp://ftp.ncbi.nlm.nih.gov/geo/series/GSE180nnn/GSE180201/,QPCTL regulates macrophage and monocyte abundance and inflammatory signatures in the tumor microenvironment.,Oncoimmunology,2022,10.1080/2162402X.2022.2049486,OSD-244|Mmus_C57-6T_TMS_FLT_ISS-T_Rep2_F2,Space Flight
405,GSM4947036,0.9926332831382751,GSE162218,Requirement of DNMT1 to orchestrate epigenomic reprogramming for NPM-ALK driven lymphomagenesis,,,This SuperSeries is composed of the SubSeries listed below.,Refer to individual Series,33310759,,,437152,GPL21493,Mus musculus,GSE,Expression profiling by high throughput sequencing; Methylation profiling by high throughput sequencing,2020/12/08,24,ftp://ftp.ncbi.nlm.nih.gov/geo/series/GSE162nnn/GSE162218/,Requirement of DNMT1 to orchestrate epigenomic reprogramming for NPM-ALK-driven lymphomagenesis.,Life science alliance,2021 Feb,10.26508/lsa.202000794,OSD-244|Mmus_C57-6T_TMS_FLT_ISS-T_Rep2_F2,Space Flight
406,GSM5016645,0.992595911026001,GSE164673,Novel biomarkers for a personalized managemnet of Type II Diabetes,,,This SuperSeries is composed of the SubSeries listed below.,Refer to individual Series,34634522,,,454887,GPL17021,Mus musculus,GSE,Expression profiling by high throughput sequencing,2021/11/24,296,ftp://ftp.ncbi.nlm.nih.gov/geo/series/GSE164nnn/GSE164673/,Plasma triacylglycerols are biomarkers of β-cell function in mice and humans.,Molecular metabolism,2021 Dec,10.1016/j.molmet.2021.101355,OSD-244|Mmus_C57-6T_TMS_FLT_ISS-T_Rep2_F2,Space Flight
407,GSM5455427,0.992498517036438,GSE180201,QPCTL deletion results in a rewiring of the tumor microenvironment,,,This SuperSeries is composed of the SubSeries listed below.,Refer to individual Series,35309731,,,518250,GPL21626; GPL24247,Mus musculus,GSE,Expression profiling by high throughput sequencing,2022/01/03,49,ftp://ftp.ncbi.nlm.nih.gov/geo/series/GSE180nnn/GSE180201/,QPCTL regulates macrophage and monocyte abundance and inflammatory signatures in the tumor microenvironment.,Oncoimmunology,2022,10.1080/2162402X.2022.2049486,OSD-244|Mmus_C57-6T_TMS_FLT_ISS-T_Rep2_F2,Space Flight
408,GSM5455400,0.992498517036438,GSE180201,QPCTL deletion results in a rewiring of the tumor microenvironment,,,This SuperSeries is composed of the SubSeries listed below.,Refer to individual Series,35309731,,,518223,GPL21626; GPL24247,Mus musculus,GSE,Expression profiling by high throughput sequencing,2022/01/03,49,ftp://ftp.ncbi.nlm.nih.gov/geo/series/GSE180nnn/GSE180201/,QPCTL regulates macrophage and monocyte abundance and inflammatory signatures in the tumor microenvironment.,Oncoimmunology,2022,10.1080/2162402X.2022.2049486,OSD-244|Mmus_C57-6T_TMS_FLT_ISS-T_Rep2_F2,Space Flight
409,GSM4502748,0.9923989772796631,GSE149468,Multi-organ transcriptomic profiling of short-term fasted mice,,,"To investigate the global gene expression dynamics associated with short-term fasting, we used mRNA-seq to profile the transcriptomes of nine organs obtained from mice subjected to six different STF duration (0, 2, 8, 12, 18 and 22 hours of fasting; n=3 per time point; Fig. 1a). The nine organs profiled were: olfactory bulb (OB), brain (BRN, which includes the telencephalon and diencephalon), cerebellum (CBL), brainstem (BST, which consists of the mesencephalon, pons, and myelencephalon), stomach (STM), liver (LIV), interscapular brown adipose tissue (iBAT), perigonadal white adipose tissue (pgWAT), and posterior-subcutaneous white adipose tissue (psWAT).",mRNA profiling of nine organs obtained from wild type (WT) mice subjected to six different short term fasting duration,32526449,,,370268,GPL21103,Mus musculus,GSE,Expression profiling by high throughput sequencing,2020/05/17,162,ftp://ftp.ncbi.nlm.nih.gov/geo/series/GSE149nnn/GSE149468/,Differential regulation of the immune system in a brain-liver-fats organ network during short-term fasting.,Molecular metabolism,2020 Oct,10.1016/j.molmet.2020.101038,OSD-244|Mmus_C57-6T_TMS_FLT_ISS-T_Rep2_F2,Space Flight
410,GSM4292064,0.9846286177635193,GSE144618,Inhibition of longevity regulator PAPP-A modulates tissue homeostasis via restraint of mesenchymal stromal cells,,,This SuperSeries is composed of the SubSeries listed below.,Refer to individual Series,33561324,,,334116,GPL21103,Mus musculus,GSE,Expression profiling by high throughput sequencing,2021/02/01,255,ftp://ftp.ncbi.nlm.nih.gov/geo/series/GSE144nnn/GSE144618/,Inhibition of longevity regulator PAPP-A modulates tissue homeostasis via restraint of mesenchymal stromal cells.,Aging cell,2021 Mar,10.1111/acel.13313,OSD-244|Mmus_C57-6T_TMS_FLT_ISS-T_Rep3_F3,Space Flight
411,GSM4754870,0.9845280647277832,GSE157132,Maternal Influenza A Virus Infection Restricts Fetal and Placental Growth and Adversely Affects the Fetal Thymic Transcriptome,,,"Maternal influenza A viral infections in humans are associated with low birth weight, increased risk of pre-term birth, stillbirth and congenital defects. To examine the effect of maternal influenza virus infection on placental and fetal growth, pregnant C57BL/6 mice were inoculated intranasally with influenza A virus A/CA/07/2009 pandemic H1N1 or PBS at E3.5, E7.5 or E12.5, and the placentae and fetuses collecgted and weighed at E18.5. Fetal thymuses were pooled from each litter. Placentae were examined histologically, stained by IHC for CD34 and vascular channels quantified. RNA from E7.5 and E12.5 placentae and E7.5 fetal thymuses was subjected to RNA sequencing and pathway analysis. Placental weights were decreased in litters inoculated with influenza at E3.5 and E7.5. Placentae from E7.5 and E12.5 inoculated litters exhibited decreased labyrinth development and transmembrane protein 150A gene was upregulated in E7.5 placentae.  Fetal weights were decreased in litters inoculated at E7.5 and E12.5 compared to controls. RNA sequencing of E7.5 thymuses indicated that 957 genes were downregulated 2-fold including Mal, which is associated with Toll-like receptor signaling and T cell differentiation. There were 28 upregulated genes.  It is concluded that maternal influenza A virus infection impairs fetal thymic gene expression as well as restricting placental and fetal growth.",RNA was extracted from individual E18.5 mouse placenta and fetal thymus pools following either control or influenza (H1N1) infection on E.7.5 and E12.5 or E7.5 of pregnancy; respectively and analyzed for RNA sequence (RNA-Seq).,32911797,,,412823,GPL17021,Mus musculus,GSE,Expression profiling by high throughput sequencing,2020/09/11,18,ftp://ftp.ncbi.nlm.nih.gov/geo/series/GSE157nnn/GSE157132/,Maternal Influenza A Virus Infection Restricts Fetal and Placental Growth and Adversely Affects the Fetal Thymic Transcriptome.,Viruses,2020 Sep 8,10.3390/v12091003,OSD-244|Mmus_C57-6T_TMS_FLT_ISS-T_Rep3_F3,Space Flight
412,GSM5577641,0.984201967716217,GSE184092,Transcriptome of YTN16 tumor tissues after treatment with anti-PD-L1 or anti-CTLA-4,,,"A murine gastric cancer YTN16  is sensitive to anti-CTLA-4, but resistant to anti-PD-L1. To investigate tumor microenvironments after treatment of these mAbs, we performed RNA-Seq analyses.","C57BL/6 mice were inoculated with 5×106 YTN16 on day 0. Anti-PD-L1 (clone 10F9G2, 200 µg/mouse) or anti-CTLA4 (clone 9H10, 100 µg/mouse) antibodies were injected on days 0, 4 and 8. On days 7, 14 and 21, tumors were harvested and subjected to RNA-Seq.",35008270,,,538891,GPL24247,Mus musculus,GSE,Expression profiling by high throughput sequencing,2022/01/19,30,ftp://ftp.ncbi.nlm.nih.gov/geo/series/GSE184nnn/GSE184092/,Identification of Neoantigens in Two Murine Gastric Cancer Cell Lines Leading to the Neoantigen-Based Immunotherapy.,Cancers,2021 Dec 27,10.3390/cancers14010106,OSD-244|Mmus_C57-6T_TMS_FLT_ISS-T_Rep3_F3,Space Flight
413,GSM5715157,0.984162449836731,GSE190138,Systematic analysis of inflammation and pain pathways in a mouse model of gout,,,"Gout is a prevalent and painful inflammatory arthritis, and its global burden continues to rise.  Intense pain induced by gout attacks is a major complication of gout. Treatment and long-term  management for gout patients remain challenging. Despite the discovery of many key immune  response and inflammatory genes and pathways in gout, the molecular mechanisms of gout  inflammation are still not entirely elucidated. Particularly, systematic studies of gout inflammation  and pain are lacking. Using a monosodium urate (MSU) crystals-induced gout model, we  performed genome-wide transcriptome analysis for the ankle joint, dorsal root ganglion (DRG),  and spinal cord of gout mice. Our results revealed transcriptional changes in both the joint and the  nervous system. Furthermore, through integrated analysis with public datasets of mouse  inflammatory pain and neuropathic pain models, human GWAS, osteoarthritis (OA), and  rheumatoid arthritis (RA), we identified common and unique features associated with acute gout  inflammation and severe pain.","Monosodium urate (MSU) crystals were used as treatments. 1 x PBS were used as controls.  Ankle joint, dorsal root ganglion (DRG), and spinal cord (SC) were collected and RNA-sequencing (RNA-seq) was performed.",35430901,,,574933,GPL24247,Mus musculus,GSE,Expression profiling by high throughput sequencing,2022/06/24,18,ftp://ftp.ncbi.nlm.nih.gov/geo/series/GSE190nnn/GSE190138/,Systematic analysis of inflammation and pain pathways in a mouse model of gout.,Molecular pain,2022 Jan-Dec,10.1177/17448069221097760,OSD-244|Mmus_C57-6T_TMS_FLT_ISS-T_Rep3_F3,Space Flight
414,GSM3899383,0.9841508269309998,GSE133070,Multiplexed gene editing in the Tmprss11 protease gene cluster reveals a unique role of HAT-like 4 in epidermal barrier formation,,,"The physiological functions of the HAT/DESC sub-family of membrane-anchored serine proteases are poorly defined. The high sequence homology, overlapping pattern of expression, and tight clustering of their corresponding genes have complicated the functional analysis of HAT/DESC proteases by conventional loss-of-function genetics. Here, we exploited the extraordinary efficiency of CRISPR-mediated gene targeting to generate 18 unique congenic mouse strains lacking combinations of HAT/DESC proteases, including a mouse strain deficient in all seven proteases. Surprisingly, mice lacking all HAT/DESC proteases developed to term, were healthy and fertile, and displayed only a modest impairment of epidermal barrier function, as recently described for mice with single deficiency in HAT-like 4. This function of HAT-like 4 in epidermal barrier formation was unique among HAT/DESC proteases. Thus, mice lacking all HAT/DESC proteases displayed transepidermal water loss rates similar to mice lacking only HAT-like 4, and, conversely, mice lacking all HAT/DESC proteases, except HAT-like 4, displayed transepidermal water loss rates identical to wildtype mice. The study yields new insights into the function of HAT/DESC proteases and provides multiple new mouse strains valuable for functional studies of this enigmatic protease sub-family in physiological and in pathophysiological processes.",Examination of epidermis and tongue in wild-type mice and mice lacking all seven HAT/DESC proteases,31501243,,,272164,GPL19057,Mus musculus,GSE,Expression profiling by high throughput sequencing,2020/04/14,15,ftp://ftp.ncbi.nlm.nih.gov/geo/series/GSE133nnn/GSE133070/,"Iterative, multiplexed CRISPR-mediated gene editing for functional analysis of complex protease gene clusters.",The Journal of biological chemistry,2019 Nov 1,10.1074/jbc.RA119.009773,OSD-244|Mmus_C57-6T_TMS_FLT_ISS-T_Rep3_F3,Space Flight
415,GSM5699415,0.984049916267395,GSE189336,Persistent inflammation and nitric oxide dysregulation are transcriptomic blueprints of subglottic stenosis,,,"Subglottic stenosis (SGS) is a recurrent, obstructive, fibroinflammatory disease of the upper airway resulting in severe dyspnea, dysphonia, as well as other potentially fatal complications. Although aberrant inflammation and wound-healing are commonly associated with pathogenesis, the mechanism through which such processes occur and recur in affected patients remains poorly studied. Here we report that transcriptomic profiling of laryngotracheal regions from minimally-invasive mucosal swabs of SGS patients reveals a distinctively pro-inflammatory gene signature. Surprisingly, comparative genomics between SGS patients and mice with direct laryngotracheal injury suggest that SGS patients bear more resemblance to the acute than chronic phase of injury. Furthermore, functional and regulatory network analyses identify neutrophilic involvement through hyper-activation of NF-κB and its downstream inflammasome as a potential master regulator. Interestingly, nitric oxide synthesis was found to be downregulated in SGS patients compared to healthy controls. Thus, SGS represents a state of immunodeficiency whereby defective immune clearance triggers recurrent, long-lasting production of pro-inflammatory cytokines.",Transcriptomic profiling (RNA-seq) of human laryngotracheal swabs and murine tracheas. NEBNext® Ultra™ II RNA Library Prep Kit for Illumina® and sequenced by Novogene.,34987502,,,572659,GPL24676; GPL24247,Homo sapiens; Mus musculus,GSE,Expression profiling by high throughput sequencing,2021/12/14,35,ftp://ftp.ncbi.nlm.nih.gov/geo/series/GSE189nnn/GSE189336/,Persistent Inflammation and Nitric Oxide Dysregulation Are Transcriptomic Blueprints of Subglottic Stenosis.,Frontiers in immunology,2021,10.3389/fimmu.2021.748533,OSD-244|Mmus_C57-6T_TMS_FLT_ISS-T_Rep3_F3,Space Flight
416,GSM5715158,0.9838816523551941,GSE190138,Systematic analysis of inflammation and pain pathways in a mouse model of gout,,,"Gout is a prevalent and painful inflammatory arthritis, and its global burden continues to rise.  Intense pain induced by gout attacks is a major complication of gout. Treatment and long-term  management for gout patients remain challenging. Despite the discovery of many key immune  response and inflammatory genes and pathways in gout, the molecular mechanisms of gout  inflammation are still not entirely elucidated. Particularly, systematic studies of gout inflammation  and pain are lacking. Using a monosodium urate (MSU) crystals-induced gout model, we  performed genome-wide transcriptome analysis for the ankle joint, dorsal root ganglion (DRG),  and spinal cord of gout mice. Our results revealed transcriptional changes in both the joint and the  nervous system. Furthermore, through integrated analysis with public datasets of mouse  inflammatory pain and neuropathic pain models, human GWAS, osteoarthritis (OA), and  rheumatoid arthritis (RA), we identified common and unique features associated with acute gout  inflammation and severe pain.","Monosodium urate (MSU) crystals were used as treatments. 1 x PBS were used as controls.  Ankle joint, dorsal root ganglion (DRG), and spinal cord (SC) were collected and RNA-sequencing (RNA-seq) was performed.",35430901,,,574934,GPL24247,Mus musculus,GSE,Expression profiling by high throughput sequencing,2022/06/24,18,ftp://ftp.ncbi.nlm.nih.gov/geo/series/GSE190nnn/GSE190138/,Systematic analysis of inflammation and pain pathways in a mouse model of gout.,Molecular pain,2022 Jan-Dec,10.1177/17448069221097760,OSD-244|Mmus_C57-6T_TMS_FLT_ISS-T_Rep3_F3,Space Flight
417,GSM3720114,0.9836183786392212,GSE129689,RNA sequencing of mouse carotid arteries after sacubitril/valsartan treatment,,,"Purpose: To get insight into mouse strain-dependent differences in vascular remodeling, we analyzed gene expression profiles of the ligated carotid arteries after interventions in C57BL/6J and 129X1/SvJ mice Methods: mRNA isolations from snap-frozen single carotids (n=3 per group) were conducted. Tissue homogenization by Next Advance Bullet Blender with zirconium oxide beads and Trizol. Total RNA isolation using Trizol and Qiagen RNeasy Micro kit. Results: Multiple quality controls showed a reliable RNAseq of mRNAs from the ligated carotid arteries. Specifically, there was less than 2.6% drop in reads that ranged between 26.5 to 37.7 million reads. We found a good alignment and mapping to a mouse genome (82.4 - 91.0%) in this RNAseq study. A differential gene expression analysis was done by DESeq2-1.16.1 within R-3.4.1 for data normalization and differential expression analysis with an adjusted p-value threshold of 0.05 on each set of raw expression measures. Conclusions: Our study shows significant differences in gene expression signatures in carotid arteries from two inbred mouse strains after sacubitril/valsartan treatment. We conclude that genetic background determines efficacy of the sacubitril/valsartan in mice.","Mouse carotid artery mRNA profiles of C57BL/6J and 129X1/SvJ mice after two treatment regimen of vehicle, valsartan or sacubitril/valsartan were generated by deep sequencing, in triplicate, using Illumina HiSeq2500v4 high-throughput DNA sequencer.",31077344,,,252304,GPL17021,Mus musculus,GSE,Expression profiling by high throughput sequencing,2020/04/10,36,ftp://ftp.ncbi.nlm.nih.gov/geo/series/GSE129nnn/GSE129689/,Strain-selective efficacy of sacubitril/valsartan on carotid fibrosis in response to injury in two inbred mouse strains.,British journal of pharmacology,2019 Aug,10.1111/bph.14708,OSD-244|Mmus_C57-6T_TMS_FLT_ISS-T_Rep3_F3,Space Flight
418,GSM3899379,0.9834108352661133,GSE133070,Multiplexed gene editing in the Tmprss11 protease gene cluster reveals a unique role of HAT-like 4 in epidermal barrier formation,,,"The physiological functions of the HAT/DESC sub-family of membrane-anchored serine proteases are poorly defined. The high sequence homology, overlapping pattern of expression, and tight clustering of their corresponding genes have complicated the functional analysis of HAT/DESC proteases by conventional loss-of-function genetics. Here, we exploited the extraordinary efficiency of CRISPR-mediated gene targeting to generate 18 unique congenic mouse strains lacking combinations of HAT/DESC proteases, including a mouse strain deficient in all seven proteases. Surprisingly, mice lacking all HAT/DESC proteases developed to term, were healthy and fertile, and displayed only a modest impairment of epidermal barrier function, as recently described for mice with single deficiency in HAT-like 4. This function of HAT-like 4 in epidermal barrier formation was unique among HAT/DESC proteases. Thus, mice lacking all HAT/DESC proteases displayed transepidermal water loss rates similar to mice lacking only HAT-like 4, and, conversely, mice lacking all HAT/DESC proteases, except HAT-like 4, displayed transepidermal water loss rates identical to wildtype mice. The study yields new insights into the function of HAT/DESC proteases and provides multiple new mouse strains valuable for functional studies of this enigmatic protease sub-family in physiological and in pathophysiological processes.",Examination of epidermis and tongue in wild-type mice and mice lacking all seven HAT/DESC proteases,31501243,,,272160,GPL19057,Mus musculus,GSE,Expression profiling by high throughput sequencing,2020/04/14,15,ftp://ftp.ncbi.nlm.nih.gov/geo/series/GSE133nnn/GSE133070/,"Iterative, multiplexed CRISPR-mediated gene editing for functional analysis of complex protease gene clusters.",The Journal of biological chemistry,2019 Nov 1,10.1074/jbc.RA119.009773,OSD-244|Mmus_C57-6T_TMS_FLT_ISS-T_Rep3_F3,Space Flight
419,GSM4363137,0.9830296635627747,GSE146027,"Transcriptome of murine gastric cancer treated with anti-IL-17, PD-1 or CTLA-4 antibodies.",,,"YTN2 and YTN16 cells are chemically induced gastric cancer cell lines. YTN2 is spontaneously regressed in C57BL/6 mice in CD8+ T cell-dependent manner, while YTN16 grows progressively.  To investigate the interaction of tumor microenvironment and T cells, bulk RNA-Seq of total tumor RNA were performed in YTN2 and YTN16 gastric tumor-bearing mice.","Mice were inoculated with 5 ×106 YTN2 or YTN16. Anti-IL-17(clone 17F3), anti-PD-1(RMP1-14) or anti-CTLA-4 (9H10) mAbs were injected on days 3, 6, 9, and 12, days 6, 9, and 12 or days 0, 4 and 8, respectively. Tumors were harvested on day 7, 10, 14 or 21. Expression profiles were analyzed by RNA-sequencing.",33093158;35008270,,,338460,GPL24247; GPL21273,Mus musculus,GSE,Expression profiling by high throughput sequencing,2020/10/28,61,ftp://ftp.ncbi.nlm.nih.gov/geo/series/GSE146nnn/GSE146027/,Deep immunophenotyping at the single-cell level identifies a combination of anti-IL-17 and checkpoint blockade as an effective treatment in a preclinical model of data-guided personalized immunotherapy.,Journal for immunotherapy of cancer,2020 Oct,10.1136/jitc-2020-001358,OSD-244|Mmus_C57-6T_TMS_FLT_ISS-T_Rep3_F3,Space Flight
420,GSM5016693,0.9943951368331909,GSE164673,Novel biomarkers for a personalized managemnet of Type II Diabetes,,,This SuperSeries is composed of the SubSeries listed below.,Refer to individual Series,34634522,,,454935,GPL17021,Mus musculus,GSE,Expression profiling by high throughput sequencing,2021/11/24,296,ftp://ftp.ncbi.nlm.nih.gov/geo/series/GSE164nnn/GSE164673/,Plasma triacylglycerols are biomarkers of β-cell function in mice and humans.,Molecular metabolism,2021 Dec,10.1016/j.molmet.2021.101355,OSD-244|Mmus_C57-6T_TMS_FLT_ISS-T_Rep4_F4,Space Flight
421,GSM5883856,0.9929762482643127,GSE196428,"Quantitative analysis of Bckdhaf/f;RIP-Cre and Bckdhaf/f mice eWAT, iWAT and liver transcriptomes",,,"To explore the underlying mechanism for the regulatory role of branched-chain amino acids (BCAA) catabolism in hypothalamic RIP-Cre neurons to metabolic organs under normal chow diet feeding, we established RIP-Cre neurons selective BCAA catabolic enzyme branched-chain ketoacid dehydrogenase E1 subunit alpha(Bckdha) knockout mice, we conducted RNA sequencing on the inguinal adipose tissue (iWAT), epididymal adipose tissues (eWAT), and liverfrom wild type (WT, Bckdhaf/f) and knockout (KO, Bckdhaf/f;RIP-Cre) mice  (two groups in total). Three biological replicates were performed for each group. Methods: RNA sequencing (RNA-Seq) and data analysis were performed by Gene Denovo Biotechnology (Guangzhou, China). Results: In comparison with findings in the Bckdhaf/f group, 393 up-regulated and 214 down-regulated differentially expressed genes (DEGs) were identified in eWAT from Bckdhaf/f;RIP-Cre group . Similarly, 41 up-regulated genes and 152 down-regulated DEGs were identified in iWAT from Bckdhaf/f;RIP-Cre compared to the Bckdhaf/f group. Kyoto Encyclopedia of Genes and Genomes (KEGG) pathway analysis revealed that DEGs in eWAT were enriched in the categories including all subclass pathways in carbohydrate metabolism class, insulin resistance, PPAR signaling, oxidative phosphorylation, thermogenesis, carbon metabolism, fatty acid metabolism, biosynthesis of amino acids and degenerative disease pathways. Similarly, DEGs in iWATwere clustered in the pathways, including the TCA cycle, pyruvate metabolism, glucagon signaling, glycolysis and gluconeogenesis, and carbon metabolism. These changes indicated broad disturbance in WAT energy metabolism in Bckdhaf/f;RIP-Cre mice. Liver transcriptomes showed minor perturbances in subclasses in lipid metabolism, advanced glycation end products and their receptor (AGE-RAGE), PPAR, estrogen, prolactin signaling pathways. Notably, all 13 mitochondrial DNA encoded mRNA were all significantly down-regulated in eWAT of Bckdhaf/f;RIP-Cre mice, along with nucleus DNA encoded mitochondrial located mRNA. Conclusions: Our results using RNA-Seq indicated universal defects of mitochondrial gene expression in eWAT and iWAT.","iWAT, eWAT, and liver mRNA profiles of 12-week old Bckdhaf/f;RIP-Cre and Bckdhaf/f mice",,,,597808,GPL24247,Mus musculus,GSE,Expression profiling by high throughput sequencing,2024/02/09,18,ftp://ftp.ncbi.nlm.nih.gov/geo/series/GSE196nnn/GSE196428/,,,,,OSD-244|Mmus_C57-6T_TMS_FLT_ISS-T_Rep4_F4,Space Flight
422,GSM5455402,0.9929355382919312,GSE180201,QPCTL deletion results in a rewiring of the tumor microenvironment,,,This SuperSeries is composed of the SubSeries listed below.,Refer to individual Series,35309731,,,518225,GPL21626; GPL24247,Mus musculus,GSE,Expression profiling by high throughput sequencing,2022/01/03,49,ftp://ftp.ncbi.nlm.nih.gov/geo/series/GSE180nnn/GSE180201/,QPCTL regulates macrophage and monocyte abundance and inflammatory signatures in the tumor microenvironment.,Oncoimmunology,2022,10.1080/2162402X.2022.2049486,OSD-244|Mmus_C57-6T_TMS_FLT_ISS-T_Rep4_F4,Space Flight
423,GSM5455401,0.9927901029586792,GSE180201,QPCTL deletion results in a rewiring of the tumor microenvironment,,,This SuperSeries is composed of the SubSeries listed below.,Refer to individual Series,35309731,,,518224,GPL21626; GPL24247,Mus musculus,GSE,Expression profiling by high throughput sequencing,2022/01/03,49,ftp://ftp.ncbi.nlm.nih.gov/geo/series/GSE180nnn/GSE180201/,QPCTL regulates macrophage and monocyte abundance and inflammatory signatures in the tumor microenvironment.,Oncoimmunology,2022,10.1080/2162402X.2022.2049486,OSD-244|Mmus_C57-6T_TMS_FLT_ISS-T_Rep4_F4,Space Flight
424,GSM5016657,0.9925646781921387,GSE164673,Novel biomarkers for a personalized managemnet of Type II Diabetes,,,This SuperSeries is composed of the SubSeries listed below.,Refer to individual Series,34634522,,,454899,GPL17021,Mus musculus,GSE,Expression profiling by high throughput sequencing,2021/11/24,296,ftp://ftp.ncbi.nlm.nih.gov/geo/series/GSE164nnn/GSE164673/,Plasma triacylglycerols are biomarkers of β-cell function in mice and humans.,Molecular metabolism,2021 Dec,10.1016/j.molmet.2021.101355,OSD-244|Mmus_C57-6T_TMS_FLT_ISS-T_Rep4_F4,Space Flight
425,GSM1605965,0.9924003481864929,GSE65776,Transcriptome profiling in knock-in mouse models of Huntington's disease [striatum; cortex; liver; tissue survey],,,This SuperSeries is composed of the SubSeries listed below.,Refer to individual Series Langfelder 2016 (PMID 26900923) discusses data in GSE65770 GSE65772 GSE65774 GSE65775. Langfelder 2018 (PMID 29324753) discusses data in GSE65769 GSE65771 GSE65773.,26900923;29324753,,,31909,GPL13112,Mus musculus,GSE,Non-coding RNA profiling by high throughput sequencing; Expression profiling by high throughput sequencing,2016/02/15,1259,ftp://ftp.ncbi.nlm.nih.gov/geo/series/GSE65nnn/GSE65776/,Integrated genomics and proteomics define huntingtin CAG length-dependent networks in mice.,Nature neuroscience,2016 Apr,10.1038/nn.4256,OSD-244|Mmus_C57-6T_TMS_FLT_ISS-T_Rep4_F4,Space Flight
426,GSM5455403,0.9923897981643677,GSE180201,QPCTL deletion results in a rewiring of the tumor microenvironment,,,This SuperSeries is composed of the SubSeries listed below.,Refer to individual Series,35309731,,,518226,GPL21626; GPL24247,Mus musculus,GSE,Expression profiling by high throughput sequencing,2022/01/03,49,ftp://ftp.ncbi.nlm.nih.gov/geo/series/GSE180nnn/GSE180201/,QPCTL regulates macrophage and monocyte abundance and inflammatory signatures in the tumor microenvironment.,Oncoimmunology,2022,10.1080/2162402X.2022.2049486,OSD-244|Mmus_C57-6T_TMS_FLT_ISS-T_Rep4_F4,Space Flight
427,GSM1605961,0.9920721054077148,GSE65776,Transcriptome profiling in knock-in mouse models of Huntington's disease [striatum; cortex; liver; tissue survey],,,This SuperSeries is composed of the SubSeries listed below.,Refer to individual Series Langfelder 2016 (PMID 26900923) discusses data in GSE65770 GSE65772 GSE65774 GSE65775. Langfelder 2018 (PMID 29324753) discusses data in GSE65769 GSE65771 GSE65773.,26900923;29324753,,,31905,GPL13112,Mus musculus,GSE,Non-coding RNA profiling by high throughput sequencing; Expression profiling by high throughput sequencing,2016/02/15,1259,ftp://ftp.ncbi.nlm.nih.gov/geo/series/GSE65nnn/GSE65776/,Integrated genomics and proteomics define huntingtin CAG length-dependent networks in mice.,Nature neuroscience,2016 Apr,10.1038/nn.4256,OSD-244|Mmus_C57-6T_TMS_FLT_ISS-T_Rep4_F4,Space Flight
428,GSM1605960,0.992051362991333,GSE65776,Transcriptome profiling in knock-in mouse models of Huntington's disease [striatum; cortex; liver; tissue survey],,,This SuperSeries is composed of the SubSeries listed below.,Refer to individual Series Langfelder 2016 (PMID 26900923) discusses data in GSE65770 GSE65772 GSE65774 GSE65775. Langfelder 2018 (PMID 29324753) discusses data in GSE65769 GSE65771 GSE65773.,26900923;29324753,,,31904,GPL13112,Mus musculus,GSE,Non-coding RNA profiling by high throughput sequencing; Expression profiling by high throughput sequencing,2016/02/15,1259,ftp://ftp.ncbi.nlm.nih.gov/geo/series/GSE65nnn/GSE65776/,Integrated genomics and proteomics define huntingtin CAG length-dependent networks in mice.,Nature neuroscience,2016 Apr,10.1038/nn.4256,OSD-244|Mmus_C57-6T_TMS_FLT_ISS-T_Rep4_F4,Space Flight
429,GSM5858035,0.9919473528862,GSE196024,EXP2. Antitumor effect MVA-Combo,,,"RNA-seq analysis of ID8.OVA.Vegf/GFP omental metastases treated intraperitoneally with MVA expressing a tumor-associated antigen (TAA), CD40L and/or CD137L.","In vivo treated tumors were excised 7 days after intraperitoneally ijections with rMVA-TAA-CD40L,  rMVA-TAA-CD137L or rMVA-TAA-Combo. Tumor-bearing omenta were storaged in RNAlater at -80C until further processing. mRNA was isolated using Rneasy Mini Kit (Qiagen) following manufacture's instructions. RNAseq was performed by Macrogen using TruSeq Stranded mRNA library and NovaSeq 6000 sequencing system (Illumina) contributor: Macrogen",35859732,,,596752,GPL24247,Mus musculus,GSE,Expression profiling by high throughput sequencing,2022/07/19,15,ftp://ftp.ncbi.nlm.nih.gov/geo/series/GSE196nnn/GSE196024/,Synergistic antitumor response with recombinant modified virus Ankara armed with CD40L and CD137L against peritoneal carcinomatosis.,Oncoimmunology,2022,10.1080/2162402X.2022.2098657,OSD-244|Mmus_C57-6T_TMS_FLT_ISS-T_Rep4_F4,Space Flight
430,GSM3720114,0.9908996820449829,GSE129689,RNA sequencing of mouse carotid arteries after sacubitril/valsartan treatment,,,"Purpose: To get insight into mouse strain-dependent differences in vascular remodeling, we analyzed gene expression profiles of the ligated carotid arteries after interventions in C57BL/6J and 129X1/SvJ mice Methods: mRNA isolations from snap-frozen single carotids (n=3 per group) were conducted. Tissue homogenization by Next Advance Bullet Blender with zirconium oxide beads and Trizol. Total RNA isolation using Trizol and Qiagen RNeasy Micro kit. Results: Multiple quality controls showed a reliable RNAseq of mRNAs from the ligated carotid arteries. Specifically, there was less than 2.6% drop in reads that ranged between 26.5 to 37.7 million reads. We found a good alignment and mapping to a mouse genome (82.4 - 91.0%) in this RNAseq study. A differential gene expression analysis was done by DESeq2-1.16.1 within R-3.4.1 for data normalization and differential expression analysis with an adjusted p-value threshold of 0.05 on each set of raw expression measures. Conclusions: Our study shows significant differences in gene expression signatures in carotid arteries from two inbred mouse strains after sacubitril/valsartan treatment. We conclude that genetic background determines efficacy of the sacubitril/valsartan in mice.","Mouse carotid artery mRNA profiles of C57BL/6J and 129X1/SvJ mice after two treatment regimen of vehicle, valsartan or sacubitril/valsartan were generated by deep sequencing, in triplicate, using Illumina HiSeq2500v4 high-throughput DNA sequencer.",31077344,,,252304,GPL17021,Mus musculus,GSE,Expression profiling by high throughput sequencing,2020/04/10,36,ftp://ftp.ncbi.nlm.nih.gov/geo/series/GSE129nnn/GSE129689/,Strain-selective efficacy of sacubitril/valsartan on carotid fibrosis in response to injury in two inbred mouse strains.,British journal of pharmacology,2019 Aug,10.1111/bph.14708,OSD-244|Mmus_C57-6T_TMS_FLT_ISS-T_Rep5_F5,Space Flight
431,GSM2360697,0.9901617765426636,GSE89207,Candidate Gene Identification Through RNA-Seq Analysis of (TRAMP x J:DO) F1 Primary Tumors,,,RNA-seq analysis of 195 randomly selected (TRAMP x J:DO) F1 prostates that had been harvested at experimental termination (210 days or humane endpoints) was performed to identify metastasis associated transcriptomic changes,Total RNA expression profile of TRAMP x DO F1 prostate tumors,27916600,,,79178,GPL13112,Mus musculus,GSE,Expression profiling by high throughput sequencing,2017/01/01,281,ftp://ftp.ncbi.nlm.nih.gov/geo/series/GSE89nnn/GSE89207/,Mapping Complex Traits in a Diversity Outbred F1 Mouse Population Identifies Germline Modifiers of Metastasis in Human Prostate Cancer.,Cell systems,2017 Jan 25,10.1016/j.cels.2016.10.018,OSD-244|Mmus_C57-6T_TMS_FLT_ISS-T_Rep5_F5,Space Flight
432,GSM4330991,0.9898350238800049,GSE145680,The secreted protease Adamts18 links mammary epithelial hormone action to extracellular matrix changes and stem cell niche function,,,"Estrogens and progesterone control mammary gland development and breast carcinogenesis via their cognate receptors expressed in a subset of cells of the luminal layer of the mammary epithelium. The extracellular matrix (ECM) including the basement membrane (BM) is important in breast physiology and tumorigenesis but how epithelial hormone receptor signaling and ECM are linked mechanistically is unclear. We identify the secreted protease Adamts18 as critical intermediary. Luminal estrogen and progesterone receptor signaling via upregulation of Wnt4 expression and ensuing canonical Wnt signaling activation in basal cells control Adamts18 expression there. The protease has an epithelial-intrinsic role in stem cell activation. We identify multiple binding partners in the interstitial ECM and BM and show that ADAMTS18 cleaves fibronectin in vitro. Its deletion results in increased fibronectin, collagen I and IV, and laminin deposition in pubertal glands. Adamts18 interacts genetically with Col18a1, which encodes a proteoglycan that is BM-specific, in stem cell regulation. Adamts18 inactivation impairs Hippo signaling and reduces Fgfr2 expression and signaling, which are vital for stem cell function. Our findings link epithelial hormone signaling to BM remodeling by Adamts18, and define the BM as an essential stem cell niche component.",3 pairs of contralateral glands engrafted with either WT.EGFP+ or Adamts18-/-.EGFP+ epithelia,32218432,,,337659,GPL19057,Mus musculus,GSE,Expression profiling by high throughput sequencing,2020/02/22,6,ftp://ftp.ncbi.nlm.nih.gov/geo/series/GSE145nnn/GSE145680/,The secreted protease Adamts18 links hormone action to activation of the mammary stem cell niche.,Nature communications,2020 Mar 26,10.1038/s41467-020-15357-y,OSD-244|Mmus_C57-6T_TMS_FLT_ISS-T_Rep5_F5,Space Flight
433,GSM3720130,0.9894875884056091,GSE129689,RNA sequencing of mouse carotid arteries after sacubitril/valsartan treatment,,,"Purpose: To get insight into mouse strain-dependent differences in vascular remodeling, we analyzed gene expression profiles of the ligated carotid arteries after interventions in C57BL/6J and 129X1/SvJ mice Methods: mRNA isolations from snap-frozen single carotids (n=3 per group) were conducted. Tissue homogenization by Next Advance Bullet Blender with zirconium oxide beads and Trizol. Total RNA isolation using Trizol and Qiagen RNeasy Micro kit. Results: Multiple quality controls showed a reliable RNAseq of mRNAs from the ligated carotid arteries. Specifically, there was less than 2.6% drop in reads that ranged between 26.5 to 37.7 million reads. We found a good alignment and mapping to a mouse genome (82.4 - 91.0%) in this RNAseq study. A differential gene expression analysis was done by DESeq2-1.16.1 within R-3.4.1 for data normalization and differential expression analysis with an adjusted p-value threshold of 0.05 on each set of raw expression measures. Conclusions: Our study shows significant differences in gene expression signatures in carotid arteries from two inbred mouse strains after sacubitril/valsartan treatment. We conclude that genetic background determines efficacy of the sacubitril/valsartan in mice.","Mouse carotid artery mRNA profiles of C57BL/6J and 129X1/SvJ mice after two treatment regimen of vehicle, valsartan or sacubitril/valsartan were generated by deep sequencing, in triplicate, using Illumina HiSeq2500v4 high-throughput DNA sequencer.",31077344,,,252320,GPL17021,Mus musculus,GSE,Expression profiling by high throughput sequencing,2020/04/10,36,ftp://ftp.ncbi.nlm.nih.gov/geo/series/GSE129nnn/GSE129689/,Strain-selective efficacy of sacubitril/valsartan on carotid fibrosis in response to injury in two inbred mouse strains.,British journal of pharmacology,2019 Aug,10.1111/bph.14708,OSD-244|Mmus_C57-6T_TMS_FLT_ISS-T_Rep5_F5,Space Flight
434,GSM7021850,0.9892948865890503,GSE224409,Transcriptome profiling of lymph nodes from Spink5 conditional knock-out mice.,,,"We generated a viable mouse model of Netherton syndrome by conditional ablation of Spink5 gene in the epidermis. To study the systemic inflammation phenotype of this mouse model at the molecular level, we induced Spink5 deletion in the skin of young adult mice and collected inguinal lymph nodes for transcriptome analyses.",Comparative gene expression profiling analysis of RNA-seq data for inguinal lymph nodes of Spink5 conditional knock-out mice (n=5) and control (wild-type) mice (n=5).,38316920,,,733550,GPL24247,Mus musculus,GSE,Expression profiling by high throughput sequencing,2024/02/05,10,ftp://ftp.ncbi.nlm.nih.gov/geo/series/GSE224nnn/GSE224409/,Comparative analyses of Netherton syndrome patients and Spink5 conditional knock-out mice uncover disease-relevant pathways.,Communications biology,2024 Feb 5,10.1038/s42003-024-05780-y,OSD-244|Mmus_C57-6T_TMS_FLT_ISS-T_Rep5_F5,Space Flight
435,GSM1865870,0.989126980304718,GSE72603,mRNA-seq data from adipose tissues of the great roundleaf bat (Hipposideros armiger) and mouse,,,"We performed transcriptomic profiling for two models of adipose browning, the classical mouse model and our newly described great roundleaf bat (H. armiger) model. Transcriptomes were generated from subcutaneous adipose tissue (sWAT), intra-abdominal adipose tissue (aWAT) and interscapular BAT (iBAT) from male and female bats, as well as sWAT and iBAT from male and female mice, which were acclimatized to 10°C and 30°C.  These 20 trascriptomes allowed us to identity genes, GO terms, and pathways that show significant expression changes and are shared by both species during the browning process.",mRNA-seq data of 20 adipose tissues from the great roundleaf bat (H. armiger) and mouse were obtained by Illumina HiSeq 2000.,30116775,,,38309,GPL20876; GPL13112,Mus musculus; Hipposideros armiger,GSE,Expression profiling by high throughput sequencing,2018/07/12,20,ftp://ftp.ncbi.nlm.nih.gov/geo/series/GSE72nnn/GSE72603/,Molecular signatures and functional analysis of beige adipocytes induced from in vivo intra-abdominal adipocytes.,Science advances,2018 Jul,10.1126/sciadv.aar5319,OSD-244|Mmus_C57-6T_TMS_FLT_ISS-T_Rep5_F5,Space Flight
436,GSM3076030,0.9888620376586914,GSE112665,Loss of p53 dictates Wnt-dependent systemic inflammation in breast cancer,,,"Cancer-associated inflammatory processes in the tumour microenvironment, as well as systemically, are strongly linked with poor disease outcome in cancer patients. For most human solid tumour types, high systemic neutrophil-to-lymphocyte ratios (NLR) are associated with increased metastasis and poor overall survival and recent experimental studies have demonstrated a causal relationship between neutrophils and metastasis formation. However, to date, the cancer cell-intrinsic mechanisms dictating the substantial heterogeneity in systemic neutrophilic inflammation between tumour-bearing hosts are largely unresolved. Using a panel of 16 distinct genetically engineered mouse models (GEMMs) for breast cancer, we demonstrate that tumour cell-intrinsic loss of p53 changes the phenotype and function of macrophages in the microenvironment, leading to activation of a systemic inflammatory cascade that drives neutrophil expansion. Mechanistically, p53 loss in cancer cells induces secretion of Wnt ligands that act in a paracrine fashion to stimulate IL-1b production from tumour-associated macrophages. Intratumoural IL-1β production stimulates an inflammatory cascade leading to the systemic accumulation of neutrophils. Pharmacological and genetic blockade of cancer cell-derived Wnt secretion reverses IL-1β expression by macrophages and subsequent systemic neutrophilic inflammation. Collectively, using pre-clinical mouse models for breast cancer, we demonstrate a novel mechanistic link between loss of p53 in cancer cells, Wnt ligand secretion and systemic immune activation. This illustrates the importance of cancer cell-intrinsic genetic aberrations in dictating cancer-associated inflammation. These insights set the stage for personalized immune intervention strategies for cancer patients.","In this study, gene expression profiles of tumours from genetically engineered mouse models (GEMMs) were analysed using RNA sequencing. Analysis was performed on bulk tumours of 10 GEMMs with different tissue-specific mutations driving tumorigenesis, totalling to 125 different tumours (n=5 or more per group). Subsequently, samples were grouped according to p53 status of the tumour (models containing Trp53 floxed alleles, or not) and comparisons were made between p53-KO and p53-WT tumours.",31367040,,,170063,GPL17021; GPL13112,Mus musculus,GSE,Expression profiling by high throughput sequencing,2019/05/20,145,ftp://ftp.ncbi.nlm.nih.gov/geo/series/GSE112nnn/GSE112665/,Loss of p53 triggers WNT-dependent systemic inflammation to drive breast cancer metastasis.,Nature,2019 Aug,10.1038/s41586-019-1450-6,OSD-244|Mmus_C57-6T_TMS_FLT_ISS-T_Rep5_F5,Space Flight
437,GSM5012171,0.9886901378631592,GSE164494,Loss of Rab22a prevents Angiotensin II-induced Hypertension and vascular dysfunction by inhibiting AT1R recyling,,,"The goals of this study is to compare the differently expressed genes in abdominal aorta of Rab22a KO mice and Rab22a WT mice with or without Angiotensin II treatment for 14 days at the concentration of 500ng/kg/min.The mice (n=20) were randomly divided into 4 groups:WT+AngII,WT+NS,KO+AngII,KO+NS (n = 5 for each group). Mice in WT+NS and KO+NS groups were infused with saline or 500 ng/kg/min of WT+AngII and KO+AngII respectively. Then the abdominal aorta were used to identify differentially expressed genes among different groups.","RNA sequencing was performed with abdominal aorta of  mice in 4 groups (WT+AngII,WT+NS,KO+AngII,KO+NS,n = 5 for each group) to identify the differently expressed genes and related pathway.",,,,454330,GPL21273,Mus musculus,GSE,Expression profiling by high throughput sequencing,2021/01/10,20,ftp://ftp.ncbi.nlm.nih.gov/geo/series/GSE164nnn/GSE164494/,,,,,OSD-244|Mmus_C57-6T_TMS_FLT_ISS-T_Rep5_F5,Space Flight
438,GSM3720122,0.988562285900116,GSE129689,RNA sequencing of mouse carotid arteries after sacubitril/valsartan treatment,,,"Purpose: To get insight into mouse strain-dependent differences in vascular remodeling, we analyzed gene expression profiles of the ligated carotid arteries after interventions in C57BL/6J and 129X1/SvJ mice Methods: mRNA isolations from snap-frozen single carotids (n=3 per group) were conducted. Tissue homogenization by Next Advance Bullet Blender with zirconium oxide beads and Trizol. Total RNA isolation using Trizol and Qiagen RNeasy Micro kit. Results: Multiple quality controls showed a reliable RNAseq of mRNAs from the ligated carotid arteries. Specifically, there was less than 2.6% drop in reads that ranged between 26.5 to 37.7 million reads. We found a good alignment and mapping to a mouse genome (82.4 - 91.0%) in this RNAseq study. A differential gene expression analysis was done by DESeq2-1.16.1 within R-3.4.1 for data normalization and differential expression analysis with an adjusted p-value threshold of 0.05 on each set of raw expression measures. Conclusions: Our study shows significant differences in gene expression signatures in carotid arteries from two inbred mouse strains after sacubitril/valsartan treatment. We conclude that genetic background determines efficacy of the sacubitril/valsartan in mice.","Mouse carotid artery mRNA profiles of C57BL/6J and 129X1/SvJ mice after two treatment regimen of vehicle, valsartan or sacubitril/valsartan were generated by deep sequencing, in triplicate, using Illumina HiSeq2500v4 high-throughput DNA sequencer.",31077344,,,252312,GPL17021,Mus musculus,GSE,Expression profiling by high throughput sequencing,2020/04/10,36,ftp://ftp.ncbi.nlm.nih.gov/geo/series/GSE129nnn/GSE129689/,Strain-selective efficacy of sacubitril/valsartan on carotid fibrosis in response to injury in two inbred mouse strains.,British journal of pharmacology,2019 Aug,10.1111/bph.14708,OSD-244|Mmus_C57-6T_TMS_FLT_ISS-T_Rep5_F5,Space Flight
439,GSM7349490,0.9884365797042847,GSE232512,Development of a 6-gene mesothelioma-specific prognostic signature using whole transcriptomic analysis of mouse and human tumors,,,"Background: Mesothelioma is an aggressive, fatal cancer that is inextricably linked to asbestos exposure. Recent trials using a combination of the immune checkpoint inhibitors ipilimumab and nivolumab has significantly improved treatment outcomes, however durable treatment responses remain restricted to a subset of patients (15-20%), highlighting the need to identify strategies that better predict treatment response. Method: Here, we performed RNAseq on a large tumor biobank from genetically diverse mouse model, CC-MexTAg model to compare gene expression profiles of tumors from mice with different overall survival to develop a prognostic gene signature. Results: while the variation in gene expression data of tumors did not associate with 3-fold variation in overall survival of CC-MexTAg mice, we identified two distinct tumor clusters characterized with immune and non-immune phenotypes, in which immune cluster tumours showed the better potential of response to cancer therapies. We used 20 hub genes associated with these tumor phenotypes to develop a 6-gene signature that could predict survival in four independent mesothelioma datasets and showed a potential to respond to cancer immunotherapy.","167 asbestos induced tumours harvested from 119 mice, representing 35 CC-MexTAg strains.",39474071,,,779695,GPL24247,Mus musculus,GSE,Expression profiling by high throughput sequencing,2024/02/15,167,ftp://ftp.ncbi.nlm.nih.gov/geo/series/GSE232nnn/GSE232512/,Mesothelioma survival prediction based on a six-gene transcriptomic signature.,iScience,2024 Oct 18,10.1016/j.isci.2024.111011,OSD-244|Mmus_C57-6T_TMS_FLT_ISS-T_Rep5_F5,Space Flight
440,GSM3467334,0.9936152696609497,GSE122496,PRC2 inactivation cooperates with JAK3 mutant signaling in the development of T-cell acute lymphoblastic leukemia,,,"T-ALL is characterized by deregulation of transcriptional control and impairment of epigenetic homeostasis. We observed that T-ALL cases with mutations in the IL7R-JAK-STAT pathway frequently harbor inactivating mutations in the PRC2 complex, in particular SUZ12 mutations. PRC2 is an epigenetic complex responsible for writing the H3K27me3 mark associated with gene repression. To assess whether loss of SUZ12 cooperates with mutant JAK3 signaling during T-ALL development, we expressed the JAK3(M511I) mutant in mouse bone marrow cells in vivo and tested the effect of Cas9-mediated inactivation of Suz12 on leukemia development. The mice developed a T-cell leukemia that infiltrated most hematological organs (bone marrow, thymus, spleen, lymph nodes, blood). At time of sacrifice the majority of cells in the blood and hematopoietic organs was JAK3(M511I) positive and Suz12 negative. Reduced Suz12 protein and H3K27me3 levels were confirmed with flow cytometry. Moreover, JAK3(M511I) also cooperates with Suz12 gRNA-mediated inactivation in vitro. Pro-T cells carrying both JAK3(M511I) and Suz12 gRNA were able to transform to IL7 independent growth, whereas single mutant (JAK3(M511I) only or Suz12 gRNA only) pro-T cells could not. In order to get insight in the mechanism of cooperation between JAK3 mutant signaling and Suz12 inactivation, we performed and integrated RNA- and ChIP-sequencing (Suz12, H3K27me3, H3K27Ac, H3K4me1, H3K4me3) on leukemic cells from the mice. This showed a global upregulation of many genes, including known PRC2 target genes upon loss of Suz12. Moreover, Suz12 was bound to promoters of Wnt signaling genes (Fzd7, Lrp4) and Wnt target genes (Axin2, Jag2, Mmp9), concomitant with high H3K27me3 levels. Loss of Suz12 led to drastic reduction of H3K27me3 at these loci and upregulation of these Wnt genes. As Wnt signaling is ectopically activated, we wanted to test whether JAK3(M511I) + Suz12 gRNA cells are more sensitive to Wnt inhibitor. JAK3(M511I) + Suz12 pro-T cells and leukemic spleen cells exhibited increased sensitivity to Wnt inhibitor compared to JAK3 mutant control cells, indicating that Wnt signaling contributes to the cooperation between Suz12 loss and JAK3 mutant signaling. In conclusion, our data show that Suz12 inactivation cooperates with mutant JAK3 signaling to drive leukemia development in vivo and demonstrates the use of Cas9 transgenic mice to study the role of tumor suppressor genes in T-ALL mouse models. Moreover, Suz12 loss leads to ectopic activation of Wnt signaling, a pathway contributing to the cooperation of Suz12 loss and JAK3 mutant signaling that can also be targeted with inhibitors.","RNA-sequencing of transgenic mouse samples with different conditions: wildtype, JAK3 mutant, SUZ12 inactivation, JAK3 mutant+SUZ12 inactivation ChIPmentation sequencing in transgenic mouse samples with different conditions (see RNA-sequencing) with multiple antibodies: Suz12, H3K27ac, H3K27me3, H3K4me3, H3K4me1",31492675,,,214821,GPL17021,Mus musculus,GSE,Expression profiling by high throughput sequencing; Genome binding/occupancy profiling by high throughput sequencing,2019/03/01,57,ftp://ftp.ncbi.nlm.nih.gov/geo/series/GSE122nnn/GSE122496/,Suz12 inactivation cooperates with JAK3 mutant signaling in the development of T-cell acute lymphoblastic leukemia.,Blood,2019 Oct 17,10.1182/blood.2019000015,OSD-244|Mmus_C57-6T_TMS_FLT_ISS-T_Rep6_F6,Space Flight
441,GSM6085266,0.9936019778251648,GSE201969,In vivo self-assembly and targeted delivery of EGFR siRNA-encapsulating small extracellular vesicles to EGFR-positive cancer cells for NSCLC therapy,,,"We designed a synthetic biology circuit encoding both an EGFR-targeting peptide (GE11) and an EGFR siRNA under the control of the cytomegalovirus (CMV) promoter. After uptake by mouse liver cells via intravenous injection, this genetic circuit can reprogram the liver cells to produce and self-assemble EGFR siRNAs into secretory small extracellular vesicles (sEVs) tagged with the GE11 peptide, after which the siRNA-encapsulating sEVs are further transported via the blood circulation and guided by the GE11 peptide to EGFR-positive tumour cells for NSCLC therapy. RNA sequencing-based transcriptomic profiling confirmed the safety and low off-target activity of in vivo self-assembled EGFR siRNAs.","EGFR DEL19 transgenic mice were administered doxycycline for 25 days and analysed by micro-CT to ensure spontaneous tumour formation in the lungs. Mice were then intravenously injected with the CMV-scrR, CMV-siRE or CMV-GE11-siRE circuit (10 mg/kg) every 2 days for a total of 7 injections. After treatment, mice were sacrificed, and normal tissues and tumours were harvested to determine the global transcriptome alterations by RNA sequencing.",,,,635618,GPL24247,Mus musculus,GSE,Expression profiling by high throughput sequencing,2024/04/30,72,ftp://ftp.ncbi.nlm.nih.gov/geo/series/GSE201nnn/GSE201969/,,,,,OSD-244|Mmus_C57-6T_TMS_FLT_ISS-T_Rep6_F6,Space Flight
442,GSM6085259,0.9933052659034729,GSE201969,In vivo self-assembly and targeted delivery of EGFR siRNA-encapsulating small extracellular vesicles to EGFR-positive cancer cells for NSCLC therapy,,,"We designed a synthetic biology circuit encoding both an EGFR-targeting peptide (GE11) and an EGFR siRNA under the control of the cytomegalovirus (CMV) promoter. After uptake by mouse liver cells via intravenous injection, this genetic circuit can reprogram the liver cells to produce and self-assemble EGFR siRNAs into secretory small extracellular vesicles (sEVs) tagged with the GE11 peptide, after which the siRNA-encapsulating sEVs are further transported via the blood circulation and guided by the GE11 peptide to EGFR-positive tumour cells for NSCLC therapy. RNA sequencing-based transcriptomic profiling confirmed the safety and low off-target activity of in vivo self-assembled EGFR siRNAs.","EGFR DEL19 transgenic mice were administered doxycycline for 25 days and analysed by micro-CT to ensure spontaneous tumour formation in the lungs. Mice were then intravenously injected with the CMV-scrR, CMV-siRE or CMV-GE11-siRE circuit (10 mg/kg) every 2 days for a total of 7 injections. After treatment, mice were sacrificed, and normal tissues and tumours were harvested to determine the global transcriptome alterations by RNA sequencing.",,,,635611,GPL24247,Mus musculus,GSE,Expression profiling by high throughput sequencing,2024/04/30,72,ftp://ftp.ncbi.nlm.nih.gov/geo/series/GSE201nnn/GSE201969/,,,,,OSD-244|Mmus_C57-6T_TMS_FLT_ISS-T_Rep6_F6,Space Flight
443,GSM2643075,0.9931272268295288,GSE99364,Stabilization of c-Myc protein by CAMKIIγ promotes T-cell lymphoma,,,"Although high c-Myc protein expression is observed alongside c-Myc gene amplification in some cancers, in most cases protein overexpression occurs while the amplified gene is largely absent, e.g. T-cell lymphoma (TCL). Here, Ca2+/calmodulin-dependent protein kinase II γ (CAMKIIγ) was shown to stabilize c-Myc protein by directly phosphorylating at serine 62 (S62), which represents a hitherto unknown mechanism of c-Myc protein overexpression. Further, CAMKIIγ was shown to be essential for tumor maintenance. Inhibiting CAMKIIγ with a potent CAMKIIγ-specific inhibitor destabilized c-Myc and reduced tumor burden dramatically. Importantly, high CAMKIIγ in clinical patient specimens positively correlated with increased c-Myc / pS62-c-Myc expression. Together, the CAMKIIγ:c-Myc axis critically influences the development and maintenance of TCL, and represent a novel therapeutic target for TCL.","We investigated how deleting CAMKIIγ suppressed the development of MNU-induced TCL in mice. Through RNA-sequencing, we analyzed the gene expression profiles of the thymuses of both wild-type and CAMKIIγ-/- mice, under either malignant (with MNU) or normal (without MNU) conditions.",28697340,,,113753,GPL13112,Mus musculus,GSE,Expression profiling by high throughput sequencing,2017/05/27,4,ftp://ftp.ncbi.nlm.nih.gov/geo/series/GSE99nnn/GSE99364/,Stabilization of the c-Myc Protein by CAMKIIγ Promotes T Cell Lymphoma.,Cancer cell,2017 Jul 10,10.1016/j.ccell.2017.06.001,OSD-244|Mmus_C57-6T_TMS_FLT_ISS-T_Rep6_F6,Space Flight
444,GSM4445408,0.9931023120880127,GSE147757,A multiple reporter protein tolerant mouse model,,,"We report the generation of a novel mouse strain that is immunologically tolerant to exogenously introduced reporter proteins ('Tol' strain). As a control, we test whether any transcriptomic changes can be observed between the Tol strain and wild-type littermate. This is tested for thymus, cerebrum and cerebellum.",Examination of transcriptomes of 3 different tissues from mice from 2 genotypes.,32472011,,,355134,GPL17021,Mus musculus,GSE,Expression profiling by high throughput sequencing,2020/04/12,22,ftp://ftp.ncbi.nlm.nih.gov/geo/series/GSE147nnn/GSE147757/,A mouse model that is immunologically tolerant to reporter and modifier proteins.,Communications biology,2020 May 29,10.1038/s42003-020-0979-0,OSD-244|Mmus_C57-6T_TMS_FLT_ISS-T_Rep6_F6,Space Flight
445,GSM4614041,0.9930134415626526,GSE152382,Expression profiles in multiple tissues of WT and Nrf2-knockout mouse under space filght,,,"To elucidate roles that Nrf2 plays in regulating adaptive responses to the space stress, one month-long space travel and RNA-seq analysis of six Nrf2-KO mice and six wild-type mice were conducted . After 31-days-stay in the ISS, all the flight mice returned safely to Earth. We found that Nrf2 was indeed activated by the space stress in various tissues. The space stress and Nrf2-deficiency brought about changes in gene expression.","mRNA profiling using multiple tissues including temporal bone, mandibularbone, spleen, liver, white and brown adipose tissues, kidney, thymus, and brain cerebullum of wild type (WT) and Nrf2-knockout (Nrf2KO) mice",32901092;34887485,,,379508,GPL17021,Mus musculus,GSE,Expression profiling by high throughput sequencing,2020/10/02,192,ftp://ftp.ncbi.nlm.nih.gov/geo/series/GSE152nnn/GSE152382/,Nrf2 contributes to the weight gain of mice during space travel.,Communications biology,2020 Sep 8,10.1038/s42003-020-01227-2,OSD-244|Mmus_C57-6T_TMS_FLT_ISS-T_Rep6_F6,Space Flight
446,GSM6085256,0.9929654598236084,GSE201969,In vivo self-assembly and targeted delivery of EGFR siRNA-encapsulating small extracellular vesicles to EGFR-positive cancer cells for NSCLC therapy,,,"We designed a synthetic biology circuit encoding both an EGFR-targeting peptide (GE11) and an EGFR siRNA under the control of the cytomegalovirus (CMV) promoter. After uptake by mouse liver cells via intravenous injection, this genetic circuit can reprogram the liver cells to produce and self-assemble EGFR siRNAs into secretory small extracellular vesicles (sEVs) tagged with the GE11 peptide, after which the siRNA-encapsulating sEVs are further transported via the blood circulation and guided by the GE11 peptide to EGFR-positive tumour cells for NSCLC therapy. RNA sequencing-based transcriptomic profiling confirmed the safety and low off-target activity of in vivo self-assembled EGFR siRNAs.","EGFR DEL19 transgenic mice were administered doxycycline for 25 days and analysed by micro-CT to ensure spontaneous tumour formation in the lungs. Mice were then intravenously injected with the CMV-scrR, CMV-siRE or CMV-GE11-siRE circuit (10 mg/kg) every 2 days for a total of 7 injections. After treatment, mice were sacrificed, and normal tissues and tumours were harvested to determine the global transcriptome alterations by RNA sequencing.",,,,635608,GPL24247,Mus musculus,GSE,Expression profiling by high throughput sequencing,2024/04/30,72,ftp://ftp.ncbi.nlm.nih.gov/geo/series/GSE201nnn/GSE201969/,,,,,OSD-244|Mmus_C57-6T_TMS_FLT_ISS-T_Rep6_F6,Space Flight
447,GSM4445407,0.9929479956626892,GSE147757,A multiple reporter protein tolerant mouse model,,,"We report the generation of a novel mouse strain that is immunologically tolerant to exogenously introduced reporter proteins ('Tol' strain). As a control, we test whether any transcriptomic changes can be observed between the Tol strain and wild-type littermate. This is tested for thymus, cerebrum and cerebellum.",Examination of transcriptomes of 3 different tissues from mice from 2 genotypes.,32472011,,,355133,GPL17021,Mus musculus,GSE,Expression profiling by high throughput sequencing,2020/04/12,22,ftp://ftp.ncbi.nlm.nih.gov/geo/series/GSE147nnn/GSE147757/,A mouse model that is immunologically tolerant to reporter and modifier proteins.,Communications biology,2020 May 29,10.1038/s42003-020-0979-0,OSD-244|Mmus_C57-6T_TMS_FLT_ISS-T_Rep6_F6,Space Flight
448,GSM6085264,0.9927949905395508,GSE201969,In vivo self-assembly and targeted delivery of EGFR siRNA-encapsulating small extracellular vesicles to EGFR-positive cancer cells for NSCLC therapy,,,"We designed a synthetic biology circuit encoding both an EGFR-targeting peptide (GE11) and an EGFR siRNA under the control of the cytomegalovirus (CMV) promoter. After uptake by mouse liver cells via intravenous injection, this genetic circuit can reprogram the liver cells to produce and self-assemble EGFR siRNAs into secretory small extracellular vesicles (sEVs) tagged with the GE11 peptide, after which the siRNA-encapsulating sEVs are further transported via the blood circulation and guided by the GE11 peptide to EGFR-positive tumour cells for NSCLC therapy. RNA sequencing-based transcriptomic profiling confirmed the safety and low off-target activity of in vivo self-assembled EGFR siRNAs.","EGFR DEL19 transgenic mice were administered doxycycline for 25 days and analysed by micro-CT to ensure spontaneous tumour formation in the lungs. Mice were then intravenously injected with the CMV-scrR, CMV-siRE or CMV-GE11-siRE circuit (10 mg/kg) every 2 days for a total of 7 injections. After treatment, mice were sacrificed, and normal tissues and tumours were harvested to determine the global transcriptome alterations by RNA sequencing.",,,,635616,GPL24247,Mus musculus,GSE,Expression profiling by high throughput sequencing,2024/04/30,72,ftp://ftp.ncbi.nlm.nih.gov/geo/series/GSE201nnn/GSE201969/,,,,,OSD-244|Mmus_C57-6T_TMS_FLT_ISS-T_Rep6_F6,Space Flight
449,GSM6085258,0.9927608966827393,GSE201969,In vivo self-assembly and targeted delivery of EGFR siRNA-encapsulating small extracellular vesicles to EGFR-positive cancer cells for NSCLC therapy,,,"We designed a synthetic biology circuit encoding both an EGFR-targeting peptide (GE11) and an EGFR siRNA under the control of the cytomegalovirus (CMV) promoter. After uptake by mouse liver cells via intravenous injection, this genetic circuit can reprogram the liver cells to produce and self-assemble EGFR siRNAs into secretory small extracellular vesicles (sEVs) tagged with the GE11 peptide, after which the siRNA-encapsulating sEVs are further transported via the blood circulation and guided by the GE11 peptide to EGFR-positive tumour cells for NSCLC therapy. RNA sequencing-based transcriptomic profiling confirmed the safety and low off-target activity of in vivo self-assembled EGFR siRNAs.","EGFR DEL19 transgenic mice were administered doxycycline for 25 days and analysed by micro-CT to ensure spontaneous tumour formation in the lungs. Mice were then intravenously injected with the CMV-scrR, CMV-siRE or CMV-GE11-siRE circuit (10 mg/kg) every 2 days for a total of 7 injections. After treatment, mice were sacrificed, and normal tissues and tumours were harvested to determine the global transcriptome alterations by RNA sequencing.",,,,635610,GPL24247,Mus musculus,GSE,Expression profiling by high throughput sequencing,2024/04/30,72,ftp://ftp.ncbi.nlm.nih.gov/geo/series/GSE201nnn/GSE201969/,,,,,OSD-244|Mmus_C57-6T_TMS_FLT_ISS-T_Rep6_F6,Space Flight
450,GSM4744728,0.9872063994407654,GSE156799,Compartment-specific transcriptomics of ozone-exposed murine lungs reveal sex- and cell type- associated perturbations relevant to mucoinflammatory lung diseases,,,"Ozone is known to cause lung injury and resident cells of the respiratory tract, i.e., epithelial cells and macrophages, respond to inhaled ozone in a variety of ways that affect their survival, morphology, and functioning. However, complete understanding of sex-associated and cell type-specific gene expression changes in response to ozone exposure is still limited. Through transcriptome profiling, we aimed to analyze gene expression alterations and biological pathways enrichment in three distinct cell type-enriched compartments of ozone-exposed murine lungs. We chronically exposed adult males and females to 0.8ppm ozone or filtered air.  RNA-Seq was performed on airway epithelium-enriched airways, parenchyma, and purified airspace macrophages. Differential gene expression and biological pathway analyses were performed and supported by cellular and immunohistochemical analyses. While majority of differentially expressed genes (DEGs) in ozone-exposed versus air-exposed groups were common between both sexes, sex-specific DEGs were also identified in all the three tissue compartments. As compared to ozone-exposed males, ozone-exposed females had significant alterations in gene expression in three compartments. Pathways relevant to cell division and DNA repair were enriched in the ozone-exposed airways indicating ozone-induced airway injury and repair which was further supported by immunohistochemical analyses. In addition to cell division and DNA repair pathways, inflammatory pathways were also enriched within the parenchyma supporting contribution by both epithelial and immune cells. Finally, immune response and cytokine-cytokine receptor interactions were enriched in macrophages, indicating ozone-induced macrophage activation. Lastly, our analyses also revealed the overall upregulation of mucoinflammation and mucous cell metaplasia-associated pathways.","We chronically exposed adult males and females to 0.8ppm ozone or filtered air.  RNA-Seq was performed on airway epithelium-enriched airways, parenchyma, and purified airspace macrophages.",,,,411813,GPL24247,Mus musculus,GSE,Expression profiling by high throughput sequencing,2020/08/25,48,ftp://ftp.ncbi.nlm.nih.gov/geo/series/GSE156nnn/GSE156799/,,,,,OSD-244|Mmus_C57-6T_TMS_FLT_ISS-T_Rep7_F7,Space Flight
451,GSM3076068,0.9868439435958862,GSE112665,Loss of p53 dictates Wnt-dependent systemic inflammation in breast cancer,,,"Cancer-associated inflammatory processes in the tumour microenvironment, as well as systemically, are strongly linked with poor disease outcome in cancer patients. For most human solid tumour types, high systemic neutrophil-to-lymphocyte ratios (NLR) are associated with increased metastasis and poor overall survival and recent experimental studies have demonstrated a causal relationship between neutrophils and metastasis formation. However, to date, the cancer cell-intrinsic mechanisms dictating the substantial heterogeneity in systemic neutrophilic inflammation between tumour-bearing hosts are largely unresolved. Using a panel of 16 distinct genetically engineered mouse models (GEMMs) for breast cancer, we demonstrate that tumour cell-intrinsic loss of p53 changes the phenotype and function of macrophages in the microenvironment, leading to activation of a systemic inflammatory cascade that drives neutrophil expansion. Mechanistically, p53 loss in cancer cells induces secretion of Wnt ligands that act in a paracrine fashion to stimulate IL-1b production from tumour-associated macrophages. Intratumoural IL-1β production stimulates an inflammatory cascade leading to the systemic accumulation of neutrophils. Pharmacological and genetic blockade of cancer cell-derived Wnt secretion reverses IL-1β expression by macrophages and subsequent systemic neutrophilic inflammation. Collectively, using pre-clinical mouse models for breast cancer, we demonstrate a novel mechanistic link between loss of p53 in cancer cells, Wnt ligand secretion and systemic immune activation. This illustrates the importance of cancer cell-intrinsic genetic aberrations in dictating cancer-associated inflammation. These insights set the stage for personalized immune intervention strategies for cancer patients.","In this study, gene expression profiles of tumours from genetically engineered mouse models (GEMMs) were analysed using RNA sequencing. Analysis was performed on bulk tumours of 10 GEMMs with different tissue-specific mutations driving tumorigenesis, totalling to 125 different tumours (n=5 or more per group). Subsequently, samples were grouped according to p53 status of the tumour (models containing Trp53 floxed alleles, or not) and comparisons were made between p53-KO and p53-WT tumours.",31367040,,,170101,GPL17021; GPL13112,Mus musculus,GSE,Expression profiling by high throughput sequencing,2019/05/20,145,ftp://ftp.ncbi.nlm.nih.gov/geo/series/GSE112nnn/GSE112665/,Loss of p53 triggers WNT-dependent systemic inflammation to drive breast cancer metastasis.,Nature,2019 Aug,10.1038/s41586-019-1450-6,OSD-244|Mmus_C57-6T_TMS_FLT_ISS-T_Rep7_F7,Space Flight
452,GSM5699418,0.9866580367088318,GSE189336,Persistent inflammation and nitric oxide dysregulation are transcriptomic blueprints of subglottic stenosis,,,"Subglottic stenosis (SGS) is a recurrent, obstructive, fibroinflammatory disease of the upper airway resulting in severe dyspnea, dysphonia, as well as other potentially fatal complications. Although aberrant inflammation and wound-healing are commonly associated with pathogenesis, the mechanism through which such processes occur and recur in affected patients remains poorly studied. Here we report that transcriptomic profiling of laryngotracheal regions from minimally-invasive mucosal swabs of SGS patients reveals a distinctively pro-inflammatory gene signature. Surprisingly, comparative genomics between SGS patients and mice with direct laryngotracheal injury suggest that SGS patients bear more resemblance to the acute than chronic phase of injury. Furthermore, functional and regulatory network analyses identify neutrophilic involvement through hyper-activation of NF-κB and its downstream inflammasome as a potential master regulator. Interestingly, nitric oxide synthesis was found to be downregulated in SGS patients compared to healthy controls. Thus, SGS represents a state of immunodeficiency whereby defective immune clearance triggers recurrent, long-lasting production of pro-inflammatory cytokines.",Transcriptomic profiling (RNA-seq) of human laryngotracheal swabs and murine tracheas. NEBNext® Ultra™ II RNA Library Prep Kit for Illumina® and sequenced by Novogene.,34987502,,,572662,GPL24676; GPL24247,Homo sapiens; Mus musculus,GSE,Expression profiling by high throughput sequencing,2021/12/14,35,ftp://ftp.ncbi.nlm.nih.gov/geo/series/GSE189nnn/GSE189336/,Persistent Inflammation and Nitric Oxide Dysregulation Are Transcriptomic Blueprints of Subglottic Stenosis.,Frontiers in immunology,2021,10.3389/fimmu.2021.748533,OSD-244|Mmus_C57-6T_TMS_FLT_ISS-T_Rep7_F7,Space Flight
453,GSM5699415,0.986483097076416,GSE189336,Persistent inflammation and nitric oxide dysregulation are transcriptomic blueprints of subglottic stenosis,,,"Subglottic stenosis (SGS) is a recurrent, obstructive, fibroinflammatory disease of the upper airway resulting in severe dyspnea, dysphonia, as well as other potentially fatal complications. Although aberrant inflammation and wound-healing are commonly associated with pathogenesis, the mechanism through which such processes occur and recur in affected patients remains poorly studied. Here we report that transcriptomic profiling of laryngotracheal regions from minimally-invasive mucosal swabs of SGS patients reveals a distinctively pro-inflammatory gene signature. Surprisingly, comparative genomics between SGS patients and mice with direct laryngotracheal injury suggest that SGS patients bear more resemblance to the acute than chronic phase of injury. Furthermore, functional and regulatory network analyses identify neutrophilic involvement through hyper-activation of NF-κB and its downstream inflammasome as a potential master regulator. Interestingly, nitric oxide synthesis was found to be downregulated in SGS patients compared to healthy controls. Thus, SGS represents a state of immunodeficiency whereby defective immune clearance triggers recurrent, long-lasting production of pro-inflammatory cytokines.",Transcriptomic profiling (RNA-seq) of human laryngotracheal swabs and murine tracheas. NEBNext® Ultra™ II RNA Library Prep Kit for Illumina® and sequenced by Novogene.,34987502,,,572659,GPL24676; GPL24247,Homo sapiens; Mus musculus,GSE,Expression profiling by high throughput sequencing,2021/12/14,35,ftp://ftp.ncbi.nlm.nih.gov/geo/series/GSE189nnn/GSE189336/,Persistent Inflammation and Nitric Oxide Dysregulation Are Transcriptomic Blueprints of Subglottic Stenosis.,Frontiers in immunology,2021,10.3389/fimmu.2021.748533,OSD-244|Mmus_C57-6T_TMS_FLT_ISS-T_Rep7_F7,Space Flight
454,GSM6108485,0.9860179424285889,GSE202332,"Various forms of calorie restriction, but not a nonrestricted low-fat diet, reverse obesity-associated tumor growth and lung metastasis in a mouse model of triple-negative breast cancer",,,This SuperSeries is composed of the SubSeries listed below.,Refer to individual Series,,,,636603,GPL17021,Mus musculus,GSE,Expression profiling by high throughput sequencing; Methylation profiling by high throughput sequencing,2022/05/12,54,ftp://ftp.ncbi.nlm.nih.gov/geo/series/GSE202nnn/GSE202332/,,,,,OSD-244|Mmus_C57-6T_TMS_FLT_ISS-T_Rep7_F7,Space Flight
455,GSM4744737,0.9859949350357056,GSE156799,Compartment-specific transcriptomics of ozone-exposed murine lungs reveal sex- and cell type- associated perturbations relevant to mucoinflammatory lung diseases,,,"Ozone is known to cause lung injury and resident cells of the respiratory tract, i.e., epithelial cells and macrophages, respond to inhaled ozone in a variety of ways that affect their survival, morphology, and functioning. However, complete understanding of sex-associated and cell type-specific gene expression changes in response to ozone exposure is still limited. Through transcriptome profiling, we aimed to analyze gene expression alterations and biological pathways enrichment in three distinct cell type-enriched compartments of ozone-exposed murine lungs. We chronically exposed adult males and females to 0.8ppm ozone or filtered air.  RNA-Seq was performed on airway epithelium-enriched airways, parenchyma, and purified airspace macrophages. Differential gene expression and biological pathway analyses were performed and supported by cellular and immunohistochemical analyses. While majority of differentially expressed genes (DEGs) in ozone-exposed versus air-exposed groups were common between both sexes, sex-specific DEGs were also identified in all the three tissue compartments. As compared to ozone-exposed males, ozone-exposed females had significant alterations in gene expression in three compartments. Pathways relevant to cell division and DNA repair were enriched in the ozone-exposed airways indicating ozone-induced airway injury and repair which was further supported by immunohistochemical analyses. In addition to cell division and DNA repair pathways, inflammatory pathways were also enriched within the parenchyma supporting contribution by both epithelial and immune cells. Finally, immune response and cytokine-cytokine receptor interactions were enriched in macrophages, indicating ozone-induced macrophage activation. Lastly, our analyses also revealed the overall upregulation of mucoinflammation and mucous cell metaplasia-associated pathways.","We chronically exposed adult males and females to 0.8ppm ozone or filtered air.  RNA-Seq was performed on airway epithelium-enriched airways, parenchyma, and purified airspace macrophages.",,,,411822,GPL24247,Mus musculus,GSE,Expression profiling by high throughput sequencing,2020/08/25,48,ftp://ftp.ncbi.nlm.nih.gov/geo/series/GSE156nnn/GSE156799/,,,,,OSD-244|Mmus_C57-6T_TMS_FLT_ISS-T_Rep7_F7,Space Flight
456,GSM3076077,0.9853864908218384,GSE112665,Loss of p53 dictates Wnt-dependent systemic inflammation in breast cancer,,,"Cancer-associated inflammatory processes in the tumour microenvironment, as well as systemically, are strongly linked with poor disease outcome in cancer patients. For most human solid tumour types, high systemic neutrophil-to-lymphocyte ratios (NLR) are associated with increased metastasis and poor overall survival and recent experimental studies have demonstrated a causal relationship between neutrophils and metastasis formation. However, to date, the cancer cell-intrinsic mechanisms dictating the substantial heterogeneity in systemic neutrophilic inflammation between tumour-bearing hosts are largely unresolved. Using a panel of 16 distinct genetically engineered mouse models (GEMMs) for breast cancer, we demonstrate that tumour cell-intrinsic loss of p53 changes the phenotype and function of macrophages in the microenvironment, leading to activation of a systemic inflammatory cascade that drives neutrophil expansion. Mechanistically, p53 loss in cancer cells induces secretion of Wnt ligands that act in a paracrine fashion to stimulate IL-1b production from tumour-associated macrophages. Intratumoural IL-1β production stimulates an inflammatory cascade leading to the systemic accumulation of neutrophils. Pharmacological and genetic blockade of cancer cell-derived Wnt secretion reverses IL-1β expression by macrophages and subsequent systemic neutrophilic inflammation. Collectively, using pre-clinical mouse models for breast cancer, we demonstrate a novel mechanistic link between loss of p53 in cancer cells, Wnt ligand secretion and systemic immune activation. This illustrates the importance of cancer cell-intrinsic genetic aberrations in dictating cancer-associated inflammation. These insights set the stage for personalized immune intervention strategies for cancer patients.","In this study, gene expression profiles of tumours from genetically engineered mouse models (GEMMs) were analysed using RNA sequencing. Analysis was performed on bulk tumours of 10 GEMMs with different tissue-specific mutations driving tumorigenesis, totalling to 125 different tumours (n=5 or more per group). Subsequently, samples were grouped according to p53 status of the tumour (models containing Trp53 floxed alleles, or not) and comparisons were made between p53-KO and p53-WT tumours.",31367040,,,170110,GPL17021; GPL13112,Mus musculus,GSE,Expression profiling by high throughput sequencing,2019/05/20,145,ftp://ftp.ncbi.nlm.nih.gov/geo/series/GSE112nnn/GSE112665/,Loss of p53 triggers WNT-dependent systemic inflammation to drive breast cancer metastasis.,Nature,2019 Aug,10.1038/s41586-019-1450-6,OSD-244|Mmus_C57-6T_TMS_FLT_ISS-T_Rep7_F7,Space Flight
457,GSM2232843,0.9851855635643005,GSE84380,A Unique Twist-Dependent Progenitor Cell Contributes to Adult Skeletal Muscle,,,This SuperSeries is composed of the SubSeries listed below.,Refer to individual Series,28218909,,,73937,GPL17021,Mus musculus,GSE,Expression profiling by high throughput sequencing,2017/01/13,18,ftp://ftp.ncbi.nlm.nih.gov/geo/series/GSE84nnn/GSE84380/,A Twist2-dependent progenitor cell contributes to adult skeletal muscle.,Nature cell biology,2017 Mar,10.1038/ncb3477,OSD-244|Mmus_C57-6T_TMS_FLT_ISS-T_Rep7_F7,Space Flight
458,GSM6108486,0.9851492643356323,GSE202332,"Various forms of calorie restriction, but not a nonrestricted low-fat diet, reverse obesity-associated tumor growth and lung metastasis in a mouse model of triple-negative breast cancer",,,This SuperSeries is composed of the SubSeries listed below.,Refer to individual Series,,,,636604,GPL17021,Mus musculus,GSE,Expression profiling by high throughput sequencing; Methylation profiling by high throughput sequencing,2022/05/12,54,ftp://ftp.ncbi.nlm.nih.gov/geo/series/GSE202nnn/GSE202332/,,,,,OSD-244|Mmus_C57-6T_TMS_FLT_ISS-T_Rep7_F7,Space Flight
459,GSM3076082,0.9850629568099976,GSE112665,Loss of p53 dictates Wnt-dependent systemic inflammation in breast cancer,,,"Cancer-associated inflammatory processes in the tumour microenvironment, as well as systemically, are strongly linked with poor disease outcome in cancer patients. For most human solid tumour types, high systemic neutrophil-to-lymphocyte ratios (NLR) are associated with increased metastasis and poor overall survival and recent experimental studies have demonstrated a causal relationship between neutrophils and metastasis formation. However, to date, the cancer cell-intrinsic mechanisms dictating the substantial heterogeneity in systemic neutrophilic inflammation between tumour-bearing hosts are largely unresolved. Using a panel of 16 distinct genetically engineered mouse models (GEMMs) for breast cancer, we demonstrate that tumour cell-intrinsic loss of p53 changes the phenotype and function of macrophages in the microenvironment, leading to activation of a systemic inflammatory cascade that drives neutrophil expansion. Mechanistically, p53 loss in cancer cells induces secretion of Wnt ligands that act in a paracrine fashion to stimulate IL-1b production from tumour-associated macrophages. Intratumoural IL-1β production stimulates an inflammatory cascade leading to the systemic accumulation of neutrophils. Pharmacological and genetic blockade of cancer cell-derived Wnt secretion reverses IL-1β expression by macrophages and subsequent systemic neutrophilic inflammation. Collectively, using pre-clinical mouse models for breast cancer, we demonstrate a novel mechanistic link between loss of p53 in cancer cells, Wnt ligand secretion and systemic immune activation. This illustrates the importance of cancer cell-intrinsic genetic aberrations in dictating cancer-associated inflammation. These insights set the stage for personalized immune intervention strategies for cancer patients.","In this study, gene expression profiles of tumours from genetically engineered mouse models (GEMMs) were analysed using RNA sequencing. Analysis was performed on bulk tumours of 10 GEMMs with different tissue-specific mutations driving tumorigenesis, totalling to 125 different tumours (n=5 or more per group). Subsequently, samples were grouped according to p53 status of the tumour (models containing Trp53 floxed alleles, or not) and comparisons were made between p53-KO and p53-WT tumours.",31367040,,,170115,GPL17021; GPL13112,Mus musculus,GSE,Expression profiling by high throughput sequencing,2019/05/20,145,ftp://ftp.ncbi.nlm.nih.gov/geo/series/GSE112nnn/GSE112665/,Loss of p53 triggers WNT-dependent systemic inflammation to drive breast cancer metastasis.,Nature,2019 Aug,10.1038/s41586-019-1450-6,OSD-244|Mmus_C57-6T_TMS_FLT_ISS-T_Rep7_F7,Space Flight
460,GSM8124070,0.992545485496521,GSE260764,Combined effects of genetic background and diet on mouse metabolism and gene expression,,,"In humans, dietary patterns impact weight and metabolism differentially across individuals. To uncover genetic determinants for differential dietary effects, we subjected four genetically diverse mouse strains to humanized diets (American, Mediterranean, vegetarian, and vegan) with similar macronutrient composition, and performed body weight, metabolic parameter, and RNA-seq analysis. We observed pronounced diet- and strain-dependent effects on weight, and triglyceride and insulin levels. Differences in fat mass, adipose tissue and skeletal muscle glucose uptake, and gene expression changes in most tissues were strain-dependent. In visceral adipose tissue ~400 genes responded to diet in a strain-dependent manner, many of them in metabolite transport and lipid metabolism pathways and several previously identified to modify diet effects in humans. Thus, genetic background profoundly impacts metabolism, and dietary patterns modify effects. This study paves the way for future mechanistic investigations into strain-diet interactions in mice and translation to precision nutrition in humans.","We obtained four strains of 12 week old male mice (A/J, DBA/2J, C57BL/6J, SJL) and fed them mouse versions of four populat human diets (American, Mediterranean, vegetarian, vegan) for 6 weeks. Using two mice of each strain and diet combination at 18 weeks of age, we harvested metabolic tissues (liver, quadriceps muscle, brown adipose (BAT), subcutaneous adipose (SAT), and visceral adipose (VAT)) and isolated mature RNA species.We sequenced them using the NovaSeq6000 S4 (150bp PE) with the TruSeq Stranded mRNA Library Prep Kit. We obtained >  50M total reads per sample, >25M read1 and read2. Processed data QC using fastQC, adapters removed with trimGalore, alignment to GRCm39 using hisat2 with relaxed mismatch penality for non-C57BL/6J mice. Reads quantified using ht-seq with fractional alignment.",39640571,,,852426,GPL24247,Mus musculus,GSE,Expression profiling by high throughput sequencing,2024/03/04,160,ftp://ftp.ncbi.nlm.nih.gov/geo/series/GSE260nnn/GSE260764/,Combined effects of genetic background and diet on mouse metabolism and gene expression.,iScience,2024 Dec 20,10.1016/j.isci.2024.111323,OSD-244|Mmus_C57-6T_TMS_FLT_ISS-T_Rep8_F8,Space Flight
461,GSM8124065,0.9925450682640076,GSE260764,Combined effects of genetic background and diet on mouse metabolism and gene expression,,,"In humans, dietary patterns impact weight and metabolism differentially across individuals. To uncover genetic determinants for differential dietary effects, we subjected four genetically diverse mouse strains to humanized diets (American, Mediterranean, vegetarian, and vegan) with similar macronutrient composition, and performed body weight, metabolic parameter, and RNA-seq analysis. We observed pronounced diet- and strain-dependent effects on weight, and triglyceride and insulin levels. Differences in fat mass, adipose tissue and skeletal muscle glucose uptake, and gene expression changes in most tissues were strain-dependent. In visceral adipose tissue ~400 genes responded to diet in a strain-dependent manner, many of them in metabolite transport and lipid metabolism pathways and several previously identified to modify diet effects in humans. Thus, genetic background profoundly impacts metabolism, and dietary patterns modify effects. This study paves the way for future mechanistic investigations into strain-diet interactions in mice and translation to precision nutrition in humans.","We obtained four strains of 12 week old male mice (A/J, DBA/2J, C57BL/6J, SJL) and fed them mouse versions of four populat human diets (American, Mediterranean, vegetarian, vegan) for 6 weeks. Using two mice of each strain and diet combination at 18 weeks of age, we harvested metabolic tissues (liver, quadriceps muscle, brown adipose (BAT), subcutaneous adipose (SAT), and visceral adipose (VAT)) and isolated mature RNA species.We sequenced them using the NovaSeq6000 S4 (150bp PE) with the TruSeq Stranded mRNA Library Prep Kit. We obtained >  50M total reads per sample, >25M read1 and read2. Processed data QC using fastQC, adapters removed with trimGalore, alignment to GRCm39 using hisat2 with relaxed mismatch penality for non-C57BL/6J mice. Reads quantified using ht-seq with fractional alignment.",39640571,,,852421,GPL24247,Mus musculus,GSE,Expression profiling by high throughput sequencing,2024/03/04,160,ftp://ftp.ncbi.nlm.nih.gov/geo/series/GSE260nnn/GSE260764/,Combined effects of genetic background and diet on mouse metabolism and gene expression.,iScience,2024 Dec 20,10.1016/j.isci.2024.111323,OSD-244|Mmus_C57-6T_TMS_FLT_ISS-T_Rep8_F8,Space Flight
462,GSM8072376,0.9919587969779968,GSE255432,Imeglimin Improves Systemic Metabolism by Targeting Brown Adipose Tissue and Gut Microbiota in Obese Model Mice,,,"Imeglimin is a recently developed anti-diabetic drug that could concurrently promote insulin secretion and insulin sensitivity, while its mechanisms of action are not fully understood. Here we show that imeglimin administration could protect mice from high fat diet-induced weight gain with enhanced energy expenditure and attenuated whitening of brown adipose tissue. Imeglimin administration led to significant alteration of gut microbiota, which included an increase of Akkermansia genus, with attenuation of obesity-associated gut pathologies. Ablation of microbiota by antibiotic treatment partially abrogated the insulin sensitizing effects of imeglimin, while not affecting its actions on body weight gain or brown adipose tissue. Collectively, our results characterize imeglimin as a potential agent promoting energy expenditure and gut integrity, providing new insights into its mechanisms of action.",4 HFD vs 4 HFD+Imeglimin,38262576,,,850665,GPL24247,Mus musculus,GSE,Expression profiling by high throughput sequencing,2024/02/16,30,ftp://ftp.ncbi.nlm.nih.gov/geo/series/GSE255nnn/GSE255432/,Imeglimin improves systemic metabolism by targeting brown adipose tissue and gut microbiota in obese model mice.,Metabolism: clinical and experimental,2024 Apr,10.1016/j.metabol.2024.155796,OSD-244|Mmus_C57-6T_TMS_FLT_ISS-T_Rep8_F8,Space Flight
463,GSM3528545,0.9910065531730652,GSE124303,"Liver, Adipose Tissue, and Skeletal Muscle from adult male offspring of maternal nutrient restriction in mice",,,"Pregnant CD-1 mice were fed control (ad libitum) and 70% total food (g) (MNR) diets from E6.5-birth. At birth, litters with 11-15 pups were cross-fostered to ad libitum-fed mothers. At weaning, males were kept for analysis and fed ad libitum until 6 months when they were euthanized by CO2 necropsis for quadriceps femoris, right medial liver lobe and perigonadal adipose tissue. Tissues were frozen in liquid nitrogen until total RNA isolations were done on whole-tissue homogenate. Libraries were made with polyA enrichment and sequenced. Differential expression between maternal nutrition or glucose tolerance groups (glucose intolerant MNR, tolerant MNR, MNR with a high fasting blood glucose [IFBG] and controls).","Liver: control N=8 and MNR N= 19 (intolerant N=7, tolerant N=8, IMFB N=4), muscle: control N=8 and MNR N=21 (intolerant N=9, tolerant N=8, IMFB N=4), adipose tissue: control N=8 and MNR N=21 (intolerant N=9, tolerant N=8, IMFB=4)",,,,219107,GPL17021,Mus musculus,GSE,Expression profiling by high throughput sequencing,2019/12/19,138,ftp://ftp.ncbi.nlm.nih.gov/geo/series/GSE124nnn/GSE124303/,,,,,OSD-244|Mmus_C57-6T_TMS_FLT_ISS-T_Rep8_F8,Space Flight
464,GSM5416819,0.9902406930923462,GSE179394,Diet and exercise reduce pre-existing NASH and fibrosis and have additional beneficial effects on the vasculature#adipose tissue and skeletal muscle via organ-crosstalk,,,Background: Non-alcoholic steatohepatitis (NASH) has become one of the most common liver diseases and is still without approved pharmacotherapy. Lifestyle interventions using exercise and diet change remain the current treatment of choice and even a small weight loss (5-7%) can already have a beneficial effect on NASH. However#the underlying molecular mechanisms of exercise and diet interventions remain largely elusive#and it is unclear whether they exert their health effects via similar or different pathways.  Methods: Ldlr-/-.Leiden mice received a high fat diet (HFD) for 30 weeks to establish an advanced state of NASH/fibrosis with simultaneous atherosclerosis development. Groups of mice were then either left untreated (control group) or were treated for 20 weeks with exercise (running wheel)#diet change (switch to a low fat chow diet) or the combination thereof. The liver and distant organs including heart#white adipose tissue (WAT) and muscle were histologically examined. Comprehensive transcriptome analysis of liver#WAT and muscle revealed the organ-specific effects of exercise and diet and defined the underlying pathways.  Results: Exercise and dietary change significantly reduced body weight#fat mass#adipocyte size and improved myosteatosis and muscle function with additive effects of combination treatment. WAT inflammation was significantly improved by diet change#tended to be reduced with exercise#and combination therapy had no additive effect. Hepatic steatosis and inflammation were almost fully reversed by exercise and diet change#while hepatic fibrosis tended to be improved with exercise and was significantly improved with diet change. Additive effects for the combination therapy were shown for liver steatosis and associated liver lipids#and atherosclerosis#but not for hepatic inflammation and fibrosis. Pathway analysis revealed complementary effects on metabolic pathways and lipid handling processes#thereby substantiating the added value of combined lifestyle treatment.  Conclusions: Exercise#diet change and the combination thereof can reverse established NASH/fibrosis in obese Ldlr-/-.Leiden mice. In addition#the lifestyle interventions had beneficial effects on atherosclerosis#WAT inflammation and muscle function. For steatosis and other parameters related to adiposity or lipid metabolism#exercise and dietary change affected more distinct pathways that acted complementary when the interventions were combined resulting in an additive effect for the combination therapy on important endpoints including NASH and atherosclerosis. For inflammation#exercise and diet change shared several underlying pathways resulting in a net similar effect when the interventions were combined.,Ldlr-/-.Leiden mice received a high fat diet (HFD) for 30 weeks to establish an advanced state of NASH/fibrosis with simultaneous atherosclerosis development. Groups of mice were then either left untreated (control group) or were treated for 20 weeks with exercise (running wheel)#diet change (switch to a low fat chow diet) or the combination thereof. The liver and distant organs including heart#white adipose tissue (WAT) and muscle were histologically examined. Comprehensive transcriptome analysis of liver#WAT and muscle revealed the organ-specific effects of exercise and diet and defined the underlying pathways.,34478753;35897797,,,515825,GPL24247; GPL19057,Mus musculus,GSE,Expression profiling by high throughput sequencing,2021/07/10,138,ftp://ftp.ncbi.nlm.nih.gov/geo/series/GSE179nnn/GSE179394/,"Diet and exercise reduce pre-existing NASH and fibrosis and have additional beneficial effects on the vasculature, adipose tissue and skeletal muscle via organ-crosstalk.",Metabolism: clinical and experimental,2021 Nov,10.1016/j.metabol.2021.154873,OSD-244|Mmus_C57-6T_TMS_FLT_ISS-T_Rep8_F8,Space Flight
465,GSM6052511,0.9898948669433594,GSE201207,Defining the age-dependent and tissue-specific circadian transcriptome in male mice,,,"Cellular circadian clocks direct a daily transcriptional program that supports homeostasis. Emerging evidence supports age-associated changes in circadian functions. To define age-dependent changes at the systems level, we profiled the circadian transcriptome in the hypothalamus, lung, heart, kidney, skeletal muscle, and adrenal gland in 3 age groups. We found age-dependent and tissue-specific clock output changes. Aging reduced the number of rhythmically expressed genes (REGs), indicative of weakened circadian control. Many genes gained rhythmicity in old tissues, reflecting an adaptive response. REGs were enriched for the hallmarks of aging, adding a new dimension to understanding aging. Differential gene expression analysis found that there were temporally distinct clusters of genes in tissue-specific manner. This novel analysis extends the landscape of the understanding of aging. Increased daily gene expression variability is a common feature of aged tissues. Our data highlight the impact of aging on circadian function and temporal changes in gene expression.","Hypothalamus, lung, kidney, skeletal muscle, heart, and adrenal gland tissues from Young (6mo), Aged (18mo), and Old (27mo) male mice were collected every 4h for 48h to characterize the circadian transcriptome changes with age. Two samples per age were collected and pooled for RNAseq analysis.",36640301,,,633551,GPL24247,Mus musculus,GSE,Expression profiling by high throughput sequencing,2023/01/10,216,ftp://ftp.ncbi.nlm.nih.gov/geo/series/GSE201nnn/GSE201207/,Defining the age-dependent and tissue-specific circadian transcriptome in male mice.,Cell reports,2023 Jan 31,10.1016/j.celrep.2022.111982,OSD-244|Mmus_C57-6T_TMS_FLT_ISS-T_Rep8_F8,Space Flight
466,GSM6235794,0.9895070791244507,GSE205931,Single-cell and bulk RNA sequencing of mouse atherosclerosis disease stage course,,,This SuperSeries is composed of the SubSeries listed below.,Refer to individual Series,37060905;41206594;41053866,,,653003,GPL21626; GPL24247,Mus musculus,GSE,Expression profiling by high throughput sequencing; Non-coding RNA profiling by high throughput sequencing,2023/03/17,157,ftp://ftp.ncbi.nlm.nih.gov/geo/series/GSE205nnn/GSE205931/,Dissecting the polygenic basis of atherosclerosis via disease-associated cell state signatures.,American journal of human genetics,2023 May 4,10.1016/j.ajhg.2023.03.013,OSD-244|Mmus_C57-6T_TMS_FLT_ISS-T_Rep8_F8,Space Flight
467,GSM5016693,0.9892721772193909,GSE164673,Novel biomarkers for a personalized managemnet of Type II Diabetes,,,This SuperSeries is composed of the SubSeries listed below.,Refer to individual Series,34634522,,,454935,GPL17021,Mus musculus,GSE,Expression profiling by high throughput sequencing,2021/11/24,296,ftp://ftp.ncbi.nlm.nih.gov/geo/series/GSE164nnn/GSE164673/,Plasma triacylglycerols are biomarkers of β-cell function in mice and humans.,Molecular metabolism,2021 Dec,10.1016/j.molmet.2021.101355,OSD-244|Mmus_C57-6T_TMS_FLT_ISS-T_Rep8_F8,Space Flight
468,GSM7009983,0.9892481565475464,GSE224023,Aldh1a2+ fibroblastic reticular cells regulate lymphocyte recruitment in omental milky spots,,,"Milky spots, lymphoid clusters present in visceral adipose tissue omentum, play central roles in the regulation of abdominal immunity. Milky spots exhibit hybrid nature between secondary lymph organs and ectopic lymphoid tissues, yet the mechanism of their development and maturation is poorly understood. Here, we identified a subset of fibroblastic reticular cells (FRCs) that are uniquely present in omental milky spots. These FRCs were characterized by the expression of retinoic acid converting enzyme, Aldh1a2, and endothelial cell marker, Tie2, in addition to canonical FRC-associated genes. Diphtheria toxin-mediated ablation of Aldh1a2+ FRCs resulted in the alteration in milky spot structure with a significant reduction in size and cellularity. Mechanistically, Aldh1a2+ FRCs regulated the display of chemokine CXCL12 on high endothelial venules (HEVs), which recruit blood-borne lymphocytes from circulation. We further found that Aldh1a2+ FRCs are required for the maintenance of peritoneal lymphocyte composition. These results illustrate the homeostatic roles of FRCs in the formation of non-classical lymphoid tissues.",RNA from whole omenta of WT and Postn-DTR mice at 5 days post DT injection was analyzed by RNA sequencing.,36880532,,,732495,GPL24247,Mus musculus,GSE,Expression profiling by high throughput sequencing,2023/02/14,2,ftp://ftp.ncbi.nlm.nih.gov/geo/series/GSE224nnn/GSE224023/,Aldh1a2 + fibroblastic reticular cells regulate lymphocyte recruitment in omental milky spots.,The Journal of experimental medicine,2023 May 1,10.1084/jem.20221813,OSD-244|Mmus_C57-6T_TMS_FLT_ISS-T_Rep8_F8,Space Flight
469,GSM6900220,0.989069938659668,GSE221821,Liensinine improves AngII induced vascular remodeling via MAPK/TGF-β/Smad signaling pathway,,,The objective of this study was to compare blank control mice (NS V) with AngII-induced hypertensive mice (AngII V). Angii-induced hypertensive mice (AngII V) and liensinine intervention group (Lien V); Different genes expressed in vascular tissue and identify new targets for reversing hypertension-induced vascular remodeling.,"RNA sequencing was performed on the vascular tissues of NS, AngII and Lien groups (n = 5 in each group) at 10 weeks of age to identify different expression genes and related pathways.",,,,717781,GPL21103,Mus musculus,GSE,Expression profiling by high throughput sequencing,2022/12/30,15,ftp://ftp.ncbi.nlm.nih.gov/geo/series/GSE221nnn/GSE221821/,,,,,OSD-244|Mmus_C57-6T_TMS_FLT_ISS-T_Rep8_F8,Space Flight
470,GSM3720114,0.9927670955657959,GSE129689,RNA sequencing of mouse carotid arteries after sacubitril/valsartan treatment,,,"Purpose: To get insight into mouse strain-dependent differences in vascular remodeling, we analyzed gene expression profiles of the ligated carotid arteries after interventions in C57BL/6J and 129X1/SvJ mice Methods: mRNA isolations from snap-frozen single carotids (n=3 per group) were conducted. Tissue homogenization by Next Advance Bullet Blender with zirconium oxide beads and Trizol. Total RNA isolation using Trizol and Qiagen RNeasy Micro kit. Results: Multiple quality controls showed a reliable RNAseq of mRNAs from the ligated carotid arteries. Specifically, there was less than 2.6% drop in reads that ranged between 26.5 to 37.7 million reads. We found a good alignment and mapping to a mouse genome (82.4 - 91.0%) in this RNAseq study. A differential gene expression analysis was done by DESeq2-1.16.1 within R-3.4.1 for data normalization and differential expression analysis with an adjusted p-value threshold of 0.05 on each set of raw expression measures. Conclusions: Our study shows significant differences in gene expression signatures in carotid arteries from two inbred mouse strains after sacubitril/valsartan treatment. We conclude that genetic background determines efficacy of the sacubitril/valsartan in mice.","Mouse carotid artery mRNA profiles of C57BL/6J and 129X1/SvJ mice after two treatment regimen of vehicle, valsartan or sacubitril/valsartan were generated by deep sequencing, in triplicate, using Illumina HiSeq2500v4 high-throughput DNA sequencer.",31077344,,,252304,GPL17021,Mus musculus,GSE,Expression profiling by high throughput sequencing,2020/04/10,36,ftp://ftp.ncbi.nlm.nih.gov/geo/series/GSE129nnn/GSE129689/,Strain-selective efficacy of sacubitril/valsartan on carotid fibrosis in response to injury in two inbred mouse strains.,British journal of pharmacology,2019 Aug,10.1111/bph.14708,OSD-244|Mmus_C57-6T_TMS_FLT_ISS-T_Rep9_F9,Space Flight
471,GSM4263018,0.9904953241348267,,,,,,,,,,331846,,,,,,,,,,,,OSD-244|Mmus_C57-6T_TMS_FLT_ISS-T_Rep9_F9,Space Flight
472,GSM2643073,0.9896012544631958,,,,,,,,,,113751,,,,,,,,,,,,OSD-244|Mmus_C57-6T_TMS_FLT_ISS-T_Rep9_F9,Space Flight
473,GSM4263017,0.9888437986373901,,,,,,,,,,331845,,,,,,,,,,,,OSD-244|Mmus_C57-6T_TMS_FLT_ISS-T_Rep9_F9,Space Flight
474,GSM4263019,0.988832414150238,,,,,,,,,,331847,,,,,,,,,,,,OSD-244|Mmus_C57-6T_TMS_FLT_ISS-T_Rep9_F9,Space Flight
475,GSM6070906,0.9886040687561035,GSE201760,Triple therapy reduced metastasis in triple-negative breast cancer.,,,"Purpose: To understand the underlying mechanisms of oncolytic virus therapy in breast cancer. Methods: The primary tumors of 4T1 in BALB/C mice were exstracted and analyzed by RNA-seq. Results: In consistent with previous studies, we found some anti-tumor factors were up-regulated. Interestingly, several immunosupressive genes were activited. Conclusion: Our study identified the intercellular and intracellular factors restricting the optimized oHSV efficacy and supported the rationally designed triple therapy for clinical translation.","Breast tumors in BALB/C mice were extracted, followed by RNA-seq. There were 4 groups, and 4 mice per group. Control group: Intratumoral and intraperitoneal injection of PBS. Ab group: Intraperitoneal injection of PD-1 antibody. Dual group: Intratumoral injection of oHSV and intraperitoneal injection of OLA. Triplet group: Intratumoral injection of oHSV and intraperitoneal injection of OLA and PD-1 antibody.",,,,635005,GPL24247,Mus musculus,GSE,Expression profiling by high throughput sequencing,2023/05/01,16,ftp://ftp.ncbi.nlm.nih.gov/geo/series/GSE201nnn/GSE201760/,,,,,OSD-244|Mmus_C57-6T_TMS_FLT_ISS-T_Rep9_F9,Space Flight
476,GSM2973227,0.9884788393974304,GSE109883,Global gene expression profiling reveal distinct molecular profiles between p53-sensitive and p53-resistant T-cell lymphomas,,,"TP53 mutations occur in approximately 50% of all human tumors with increased frequency in aggressive cancers that are notoriously difficult to treat. Additionally, p53 missense mutations are remarkably predictive of refractoriness to chemo/radiotherapy in various malignancies. These observations have led to the development of mutant-p53 targeting agents that restore p53 function. An important unknown is which p53-mutant tumors will respond to p53 reactivation-based therapies. Here we found a heterogeneous impact on therapeutic response to p53 restoration, suggesting it will unlikely be effective as a single therapy. The goal of the study was to identify the pathways conferring resistance or sensitivity to genetic p53 restoration in tumors with a p53 missense mutaiton Results:We sequenced the transcriptome of tumors that were sensitive or resistant to p53 restoration and found that TNF signaling was activated in p53-sensitive tumors.",12 independent biological samples were analyzed to compare tumors that were sensitive (n=8) or resistant (n=4) to genetic p53 restoration,29440484,,,153007,GPL21493,Mus musculus,GSE,Expression profiling by high throughput sequencing,2018/05/01,12,ftp://ftp.ncbi.nlm.nih.gov/geo/series/GSE109nnn/GSE109883/,Synergistic and additive effect of retinoic acid in circumventing resistance to p53 restoration.,Proceedings of the National Academy of Sciences of the United States of America,2018 Feb 27,10.1073/pnas.1719001115,OSD-244|Mmus_C57-6T_TMS_FLT_ISS-T_Rep9_F9,Space Flight
477,GSM2360697,0.988253116607666,GSE89207,Candidate Gene Identification Through RNA-Seq Analysis of (TRAMP x J:DO) F1 Primary Tumors,,,RNA-seq analysis of 195 randomly selected (TRAMP x J:DO) F1 prostates that had been harvested at experimental termination (210 days or humane endpoints) was performed to identify metastasis associated transcriptomic changes,Total RNA expression profile of TRAMP x DO F1 prostate tumors,27916600,,,79178,GPL13112,Mus musculus,GSE,Expression profiling by high throughput sequencing,2017/01/01,281,ftp://ftp.ncbi.nlm.nih.gov/geo/series/GSE89nnn/GSE89207/,Mapping Complex Traits in a Diversity Outbred F1 Mouse Population Identifies Germline Modifiers of Metastasis in Human Prostate Cancer.,Cell systems,2017 Jan 25,10.1016/j.cels.2016.10.018,OSD-244|Mmus_C57-6T_TMS_FLT_ISS-T_Rep9_F9,Space Flight
478,GSM2973224,0.9880820512771606,GSE109883,Global gene expression profiling reveal distinct molecular profiles between p53-sensitive and p53-resistant T-cell lymphomas,,,"TP53 mutations occur in approximately 50% of all human tumors with increased frequency in aggressive cancers that are notoriously difficult to treat. Additionally, p53 missense mutations are remarkably predictive of refractoriness to chemo/radiotherapy in various malignancies. These observations have led to the development of mutant-p53 targeting agents that restore p53 function. An important unknown is which p53-mutant tumors will respond to p53 reactivation-based therapies. Here we found a heterogeneous impact on therapeutic response to p53 restoration, suggesting it will unlikely be effective as a single therapy. The goal of the study was to identify the pathways conferring resistance or sensitivity to genetic p53 restoration in tumors with a p53 missense mutaiton Results:We sequenced the transcriptome of tumors that were sensitive or resistant to p53 restoration and found that TNF signaling was activated in p53-sensitive tumors.",12 independent biological samples were analyzed to compare tumors that were sensitive (n=8) or resistant (n=4) to genetic p53 restoration,29440484,,,153004,GPL21493,Mus musculus,GSE,Expression profiling by high throughput sequencing,2018/05/01,12,ftp://ftp.ncbi.nlm.nih.gov/geo/series/GSE109nnn/GSE109883/,Synergistic and additive effect of retinoic acid in circumventing resistance to p53 restoration.,Proceedings of the National Academy of Sciences of the United States of America,2018 Feb 27,10.1073/pnas.1719001115,OSD-244|Mmus_C57-6T_TMS_FLT_ISS-T_Rep9_F9,Space Flight
479,GSM5704665,0.98799729347229,GSE189618,Mouse kidney-specific genes,,,Analysis of RNAs from multiple mouse tissues to find kidney-specific genes,"Total RNA obtained from isolated C57BL/6J mice, various tissues.",,,,573465,GPL21103,Mus musculus,GSE,Expression profiling by high throughput sequencing,2021/11/29,19,ftp://ftp.ncbi.nlm.nih.gov/geo/series/GSE189nnn/GSE189618/,,,,,OSD-244|Mmus_C57-6T_TMS_FLT_ISS-T_Rep9_F9,Space Flight
480,GSM4614041,0.9854176044464111,GSE152382,Expression profiles in multiple tissues of WT and Nrf2-knockout mouse under space filght,,,"To elucidate roles that Nrf2 plays in regulating adaptive responses to the space stress, one month-long space travel and RNA-seq analysis of six Nrf2-KO mice and six wild-type mice were conducted . After 31-days-stay in the ISS, all the flight mice returned safely to Earth. We found that Nrf2 was indeed activated by the space stress in various tissues. The space stress and Nrf2-deficiency brought about changes in gene expression.","mRNA profiling using multiple tissues including temporal bone, mandibularbone, spleen, liver, white and brown adipose tissues, kidney, thymus, and brain cerebullum of wild type (WT) and Nrf2-knockout (Nrf2KO) mice",32901092;34887485,,,379508,GPL17021,Mus musculus,GSE,Expression profiling by high throughput sequencing,2020/10/02,192,ftp://ftp.ncbi.nlm.nih.gov/geo/series/GSE152nnn/GSE152382/,Nrf2 contributes to the weight gain of mice during space travel.,Communications biology,2020 Sep 8,10.1038/s42003-020-01227-2,OSD-244|Mmus_C57-6T_TMS_FLT_LAR_Rep1_F1,Space Flight
481,GSM6022418,0.9849215149879456,GSE179798,Quantitative sequencing using BID-seq uncovers abundant pseudouridines in mammalian mRNA at base resolution,,,"Functional characterization of pseudouridine (Ψ) in mammalian messenger RNA (mRNA) has been hampered by the lack of a quantitative method that maps pseudouridine in the whole transcriptome. We report bisulfite-induced deletion sequencing (BID-seq) that utilizes a bisulfite-mediated reaction to stoichiometrically convert pseudouridine into deletion upon reverse transcription. BID-seq enabled detection of abundant pseudouridine sites with stoichiometry information in several human cell lines and 12 different mouse tissues using 10-20 ng input RNA. We uncovered consensus sequences for pseudouridine in mammalian mRNA and assigned different ‘writer’ proteins to individual pseudouridine deposition. Our results reveal a transcript stabilization role of Ψ sites installed by TRUB1 in human cancer cells. We also detected presence of Ψ within stop codons of mammalian mRNA, and confirmed the role of Ψ in promoting stop codon read-through in vivo. This new method for sensitive and comprehensive detection of Ψ sets the stage for future investigations of the roles of Ψ in diverse biological processes.","[dataset1] 20 samples (Sample 1-20): ""Input"" and ""Treated"" samples in BID-seq to detect pseudouridine in polyA+ RNA from HeLa cells of shControl and 8 human PUS synthase knockdown. (5′ SR Adapter: 5′-GUUCAGAGUUCUACAGUCCGACGAUC NNNNN-3′; See instructions of each sample about 3' SR Adapter sequences) [dataset3] 48 samples (Sample 41-88): ""Input"" and ""Treated"" samples in BID-seq to detect pseudouridine in polyA+ RNA from 12 mouse tissues. (5′ SR Adapter: 5′-GUUCAGAGUUCUACAGUCCGACGAUC NNNNN-3′; See instructions of each sample about 3' SR Adapter sequences) [dataset4] 18 samples (Sample 89-106): ""Input"" and ""Treated"" samples in BID-seq to detect pseudouridine in polyA+ RNA from wild-type HeLa, HEK293T and A549 cells. (5′ SR Adapter: 5′-GUUCAGAGUUCUACAGUCCGACGAUC-3′; See instructions of each sample about 3' SR Adapter sequences)",36302989;39789092,,,630045,GPL24676; GPL24247,Mus musculus; Homo sapiens,GSE,Expression profiling by high throughput sequencing,2022/09/05,86,ftp://ftp.ncbi.nlm.nih.gov/geo/series/GSE179nnn/GSE179798/,Quantitative sequencing using BID-seq uncovers abundant pseudouridines in mammalian mRNA at base resolution.,Nature biotechnology,2023 Mar,10.1038/s41587-022-01505-w,OSD-244|Mmus_C57-6T_TMS_FLT_LAR_Rep1_F1,Space Flight
482,GSM1917442,0.9848306179046631,GSE74333,Transcriptomics analysis of gene expression in multiple human and mouse cells and tissues,,,"RNA was isolated from siCTRL, siNSUN2 HeLa or 3T3-L1 cells, human cells (embryonic kidney T cell line 293T; colon cancer cell line HCT116; hepatocellular carcinoma cell line Huh7; embryonic lung fibroblast cell line MRC-5; glioma cell line SNB19), mouse cells (kidney collecting duct cell line M-1; cervical cancer cell line U14) and multiple mouse tissues using the TRIzol (Invitrogen) reagent by following the company manual. For all samples the RNA integrity was checked using an Agilent Bioanalyzer 2100. All samples showed a RIN (RNA integrity number) of higher than 9. Approximately 2.5 µg of total RNA was then used for library preparation using a TruSeq™ RNA Sample Prep Kit v2 (Illumina, San Diego, CA, USA) according to the manufacturer’s protocol.The libraries were sequenced using HiSeq2000 (Illumina) in paired-read mode, creating reads with a length of 101 bp. Sequencing chemistry v2 (Illumina) was used and samples were multiplexed in two samples per lane.",Examination of gene expressive levels in mammalian transcriptome,,,,50800,GPL21493; GPL11154; GPL13112,Mus musculus; Homo sapiens,GSE,Expression profiling by high throughput sequencing,2018/10/23,29,ftp://ftp.ncbi.nlm.nih.gov/geo/series/GSE74nnn/GSE74333/,,,,,OSD-244|Mmus_C57-6T_TMS_FLT_LAR_Rep1_F1,Space Flight
483,GSM4292064,0.9845594167709351,GSE144618,Inhibition of longevity regulator PAPP-A modulates tissue homeostasis via restraint of mesenchymal stromal cells,,,This SuperSeries is composed of the SubSeries listed below.,Refer to individual Series,33561324,,,334116,GPL21103,Mus musculus,GSE,Expression profiling by high throughput sequencing,2021/02/01,255,ftp://ftp.ncbi.nlm.nih.gov/geo/series/GSE144nnn/GSE144618/,Inhibition of longevity regulator PAPP-A modulates tissue homeostasis via restraint of mesenchymal stromal cells.,Aging cell,2021 Mar,10.1111/acel.13313,OSD-244|Mmus_C57-6T_TMS_FLT_LAR_Rep1_F1,Space Flight
484,GSM2453398,0.9835440516471863,GSE93469,polyA mRNA RNA-seq from thymus (ENCSR000CHK),,,"RNA-seq on 8 week adult mouse thymus For data usage terms and conditions, please refer to http://www.genome.gov/27528022 and http://www.genome.gov/Pages/Research/ENCODE/ENCODE_Data_Use_Policy_for_External_Users_03-07-14.pdf",https://www.encodeproject.org/ENCSR000CHK/,22955616,,,94270,GPL13112,Mus musculus,GSE,Expression profiling by high throughput sequencing,2017/02/03,2,ftp://ftp.ncbi.nlm.nih.gov/geo/series/GSE93nnn/GSE93469/,An integrated encyclopedia of DNA elements in the human genome.,Nature,2012 Sep 6,10.1038/nature11247,OSD-244|Mmus_C57-6T_TMS_FLT_LAR_Rep1_F1,Space Flight
485,GSM6022419,0.9834296703338623,GSE179798,Quantitative sequencing using BID-seq uncovers abundant pseudouridines in mammalian mRNA at base resolution,,,"Functional characterization of pseudouridine (Ψ) in mammalian messenger RNA (mRNA) has been hampered by the lack of a quantitative method that maps pseudouridine in the whole transcriptome. We report bisulfite-induced deletion sequencing (BID-seq) that utilizes a bisulfite-mediated reaction to stoichiometrically convert pseudouridine into deletion upon reverse transcription. BID-seq enabled detection of abundant pseudouridine sites with stoichiometry information in several human cell lines and 12 different mouse tissues using 10-20 ng input RNA. We uncovered consensus sequences for pseudouridine in mammalian mRNA and assigned different ‘writer’ proteins to individual pseudouridine deposition. Our results reveal a transcript stabilization role of Ψ sites installed by TRUB1 in human cancer cells. We also detected presence of Ψ within stop codons of mammalian mRNA, and confirmed the role of Ψ in promoting stop codon read-through in vivo. This new method for sensitive and comprehensive detection of Ψ sets the stage for future investigations of the roles of Ψ in diverse biological processes.","[dataset1] 20 samples (Sample 1-20): ""Input"" and ""Treated"" samples in BID-seq to detect pseudouridine in polyA+ RNA from HeLa cells of shControl and 8 human PUS synthase knockdown. (5′ SR Adapter: 5′-GUUCAGAGUUCUACAGUCCGACGAUC NNNNN-3′; See instructions of each sample about 3' SR Adapter sequences) [dataset3] 48 samples (Sample 41-88): ""Input"" and ""Treated"" samples in BID-seq to detect pseudouridine in polyA+ RNA from 12 mouse tissues. (5′ SR Adapter: 5′-GUUCAGAGUUCUACAGUCCGACGAUC NNNNN-3′; See instructions of each sample about 3' SR Adapter sequences) [dataset4] 18 samples (Sample 89-106): ""Input"" and ""Treated"" samples in BID-seq to detect pseudouridine in polyA+ RNA from wild-type HeLa, HEK293T and A549 cells. (5′ SR Adapter: 5′-GUUCAGAGUUCUACAGUCCGACGAUC-3′; See instructions of each sample about 3' SR Adapter sequences)",36302989;39789092,,,630046,GPL24676; GPL24247,Mus musculus; Homo sapiens,GSE,Expression profiling by high throughput sequencing,2022/09/05,86,ftp://ftp.ncbi.nlm.nih.gov/geo/series/GSE179nnn/GSE179798/,Quantitative sequencing using BID-seq uncovers abundant pseudouridines in mammalian mRNA at base resolution.,Nature biotechnology,2023 Mar,10.1038/s41587-022-01505-w,OSD-244|Mmus_C57-6T_TMS_FLT_LAR_Rep1_F1,Space Flight
486,GSM4614043,0.983283281326294,GSE152382,Expression profiles in multiple tissues of WT and Nrf2-knockout mouse under space filght,,,"To elucidate roles that Nrf2 plays in regulating adaptive responses to the space stress, one month-long space travel and RNA-seq analysis of six Nrf2-KO mice and six wild-type mice were conducted . After 31-days-stay in the ISS, all the flight mice returned safely to Earth. We found that Nrf2 was indeed activated by the space stress in various tissues. The space stress and Nrf2-deficiency brought about changes in gene expression.","mRNA profiling using multiple tissues including temporal bone, mandibularbone, spleen, liver, white and brown adipose tissues, kidney, thymus, and brain cerebullum of wild type (WT) and Nrf2-knockout (Nrf2KO) mice",32901092;34887485,,,379510,GPL17021,Mus musculus,GSE,Expression profiling by high throughput sequencing,2020/10/02,192,ftp://ftp.ncbi.nlm.nih.gov/geo/series/GSE152nnn/GSE152382/,Nrf2 contributes to the weight gain of mice during space travel.,Communications biology,2020 Sep 8,10.1038/s42003-020-01227-2,OSD-244|Mmus_C57-6T_TMS_FLT_LAR_Rep1_F1,Space Flight
487,GSM4195058,0.9831475615501404,GSE141112,The nature of the second hit defines tumor cell identity during developmental susceptibility to leukemia-associated ETV6-RUNX1,,,"ETV6-RUNX1 is associated with childhood B-cell acute lymphoblastic leukemia (B-ALL), but the consequence of ETV6-RUNX1 expression on cell lineage decision during B-cell leukemogenesis remains largely evasive. Clinically silent ETV6-RUNX1 preleukemic clones are frequently found in neonatal cord blood, but only a few carriers develop B-ALL as a result of the acquisition of secondary postnatal genetic hits, like KDM5C or PAX5 loss. However, understanding the mechanism involved in this transformation would advance the development of non-toxic prophylactic interventions to preleukemic carriers. Using genetic lineage tracing, we have examined the capacity of ETV6-RUNX1 in instructing a B-cell malignant phenotype. Restricted Cre-mediated activation of ETV6-RUNX1 from the endogenous Etv6 locus into B-cell precursors does not trigger B-ALL development. Similarly, concomitant transient ETV6-RUNX1 expression in hematopoietic progenitors close to restricted Cre-mediated introduction of second hit (Kdm5c loss) in B-cells fail to induce B-ALL. In contrast, targeting ETV6-RUNX1 in hematopoietic progenitors was required to induce leukemia. These mice develop either T-ALL or B-ALL, suggesting that the nature of the second hit may define tumor cell identity during ETV6-RUNX1 leukemogenesis.   In order to uncover a potential exclusive effect of the second hit in establishing the leukemic phenotype, we next showed that the introduction of the second hit, either Kdm5c or Pax5 loss, to the ETV6-RUNX1 preleukemic clone confers the tumor B-cell identity without need of environmental infection exposure. The resulting B-ALLs clustered according to the second-hit by RNA sequencing (RNA-Seq) analysis. Together these results provide a novel paradigm for the generation of tumor B cells through ETV6-RUNX1 in vivo where the second hit confers the tumor cell-identity to the ETV6-RUNX1 preleukemic clone. These findings could be relevant to develop new therapeutic approaches to prevent disease development.",Analysis of B-and T-ALL from different genetic mouse backgrounds,34336858,,,314307,GPL17021,Mus musculus,GSE,Expression profiling by high throughput sequencing,2021/05/06,27,ftp://ftp.ncbi.nlm.nih.gov/geo/series/GSE141nnn/GSE141112/,The Second Oncogenic Hit Determines the Cell Fate of ETV6-RUNX1 Positive Leukemia.,Frontiers in cell and developmental biology,2021,10.3389/fcell.2021.704591,OSD-244|Mmus_C57-6T_TMS_FLT_LAR_Rep1_F1,Space Flight
488,GSM4614045,0.9829028844833374,GSE152382,Expression profiles in multiple tissues of WT and Nrf2-knockout mouse under space filght,,,"To elucidate roles that Nrf2 plays in regulating adaptive responses to the space stress, one month-long space travel and RNA-seq analysis of six Nrf2-KO mice and six wild-type mice were conducted . After 31-days-stay in the ISS, all the flight mice returned safely to Earth. We found that Nrf2 was indeed activated by the space stress in various tissues. The space stress and Nrf2-deficiency brought about changes in gene expression.","mRNA profiling using multiple tissues including temporal bone, mandibularbone, spleen, liver, white and brown adipose tissues, kidney, thymus, and brain cerebullum of wild type (WT) and Nrf2-knockout (Nrf2KO) mice",32901092;34887485,,,379512,GPL17021,Mus musculus,GSE,Expression profiling by high throughput sequencing,2020/10/02,192,ftp://ftp.ncbi.nlm.nih.gov/geo/series/GSE152nnn/GSE152382/,Nrf2 contributes to the weight gain of mice during space travel.,Communications biology,2020 Sep 8,10.1038/s42003-020-01227-2,OSD-244|Mmus_C57-6T_TMS_FLT_LAR_Rep1_F1,Space Flight
489,GSM1489513,0.9827926158905029,GSE60827,RNA-Seq analysis comparing p53-null versus ΔNp63Δ/Δ;p53-null or ΔNp73Δ/Δ;p53-null thymic lymphoma tumors,,,We performed an RNA-Seq analysis comparing thymic lymphoma tissues from the p53-null(n=2) and ΔNp63Δ/Δ;p53-/- (n=3) or ΔNp73Δ/Δ;p53-/-(n=3). Mice at 10 weeks of age were injected with either Ad-mCherry or Ad-CRE-mCherry to delete ΔNp63/ΔNp73 in the thymic lmyphomas. We aimed to test by deleting the DNp63/DNp73 in these p53-deficient tumors will mediate tumor regression and analyze the expression profile of the genes,Examination of thymic lymphoma tissues in 3 different genotypes (p53-/- vs ΔNp63Δ/Δ;p53-/- or ΔNp73Δ/Δ;p53-/-),25409149,,,17574,GPL13112,Mus musculus,GSE,Expression profiling by high throughput sequencing,2014/11/19,8,ftp://ftp.ncbi.nlm.nih.gov/geo/series/GSE60nnn/GSE60827/,IAPP-driven metabolic reprogramming induces regression of p53-deficient tumours in vivo.,Nature,2015 Jan 29,10.1038/nature13910,OSD-244|Mmus_C57-6T_TMS_FLT_LAR_Rep1_F1,Space Flight
490,GSM4744728,0.9895973205566406,GSE156799,Compartment-specific transcriptomics of ozone-exposed murine lungs reveal sex- and cell type- associated perturbations relevant to mucoinflammatory lung diseases,,,"Ozone is known to cause lung injury and resident cells of the respiratory tract, i.e., epithelial cells and macrophages, respond to inhaled ozone in a variety of ways that affect their survival, morphology, and functioning. However, complete understanding of sex-associated and cell type-specific gene expression changes in response to ozone exposure is still limited. Through transcriptome profiling, we aimed to analyze gene expression alterations and biological pathways enrichment in three distinct cell type-enriched compartments of ozone-exposed murine lungs. We chronically exposed adult males and females to 0.8ppm ozone or filtered air.  RNA-Seq was performed on airway epithelium-enriched airways, parenchyma, and purified airspace macrophages. Differential gene expression and biological pathway analyses were performed and supported by cellular and immunohistochemical analyses. While majority of differentially expressed genes (DEGs) in ozone-exposed versus air-exposed groups were common between both sexes, sex-specific DEGs were also identified in all the three tissue compartments. As compared to ozone-exposed males, ozone-exposed females had significant alterations in gene expression in three compartments. Pathways relevant to cell division and DNA repair were enriched in the ozone-exposed airways indicating ozone-induced airway injury and repair which was further supported by immunohistochemical analyses. In addition to cell division and DNA repair pathways, inflammatory pathways were also enriched within the parenchyma supporting contribution by both epithelial and immune cells. Finally, immune response and cytokine-cytokine receptor interactions were enriched in macrophages, indicating ozone-induced macrophage activation. Lastly, our analyses also revealed the overall upregulation of mucoinflammation and mucous cell metaplasia-associated pathways.","We chronically exposed adult males and females to 0.8ppm ozone or filtered air.  RNA-Seq was performed on airway epithelium-enriched airways, parenchyma, and purified airspace macrophages.",,,,411813,GPL24247,Mus musculus,GSE,Expression profiling by high throughput sequencing,2020/08/25,48,ftp://ftp.ncbi.nlm.nih.gov/geo/series/GSE156nnn/GSE156799/,,,,,OSD-244|Mmus_C57-6T_TMS_FLT_LAR_Rep2_F2,Space Flight
491,GSM4960158,0.9895104169845581,GSE162803,"Stat1 activation, through systemic interferon signaling, and upregulation of innate immune system receptors drives inflammaging, that is ameliorated by dietary restriction intervention",,,This SuperSeries is composed of the SubSeries listed below.,Refer to individual Series,35767948,,,438600,GPL19057,Mus musculus,GSE,Genome binding/occupancy profiling by high throughput sequencing; Expression profiling by high throughput sequencing,2022/08/25,102,ftp://ftp.ncbi.nlm.nih.gov/geo/series/GSE162nnn/GSE162803/,Inflammaging is driven by upregulation of innate immune receptors and systemic interferon signaling and is ameliorated by dietary restriction.,Cell reports,2022 Jun 28,10.1016/j.celrep.2022.111017,OSD-244|Mmus_C57-6T_TMS_FLT_LAR_Rep2_F2,Space Flight
492,GSM4744737,0.9889587163925171,GSE156799,Compartment-specific transcriptomics of ozone-exposed murine lungs reveal sex- and cell type- associated perturbations relevant to mucoinflammatory lung diseases,,,"Ozone is known to cause lung injury and resident cells of the respiratory tract, i.e., epithelial cells and macrophages, respond to inhaled ozone in a variety of ways that affect their survival, morphology, and functioning. However, complete understanding of sex-associated and cell type-specific gene expression changes in response to ozone exposure is still limited. Through transcriptome profiling, we aimed to analyze gene expression alterations and biological pathways enrichment in three distinct cell type-enriched compartments of ozone-exposed murine lungs. We chronically exposed adult males and females to 0.8ppm ozone or filtered air.  RNA-Seq was performed on airway epithelium-enriched airways, parenchyma, and purified airspace macrophages. Differential gene expression and biological pathway analyses were performed and supported by cellular and immunohistochemical analyses. While majority of differentially expressed genes (DEGs) in ozone-exposed versus air-exposed groups were common between both sexes, sex-specific DEGs were also identified in all the three tissue compartments. As compared to ozone-exposed males, ozone-exposed females had significant alterations in gene expression in three compartments. Pathways relevant to cell division and DNA repair were enriched in the ozone-exposed airways indicating ozone-induced airway injury and repair which was further supported by immunohistochemical analyses. In addition to cell division and DNA repair pathways, inflammatory pathways were also enriched within the parenchyma supporting contribution by both epithelial and immune cells. Finally, immune response and cytokine-cytokine receptor interactions were enriched in macrophages, indicating ozone-induced macrophage activation. Lastly, our analyses also revealed the overall upregulation of mucoinflammation and mucous cell metaplasia-associated pathways.","We chronically exposed adult males and females to 0.8ppm ozone or filtered air.  RNA-Seq was performed on airway epithelium-enriched airways, parenchyma, and purified airspace macrophages.",,,,411822,GPL24247,Mus musculus,GSE,Expression profiling by high throughput sequencing,2020/08/25,48,ftp://ftp.ncbi.nlm.nih.gov/geo/series/GSE156nnn/GSE156799/,,,,,OSD-244|Mmus_C57-6T_TMS_FLT_LAR_Rep2_F2,Space Flight
493,GSM4744729,0.9882590770721436,GSE156799,Compartment-specific transcriptomics of ozone-exposed murine lungs reveal sex- and cell type- associated perturbations relevant to mucoinflammatory lung diseases,,,"Ozone is known to cause lung injury and resident cells of the respiratory tract, i.e., epithelial cells and macrophages, respond to inhaled ozone in a variety of ways that affect their survival, morphology, and functioning. However, complete understanding of sex-associated and cell type-specific gene expression changes in response to ozone exposure is still limited. Through transcriptome profiling, we aimed to analyze gene expression alterations and biological pathways enrichment in three distinct cell type-enriched compartments of ozone-exposed murine lungs. We chronically exposed adult males and females to 0.8ppm ozone or filtered air.  RNA-Seq was performed on airway epithelium-enriched airways, parenchyma, and purified airspace macrophages. Differential gene expression and biological pathway analyses were performed and supported by cellular and immunohistochemical analyses. While majority of differentially expressed genes (DEGs) in ozone-exposed versus air-exposed groups were common between both sexes, sex-specific DEGs were also identified in all the three tissue compartments. As compared to ozone-exposed males, ozone-exposed females had significant alterations in gene expression in three compartments. Pathways relevant to cell division and DNA repair were enriched in the ozone-exposed airways indicating ozone-induced airway injury and repair which was further supported by immunohistochemical analyses. In addition to cell division and DNA repair pathways, inflammatory pathways were also enriched within the parenchyma supporting contribution by both epithelial and immune cells. Finally, immune response and cytokine-cytokine receptor interactions were enriched in macrophages, indicating ozone-induced macrophage activation. Lastly, our analyses also revealed the overall upregulation of mucoinflammation and mucous cell metaplasia-associated pathways.","We chronically exposed adult males and females to 0.8ppm ozone or filtered air.  RNA-Seq was performed on airway epithelium-enriched airways, parenchyma, and purified airspace macrophages.",,,,411814,GPL24247,Mus musculus,GSE,Expression profiling by high throughput sequencing,2020/08/25,48,ftp://ftp.ncbi.nlm.nih.gov/geo/series/GSE156nnn/GSE156799/,,,,,OSD-244|Mmus_C57-6T_TMS_FLT_LAR_Rep2_F2,Space Flight
494,GSM4744733,0.9877491593360901,GSE156799,Compartment-specific transcriptomics of ozone-exposed murine lungs reveal sex- and cell type- associated perturbations relevant to mucoinflammatory lung diseases,,,"Ozone is known to cause lung injury and resident cells of the respiratory tract, i.e., epithelial cells and macrophages, respond to inhaled ozone in a variety of ways that affect their survival, morphology, and functioning. However, complete understanding of sex-associated and cell type-specific gene expression changes in response to ozone exposure is still limited. Through transcriptome profiling, we aimed to analyze gene expression alterations and biological pathways enrichment in three distinct cell type-enriched compartments of ozone-exposed murine lungs. We chronically exposed adult males and females to 0.8ppm ozone or filtered air.  RNA-Seq was performed on airway epithelium-enriched airways, parenchyma, and purified airspace macrophages. Differential gene expression and biological pathway analyses were performed and supported by cellular and immunohistochemical analyses. While majority of differentially expressed genes (DEGs) in ozone-exposed versus air-exposed groups were common between both sexes, sex-specific DEGs were also identified in all the three tissue compartments. As compared to ozone-exposed males, ozone-exposed females had significant alterations in gene expression in three compartments. Pathways relevant to cell division and DNA repair were enriched in the ozone-exposed airways indicating ozone-induced airway injury and repair which was further supported by immunohistochemical analyses. In addition to cell division and DNA repair pathways, inflammatory pathways were also enriched within the parenchyma supporting contribution by both epithelial and immune cells. Finally, immune response and cytokine-cytokine receptor interactions were enriched in macrophages, indicating ozone-induced macrophage activation. Lastly, our analyses also revealed the overall upregulation of mucoinflammation and mucous cell metaplasia-associated pathways.","We chronically exposed adult males and females to 0.8ppm ozone or filtered air.  RNA-Seq was performed on airway epithelium-enriched airways, parenchyma, and purified airspace macrophages.",,,,411818,GPL24247,Mus musculus,GSE,Expression profiling by high throughput sequencing,2020/08/25,48,ftp://ftp.ncbi.nlm.nih.gov/geo/series/GSE156nnn/GSE156799/,,,,,OSD-244|Mmus_C57-6T_TMS_FLT_LAR_Rep2_F2,Space Flight
495,GSM4744742,0.9876025915145874,GSE156799,Compartment-specific transcriptomics of ozone-exposed murine lungs reveal sex- and cell type- associated perturbations relevant to mucoinflammatory lung diseases,,,"Ozone is known to cause lung injury and resident cells of the respiratory tract, i.e., epithelial cells and macrophages, respond to inhaled ozone in a variety of ways that affect their survival, morphology, and functioning. However, complete understanding of sex-associated and cell type-specific gene expression changes in response to ozone exposure is still limited. Through transcriptome profiling, we aimed to analyze gene expression alterations and biological pathways enrichment in three distinct cell type-enriched compartments of ozone-exposed murine lungs. We chronically exposed adult males and females to 0.8ppm ozone or filtered air.  RNA-Seq was performed on airway epithelium-enriched airways, parenchyma, and purified airspace macrophages. Differential gene expression and biological pathway analyses were performed and supported by cellular and immunohistochemical analyses. While majority of differentially expressed genes (DEGs) in ozone-exposed versus air-exposed groups were common between both sexes, sex-specific DEGs were also identified in all the three tissue compartments. As compared to ozone-exposed males, ozone-exposed females had significant alterations in gene expression in three compartments. Pathways relevant to cell division and DNA repair were enriched in the ozone-exposed airways indicating ozone-induced airway injury and repair which was further supported by immunohistochemical analyses. In addition to cell division and DNA repair pathways, inflammatory pathways were also enriched within the parenchyma supporting contribution by both epithelial and immune cells. Finally, immune response and cytokine-cytokine receptor interactions were enriched in macrophages, indicating ozone-induced macrophage activation. Lastly, our analyses also revealed the overall upregulation of mucoinflammation and mucous cell metaplasia-associated pathways.","We chronically exposed adult males and females to 0.8ppm ozone or filtered air.  RNA-Seq was performed on airway epithelium-enriched airways, parenchyma, and purified airspace macrophages.",,,,411827,GPL24247,Mus musculus,GSE,Expression profiling by high throughput sequencing,2020/08/25,48,ftp://ftp.ncbi.nlm.nih.gov/geo/series/GSE156nnn/GSE156799/,,,,,OSD-244|Mmus_C57-6T_TMS_FLT_LAR_Rep2_F2,Space Flight
496,GSM4744734,0.987542986869812,GSE156799,Compartment-specific transcriptomics of ozone-exposed murine lungs reveal sex- and cell type- associated perturbations relevant to mucoinflammatory lung diseases,,,"Ozone is known to cause lung injury and resident cells of the respiratory tract, i.e., epithelial cells and macrophages, respond to inhaled ozone in a variety of ways that affect their survival, morphology, and functioning. However, complete understanding of sex-associated and cell type-specific gene expression changes in response to ozone exposure is still limited. Through transcriptome profiling, we aimed to analyze gene expression alterations and biological pathways enrichment in three distinct cell type-enriched compartments of ozone-exposed murine lungs. We chronically exposed adult males and females to 0.8ppm ozone or filtered air.  RNA-Seq was performed on airway epithelium-enriched airways, parenchyma, and purified airspace macrophages. Differential gene expression and biological pathway analyses were performed and supported by cellular and immunohistochemical analyses. While majority of differentially expressed genes (DEGs) in ozone-exposed versus air-exposed groups were common between both sexes, sex-specific DEGs were also identified in all the three tissue compartments. As compared to ozone-exposed males, ozone-exposed females had significant alterations in gene expression in three compartments. Pathways relevant to cell division and DNA repair were enriched in the ozone-exposed airways indicating ozone-induced airway injury and repair which was further supported by immunohistochemical analyses. In addition to cell division and DNA repair pathways, inflammatory pathways were also enriched within the parenchyma supporting contribution by both epithelial and immune cells. Finally, immune response and cytokine-cytokine receptor interactions were enriched in macrophages, indicating ozone-induced macrophage activation. Lastly, our analyses also revealed the overall upregulation of mucoinflammation and mucous cell metaplasia-associated pathways.","We chronically exposed adult males and females to 0.8ppm ozone or filtered air.  RNA-Seq was performed on airway epithelium-enriched airways, parenchyma, and purified airspace macrophages.",,,,411819,GPL24247,Mus musculus,GSE,Expression profiling by high throughput sequencing,2020/08/25,48,ftp://ftp.ncbi.nlm.nih.gov/geo/series/GSE156nnn/GSE156799/,,,,,OSD-244|Mmus_C57-6T_TMS_FLT_LAR_Rep2_F2,Space Flight
497,GSM7729596,0.9869515299797058,GSE241477,A genetically engineered mouse model of NUT carcinoma,,,This SuperSeries is composed of the SubSeries listed below.,Refer to individual Series,37819236,,,813958,GPL24247; GPL24676,Mus musculus; Homo sapiens,GSE,Expression profiling by high throughput sequencing; Genome binding/occupancy profiling by high throughput sequencing,2023/10/04,76,ftp://ftp.ncbi.nlm.nih.gov/geo/series/GSE241nnn/GSE241477/,The BRD4-NUT Fusion Alone Drives Malignant Transformation of NUT Carcinoma.,Cancer research,2023 Dec 1,10.1158/0008-5472.CAN-23-2545,OSD-244|Mmus_C57-6T_TMS_FLT_LAR_Rep2_F2,Space Flight
498,GSM4744738,0.986762285232544,GSE156799,Compartment-specific transcriptomics of ozone-exposed murine lungs reveal sex- and cell type- associated perturbations relevant to mucoinflammatory lung diseases,,,"Ozone is known to cause lung injury and resident cells of the respiratory tract, i.e., epithelial cells and macrophages, respond to inhaled ozone in a variety of ways that affect their survival, morphology, and functioning. However, complete understanding of sex-associated and cell type-specific gene expression changes in response to ozone exposure is still limited. Through transcriptome profiling, we aimed to analyze gene expression alterations and biological pathways enrichment in three distinct cell type-enriched compartments of ozone-exposed murine lungs. We chronically exposed adult males and females to 0.8ppm ozone or filtered air.  RNA-Seq was performed on airway epithelium-enriched airways, parenchyma, and purified airspace macrophages. Differential gene expression and biological pathway analyses were performed and supported by cellular and immunohistochemical analyses. While majority of differentially expressed genes (DEGs) in ozone-exposed versus air-exposed groups were common between both sexes, sex-specific DEGs were also identified in all the three tissue compartments. As compared to ozone-exposed males, ozone-exposed females had significant alterations in gene expression in three compartments. Pathways relevant to cell division and DNA repair were enriched in the ozone-exposed airways indicating ozone-induced airway injury and repair which was further supported by immunohistochemical analyses. In addition to cell division and DNA repair pathways, inflammatory pathways were also enriched within the parenchyma supporting contribution by both epithelial and immune cells. Finally, immune response and cytokine-cytokine receptor interactions were enriched in macrophages, indicating ozone-induced macrophage activation. Lastly, our analyses also revealed the overall upregulation of mucoinflammation and mucous cell metaplasia-associated pathways.","We chronically exposed adult males and females to 0.8ppm ozone or filtered air.  RNA-Seq was performed on airway epithelium-enriched airways, parenchyma, and purified airspace macrophages.",,,,411823,GPL24247,Mus musculus,GSE,Expression profiling by high throughput sequencing,2020/08/25,48,ftp://ftp.ncbi.nlm.nih.gov/geo/series/GSE156nnn/GSE156799/,,,,,OSD-244|Mmus_C57-6T_TMS_FLT_LAR_Rep2_F2,Space Flight
499,GSM5699415,0.9865634441375732,GSE189336,Persistent inflammation and nitric oxide dysregulation are transcriptomic blueprints of subglottic stenosis,,,"Subglottic stenosis (SGS) is a recurrent, obstructive, fibroinflammatory disease of the upper airway resulting in severe dyspnea, dysphonia, as well as other potentially fatal complications. Although aberrant inflammation and wound-healing are commonly associated with pathogenesis, the mechanism through which such processes occur and recur in affected patients remains poorly studied. Here we report that transcriptomic profiling of laryngotracheal regions from minimally-invasive mucosal swabs of SGS patients reveals a distinctively pro-inflammatory gene signature. Surprisingly, comparative genomics between SGS patients and mice with direct laryngotracheal injury suggest that SGS patients bear more resemblance to the acute than chronic phase of injury. Furthermore, functional and regulatory network analyses identify neutrophilic involvement through hyper-activation of NF-κB and its downstream inflammasome as a potential master regulator. Interestingly, nitric oxide synthesis was found to be downregulated in SGS patients compared to healthy controls. Thus, SGS represents a state of immunodeficiency whereby defective immune clearance triggers recurrent, long-lasting production of pro-inflammatory cytokines.",Transcriptomic profiling (RNA-seq) of human laryngotracheal swabs and murine tracheas. NEBNext® Ultra™ II RNA Library Prep Kit for Illumina® and sequenced by Novogene.,34987502,,,572659,GPL24676; GPL24247,Homo sapiens; Mus musculus,GSE,Expression profiling by high throughput sequencing,2021/12/14,35,ftp://ftp.ncbi.nlm.nih.gov/geo/series/GSE189nnn/GSE189336/,Persistent Inflammation and Nitric Oxide Dysregulation Are Transcriptomic Blueprints of Subglottic Stenosis.,Frontiers in immunology,2021,10.3389/fimmu.2021.748533,OSD-244|Mmus_C57-6T_TMS_FLT_LAR_Rep2_F2,Space Flight
500,GSM3022089,0.9914442896842957,GSE111091,Establishing a preclinical model of squamous lung cancer to investigate of novel chemopreventive approaches in high risk individuals with bronchial premalignant lesion,,,"Lung cancer is the leading cause of cancer mortality due to limited diagnosis and interception of disease at its earliest curable stages. We have identified transcriptional alterations in epithelial and immune pathways in human lung squamous premalignant lesions (PMLs).  To investigate the molecular alterations identified and test prevention strategies pre-clinical models are required. The carcinogen induced N-nitroso-tris-chloroethylurea (NTCU) mouse model of lung squamous cell carcinoma (LUSC) is a promising model that develops histologically comparable lung PMLs to those that precede LUSC development in humans; however, the associated molecular alterations and immune environment driving PML and LUSC development in this model have not been well characterized.","To characterize the NTCU model we chose to examine the lesions that developed in 2 strains of mice, SWR/J and A/J, which are sensitive to developing LUSC, as not all mouse strains develop disease with treatment of NTCU. Additionally, we selected mice treated with varying total doses of NTCU ranging from 14-50 umol, where treatments with 40 or 80 mmol/L of NTCU were topically administered for 14-25 weeks.  The range of doses allowed for the isolation of RNA from a range of lesions across both strains. We additionally included normal airway from mice treated with vehicle control (acetone).",31015447,,,155980,GPL17021,Mus musculus,GSE,Expression profiling by high throughput sequencing,2019/03/05,40,ftp://ftp.ncbi.nlm.nih.gov/geo/series/GSE111nnn/GSE111091/,Molecular subtyping reveals immune alterations associated with progression of bronchial premalignant lesions.,Nature communications,2019 Apr 23,10.1038/s41467-019-09834-2,OSD-244|Mmus_C57-6T_TMS_FLT_LAR_Rep3_F4,Space Flight
501,GSM4744728,0.9911656975746155,GSE156799,Compartment-specific transcriptomics of ozone-exposed murine lungs reveal sex- and cell type- associated perturbations relevant to mucoinflammatory lung diseases,,,"Ozone is known to cause lung injury and resident cells of the respiratory tract, i.e., epithelial cells and macrophages, respond to inhaled ozone in a variety of ways that affect their survival, morphology, and functioning. However, complete understanding of sex-associated and cell type-specific gene expression changes in response to ozone exposure is still limited. Through transcriptome profiling, we aimed to analyze gene expression alterations and biological pathways enrichment in three distinct cell type-enriched compartments of ozone-exposed murine lungs. We chronically exposed adult males and females to 0.8ppm ozone or filtered air.  RNA-Seq was performed on airway epithelium-enriched airways, parenchyma, and purified airspace macrophages. Differential gene expression and biological pathway analyses were performed and supported by cellular and immunohistochemical analyses. While majority of differentially expressed genes (DEGs) in ozone-exposed versus air-exposed groups were common between both sexes, sex-specific DEGs were also identified in all the three tissue compartments. As compared to ozone-exposed males, ozone-exposed females had significant alterations in gene expression in three compartments. Pathways relevant to cell division and DNA repair were enriched in the ozone-exposed airways indicating ozone-induced airway injury and repair which was further supported by immunohistochemical analyses. In addition to cell division and DNA repair pathways, inflammatory pathways were also enriched within the parenchyma supporting contribution by both epithelial and immune cells. Finally, immune response and cytokine-cytokine receptor interactions were enriched in macrophages, indicating ozone-induced macrophage activation. Lastly, our analyses also revealed the overall upregulation of mucoinflammation and mucous cell metaplasia-associated pathways.","We chronically exposed adult males and females to 0.8ppm ozone or filtered air.  RNA-Seq was performed on airway epithelium-enriched airways, parenchyma, and purified airspace macrophages.",,,,411813,GPL24247,Mus musculus,GSE,Expression profiling by high throughput sequencing,2020/08/25,48,ftp://ftp.ncbi.nlm.nih.gov/geo/series/GSE156nnn/GSE156799/,,,,,OSD-244|Mmus_C57-6T_TMS_FLT_LAR_Rep3_F4,Space Flight
502,GSM4744742,0.9911369681358337,GSE156799,Compartment-specific transcriptomics of ozone-exposed murine lungs reveal sex- and cell type- associated perturbations relevant to mucoinflammatory lung diseases,,,"Ozone is known to cause lung injury and resident cells of the respiratory tract, i.e., epithelial cells and macrophages, respond to inhaled ozone in a variety of ways that affect their survival, morphology, and functioning. However, complete understanding of sex-associated and cell type-specific gene expression changes in response to ozone exposure is still limited. Through transcriptome profiling, we aimed to analyze gene expression alterations and biological pathways enrichment in three distinct cell type-enriched compartments of ozone-exposed murine lungs. We chronically exposed adult males and females to 0.8ppm ozone or filtered air.  RNA-Seq was performed on airway epithelium-enriched airways, parenchyma, and purified airspace macrophages. Differential gene expression and biological pathway analyses were performed and supported by cellular and immunohistochemical analyses. While majority of differentially expressed genes (DEGs) in ozone-exposed versus air-exposed groups were common between both sexes, sex-specific DEGs were also identified in all the three tissue compartments. As compared to ozone-exposed males, ozone-exposed females had significant alterations in gene expression in three compartments. Pathways relevant to cell division and DNA repair were enriched in the ozone-exposed airways indicating ozone-induced airway injury and repair which was further supported by immunohistochemical analyses. In addition to cell division and DNA repair pathways, inflammatory pathways were also enriched within the parenchyma supporting contribution by both epithelial and immune cells. Finally, immune response and cytokine-cytokine receptor interactions were enriched in macrophages, indicating ozone-induced macrophage activation. Lastly, our analyses also revealed the overall upregulation of mucoinflammation and mucous cell metaplasia-associated pathways.","We chronically exposed adult males and females to 0.8ppm ozone or filtered air.  RNA-Seq was performed on airway epithelium-enriched airways, parenchyma, and purified airspace macrophages.",,,,411827,GPL24247,Mus musculus,GSE,Expression profiling by high throughput sequencing,2020/08/25,48,ftp://ftp.ncbi.nlm.nih.gov/geo/series/GSE156nnn/GSE156799/,,,,,OSD-244|Mmus_C57-6T_TMS_FLT_LAR_Rep3_F4,Space Flight
503,GSM4744737,0.9910279512405396,GSE156799,Compartment-specific transcriptomics of ozone-exposed murine lungs reveal sex- and cell type- associated perturbations relevant to mucoinflammatory lung diseases,,,"Ozone is known to cause lung injury and resident cells of the respiratory tract, i.e., epithelial cells and macrophages, respond to inhaled ozone in a variety of ways that affect their survival, morphology, and functioning. However, complete understanding of sex-associated and cell type-specific gene expression changes in response to ozone exposure is still limited. Through transcriptome profiling, we aimed to analyze gene expression alterations and biological pathways enrichment in three distinct cell type-enriched compartments of ozone-exposed murine lungs. We chronically exposed adult males and females to 0.8ppm ozone or filtered air.  RNA-Seq was performed on airway epithelium-enriched airways, parenchyma, and purified airspace macrophages. Differential gene expression and biological pathway analyses were performed and supported by cellular and immunohistochemical analyses. While majority of differentially expressed genes (DEGs) in ozone-exposed versus air-exposed groups were common between both sexes, sex-specific DEGs were also identified in all the three tissue compartments. As compared to ozone-exposed males, ozone-exposed females had significant alterations in gene expression in three compartments. Pathways relevant to cell division and DNA repair were enriched in the ozone-exposed airways indicating ozone-induced airway injury and repair which was further supported by immunohistochemical analyses. In addition to cell division and DNA repair pathways, inflammatory pathways were also enriched within the parenchyma supporting contribution by both epithelial and immune cells. Finally, immune response and cytokine-cytokine receptor interactions were enriched in macrophages, indicating ozone-induced macrophage activation. Lastly, our analyses also revealed the overall upregulation of mucoinflammation and mucous cell metaplasia-associated pathways.","We chronically exposed adult males and females to 0.8ppm ozone or filtered air.  RNA-Seq was performed on airway epithelium-enriched airways, parenchyma, and purified airspace macrophages.",,,,411822,GPL24247,Mus musculus,GSE,Expression profiling by high throughput sequencing,2020/08/25,48,ftp://ftp.ncbi.nlm.nih.gov/geo/series/GSE156nnn/GSE156799/,,,,,OSD-244|Mmus_C57-6T_TMS_FLT_LAR_Rep3_F4,Space Flight
504,GSM1277085,0.9907236099243164,GSE52854,Inhibition of MEK and PI3K alone or in combination alters the transcriptome of the lung during TGFα-induced pulmonary fibrosis,,,"Pulmonary fibrosis is often triggered by an epithelial injury resulting in the formation of fibrotic lesions in the lung, which progress to impair gas exchange and ultimately cause death. Recent clinical trials using drugs that target either inflammation or a specific molecule have failed, suggesting that multiple pathways and cellular processes need to be attenuated for effective reversal of established and progressive fibrosis. Although activation of MAPK and PI3K pathways have been detected in human fibrotic lung samples, the therapeutic benefits of in vivo modulation of the MAPK and PI3K pathways in combination are unknown. Overexpression of TGFα in the lung epithelium of transgenic mice results in the formation of fibrotic lesions similar to those found in human pulmonary fibrosis, and previous work from our group shows that inhibitors of either the MAPK or PI3K pathway can alter the progression of fibrosis. In this study, we sought to determine whether simultaneous inhibition of the MAPK and PI3K signaling pathways is a more effective therapeutic strategy for established and progressive pulmonary fibrosis. Our results showed that inhibiting both pathways had additive effects compared to inhibiting either pathway alone in reducing fibrotic burden, including reducing lung weight, pleural thickness, and total collagen in the lungs of TGFα mice. This study demonstrates that inhibiting MEK and PI3K in combination abolishes proliferative gene changes associated with fibrosis and myfibroblast accumulation and thus may serve as a therapeutic option in the treatment of human fibrotic lung disease where these pathways play a role.","mRNA profiles of CCSP/TGFalpha mice treated with vehicle, ARRY, PX-866, ARRY/PX-866",24475138,,,13913,GPL15103,Mus musculus,GSE,Expression profiling by high throughput sequencing,2013/12/03,20,ftp://ftp.ncbi.nlm.nih.gov/geo/series/GSE52nnn/GSE52854/,Dual targeting of MEK and PI3K pathways attenuates established and progressive pulmonary fibrosis.,PloS one,2014,10.1371/journal.pone.0086536,OSD-244|Mmus_C57-6T_TMS_FLT_LAR_Rep3_F4,Space Flight
505,GSM4744738,0.9898560047149658,GSE156799,Compartment-specific transcriptomics of ozone-exposed murine lungs reveal sex- and cell type- associated perturbations relevant to mucoinflammatory lung diseases,,,"Ozone is known to cause lung injury and resident cells of the respiratory tract, i.e., epithelial cells and macrophages, respond to inhaled ozone in a variety of ways that affect their survival, morphology, and functioning. However, complete understanding of sex-associated and cell type-specific gene expression changes in response to ozone exposure is still limited. Through transcriptome profiling, we aimed to analyze gene expression alterations and biological pathways enrichment in three distinct cell type-enriched compartments of ozone-exposed murine lungs. We chronically exposed adult males and females to 0.8ppm ozone or filtered air.  RNA-Seq was performed on airway epithelium-enriched airways, parenchyma, and purified airspace macrophages. Differential gene expression and biological pathway analyses were performed and supported by cellular and immunohistochemical analyses. While majority of differentially expressed genes (DEGs) in ozone-exposed versus air-exposed groups were common between both sexes, sex-specific DEGs were also identified in all the three tissue compartments. As compared to ozone-exposed males, ozone-exposed females had significant alterations in gene expression in three compartments. Pathways relevant to cell division and DNA repair were enriched in the ozone-exposed airways indicating ozone-induced airway injury and repair which was further supported by immunohistochemical analyses. In addition to cell division and DNA repair pathways, inflammatory pathways were also enriched within the parenchyma supporting contribution by both epithelial and immune cells. Finally, immune response and cytokine-cytokine receptor interactions were enriched in macrophages, indicating ozone-induced macrophage activation. Lastly, our analyses also revealed the overall upregulation of mucoinflammation and mucous cell metaplasia-associated pathways.","We chronically exposed adult males and females to 0.8ppm ozone or filtered air.  RNA-Seq was performed on airway epithelium-enriched airways, parenchyma, and purified airspace macrophages.",,,,411823,GPL24247,Mus musculus,GSE,Expression profiling by high throughput sequencing,2020/08/25,48,ftp://ftp.ncbi.nlm.nih.gov/geo/series/GSE156nnn/GSE156799/,,,,,OSD-244|Mmus_C57-6T_TMS_FLT_LAR_Rep3_F4,Space Flight
506,GSM7987190,0.9887212514877319,GSE251740,Timp2 loss-of-function mutation and rTIMP2 treatment in murine lung cancer models: alteration of myeloid response and suppression of tumorigenesis,,,"TIMP2 inhibits metalloproteinase activity and possesses metalloproteinase-independent functions that regulate cell growth, invasion, and gene expression. Although mounting evidence suggests TIMP2 can reduce tumor burden and metastasis the demonstration of these effects using in vivo tumor models are lacking. In this study, we examine the effects of functional mutation of Timp2 and administration of recombinant TIMP2 in models of both orthotopic and heterotopic murine lung cancer using the syngeneic Lewis Lung carcinoma cells (LL/2-luc2). Mice harboring a functional mutation of TIMP2 (mT2) display a marked increase in tumor growth and mortality, enhanced tumor micro-vasculature, and greater infiltration of myeloid-derived cells compared to wt mice, suggesting that reduced TIMP2 function results in enhanced presence of pro-tumorigenic, immunosuppressive myeloid cells. Treatment with recombinant TIMP2 reduced primary tumor growth in both genotypes. Transcriptional profiling of lung tissues from non-tumor-bearing mice reveals minimal changes in mice. However, orthotopic, lung tumor-bearing mice demonstrate significant changes in gene expression that are genotype-dependent. In tumor-bearing wt mice TIMP2-treatment reduced the expression of upstream oncogenic mediators. In comparison, treatment of mT2 mice resulted in an immunomodulatory phenotype, as suggested by enhanced activity of Il4, Il2, and Ifng. A heterotopic model of LL/2 generating metastatic pulmonary tumors demonstrated that daily administration of recombinant TIMP2, while also reducing primary tumor growth, significantly altered transcriptional profiles in the lungs of wt mice, suggesting modification of the metastatic niche. These changes result in the downregulation of cell-stress responses, as evidenced by reduced expression of heat shock proteins. In summary, we describe how TIMP2 exerts novel, anti-tumor effects in a murine model of lung cancer and that rTIMP2 treatment supports a normalizing effect on the tumor microenvironment. These findings support the concept that TIMP2 displays homeostatic functions to reverse cell stress signaling in addition to inhibition of metalloproteinases.","To assess the effects of Timp2 mutation on pulmonary tumor progression, and determine the therapeutic success of daily recombinant TIMP2 treatment in pulmonary tumor bearing mice.",,,,836647,GPL21103,Mus musculus,GSE,Expression profiling by high throughput sequencing,2023/12/22,44,ftp://ftp.ncbi.nlm.nih.gov/geo/series/GSE251nnn/GSE251740/,,,,,OSD-244|Mmus_C57-6T_TMS_FLT_LAR_Rep3_F4,Space Flight
507,GSM4744741,0.9886693954467773,GSE156799,Compartment-specific transcriptomics of ozone-exposed murine lungs reveal sex- and cell type- associated perturbations relevant to mucoinflammatory lung diseases,,,"Ozone is known to cause lung injury and resident cells of the respiratory tract, i.e., epithelial cells and macrophages, respond to inhaled ozone in a variety of ways that affect their survival, morphology, and functioning. However, complete understanding of sex-associated and cell type-specific gene expression changes in response to ozone exposure is still limited. Through transcriptome profiling, we aimed to analyze gene expression alterations and biological pathways enrichment in three distinct cell type-enriched compartments of ozone-exposed murine lungs. We chronically exposed adult males and females to 0.8ppm ozone or filtered air.  RNA-Seq was performed on airway epithelium-enriched airways, parenchyma, and purified airspace macrophages. Differential gene expression and biological pathway analyses were performed and supported by cellular and immunohistochemical analyses. While majority of differentially expressed genes (DEGs) in ozone-exposed versus air-exposed groups were common between both sexes, sex-specific DEGs were also identified in all the three tissue compartments. As compared to ozone-exposed males, ozone-exposed females had significant alterations in gene expression in three compartments. Pathways relevant to cell division and DNA repair were enriched in the ozone-exposed airways indicating ozone-induced airway injury and repair which was further supported by immunohistochemical analyses. In addition to cell division and DNA repair pathways, inflammatory pathways were also enriched within the parenchyma supporting contribution by both epithelial and immune cells. Finally, immune response and cytokine-cytokine receptor interactions were enriched in macrophages, indicating ozone-induced macrophage activation. Lastly, our analyses also revealed the overall upregulation of mucoinflammation and mucous cell metaplasia-associated pathways.","We chronically exposed adult males and females to 0.8ppm ozone or filtered air.  RNA-Seq was performed on airway epithelium-enriched airways, parenchyma, and purified airspace macrophages.",,,,411826,GPL24247,Mus musculus,GSE,Expression profiling by high throughput sequencing,2020/08/25,48,ftp://ftp.ncbi.nlm.nih.gov/geo/series/GSE156nnn/GSE156799/,,,,,OSD-244|Mmus_C57-6T_TMS_FLT_LAR_Rep3_F4,Space Flight
508,GSM6204144,0.9886302947998047,GSE205014,Cytokines and lipid mediators of inflammation in lungs of SARS-CoV-2 infected mice,,,We investigared the gene expression response of K18-ACE2 mices to Sars-Cov-2 infection. We compared gene expression profiles of control and infected mices at different time points as well as the infection from the Wuhan and Delta strains,"Comparison of gene expression profiles between non-infected (control), Wuhan infected and Delta infected mices at days 5 and 7 past infection.",35812400,,,650448,GPL24247,Mus musculus,GSE,Expression profiling by high throughput sequencing,2022/05/30,24,ftp://ftp.ncbi.nlm.nih.gov/geo/series/GSE205nnn/GSE205014/,Cytokines and Lipid Mediators of Inflammation in Lungs of SARS-CoV-2 Infected Mice.,Frontiers in immunology,2022,10.3389/fimmu.2022.893792,OSD-244|Mmus_C57-6T_TMS_FLT_LAR_Rep3_F4,Space Flight
509,GSM6204140,0.9885454773902893,GSE205014,Cytokines and lipid mediators of inflammation in lungs of SARS-CoV-2 infected mice,,,We investigared the gene expression response of K18-ACE2 mices to Sars-Cov-2 infection. We compared gene expression profiles of control and infected mices at different time points as well as the infection from the Wuhan and Delta strains,"Comparison of gene expression profiles between non-infected (control), Wuhan infected and Delta infected mices at days 5 and 7 past infection.",35812400,,,650444,GPL24247,Mus musculus,GSE,Expression profiling by high throughput sequencing,2022/05/30,24,ftp://ftp.ncbi.nlm.nih.gov/geo/series/GSE205nnn/GSE205014/,Cytokines and Lipid Mediators of Inflammation in Lungs of SARS-CoV-2 Infected Mice.,Frontiers in immunology,2022,10.3389/fimmu.2022.893792,OSD-244|Mmus_C57-6T_TMS_FLT_LAR_Rep3_F4,Space Flight
510,GSM4744741,0.9944149255752563,GSE156799,Compartment-specific transcriptomics of ozone-exposed murine lungs reveal sex- and cell type- associated perturbations relevant to mucoinflammatory lung diseases,,,"Ozone is known to cause lung injury and resident cells of the respiratory tract, i.e., epithelial cells and macrophages, respond to inhaled ozone in a variety of ways that affect their survival, morphology, and functioning. However, complete understanding of sex-associated and cell type-specific gene expression changes in response to ozone exposure is still limited. Through transcriptome profiling, we aimed to analyze gene expression alterations and biological pathways enrichment in three distinct cell type-enriched compartments of ozone-exposed murine lungs. We chronically exposed adult males and females to 0.8ppm ozone or filtered air.  RNA-Seq was performed on airway epithelium-enriched airways, parenchyma, and purified airspace macrophages. Differential gene expression and biological pathway analyses were performed and supported by cellular and immunohistochemical analyses. While majority of differentially expressed genes (DEGs) in ozone-exposed versus air-exposed groups were common between both sexes, sex-specific DEGs were also identified in all the three tissue compartments. As compared to ozone-exposed males, ozone-exposed females had significant alterations in gene expression in three compartments. Pathways relevant to cell division and DNA repair were enriched in the ozone-exposed airways indicating ozone-induced airway injury and repair which was further supported by immunohistochemical analyses. In addition to cell division and DNA repair pathways, inflammatory pathways were also enriched within the parenchyma supporting contribution by both epithelial and immune cells. Finally, immune response and cytokine-cytokine receptor interactions were enriched in macrophages, indicating ozone-induced macrophage activation. Lastly, our analyses also revealed the overall upregulation of mucoinflammation and mucous cell metaplasia-associated pathways.","We chronically exposed adult males and females to 0.8ppm ozone or filtered air.  RNA-Seq was performed on airway epithelium-enriched airways, parenchyma, and purified airspace macrophages.",,,,411826,GPL24247,Mus musculus,GSE,Expression profiling by high throughput sequencing,2020/08/25,48,ftp://ftp.ncbi.nlm.nih.gov/geo/series/GSE156nnn/GSE156799/,,,,,OSD-244|Mmus_C57-6T_TMS_FLT_LAR_Rep4_F5,Space Flight
511,GSM4744737,0.9942346811294556,GSE156799,Compartment-specific transcriptomics of ozone-exposed murine lungs reveal sex- and cell type- associated perturbations relevant to mucoinflammatory lung diseases,,,"Ozone is known to cause lung injury and resident cells of the respiratory tract, i.e., epithelial cells and macrophages, respond to inhaled ozone in a variety of ways that affect their survival, morphology, and functioning. However, complete understanding of sex-associated and cell type-specific gene expression changes in response to ozone exposure is still limited. Through transcriptome profiling, we aimed to analyze gene expression alterations and biological pathways enrichment in three distinct cell type-enriched compartments of ozone-exposed murine lungs. We chronically exposed adult males and females to 0.8ppm ozone or filtered air.  RNA-Seq was performed on airway epithelium-enriched airways, parenchyma, and purified airspace macrophages. Differential gene expression and biological pathway analyses were performed and supported by cellular and immunohistochemical analyses. While majority of differentially expressed genes (DEGs) in ozone-exposed versus air-exposed groups were common between both sexes, sex-specific DEGs were also identified in all the three tissue compartments. As compared to ozone-exposed males, ozone-exposed females had significant alterations in gene expression in three compartments. Pathways relevant to cell division and DNA repair were enriched in the ozone-exposed airways indicating ozone-induced airway injury and repair which was further supported by immunohistochemical analyses. In addition to cell division and DNA repair pathways, inflammatory pathways were also enriched within the parenchyma supporting contribution by both epithelial and immune cells. Finally, immune response and cytokine-cytokine receptor interactions were enriched in macrophages, indicating ozone-induced macrophage activation. Lastly, our analyses also revealed the overall upregulation of mucoinflammation and mucous cell metaplasia-associated pathways.","We chronically exposed adult males and females to 0.8ppm ozone or filtered air.  RNA-Seq was performed on airway epithelium-enriched airways, parenchyma, and purified airspace macrophages.",,,,411822,GPL24247,Mus musculus,GSE,Expression profiling by high throughput sequencing,2020/08/25,48,ftp://ftp.ncbi.nlm.nih.gov/geo/series/GSE156nnn/GSE156799/,,,,,OSD-244|Mmus_C57-6T_TMS_FLT_LAR_Rep4_F5,Space Flight
512,GSM4744728,0.9931312799453735,GSE156799,Compartment-specific transcriptomics of ozone-exposed murine lungs reveal sex- and cell type- associated perturbations relevant to mucoinflammatory lung diseases,,,"Ozone is known to cause lung injury and resident cells of the respiratory tract, i.e., epithelial cells and macrophages, respond to inhaled ozone in a variety of ways that affect their survival, morphology, and functioning. However, complete understanding of sex-associated and cell type-specific gene expression changes in response to ozone exposure is still limited. Through transcriptome profiling, we aimed to analyze gene expression alterations and biological pathways enrichment in three distinct cell type-enriched compartments of ozone-exposed murine lungs. We chronically exposed adult males and females to 0.8ppm ozone or filtered air.  RNA-Seq was performed on airway epithelium-enriched airways, parenchyma, and purified airspace macrophages. Differential gene expression and biological pathway analyses were performed and supported by cellular and immunohistochemical analyses. While majority of differentially expressed genes (DEGs) in ozone-exposed versus air-exposed groups were common between both sexes, sex-specific DEGs were also identified in all the three tissue compartments. As compared to ozone-exposed males, ozone-exposed females had significant alterations in gene expression in three compartments. Pathways relevant to cell division and DNA repair were enriched in the ozone-exposed airways indicating ozone-induced airway injury and repair which was further supported by immunohistochemical analyses. In addition to cell division and DNA repair pathways, inflammatory pathways were also enriched within the parenchyma supporting contribution by both epithelial and immune cells. Finally, immune response and cytokine-cytokine receptor interactions were enriched in macrophages, indicating ozone-induced macrophage activation. Lastly, our analyses also revealed the overall upregulation of mucoinflammation and mucous cell metaplasia-associated pathways.","We chronically exposed adult males and females to 0.8ppm ozone or filtered air.  RNA-Seq was performed on airway epithelium-enriched airways, parenchyma, and purified airspace macrophages.",,,,411813,GPL24247,Mus musculus,GSE,Expression profiling by high throughput sequencing,2020/08/25,48,ftp://ftp.ncbi.nlm.nih.gov/geo/series/GSE156nnn/GSE156799/,,,,,OSD-244|Mmus_C57-6T_TMS_FLT_LAR_Rep4_F5,Space Flight
513,GSM4744734,0.9926135540008545,GSE156799,Compartment-specific transcriptomics of ozone-exposed murine lungs reveal sex- and cell type- associated perturbations relevant to mucoinflammatory lung diseases,,,"Ozone is known to cause lung injury and resident cells of the respiratory tract, i.e., epithelial cells and macrophages, respond to inhaled ozone in a variety of ways that affect their survival, morphology, and functioning. However, complete understanding of sex-associated and cell type-specific gene expression changes in response to ozone exposure is still limited. Through transcriptome profiling, we aimed to analyze gene expression alterations and biological pathways enrichment in three distinct cell type-enriched compartments of ozone-exposed murine lungs. We chronically exposed adult males and females to 0.8ppm ozone or filtered air.  RNA-Seq was performed on airway epithelium-enriched airways, parenchyma, and purified airspace macrophages. Differential gene expression and biological pathway analyses were performed and supported by cellular and immunohistochemical analyses. While majority of differentially expressed genes (DEGs) in ozone-exposed versus air-exposed groups were common between both sexes, sex-specific DEGs were also identified in all the three tissue compartments. As compared to ozone-exposed males, ozone-exposed females had significant alterations in gene expression in three compartments. Pathways relevant to cell division and DNA repair were enriched in the ozone-exposed airways indicating ozone-induced airway injury and repair which was further supported by immunohistochemical analyses. In addition to cell division and DNA repair pathways, inflammatory pathways were also enriched within the parenchyma supporting contribution by both epithelial and immune cells. Finally, immune response and cytokine-cytokine receptor interactions were enriched in macrophages, indicating ozone-induced macrophage activation. Lastly, our analyses also revealed the overall upregulation of mucoinflammation and mucous cell metaplasia-associated pathways.","We chronically exposed adult males and females to 0.8ppm ozone or filtered air.  RNA-Seq was performed on airway epithelium-enriched airways, parenchyma, and purified airspace macrophages.",,,,411819,GPL24247,Mus musculus,GSE,Expression profiling by high throughput sequencing,2020/08/25,48,ftp://ftp.ncbi.nlm.nih.gov/geo/series/GSE156nnn/GSE156799/,,,,,OSD-244|Mmus_C57-6T_TMS_FLT_LAR_Rep4_F5,Space Flight
514,GSM4744729,0.9925684928894043,GSE156799,Compartment-specific transcriptomics of ozone-exposed murine lungs reveal sex- and cell type- associated perturbations relevant to mucoinflammatory lung diseases,,,"Ozone is known to cause lung injury and resident cells of the respiratory tract, i.e., epithelial cells and macrophages, respond to inhaled ozone in a variety of ways that affect their survival, morphology, and functioning. However, complete understanding of sex-associated and cell type-specific gene expression changes in response to ozone exposure is still limited. Through transcriptome profiling, we aimed to analyze gene expression alterations and biological pathways enrichment in three distinct cell type-enriched compartments of ozone-exposed murine lungs. We chronically exposed adult males and females to 0.8ppm ozone or filtered air.  RNA-Seq was performed on airway epithelium-enriched airways, parenchyma, and purified airspace macrophages. Differential gene expression and biological pathway analyses were performed and supported by cellular and immunohistochemical analyses. While majority of differentially expressed genes (DEGs) in ozone-exposed versus air-exposed groups were common between both sexes, sex-specific DEGs were also identified in all the three tissue compartments. As compared to ozone-exposed males, ozone-exposed females had significant alterations in gene expression in three compartments. Pathways relevant to cell division and DNA repair were enriched in the ozone-exposed airways indicating ozone-induced airway injury and repair which was further supported by immunohistochemical analyses. In addition to cell division and DNA repair pathways, inflammatory pathways were also enriched within the parenchyma supporting contribution by both epithelial and immune cells. Finally, immune response and cytokine-cytokine receptor interactions were enriched in macrophages, indicating ozone-induced macrophage activation. Lastly, our analyses also revealed the overall upregulation of mucoinflammation and mucous cell metaplasia-associated pathways.","We chronically exposed adult males and females to 0.8ppm ozone or filtered air.  RNA-Seq was performed on airway epithelium-enriched airways, parenchyma, and purified airspace macrophages.",,,,411814,GPL24247,Mus musculus,GSE,Expression profiling by high throughput sequencing,2020/08/25,48,ftp://ftp.ncbi.nlm.nih.gov/geo/series/GSE156nnn/GSE156799/,,,,,OSD-244|Mmus_C57-6T_TMS_FLT_LAR_Rep4_F5,Space Flight
515,GSM4744738,0.9924354553222656,GSE156799,Compartment-specific transcriptomics of ozone-exposed murine lungs reveal sex- and cell type- associated perturbations relevant to mucoinflammatory lung diseases,,,"Ozone is known to cause lung injury and resident cells of the respiratory tract, i.e., epithelial cells and macrophages, respond to inhaled ozone in a variety of ways that affect their survival, morphology, and functioning. However, complete understanding of sex-associated and cell type-specific gene expression changes in response to ozone exposure is still limited. Through transcriptome profiling, we aimed to analyze gene expression alterations and biological pathways enrichment in three distinct cell type-enriched compartments of ozone-exposed murine lungs. We chronically exposed adult males and females to 0.8ppm ozone or filtered air.  RNA-Seq was performed on airway epithelium-enriched airways, parenchyma, and purified airspace macrophages. Differential gene expression and biological pathway analyses were performed and supported by cellular and immunohistochemical analyses. While majority of differentially expressed genes (DEGs) in ozone-exposed versus air-exposed groups were common between both sexes, sex-specific DEGs were also identified in all the three tissue compartments. As compared to ozone-exposed males, ozone-exposed females had significant alterations in gene expression in three compartments. Pathways relevant to cell division and DNA repair were enriched in the ozone-exposed airways indicating ozone-induced airway injury and repair which was further supported by immunohistochemical analyses. In addition to cell division and DNA repair pathways, inflammatory pathways were also enriched within the parenchyma supporting contribution by both epithelial and immune cells. Finally, immune response and cytokine-cytokine receptor interactions were enriched in macrophages, indicating ozone-induced macrophage activation. Lastly, our analyses also revealed the overall upregulation of mucoinflammation and mucous cell metaplasia-associated pathways.","We chronically exposed adult males and females to 0.8ppm ozone or filtered air.  RNA-Seq was performed on airway epithelium-enriched airways, parenchyma, and purified airspace macrophages.",,,,411823,GPL24247,Mus musculus,GSE,Expression profiling by high throughput sequencing,2020/08/25,48,ftp://ftp.ncbi.nlm.nih.gov/geo/series/GSE156nnn/GSE156799/,,,,,OSD-244|Mmus_C57-6T_TMS_FLT_LAR_Rep4_F5,Space Flight
516,GSM4744743,0.9922236204147339,GSE156799,Compartment-specific transcriptomics of ozone-exposed murine lungs reveal sex- and cell type- associated perturbations relevant to mucoinflammatory lung diseases,,,"Ozone is known to cause lung injury and resident cells of the respiratory tract, i.e., epithelial cells and macrophages, respond to inhaled ozone in a variety of ways that affect their survival, morphology, and functioning. However, complete understanding of sex-associated and cell type-specific gene expression changes in response to ozone exposure is still limited. Through transcriptome profiling, we aimed to analyze gene expression alterations and biological pathways enrichment in three distinct cell type-enriched compartments of ozone-exposed murine lungs. We chronically exposed adult males and females to 0.8ppm ozone or filtered air.  RNA-Seq was performed on airway epithelium-enriched airways, parenchyma, and purified airspace macrophages. Differential gene expression and biological pathway analyses were performed and supported by cellular and immunohistochemical analyses. While majority of differentially expressed genes (DEGs) in ozone-exposed versus air-exposed groups were common between both sexes, sex-specific DEGs were also identified in all the three tissue compartments. As compared to ozone-exposed males, ozone-exposed females had significant alterations in gene expression in three compartments. Pathways relevant to cell division and DNA repair were enriched in the ozone-exposed airways indicating ozone-induced airway injury and repair which was further supported by immunohistochemical analyses. In addition to cell division and DNA repair pathways, inflammatory pathways were also enriched within the parenchyma supporting contribution by both epithelial and immune cells. Finally, immune response and cytokine-cytokine receptor interactions were enriched in macrophages, indicating ozone-induced macrophage activation. Lastly, our analyses also revealed the overall upregulation of mucoinflammation and mucous cell metaplasia-associated pathways.","We chronically exposed adult males and females to 0.8ppm ozone or filtered air.  RNA-Seq was performed on airway epithelium-enriched airways, parenchyma, and purified airspace macrophages.",,,,411828,GPL24247,Mus musculus,GSE,Expression profiling by high throughput sequencing,2020/08/25,48,ftp://ftp.ncbi.nlm.nih.gov/geo/series/GSE156nnn/GSE156799/,,,,,OSD-244|Mmus_C57-6T_TMS_FLT_LAR_Rep4_F5,Space Flight
517,GSM4744736,0.9921417236328125,GSE156799,Compartment-specific transcriptomics of ozone-exposed murine lungs reveal sex- and cell type- associated perturbations relevant to mucoinflammatory lung diseases,,,"Ozone is known to cause lung injury and resident cells of the respiratory tract, i.e., epithelial cells and macrophages, respond to inhaled ozone in a variety of ways that affect their survival, morphology, and functioning. However, complete understanding of sex-associated and cell type-specific gene expression changes in response to ozone exposure is still limited. Through transcriptome profiling, we aimed to analyze gene expression alterations and biological pathways enrichment in three distinct cell type-enriched compartments of ozone-exposed murine lungs. We chronically exposed adult males and females to 0.8ppm ozone or filtered air.  RNA-Seq was performed on airway epithelium-enriched airways, parenchyma, and purified airspace macrophages. Differential gene expression and biological pathway analyses were performed and supported by cellular and immunohistochemical analyses. While majority of differentially expressed genes (DEGs) in ozone-exposed versus air-exposed groups were common between both sexes, sex-specific DEGs were also identified in all the three tissue compartments. As compared to ozone-exposed males, ozone-exposed females had significant alterations in gene expression in three compartments. Pathways relevant to cell division and DNA repair were enriched in the ozone-exposed airways indicating ozone-induced airway injury and repair which was further supported by immunohistochemical analyses. In addition to cell division and DNA repair pathways, inflammatory pathways were also enriched within the parenchyma supporting contribution by both epithelial and immune cells. Finally, immune response and cytokine-cytokine receptor interactions were enriched in macrophages, indicating ozone-induced macrophage activation. Lastly, our analyses also revealed the overall upregulation of mucoinflammation and mucous cell metaplasia-associated pathways.","We chronically exposed adult males and females to 0.8ppm ozone or filtered air.  RNA-Seq was performed on airway epithelium-enriched airways, parenchyma, and purified airspace macrophages.",,,,411821,GPL24247,Mus musculus,GSE,Expression profiling by high throughput sequencing,2020/08/25,48,ftp://ftp.ncbi.nlm.nih.gov/geo/series/GSE156nnn/GSE156799/,,,,,OSD-244|Mmus_C57-6T_TMS_FLT_LAR_Rep4_F5,Space Flight
518,GSM4744742,0.9921032190322876,GSE156799,Compartment-specific transcriptomics of ozone-exposed murine lungs reveal sex- and cell type- associated perturbations relevant to mucoinflammatory lung diseases,,,"Ozone is known to cause lung injury and resident cells of the respiratory tract, i.e., epithelial cells and macrophages, respond to inhaled ozone in a variety of ways that affect their survival, morphology, and functioning. However, complete understanding of sex-associated and cell type-specific gene expression changes in response to ozone exposure is still limited. Through transcriptome profiling, we aimed to analyze gene expression alterations and biological pathways enrichment in three distinct cell type-enriched compartments of ozone-exposed murine lungs. We chronically exposed adult males and females to 0.8ppm ozone or filtered air.  RNA-Seq was performed on airway epithelium-enriched airways, parenchyma, and purified airspace macrophages. Differential gene expression and biological pathway analyses were performed and supported by cellular and immunohistochemical analyses. While majority of differentially expressed genes (DEGs) in ozone-exposed versus air-exposed groups were common between both sexes, sex-specific DEGs were also identified in all the three tissue compartments. As compared to ozone-exposed males, ozone-exposed females had significant alterations in gene expression in three compartments. Pathways relevant to cell division and DNA repair were enriched in the ozone-exposed airways indicating ozone-induced airway injury and repair which was further supported by immunohistochemical analyses. In addition to cell division and DNA repair pathways, inflammatory pathways were also enriched within the parenchyma supporting contribution by both epithelial and immune cells. Finally, immune response and cytokine-cytokine receptor interactions were enriched in macrophages, indicating ozone-induced macrophage activation. Lastly, our analyses also revealed the overall upregulation of mucoinflammation and mucous cell metaplasia-associated pathways.","We chronically exposed adult males and females to 0.8ppm ozone or filtered air.  RNA-Seq was performed on airway epithelium-enriched airways, parenchyma, and purified airspace macrophages.",,,,411827,GPL24247,Mus musculus,GSE,Expression profiling by high throughput sequencing,2020/08/25,48,ftp://ftp.ncbi.nlm.nih.gov/geo/series/GSE156nnn/GSE156799/,,,,,OSD-244|Mmus_C57-6T_TMS_FLT_LAR_Rep4_F5,Space Flight
519,GSM4744733,0.9919946193695068,GSE156799,Compartment-specific transcriptomics of ozone-exposed murine lungs reveal sex- and cell type- associated perturbations relevant to mucoinflammatory lung diseases,,,"Ozone is known to cause lung injury and resident cells of the respiratory tract, i.e., epithelial cells and macrophages, respond to inhaled ozone in a variety of ways that affect their survival, morphology, and functioning. However, complete understanding of sex-associated and cell type-specific gene expression changes in response to ozone exposure is still limited. Through transcriptome profiling, we aimed to analyze gene expression alterations and biological pathways enrichment in three distinct cell type-enriched compartments of ozone-exposed murine lungs. We chronically exposed adult males and females to 0.8ppm ozone or filtered air.  RNA-Seq was performed on airway epithelium-enriched airways, parenchyma, and purified airspace macrophages. Differential gene expression and biological pathway analyses were performed and supported by cellular and immunohistochemical analyses. While majority of differentially expressed genes (DEGs) in ozone-exposed versus air-exposed groups were common between both sexes, sex-specific DEGs were also identified in all the three tissue compartments. As compared to ozone-exposed males, ozone-exposed females had significant alterations in gene expression in three compartments. Pathways relevant to cell division and DNA repair were enriched in the ozone-exposed airways indicating ozone-induced airway injury and repair which was further supported by immunohistochemical analyses. In addition to cell division and DNA repair pathways, inflammatory pathways were also enriched within the parenchyma supporting contribution by both epithelial and immune cells. Finally, immune response and cytokine-cytokine receptor interactions were enriched in macrophages, indicating ozone-induced macrophage activation. Lastly, our analyses also revealed the overall upregulation of mucoinflammation and mucous cell metaplasia-associated pathways.","We chronically exposed adult males and females to 0.8ppm ozone or filtered air.  RNA-Seq was performed on airway epithelium-enriched airways, parenchyma, and purified airspace macrophages.",,,,411818,GPL24247,Mus musculus,GSE,Expression profiling by high throughput sequencing,2020/08/25,48,ftp://ftp.ncbi.nlm.nih.gov/geo/series/GSE156nnn/GSE156799/,,,,,OSD-244|Mmus_C57-6T_TMS_FLT_LAR_Rep4_F5,Space Flight
520,GSM6108485,0.9925310015678406,GSE202332,"Various forms of calorie restriction, but not a nonrestricted low-fat diet, reverse obesity-associated tumor growth and lung metastasis in a mouse model of triple-negative breast cancer",,,This SuperSeries is composed of the SubSeries listed below.,Refer to individual Series,,,,636603,GPL17021,Mus musculus,GSE,Expression profiling by high throughput sequencing; Methylation profiling by high throughput sequencing,2022/05/12,54,ftp://ftp.ncbi.nlm.nih.gov/geo/series/GSE202nnn/GSE202332/,,,,,OSD-244|Mmus_C57-6T_TMS_FLT_LAR_Rep5_F6,Space Flight
521,GSM7224900,0.992260217666626,GSE230472,Calorie Restriction Outperforms Bariatric Surgery in Reversing Obesity-Driven Tumor Progression in a Mouse Model of Triple Negative Breast Cancer-RNAseq,,,"lean control, obese, and formerly obese C57BL6N mice which underwent weight loss via low-fat diet or verticle sleeve gastrectomy were injected with E0771 cells and tumor growth was monitored",DNA was extracted from contralateral normal mammary tissue and subject to RNAseq,37698918,,,776267,GPL17021,Mus musculus,GSE,Expression profiling by high throughput sequencing,2023/09/12,16,ftp://ftp.ncbi.nlm.nih.gov/geo/series/GSE230nnn/GSE230472/,Calorie restriction outperforms bariatric surgery in a murine model of obesity and triple-negative breast cancer.,JCI insight,2023 Sep 12,10.1172/jci.insight.172868,OSD-244|Mmus_C57-6T_TMS_FLT_LAR_Rep5_F6,Space Flight
522,GSM6108486,0.9908244609832764,GSE202332,"Various forms of calorie restriction, but not a nonrestricted low-fat diet, reverse obesity-associated tumor growth and lung metastasis in a mouse model of triple-negative breast cancer",,,This SuperSeries is composed of the SubSeries listed below.,Refer to individual Series,,,,636604,GPL17021,Mus musculus,GSE,Expression profiling by high throughput sequencing; Methylation profiling by high throughput sequencing,2022/05/12,54,ftp://ftp.ncbi.nlm.nih.gov/geo/series/GSE202nnn/GSE202332/,,,,,OSD-244|Mmus_C57-6T_TMS_FLT_LAR_Rep5_F6,Space Flight
523,GSM3379715,0.9904367327690125,GSE119633,Fibroblast activation protein restrains adipogenic differentiation and regulates matrix-mediated mTOR signaling,,,"Obesity is a risk factor for multiple diseases, including diabetes, cardiovascular disease, and cancer. Within obese adipose tissue, multiple factors contribute to creating a disease-promoting environment, including metabolic dysfunction, inflammation, and fibrosis. Recent evidence points to fibrotic responses, particularly extracellular matrix remodeling, in playing a highly functional role in the pathogenesis of obesity. Fibroblast activation protein plays an essential role in remodeling collagen-rich matrices in the context of fibrosis and cancer. We observed that FAP-null mice have increased weight compared to wild-type controls, and so investigated the role of FAP in regulating diet-induced obesity. Using genetically engineered mouse models and in-vitro cell-derived matrices, we demonstrate that FAP expression by preadipocytes restrains adipogenic differentiation. FAP-mediated matrix remodeling also alters lipid metabolism in part by regulating mTOR signaling. Together, via these mechanisms, FAP confers resistance to diet-induced obesity. The critical role of ECM remodeling in regulating obesity offers new potential targets for therapy.",Two or three biological replicates were analyzed for each of 4 conditions (two genotypes; two diets per genotype),31325484,,,196266,GPL19057,Mus musculus,GSE,Expression profiling by high throughput sequencing,2019/08/02,10,ftp://ftp.ncbi.nlm.nih.gov/geo/series/GSE119nnn/GSE119633/,Fibroblast activation protein restrains adipogenic differentiation and regulates matrix-mediated mTOR signaling.,Matrix biology : journal of the International Society for Matrix Biology,2019 Oct,10.1016/j.matbio.2019.07.007,OSD-244|Mmus_C57-6T_TMS_FLT_LAR_Rep5_F6,Space Flight
524,GSM3855693,0.989311933517456,GSE132289,Mouse ovarian cancer models recapitulate the human tumor microenvironment and patient response to treatment,,,"Although there are many prospective targets in the tumor microenvironment (TME) of high-grade serous ovarian cancer (HGSOC), pre-clinical testing is challenging especially as there is limited information on the murine TME. Here, we have characterized the TME of six orthotopic, transplantable syngeneic HGSOC lines established from genetic models and compared these to patient biopsies. This analysis identified significant correlations between the transcriptome, host cell infiltrates, immune response, matrisome, vasculature and tissue modulus of mouse and human TMEs, with several stromal and malignant cell targets in common. However, each model showed distinct differences and potential vulnerabilities that enabled us to predict response to chemotherapy and an anti-IL-6 antibody. The transcriptional profiles of the mouse tumors that differed in chemotherapy response were able to classify chemotherapy-sensitive and -refractory patient tumors. These models provide useful pre-clinical tools and may help identify subgroups of HGSOC patients most likely to respond to specific therapies.","RNA sequencing on whole tumours from: A) six transplantable syngeneic murine HGSOC lines (HGS1, n =3 ; HGS2, n=4; HGS3, n = 4; HGS4, n=5 ; 60577, n=5; 30200, n =4)  along with tumours from a genetically modified mouse model (n = 3) and control non-diseased omental tissue (C57Bl/6, n=5 ; FVB, n=4) and B) human HGSOC omental metastasis tumours (n=5) and uninvolved omenta (n=3).",31940494,,,259262,GPL21103; GPL20301,Homo sapiens; Mus musculus,GSE,Expression profiling by high throughput sequencing,2020/01/12,45,ftp://ftp.ncbi.nlm.nih.gov/geo/series/GSE132nnn/GSE132289/,Mouse Ovarian Cancer Models Recapitulate the Human Tumor Microenvironment and Patient Response to Treatment.,Cell reports,2020 Jan 14,10.1016/j.celrep.2019.12.034,OSD-244|Mmus_C57-6T_TMS_FLT_LAR_Rep5_F6,Space Flight
525,GSM4330991,0.9884639382362366,GSE145680,The secreted protease Adamts18 links mammary epithelial hormone action to extracellular matrix changes and stem cell niche function,,,"Estrogens and progesterone control mammary gland development and breast carcinogenesis via their cognate receptors expressed in a subset of cells of the luminal layer of the mammary epithelium. The extracellular matrix (ECM) including the basement membrane (BM) is important in breast physiology and tumorigenesis but how epithelial hormone receptor signaling and ECM are linked mechanistically is unclear. We identify the secreted protease Adamts18 as critical intermediary. Luminal estrogen and progesterone receptor signaling via upregulation of Wnt4 expression and ensuing canonical Wnt signaling activation in basal cells control Adamts18 expression there. The protease has an epithelial-intrinsic role in stem cell activation. We identify multiple binding partners in the interstitial ECM and BM and show that ADAMTS18 cleaves fibronectin in vitro. Its deletion results in increased fibronectin, collagen I and IV, and laminin deposition in pubertal glands. Adamts18 interacts genetically with Col18a1, which encodes a proteoglycan that is BM-specific, in stem cell regulation. Adamts18 inactivation impairs Hippo signaling and reduces Fgfr2 expression and signaling, which are vital for stem cell function. Our findings link epithelial hormone signaling to BM remodeling by Adamts18, and define the BM as an essential stem cell niche component.",3 pairs of contralateral glands engrafted with either WT.EGFP+ or Adamts18-/-.EGFP+ epithelia,32218432,,,337659,GPL19057,Mus musculus,GSE,Expression profiling by high throughput sequencing,2020/02/22,6,ftp://ftp.ncbi.nlm.nih.gov/geo/series/GSE145nnn/GSE145680/,The secreted protease Adamts18 links hormone action to activation of the mammary stem cell niche.,Nature communications,2020 Mar 26,10.1038/s41467-020-15357-y,OSD-244|Mmus_C57-6T_TMS_FLT_LAR_Rep5_F6,Space Flight
526,GSM3855692,0.98792564868927,GSE132289,Mouse ovarian cancer models recapitulate the human tumor microenvironment and patient response to treatment,,,"Although there are many prospective targets in the tumor microenvironment (TME) of high-grade serous ovarian cancer (HGSOC), pre-clinical testing is challenging especially as there is limited information on the murine TME. Here, we have characterized the TME of six orthotopic, transplantable syngeneic HGSOC lines established from genetic models and compared these to patient biopsies. This analysis identified significant correlations between the transcriptome, host cell infiltrates, immune response, matrisome, vasculature and tissue modulus of mouse and human TMEs, with several stromal and malignant cell targets in common. However, each model showed distinct differences and potential vulnerabilities that enabled us to predict response to chemotherapy and an anti-IL-6 antibody. The transcriptional profiles of the mouse tumors that differed in chemotherapy response were able to classify chemotherapy-sensitive and -refractory patient tumors. These models provide useful pre-clinical tools and may help identify subgroups of HGSOC patients most likely to respond to specific therapies.","RNA sequencing on whole tumours from: A) six transplantable syngeneic murine HGSOC lines (HGS1, n =3 ; HGS2, n=4; HGS3, n = 4; HGS4, n=5 ; 60577, n=5; 30200, n =4)  along with tumours from a genetically modified mouse model (n = 3) and control non-diseased omental tissue (C57Bl/6, n=5 ; FVB, n=4) and B) human HGSOC omental metastasis tumours (n=5) and uninvolved omenta (n=3).",31940494,,,259261,GPL21103; GPL20301,Homo sapiens; Mus musculus,GSE,Expression profiling by high throughput sequencing,2020/01/12,45,ftp://ftp.ncbi.nlm.nih.gov/geo/series/GSE132nnn/GSE132289/,Mouse Ovarian Cancer Models Recapitulate the Human Tumor Microenvironment and Patient Response to Treatment.,Cell reports,2020 Jan 14,10.1016/j.celrep.2019.12.034,OSD-244|Mmus_C57-6T_TMS_FLT_LAR_Rep5_F6,Space Flight
527,GSM3076074,0.9878743886947632,GSE112665,Loss of p53 dictates Wnt-dependent systemic inflammation in breast cancer,,,"Cancer-associated inflammatory processes in the tumour microenvironment, as well as systemically, are strongly linked with poor disease outcome in cancer patients. For most human solid tumour types, high systemic neutrophil-to-lymphocyte ratios (NLR) are associated with increased metastasis and poor overall survival and recent experimental studies have demonstrated a causal relationship between neutrophils and metastasis formation. However, to date, the cancer cell-intrinsic mechanisms dictating the substantial heterogeneity in systemic neutrophilic inflammation between tumour-bearing hosts are largely unresolved. Using a panel of 16 distinct genetically engineered mouse models (GEMMs) for breast cancer, we demonstrate that tumour cell-intrinsic loss of p53 changes the phenotype and function of macrophages in the microenvironment, leading to activation of a systemic inflammatory cascade that drives neutrophil expansion. Mechanistically, p53 loss in cancer cells induces secretion of Wnt ligands that act in a paracrine fashion to stimulate IL-1b production from tumour-associated macrophages. Intratumoural IL-1β production stimulates an inflammatory cascade leading to the systemic accumulation of neutrophils. Pharmacological and genetic blockade of cancer cell-derived Wnt secretion reverses IL-1β expression by macrophages and subsequent systemic neutrophilic inflammation. Collectively, using pre-clinical mouse models for breast cancer, we demonstrate a novel mechanistic link between loss of p53 in cancer cells, Wnt ligand secretion and systemic immune activation. This illustrates the importance of cancer cell-intrinsic genetic aberrations in dictating cancer-associated inflammation. These insights set the stage for personalized immune intervention strategies for cancer patients.","In this study, gene expression profiles of tumours from genetically engineered mouse models (GEMMs) were analysed using RNA sequencing. Analysis was performed on bulk tumours of 10 GEMMs with different tissue-specific mutations driving tumorigenesis, totalling to 125 different tumours (n=5 or more per group). Subsequently, samples were grouped according to p53 status of the tumour (models containing Trp53 floxed alleles, or not) and comparisons were made between p53-KO and p53-WT tumours.",31367040,,,170107,GPL17021; GPL13112,Mus musculus,GSE,Expression profiling by high throughput sequencing,2019/05/20,145,ftp://ftp.ncbi.nlm.nih.gov/geo/series/GSE112nnn/GSE112665/,Loss of p53 triggers WNT-dependent systemic inflammation to drive breast cancer metastasis.,Nature,2019 Aug,10.1038/s41586-019-1450-6,OSD-244|Mmus_C57-6T_TMS_FLT_LAR_Rep5_F6,Space Flight
528,GSM3076077,0.9878488779067993,GSE112665,Loss of p53 dictates Wnt-dependent systemic inflammation in breast cancer,,,"Cancer-associated inflammatory processes in the tumour microenvironment, as well as systemically, are strongly linked with poor disease outcome in cancer patients. For most human solid tumour types, high systemic neutrophil-to-lymphocyte ratios (NLR) are associated with increased metastasis and poor overall survival and recent experimental studies have demonstrated a causal relationship between neutrophils and metastasis formation. However, to date, the cancer cell-intrinsic mechanisms dictating the substantial heterogeneity in systemic neutrophilic inflammation between tumour-bearing hosts are largely unresolved. Using a panel of 16 distinct genetically engineered mouse models (GEMMs) for breast cancer, we demonstrate that tumour cell-intrinsic loss of p53 changes the phenotype and function of macrophages in the microenvironment, leading to activation of a systemic inflammatory cascade that drives neutrophil expansion. Mechanistically, p53 loss in cancer cells induces secretion of Wnt ligands that act in a paracrine fashion to stimulate IL-1b production from tumour-associated macrophages. Intratumoural IL-1β production stimulates an inflammatory cascade leading to the systemic accumulation of neutrophils. Pharmacological and genetic blockade of cancer cell-derived Wnt secretion reverses IL-1β expression by macrophages and subsequent systemic neutrophilic inflammation. Collectively, using pre-clinical mouse models for breast cancer, we demonstrate a novel mechanistic link between loss of p53 in cancer cells, Wnt ligand secretion and systemic immune activation. This illustrates the importance of cancer cell-intrinsic genetic aberrations in dictating cancer-associated inflammation. These insights set the stage for personalized immune intervention strategies for cancer patients.","In this study, gene expression profiles of tumours from genetically engineered mouse models (GEMMs) were analysed using RNA sequencing. Analysis was performed on bulk tumours of 10 GEMMs with different tissue-specific mutations driving tumorigenesis, totalling to 125 different tumours (n=5 or more per group). Subsequently, samples were grouped according to p53 status of the tumour (models containing Trp53 floxed alleles, or not) and comparisons were made between p53-KO and p53-WT tumours.",31367040,,,170110,GPL17021; GPL13112,Mus musculus,GSE,Expression profiling by high throughput sequencing,2019/05/20,145,ftp://ftp.ncbi.nlm.nih.gov/geo/series/GSE112nnn/GSE112665/,Loss of p53 triggers WNT-dependent systemic inflammation to drive breast cancer metastasis.,Nature,2019 Aug,10.1038/s41586-019-1450-6,OSD-244|Mmus_C57-6T_TMS_FLT_LAR_Rep5_F6,Space Flight
529,GSM3076068,0.9876106381416321,GSE112665,Loss of p53 dictates Wnt-dependent systemic inflammation in breast cancer,,,"Cancer-associated inflammatory processes in the tumour microenvironment, as well as systemically, are strongly linked with poor disease outcome in cancer patients. For most human solid tumour types, high systemic neutrophil-to-lymphocyte ratios (NLR) are associated with increased metastasis and poor overall survival and recent experimental studies have demonstrated a causal relationship between neutrophils and metastasis formation. However, to date, the cancer cell-intrinsic mechanisms dictating the substantial heterogeneity in systemic neutrophilic inflammation between tumour-bearing hosts are largely unresolved. Using a panel of 16 distinct genetically engineered mouse models (GEMMs) for breast cancer, we demonstrate that tumour cell-intrinsic loss of p53 changes the phenotype and function of macrophages in the microenvironment, leading to activation of a systemic inflammatory cascade that drives neutrophil expansion. Mechanistically, p53 loss in cancer cells induces secretion of Wnt ligands that act in a paracrine fashion to stimulate IL-1b production from tumour-associated macrophages. Intratumoural IL-1β production stimulates an inflammatory cascade leading to the systemic accumulation of neutrophils. Pharmacological and genetic blockade of cancer cell-derived Wnt secretion reverses IL-1β expression by macrophages and subsequent systemic neutrophilic inflammation. Collectively, using pre-clinical mouse models for breast cancer, we demonstrate a novel mechanistic link between loss of p53 in cancer cells, Wnt ligand secretion and systemic immune activation. This illustrates the importance of cancer cell-intrinsic genetic aberrations in dictating cancer-associated inflammation. These insights set the stage for personalized immune intervention strategies for cancer patients.","In this study, gene expression profiles of tumours from genetically engineered mouse models (GEMMs) were analysed using RNA sequencing. Analysis was performed on bulk tumours of 10 GEMMs with different tissue-specific mutations driving tumorigenesis, totalling to 125 different tumours (n=5 or more per group). Subsequently, samples were grouped according to p53 status of the tumour (models containing Trp53 floxed alleles, or not) and comparisons were made between p53-KO and p53-WT tumours.",31367040,,,170101,GPL17021; GPL13112,Mus musculus,GSE,Expression profiling by high throughput sequencing,2019/05/20,145,ftp://ftp.ncbi.nlm.nih.gov/geo/series/GSE112nnn/GSE112665/,Loss of p53 triggers WNT-dependent systemic inflammation to drive breast cancer metastasis.,Nature,2019 Aug,10.1038/s41586-019-1450-6,OSD-244|Mmus_C57-6T_TMS_FLT_LAR_Rep5_F6,Space Flight
530,GSM4947037,0.9952572584152222,GSE162218,Requirement of DNMT1 to orchestrate epigenomic reprogramming for NPM-ALK driven lymphomagenesis,,,This SuperSeries is composed of the SubSeries listed below.,Refer to individual Series,33310759,,,437153,GPL21493,Mus musculus,GSE,Expression profiling by high throughput sequencing; Methylation profiling by high throughput sequencing,2020/12/08,24,ftp://ftp.ncbi.nlm.nih.gov/geo/series/GSE162nnn/GSE162218/,Requirement of DNMT1 to orchestrate epigenomic reprogramming for NPM-ALK-driven lymphomagenesis.,Life science alliance,2021 Feb,10.26508/lsa.202000794,OSD-244|Mmus_C57-6T_TMS_FLT_LAR_Rep6_F7,Space Flight
531,GSM4263015,0.9951611757278442,GSE143581,P53 dynamics vary between tissues and are linked with radiation sensitivity,,,We used RNAseq to explore the gene expression changes induced by ionizing radiation across multiple tissues,Mouse were treated with ionizing radiation (10gy) and sacrificed at different timepoints and tissues extracted and processed for RNA,,,,331843,GPL19057,Mus musculus,GSE,Expression profiling by high throughput sequencing,2020/04/30,54,ftp://ftp.ncbi.nlm.nih.gov/geo/series/GSE143nnn/GSE143581/,,,,,OSD-244|Mmus_C57-6T_TMS_FLT_LAR_Rep6_F7,Space Flight
532,GSM4263016,0.9947618842124939,GSE143581,P53 dynamics vary between tissues and are linked with radiation sensitivity,,,We used RNAseq to explore the gene expression changes induced by ionizing radiation across multiple tissues,Mouse were treated with ionizing radiation (10gy) and sacrificed at different timepoints and tissues extracted and processed for RNA,,,,331844,GPL19057,Mus musculus,GSE,Expression profiling by high throughput sequencing,2020/04/30,54,ftp://ftp.ncbi.nlm.nih.gov/geo/series/GSE143nnn/GSE143581/,,,,,OSD-244|Mmus_C57-6T_TMS_FLT_LAR_Rep6_F7,Space Flight
533,GSM4947042,0.9936263561248779,GSE162218,Requirement of DNMT1 to orchestrate epigenomic reprogramming for NPM-ALK driven lymphomagenesis,,,This SuperSeries is composed of the SubSeries listed below.,Refer to individual Series,33310759,,,437158,GPL21493,Mus musculus,GSE,Expression profiling by high throughput sequencing; Methylation profiling by high throughput sequencing,2020/12/08,24,ftp://ftp.ncbi.nlm.nih.gov/geo/series/GSE162nnn/GSE162218/,Requirement of DNMT1 to orchestrate epigenomic reprogramming for NPM-ALK-driven lymphomagenesis.,Life science alliance,2021 Feb,10.26508/lsa.202000794,OSD-244|Mmus_C57-6T_TMS_FLT_LAR_Rep6_F7,Space Flight
534,GSM3720114,0.9935522079467773,GSE129689,RNA sequencing of mouse carotid arteries after sacubitril/valsartan treatment,,,"Purpose: To get insight into mouse strain-dependent differences in vascular remodeling, we analyzed gene expression profiles of the ligated carotid arteries after interventions in C57BL/6J and 129X1/SvJ mice Methods: mRNA isolations from snap-frozen single carotids (n=3 per group) were conducted. Tissue homogenization by Next Advance Bullet Blender with zirconium oxide beads and Trizol. Total RNA isolation using Trizol and Qiagen RNeasy Micro kit. Results: Multiple quality controls showed a reliable RNAseq of mRNAs from the ligated carotid arteries. Specifically, there was less than 2.6% drop in reads that ranged between 26.5 to 37.7 million reads. We found a good alignment and mapping to a mouse genome (82.4 - 91.0%) in this RNAseq study. A differential gene expression analysis was done by DESeq2-1.16.1 within R-3.4.1 for data normalization and differential expression analysis with an adjusted p-value threshold of 0.05 on each set of raw expression measures. Conclusions: Our study shows significant differences in gene expression signatures in carotid arteries from two inbred mouse strains after sacubitril/valsartan treatment. We conclude that genetic background determines efficacy of the sacubitril/valsartan in mice.","Mouse carotid artery mRNA profiles of C57BL/6J and 129X1/SvJ mice after two treatment regimen of vehicle, valsartan or sacubitril/valsartan were generated by deep sequencing, in triplicate, using Illumina HiSeq2500v4 high-throughput DNA sequencer.",31077344,,,252304,GPL17021,Mus musculus,GSE,Expression profiling by high throughput sequencing,2020/04/10,36,ftp://ftp.ncbi.nlm.nih.gov/geo/series/GSE129nnn/GSE129689/,Strain-selective efficacy of sacubitril/valsartan on carotid fibrosis in response to injury in two inbred mouse strains.,British journal of pharmacology,2019 Aug,10.1111/bph.14708,OSD-244|Mmus_C57-6T_TMS_FLT_LAR_Rep6_F7,Space Flight
535,GSM4263017,0.9935178756713867,GSE143581,P53 dynamics vary between tissues and are linked with radiation sensitivity,,,We used RNAseq to explore the gene expression changes induced by ionizing radiation across multiple tissues,Mouse were treated with ionizing radiation (10gy) and sacrificed at different timepoints and tissues extracted and processed for RNA,,,,331845,GPL19057,Mus musculus,GSE,Expression profiling by high throughput sequencing,2020/04/30,54,ftp://ftp.ncbi.nlm.nih.gov/geo/series/GSE143nnn/GSE143581/,,,,,OSD-244|Mmus_C57-6T_TMS_FLT_LAR_Rep6_F7,Space Flight
536,GSM4263018,0.993496298789978,GSE143581,P53 dynamics vary between tissues and are linked with radiation sensitivity,,,We used RNAseq to explore the gene expression changes induced by ionizing radiation across multiple tissues,Mouse were treated with ionizing radiation (10gy) and sacrificed at different timepoints and tissues extracted and processed for RNA,,,,331846,GPL19057,Mus musculus,GSE,Expression profiling by high throughput sequencing,2020/04/30,54,ftp://ftp.ncbi.nlm.nih.gov/geo/series/GSE143nnn/GSE143581/,,,,,OSD-244|Mmus_C57-6T_TMS_FLT_LAR_Rep6_F7,Space Flight
537,GSM4947034,0.9931820631027222,GSE162218,Requirement of DNMT1 to orchestrate epigenomic reprogramming for NPM-ALK driven lymphomagenesis,,,This SuperSeries is composed of the SubSeries listed below.,Refer to individual Series,33310759,,,437150,GPL21493,Mus musculus,GSE,Expression profiling by high throughput sequencing; Methylation profiling by high throughput sequencing,2020/12/08,24,ftp://ftp.ncbi.nlm.nih.gov/geo/series/GSE162nnn/GSE162218/,Requirement of DNMT1 to orchestrate epigenomic reprogramming for NPM-ALK-driven lymphomagenesis.,Life science alliance,2021 Feb,10.26508/lsa.202000794,OSD-244|Mmus_C57-6T_TMS_FLT_LAR_Rep6_F7,Space Flight
538,GSM2643075,0.9929139614105225,GSE99364,Stabilization of c-Myc protein by CAMKIIγ promotes T-cell lymphoma,,,"Although high c-Myc protein expression is observed alongside c-Myc gene amplification in some cancers, in most cases protein overexpression occurs while the amplified gene is largely absent, e.g. T-cell lymphoma (TCL). Here, Ca2+/calmodulin-dependent protein kinase II γ (CAMKIIγ) was shown to stabilize c-Myc protein by directly phosphorylating at serine 62 (S62), which represents a hitherto unknown mechanism of c-Myc protein overexpression. Further, CAMKIIγ was shown to be essential for tumor maintenance. Inhibiting CAMKIIγ with a potent CAMKIIγ-specific inhibitor destabilized c-Myc and reduced tumor burden dramatically. Importantly, high CAMKIIγ in clinical patient specimens positively correlated with increased c-Myc / pS62-c-Myc expression. Together, the CAMKIIγ:c-Myc axis critically influences the development and maintenance of TCL, and represent a novel therapeutic target for TCL.","We investigated how deleting CAMKIIγ suppressed the development of MNU-induced TCL in mice. Through RNA-sequencing, we analyzed the gene expression profiles of the thymuses of both wild-type and CAMKIIγ-/- mice, under either malignant (with MNU) or normal (without MNU) conditions.",28697340,,,113753,GPL13112,Mus musculus,GSE,Expression profiling by high throughput sequencing,2017/05/27,4,ftp://ftp.ncbi.nlm.nih.gov/geo/series/GSE99nnn/GSE99364/,Stabilization of the c-Myc Protein by CAMKIIγ Promotes T Cell Lymphoma.,Cancer cell,2017 Jul 10,10.1016/j.ccell.2017.06.001,OSD-244|Mmus_C57-6T_TMS_FLT_LAR_Rep6_F7,Space Flight
539,GSM6202434,0.9928427934646606,GSE204925,The C-terminus of p53 Confers Liver-Specific Gene Regulation and Radio-Resistance in vivo,,,This SuperSeries is composed of the SubSeries listed below.,Refer to individual Series,36924496,,,650278,GPL17021,Mus musculus,GSE,Expression profiling by high throughput sequencing; Genome binding/occupancy profiling by high throughput sequencing,2022/06/30,51,ftp://ftp.ncbi.nlm.nih.gov/geo/series/GSE204nnn/GSE204925/,In vivo RNA-seq and ChIP-seq analyses show an obligatory role for the C terminus of p53 in conferring tissue-specific radiation sensitivity.,Cell reports,2023 Mar 28,10.1016/j.celrep.2023.112216,OSD-244|Mmus_C57-6T_TMS_FLT_LAR_Rep6_F7,Space Flight
540,GSM5016669,0.9965200424194336,GSE164673,Novel biomarkers for a personalized managemnet of Type II Diabetes,,,This SuperSeries is composed of the SubSeries listed below.,Refer to individual Series,34634522,,,454911,GPL17021,Mus musculus,GSE,Expression profiling by high throughput sequencing,2021/11/24,296,ftp://ftp.ncbi.nlm.nih.gov/geo/series/GSE164nnn/GSE164673/,Plasma triacylglycerols are biomarkers of β-cell function in mice and humans.,Molecular metabolism,2021 Dec,10.1016/j.molmet.2021.101355,OSD-244|Mmus_C57-6T_TMS_FLT_LAR_Rep7_F8,Space Flight
541,GSM5016829,0.9961963891983032,GSE164673,Novel biomarkers for a personalized managemnet of Type II Diabetes,,,This SuperSeries is composed of the SubSeries listed below.,Refer to individual Series,34634522,,,455071,GPL17021,Mus musculus,GSE,Expression profiling by high throughput sequencing,2021/11/24,296,ftp://ftp.ncbi.nlm.nih.gov/geo/series/GSE164nnn/GSE164673/,Plasma triacylglycerols are biomarkers of β-cell function in mice and humans.,Molecular metabolism,2021 Dec,10.1016/j.molmet.2021.101355,OSD-244|Mmus_C57-6T_TMS_FLT_LAR_Rep7_F8,Space Flight
542,GSM8120905,0.9960984587669373,GSE260610,Effect of TUDCA on the artery which suffered from the atherosclerosis in ApoE-/- mice,,,"Cholesterol efflux capacity dysfunction in macrophages is thought to be important in atherosclerosis. However, the molecular mechanism underlying this dysfunction remains unclear. Our previous analysis found that the increase of endoplasmic reticulum stress in macrophages during atherosclerotic plaque formation. Here we extended our analysis to ApoE-/- mice fed a high fat diet, some of which were treated with tauroursodeoxycholic acid (TUDCA) and collected the arteries of mice among these three groups (NFD, HFD and HFD+TUDCA) to perform the Bulk-RNA sequencing. There was significantly high expression of matrix metalloproteinase family (MMP9, MMP25, MMP8, MMP12, MMP13 and MMP3), CD68, inflammasome (IL1b, IL18bp, ifi44, ifi204 and Nlrp3), ER stress (Hspa5) and cholesterol transporters (ABCA1 and ABCG1) in the HFD group compared with the NFD group, however, TUDCA rescued the high expression of the above DEGs to different degrees. As shown by the expression levels of ifi204, Nlrp3, Il1b, and Il18, inflammasome activation was evident in the arteries of the HFD group compared to the NFD group. The ER stress inhibitor TUDCA not only decreased expression of the ER stress-related gene Hspa5 but also down-regulated inflammasome activation (as seen with the expression levels of ifi204, ifi44, NLRP3 and IL1b) in the artery of TUDCA treated mice compared with mice without drugs.","Male ApoE-/- mice (8 weeks old, n =60) were obtained from HFK Bioscience Company (Beijing, China). All the ApoE-/- mice were randomly divided into 3 groups: Group 1: control group (normal fat diet, NFD); Group 2: high-fat diet (HFD); Group 3: HFD + TUDCA. A random number table was used for mouse randomization. Group 1 mice were fed with a diet of 5% fat without cholesterol, whereas the other groups were fed with an HFD (16% fat and 0·25% cholesterol). After 8 weeks of HFD feeding, one group of HFD-treated mice was intragastric administration with 1000 mg/kg of TUDCA once daily (HFD+TUDCA group) for 4 weeks, whereas the NFD-treated mice and other group of HFD-treated mice were treated with an equal volume of saline (NFD or HFD group) for 4 weeks. After 4 weeks of TUDCA or saline treatment, the mice were anaesthetized intraperitoneally with 3% pentobarbital sodium (40 mg/kg) and sacrificed. The aortic tissues from the ascending aorta to the ileal bifurcation were immediately gathered for bulk-RNA sequencing.",,,,852147,GPL17021,Mus musculus,GSE,Expression profiling by high throughput sequencing,2024/03/05,12,ftp://ftp.ncbi.nlm.nih.gov/geo/series/GSE260nnn/GSE260610/,,,,,OSD-244|Mmus_C57-6T_TMS_FLT_LAR_Rep7_F8,Space Flight
543,GSM5016672,0.9960935115814209,GSE164673,Novel biomarkers for a personalized managemnet of Type II Diabetes,,,This SuperSeries is composed of the SubSeries listed below.,Refer to individual Series,34634522,,,454914,GPL17021,Mus musculus,GSE,Expression profiling by high throughput sequencing,2021/11/24,296,ftp://ftp.ncbi.nlm.nih.gov/geo/series/GSE164nnn/GSE164673/,Plasma triacylglycerols are biomarkers of β-cell function in mice and humans.,Molecular metabolism,2021 Dec,10.1016/j.molmet.2021.101355,OSD-244|Mmus_C57-6T_TMS_FLT_LAR_Rep7_F8,Space Flight
544,GSM5016738,0.9960927963256836,GSE164673,Novel biomarkers for a personalized managemnet of Type II Diabetes,,,This SuperSeries is composed of the SubSeries listed below.,Refer to individual Series,34634522,,,454980,GPL17021,Mus musculus,GSE,Expression profiling by high throughput sequencing,2021/11/24,296,ftp://ftp.ncbi.nlm.nih.gov/geo/series/GSE164nnn/GSE164673/,Plasma triacylglycerols are biomarkers of β-cell function in mice and humans.,Molecular metabolism,2021 Dec,10.1016/j.molmet.2021.101355,OSD-244|Mmus_C57-6T_TMS_FLT_LAR_Rep7_F8,Space Flight
545,GSM5016666,0.9958678483963013,GSE164673,Novel biomarkers for a personalized managemnet of Type II Diabetes,,,This SuperSeries is composed of the SubSeries listed below.,Refer to individual Series,34634522,,,454908,GPL17021,Mus musculus,GSE,Expression profiling by high throughput sequencing,2021/11/24,296,ftp://ftp.ncbi.nlm.nih.gov/geo/series/GSE164nnn/GSE164673/,Plasma triacylglycerols are biomarkers of β-cell function in mice and humans.,Molecular metabolism,2021 Dec,10.1016/j.molmet.2021.101355,OSD-244|Mmus_C57-6T_TMS_FLT_LAR_Rep7_F8,Space Flight
546,GSM5455422,0.9957164525985718,GSE180201,QPCTL deletion results in a rewiring of the tumor microenvironment,,,This SuperSeries is composed of the SubSeries listed below.,Refer to individual Series,35309731,,,518245,GPL21626; GPL24247,Mus musculus,GSE,Expression profiling by high throughput sequencing,2022/01/03,49,ftp://ftp.ncbi.nlm.nih.gov/geo/series/GSE180nnn/GSE180201/,QPCTL regulates macrophage and monocyte abundance and inflammatory signatures in the tumor microenvironment.,Oncoimmunology,2022,10.1080/2162402X.2022.2049486,OSD-244|Mmus_C57-6T_TMS_FLT_LAR_Rep7_F8,Space Flight
547,GSM6235809,0.9956739544868469,GSE205931,Single-cell and bulk RNA sequencing of mouse atherosclerosis disease stage course,,,This SuperSeries is composed of the SubSeries listed below.,Refer to individual Series,37060905;41206594;41053866,,,653018,GPL21626; GPL24247,Mus musculus,GSE,Expression profiling by high throughput sequencing; Non-coding RNA profiling by high throughput sequencing,2023/03/17,157,ftp://ftp.ncbi.nlm.nih.gov/geo/series/GSE205nnn/GSE205931/,Dissecting the polygenic basis of atherosclerosis via disease-associated cell state signatures.,American journal of human genetics,2023 May 4,10.1016/j.ajhg.2023.03.013,OSD-244|Mmus_C57-6T_TMS_FLT_LAR_Rep7_F8,Space Flight
548,GSM6235805,0.9956644177436829,GSE205931,Single-cell and bulk RNA sequencing of mouse atherosclerosis disease stage course,,,This SuperSeries is composed of the SubSeries listed below.,Refer to individual Series,37060905;41206594;41053866,,,653014,GPL21626; GPL24247,Mus musculus,GSE,Expression profiling by high throughput sequencing; Non-coding RNA profiling by high throughput sequencing,2023/03/17,157,ftp://ftp.ncbi.nlm.nih.gov/geo/series/GSE205nnn/GSE205931/,Dissecting the polygenic basis of atherosclerosis via disease-associated cell state signatures.,American journal of human genetics,2023 May 4,10.1016/j.ajhg.2023.03.013,OSD-244|Mmus_C57-6T_TMS_FLT_LAR_Rep7_F8,Space Flight
549,GSM6697254,0.995655357837677,GSE216889,TBX3 is dynamically expressed in pancreatic organogenesis and fine-tunes regeneration,,,We investigated transcriptional profiles of Ptf1a-Cre driven homozygous Tbx3-KO and wildtype pancreata 72h and 168h after onset of acute pancreatitis.,"Pancreata were isolated from 3 mice per genotype (Ptf1a-Cre driven homozygous Tbx3-KO, wildtype) at two distinct timepoints (72h and 168h) after onset of acute caerulein-induced pancreatitis.",36941669,,,698008,GPL21493,Mus musculus,GSE,Expression profiling by high throughput sequencing,2023/02/24,12,ftp://ftp.ncbi.nlm.nih.gov/geo/series/GSE216nnn/GSE216889/,TBX3 is dynamically expressed in pancreatic organogenesis and fine-tunes regeneration.,BMC biology,2023 Mar 20,10.1186/s12915-023-01553-x,OSD-244|Mmus_C57-6T_TMS_FLT_LAR_Rep7_F8,Space Flight
550,GSM6765995,0.9846146106719971,GSE219045,Preclinical Species Gene Expression Database: Development and Meta-Analysis,,,"RNA-sequencing data across a large number of tissues in mouse, rat, dog, and monkey to evaluate baseline expression levels and establish a preclinical gene expression body atlas",Comparative gene expression profiling analysis of RNA-seq data for tissues across preclinical species,36733943,,,713765,GPL13112; GPL18648; GPL16540; GPL14844,Macaca fascicularis; Rattus norvegicus; Mus musculus; Canis lupus familiaris,GSE,Expression profiling by high throughput sequencing,2022/12/12,761,ftp://ftp.ncbi.nlm.nih.gov/geo/series/GSE219nnn/GSE219045/,Preclinical species gene expression database: Development and meta-analysis.,Frontiers in genetics,2022,10.3389/fgene.2022.1078050,OSD-244|Mmus_C57-6T_TMS_FLT_LAR_Rep8_F9,Space Flight
551,GSM4948199,0.9831924438476562,GSE162271,The lncRNA and gene expression profiles during the early stages of mice thymic involution,,,"In this study, we collected mice thymus at the age of 1 month, 3 months, and 6 months for sequencing to observe the lncRNA and gene expression profiles in the early stage of thymic involution. RNA-sequencing showed that 340 and 152 differentially expressed genes (DEGs) overlapped at 3- and 6-month-old groups compared with 1-month-old group in males and females, respectively. GO analysis showed that DEGs were significantly enriched in immune response activation, cell proliferation, and fatty acid metabolic process, etc. Next, we identified 15 causal transcription factors. Meanwhile, we identified 16 key DEGs and 29 differentially expressed lncRNAs (DEL), which overlapped both in the male and female groups of 3 months and 6 months for further analysis. Finally, we identified a novel lncRNA–miRNA–mRNA network related to adipocyte deposition using Cytoscape. In summary, this study systematically identified and analyzed the expression profiles of lncRNAs and genes during the early stages of thymic involution, which provided valuable data reference for further exploring the roles of lncRNAs in thymic involution.","Identification and analysis of lncRNA and gene expression profiles in the thymus of BALB/c mice at the age of 1 month, 3 months and 6 months",37078747,,,437197,GPL21103,Mus musculus,GSE,Expression profiling by high throughput sequencing; Non-coding RNA profiling by high throughput sequencing,2020/11/28,6,ftp://ftp.ncbi.nlm.nih.gov/geo/series/GSE162nnn/GSE162271/,Transcriptome analysis reveals a potential regulatory mechanism of the lnc-5423.6/IGFBP5 axis in the early stages of mouse thymic involution.,Acta biochimica et biophysica Sinica,2023 Apr 19,10.3724/abbs.2023042,OSD-244|Mmus_C57-6T_TMS_FLT_LAR_Rep8_F9,Space Flight
552,GSM4948201,0.9830087423324585,GSE162271,The lncRNA and gene expression profiles during the early stages of mice thymic involution,,,"In this study, we collected mice thymus at the age of 1 month, 3 months, and 6 months for sequencing to observe the lncRNA and gene expression profiles in the early stage of thymic involution. RNA-sequencing showed that 340 and 152 differentially expressed genes (DEGs) overlapped at 3- and 6-month-old groups compared with 1-month-old group in males and females, respectively. GO analysis showed that DEGs were significantly enriched in immune response activation, cell proliferation, and fatty acid metabolic process, etc. Next, we identified 15 causal transcription factors. Meanwhile, we identified 16 key DEGs and 29 differentially expressed lncRNAs (DEL), which overlapped both in the male and female groups of 3 months and 6 months for further analysis. Finally, we identified a novel lncRNA–miRNA–mRNA network related to adipocyte deposition using Cytoscape. In summary, this study systematically identified and analyzed the expression profiles of lncRNAs and genes during the early stages of thymic involution, which provided valuable data reference for further exploring the roles of lncRNAs in thymic involution.","Identification and analysis of lncRNA and gene expression profiles in the thymus of BALB/c mice at the age of 1 month, 3 months and 6 months",37078747,,,437199,GPL21103,Mus musculus,GSE,Expression profiling by high throughput sequencing; Non-coding RNA profiling by high throughput sequencing,2020/11/28,6,ftp://ftp.ncbi.nlm.nih.gov/geo/series/GSE162nnn/GSE162271/,Transcriptome analysis reveals a potential regulatory mechanism of the lnc-5423.6/IGFBP5 axis in the early stages of mouse thymic involution.,Acta biochimica et biophysica Sinica,2023 Apr 19,10.3724/abbs.2023042,OSD-244|Mmus_C57-6T_TMS_FLT_LAR_Rep8_F9,Space Flight
553,GSM4948198,0.9822393655776978,GSE162271,The lncRNA and gene expression profiles during the early stages of mice thymic involution,,,"In this study, we collected mice thymus at the age of 1 month, 3 months, and 6 months for sequencing to observe the lncRNA and gene expression profiles in the early stage of thymic involution. RNA-sequencing showed that 340 and 152 differentially expressed genes (DEGs) overlapped at 3- and 6-month-old groups compared with 1-month-old group in males and females, respectively. GO analysis showed that DEGs were significantly enriched in immune response activation, cell proliferation, and fatty acid metabolic process, etc. Next, we identified 15 causal transcription factors. Meanwhile, we identified 16 key DEGs and 29 differentially expressed lncRNAs (DEL), which overlapped both in the male and female groups of 3 months and 6 months for further analysis. Finally, we identified a novel lncRNA–miRNA–mRNA network related to adipocyte deposition using Cytoscape. In summary, this study systematically identified and analyzed the expression profiles of lncRNAs and genes during the early stages of thymic involution, which provided valuable data reference for further exploring the roles of lncRNAs in thymic involution.","Identification and analysis of lncRNA and gene expression profiles in the thymus of BALB/c mice at the age of 1 month, 3 months and 6 months",37078747,,,437196,GPL21103,Mus musculus,GSE,Expression profiling by high throughput sequencing; Non-coding RNA profiling by high throughput sequencing,2020/11/28,6,ftp://ftp.ncbi.nlm.nih.gov/geo/series/GSE162nnn/GSE162271/,Transcriptome analysis reveals a potential regulatory mechanism of the lnc-5423.6/IGFBP5 axis in the early stages of mouse thymic involution.,Acta biochimica et biophysica Sinica,2023 Apr 19,10.3724/abbs.2023042,OSD-244|Mmus_C57-6T_TMS_FLT_LAR_Rep8_F9,Space Flight
554,GSM6765977,0.9774223566055298,GSE219045,Preclinical Species Gene Expression Database: Development and Meta-Analysis,,,"RNA-sequencing data across a large number of tissues in mouse, rat, dog, and monkey to evaluate baseline expression levels and establish a preclinical gene expression body atlas",Comparative gene expression profiling analysis of RNA-seq data for tissues across preclinical species,36733943,,,713747,GPL13112; GPL18648; GPL16540; GPL14844,Macaca fascicularis; Rattus norvegicus; Mus musculus; Canis lupus familiaris,GSE,Expression profiling by high throughput sequencing,2022/12/12,761,ftp://ftp.ncbi.nlm.nih.gov/geo/series/GSE219nnn/GSE219045/,Preclinical species gene expression database: Development and meta-analysis.,Frontiers in genetics,2022,10.3389/fgene.2022.1078050,OSD-244|Mmus_C57-6T_TMS_FLT_LAR_Rep8_F9,Space Flight
555,GSM7981118,0.9728559851646423,GSE250534,Effect of Cabergoline on Post-Lactational Involution and Long-Term Mammary Gland Behavior.,,,"The aim of this study is to assess the impact of cabergoline on the intensity of short-term post-lactational involution and to explore long-term alterations in the epithelial dynamics of the glandular component in Brca1/P53-deficient mice. This study also delves into the transcriptomic changes associated with these processes. To further investigate the molecular changes occurring at these temporal points, RNA sequencing (RNA-seq) was conducted 1 day after post-lactation involution and again at 60 days.","Multiparous Brca1/P53-deficient mice (Liu et al., 2007) with two pregnancies were administered intraperitoneal (IP) cabergoline at a dose of X on the same day of the second weaning. To study the short-term effect of cabergoline, organoids were generated 24 hours later, RNA was extracted, and RNA-seq (Novogene) was performed. Mice treated with cabergoline were compared with untreated controls. For the long-term effect study, the experiment was repeated in another group of mice. Organoids were generated 60 days post-weaning, including multiparous mice treated and untreated with cabergoline and age-equivalent nulliparous mice.",38405932,,,836520,GPL24247,Mus musculus,GSE,Expression profiling by high throughput sequencing,2024/01/10,25,ftp://ftp.ncbi.nlm.nih.gov/geo/series/GSE250nnn/GSE250534/,Cabergoline as a Novel Strategy for Post-Pregnancy Breast Cancer Prevention in Mice and Human.,Research square,2024 Feb 5,10.21203/rs.3.rs-3854490/v1,OSD-244|Mmus_C57-6T_TMS_FLT_LAR_Rep8_F9,Space Flight
556,GSM4948197,0.9726886749267578,GSE162271,The lncRNA and gene expression profiles during the early stages of mice thymic involution,,,"In this study, we collected mice thymus at the age of 1 month, 3 months, and 6 months for sequencing to observe the lncRNA and gene expression profiles in the early stage of thymic involution. RNA-sequencing showed that 340 and 152 differentially expressed genes (DEGs) overlapped at 3- and 6-month-old groups compared with 1-month-old group in males and females, respectively. GO analysis showed that DEGs were significantly enriched in immune response activation, cell proliferation, and fatty acid metabolic process, etc. Next, we identified 15 causal transcription factors. Meanwhile, we identified 16 key DEGs and 29 differentially expressed lncRNAs (DEL), which overlapped both in the male and female groups of 3 months and 6 months for further analysis. Finally, we identified a novel lncRNA–miRNA–mRNA network related to adipocyte deposition using Cytoscape. In summary, this study systematically identified and analyzed the expression profiles of lncRNAs and genes during the early stages of thymic involution, which provided valuable data reference for further exploring the roles of lncRNAs in thymic involution.","Identification and analysis of lncRNA and gene expression profiles in the thymus of BALB/c mice at the age of 1 month, 3 months and 6 months",37078747,,,437195,GPL21103,Mus musculus,GSE,Expression profiling by high throughput sequencing; Non-coding RNA profiling by high throughput sequencing,2020/11/28,6,ftp://ftp.ncbi.nlm.nih.gov/geo/series/GSE162nnn/GSE162271/,Transcriptome analysis reveals a potential regulatory mechanism of the lnc-5423.6/IGFBP5 axis in the early stages of mouse thymic involution.,Acta biochimica et biophysica Sinica,2023 Apr 19,10.3724/abbs.2023042,OSD-244|Mmus_C57-6T_TMS_FLT_LAR_Rep8_F9,Space Flight
557,GSM7981131,0.9720203876495361,GSE250534,Effect of Cabergoline on Post-Lactational Involution and Long-Term Mammary Gland Behavior.,,,"The aim of this study is to assess the impact of cabergoline on the intensity of short-term post-lactational involution and to explore long-term alterations in the epithelial dynamics of the glandular component in Brca1/P53-deficient mice. This study also delves into the transcriptomic changes associated with these processes. To further investigate the molecular changes occurring at these temporal points, RNA sequencing (RNA-seq) was conducted 1 day after post-lactation involution and again at 60 days.","Multiparous Brca1/P53-deficient mice (Liu et al., 2007) with two pregnancies were administered intraperitoneal (IP) cabergoline at a dose of X on the same day of the second weaning. To study the short-term effect of cabergoline, organoids were generated 24 hours later, RNA was extracted, and RNA-seq (Novogene) was performed. Mice treated with cabergoline were compared with untreated controls. For the long-term effect study, the experiment was repeated in another group of mice. Organoids were generated 60 days post-weaning, including multiparous mice treated and untreated with cabergoline and age-equivalent nulliparous mice.",38405932,,,836533,GPL24247,Mus musculus,GSE,Expression profiling by high throughput sequencing,2024/01/10,25,ftp://ftp.ncbi.nlm.nih.gov/geo/series/GSE250nnn/GSE250534/,Cabergoline as a Novel Strategy for Post-Pregnancy Breast Cancer Prevention in Mice and Human.,Research square,2024 Feb 5,10.21203/rs.3.rs-3854490/v1,OSD-244|Mmus_C57-6T_TMS_FLT_LAR_Rep8_F9,Space Flight
558,GSM7981128,0.9708740711212158,GSE250534,Effect of Cabergoline on Post-Lactational Involution and Long-Term Mammary Gland Behavior.,,,"The aim of this study is to assess the impact of cabergoline on the intensity of short-term post-lactational involution and to explore long-term alterations in the epithelial dynamics of the glandular component in Brca1/P53-deficient mice. This study also delves into the transcriptomic changes associated with these processes. To further investigate the molecular changes occurring at these temporal points, RNA sequencing (RNA-seq) was conducted 1 day after post-lactation involution and again at 60 days.","Multiparous Brca1/P53-deficient mice (Liu et al., 2007) with two pregnancies were administered intraperitoneal (IP) cabergoline at a dose of X on the same day of the second weaning. To study the short-term effect of cabergoline, organoids were generated 24 hours later, RNA was extracted, and RNA-seq (Novogene) was performed. Mice treated with cabergoline were compared with untreated controls. For the long-term effect study, the experiment was repeated in another group of mice. Organoids were generated 60 days post-weaning, including multiparous mice treated and untreated with cabergoline and age-equivalent nulliparous mice.",38405932,,,836530,GPL24247,Mus musculus,GSE,Expression profiling by high throughput sequencing,2024/01/10,25,ftp://ftp.ncbi.nlm.nih.gov/geo/series/GSE250nnn/GSE250534/,Cabergoline as a Novel Strategy for Post-Pregnancy Breast Cancer Prevention in Mice and Human.,Research square,2024 Feb 5,10.21203/rs.3.rs-3854490/v1,OSD-244|Mmus_C57-6T_TMS_FLT_LAR_Rep8_F9,Space Flight
559,GSM3192034,0.9707313776016235,GSE115862,Antisense lncRNA transcription mediates DNA demethylation to drive stochastic Protocadherin α promoter choice,,,"Stochastic activation of clustered Protocadherin (Pcdh) α, β, and γ genes generates a cell-surface identity code in individual neurons that functions in neural circuit assembly. Here, we show that Pcdhα gene choice involves the activation of an antisense promoter located in the first exon of each Pcdhα alternate gene. Transcription of an antisense long noncoding RNA (lncRNA) from this antisense promoter extends through the sense promoter, leading to DNA demethylation of the CTCF binding sites proximal to each promoter. Demethylation-dependent CTCF binding to both promoters facilitates cohesin-mediated DNA looping with a distal enhancer (HS5-1), locking in the transcriptional state of the chosen Pcdhα gene. Uncoupling DNA demethylation from antisense transcription by Tet3 overexpression in mouse olfactory neurons promotes CTCF binding to all Pcdhα promoters, resulting in proximity-biased DNA looping of the HS5-1 enhancer. Thus, antisense transcription-mediated promoter demethylation functions as a mechanism for distance-independent enhancer/promoter DNA looping to ensure stochastic Pcdhα promoter choice.","RNA-seq, ChIP-seq, and Hi-C",30955885,,,177946,GPL21697; GPL21626,Homo sapiens; Mus musculus,GSE,Expression profiling by high throughput sequencing; Genome binding/occupancy profiling by high throughput sequencing; Other,2019/04/15,72,ftp://ftp.ncbi.nlm.nih.gov/geo/series/GSE115nnn/GSE115862/,Antisense lncRNA Transcription Mediates DNA Demethylation to Drive Stochastic Protocadherin α Promoter Choice.,Cell,2019 Apr 18,10.1016/j.cell.2019.03.008,OSD-244|Mmus_C57-6T_TMS_FLT_LAR_Rep8_F9,Space Flight
560,GSM4614038,0.9938207864761353,GSE152382,Expression profiles in multiple tissues of WT and Nrf2-knockout mouse under space filght,,,"To elucidate roles that Nrf2 plays in regulating adaptive responses to the space stress, one month-long space travel and RNA-seq analysis of six Nrf2-KO mice and six wild-type mice were conducted . After 31-days-stay in the ISS, all the flight mice returned safely to Earth. We found that Nrf2 was indeed activated by the space stress in various tissues. The space stress and Nrf2-deficiency brought about changes in gene expression.","mRNA profiling using multiple tissues including temporal bone, mandibularbone, spleen, liver, white and brown adipose tissues, kidney, thymus, and brain cerebullum of wild type (WT) and Nrf2-knockout (Nrf2KO) mice",32901092;34887485,,,379505,GPL17021,Mus musculus,GSE,Expression profiling by high throughput sequencing,2020/10/02,192,ftp://ftp.ncbi.nlm.nih.gov/geo/series/GSE152nnn/GSE152382/,Nrf2 contributes to the weight gain of mice during space travel.,Communications biology,2020 Sep 8,10.1038/s42003-020-01227-2,OSD-244|Mmus_C57-6T_TMS_FLT_LAR_Rep9_F10,Space Flight
561,GSM4614031,0.9935178756713867,GSE152382,Expression profiles in multiple tissues of WT and Nrf2-knockout mouse under space filght,,,"To elucidate roles that Nrf2 plays in regulating adaptive responses to the space stress, one month-long space travel and RNA-seq analysis of six Nrf2-KO mice and six wild-type mice were conducted . After 31-days-stay in the ISS, all the flight mice returned safely to Earth. We found that Nrf2 was indeed activated by the space stress in various tissues. The space stress and Nrf2-deficiency brought about changes in gene expression.","mRNA profiling using multiple tissues including temporal bone, mandibularbone, spleen, liver, white and brown adipose tissues, kidney, thymus, and brain cerebullum of wild type (WT) and Nrf2-knockout (Nrf2KO) mice",32901092;34887485,,,379498,GPL17021,Mus musculus,GSE,Expression profiling by high throughput sequencing,2020/10/02,192,ftp://ftp.ncbi.nlm.nih.gov/geo/series/GSE152nnn/GSE152382/,Nrf2 contributes to the weight gain of mice during space travel.,Communications biology,2020 Sep 8,10.1038/s42003-020-01227-2,OSD-244|Mmus_C57-6T_TMS_FLT_LAR_Rep9_F10,Space Flight
562,GSM4614035,0.9934300184249878,GSE152382,Expression profiles in multiple tissues of WT and Nrf2-knockout mouse under space filght,,,"To elucidate roles that Nrf2 plays in regulating adaptive responses to the space stress, one month-long space travel and RNA-seq analysis of six Nrf2-KO mice and six wild-type mice were conducted . After 31-days-stay in the ISS, all the flight mice returned safely to Earth. We found that Nrf2 was indeed activated by the space stress in various tissues. The space stress and Nrf2-deficiency brought about changes in gene expression.","mRNA profiling using multiple tissues including temporal bone, mandibularbone, spleen, liver, white and brown adipose tissues, kidney, thymus, and brain cerebullum of wild type (WT) and Nrf2-knockout (Nrf2KO) mice",32901092;34887485,,,379502,GPL17021,Mus musculus,GSE,Expression profiling by high throughput sequencing,2020/10/02,192,ftp://ftp.ncbi.nlm.nih.gov/geo/series/GSE152nnn/GSE152382/,Nrf2 contributes to the weight gain of mice during space travel.,Communications biology,2020 Sep 8,10.1038/s42003-020-01227-2,OSD-244|Mmus_C57-6T_TMS_FLT_LAR_Rep9_F10,Space Flight
563,GSM4614048,0.992942214012146,GSE152382,Expression profiles in multiple tissues of WT and Nrf2-knockout mouse under space filght,,,"To elucidate roles that Nrf2 plays in regulating adaptive responses to the space stress, one month-long space travel and RNA-seq analysis of six Nrf2-KO mice and six wild-type mice were conducted . After 31-days-stay in the ISS, all the flight mice returned safely to Earth. We found that Nrf2 was indeed activated by the space stress in various tissues. The space stress and Nrf2-deficiency brought about changes in gene expression.","mRNA profiling using multiple tissues including temporal bone, mandibularbone, spleen, liver, white and brown adipose tissues, kidney, thymus, and brain cerebullum of wild type (WT) and Nrf2-knockout (Nrf2KO) mice",32901092;34887485,,,379515,GPL17021,Mus musculus,GSE,Expression profiling by high throughput sequencing,2020/10/02,192,ftp://ftp.ncbi.nlm.nih.gov/geo/series/GSE152nnn/GSE152382/,Nrf2 contributes to the weight gain of mice during space travel.,Communications biology,2020 Sep 8,10.1038/s42003-020-01227-2,OSD-244|Mmus_C57-6T_TMS_FLT_LAR_Rep9_F10,Space Flight
564,GSM4614032,0.9929088354110718,GSE152382,Expression profiles in multiple tissues of WT and Nrf2-knockout mouse under space filght,,,"To elucidate roles that Nrf2 plays in regulating adaptive responses to the space stress, one month-long space travel and RNA-seq analysis of six Nrf2-KO mice and six wild-type mice were conducted . After 31-days-stay in the ISS, all the flight mice returned safely to Earth. We found that Nrf2 was indeed activated by the space stress in various tissues. The space stress and Nrf2-deficiency brought about changes in gene expression.","mRNA profiling using multiple tissues including temporal bone, mandibularbone, spleen, liver, white and brown adipose tissues, kidney, thymus, and brain cerebullum of wild type (WT) and Nrf2-knockout (Nrf2KO) mice",32901092;34887485,,,379499,GPL17021,Mus musculus,GSE,Expression profiling by high throughput sequencing,2020/10/02,192,ftp://ftp.ncbi.nlm.nih.gov/geo/series/GSE152nnn/GSE152382/,Nrf2 contributes to the weight gain of mice during space travel.,Communications biology,2020 Sep 8,10.1038/s42003-020-01227-2,OSD-244|Mmus_C57-6T_TMS_FLT_LAR_Rep9_F10,Space Flight
565,GSM4614036,0.9927464127540588,GSE152382,Expression profiles in multiple tissues of WT and Nrf2-knockout mouse under space filght,,,"To elucidate roles that Nrf2 plays in regulating adaptive responses to the space stress, one month-long space travel and RNA-seq analysis of six Nrf2-KO mice and six wild-type mice were conducted . After 31-days-stay in the ISS, all the flight mice returned safely to Earth. We found that Nrf2 was indeed activated by the space stress in various tissues. The space stress and Nrf2-deficiency brought about changes in gene expression.","mRNA profiling using multiple tissues including temporal bone, mandibularbone, spleen, liver, white and brown adipose tissues, kidney, thymus, and brain cerebullum of wild type (WT) and Nrf2-knockout (Nrf2KO) mice",32901092;34887485,,,379503,GPL17021,Mus musculus,GSE,Expression profiling by high throughput sequencing,2020/10/02,192,ftp://ftp.ncbi.nlm.nih.gov/geo/series/GSE152nnn/GSE152382/,Nrf2 contributes to the weight gain of mice during space travel.,Communications biology,2020 Sep 8,10.1038/s42003-020-01227-2,OSD-244|Mmus_C57-6T_TMS_FLT_LAR_Rep9_F10,Space Flight
566,GSM4614050,0.9927141666412354,GSE152382,Expression profiles in multiple tissues of WT and Nrf2-knockout mouse under space filght,,,"To elucidate roles that Nrf2 plays in regulating adaptive responses to the space stress, one month-long space travel and RNA-seq analysis of six Nrf2-KO mice and six wild-type mice were conducted . After 31-days-stay in the ISS, all the flight mice returned safely to Earth. We found that Nrf2 was indeed activated by the space stress in various tissues. The space stress and Nrf2-deficiency brought about changes in gene expression.","mRNA profiling using multiple tissues including temporal bone, mandibularbone, spleen, liver, white and brown adipose tissues, kidney, thymus, and brain cerebullum of wild type (WT) and Nrf2-knockout (Nrf2KO) mice",32901092;34887485,,,379517,GPL17021,Mus musculus,GSE,Expression profiling by high throughput sequencing,2020/10/02,192,ftp://ftp.ncbi.nlm.nih.gov/geo/series/GSE152nnn/GSE152382/,Nrf2 contributes to the weight gain of mice during space travel.,Communications biology,2020 Sep 8,10.1038/s42003-020-01227-2,OSD-244|Mmus_C57-6T_TMS_FLT_LAR_Rep9_F10,Space Flight
567,GSM6833150,0.9921607971191406,GSE220966,p53 dimers elicit unique tumor suppressive activities through an altered metabolic program,,,This SuperSeries is composed of the SubSeries listed below.,Refer to individual Series,,,,716127,GPL24247,Mus musculus,GSE,Genome binding/occupancy profiling by high throughput sequencing; Expression profiling by high throughput sequencing; Other,2023/03/01,83,ftp://ftp.ncbi.nlm.nih.gov/geo/series/GSE220nnn/GSE220966/,,,,,OSD-244|Mmus_C57-6T_TMS_FLT_LAR_Rep9_F10,Space Flight
568,GSM6085258,0.9921379089355469,GSE201969,In vivo self-assembly and targeted delivery of EGFR siRNA-encapsulating small extracellular vesicles to EGFR-positive cancer cells for NSCLC therapy,,,"We designed a synthetic biology circuit encoding both an EGFR-targeting peptide (GE11) and an EGFR siRNA under the control of the cytomegalovirus (CMV) promoter. After uptake by mouse liver cells via intravenous injection, this genetic circuit can reprogram the liver cells to produce and self-assemble EGFR siRNAs into secretory small extracellular vesicles (sEVs) tagged with the GE11 peptide, after which the siRNA-encapsulating sEVs are further transported via the blood circulation and guided by the GE11 peptide to EGFR-positive tumour cells for NSCLC therapy. RNA sequencing-based transcriptomic profiling confirmed the safety and low off-target activity of in vivo self-assembled EGFR siRNAs.","EGFR DEL19 transgenic mice were administered doxycycline for 25 days and analysed by micro-CT to ensure spontaneous tumour formation in the lungs. Mice were then intravenously injected with the CMV-scrR, CMV-siRE or CMV-GE11-siRE circuit (10 mg/kg) every 2 days for a total of 7 injections. After treatment, mice were sacrificed, and normal tissues and tumours were harvested to determine the global transcriptome alterations by RNA sequencing.",,,,635610,GPL24247,Mus musculus,GSE,Expression profiling by high throughput sequencing,2024/04/30,72,ftp://ftp.ncbi.nlm.nih.gov/geo/series/GSE201nnn/GSE201969/,,,,,OSD-244|Mmus_C57-6T_TMS_FLT_LAR_Rep9_F10,Space Flight
569,GSM4614052,0.9919483661651611,GSE152382,Expression profiles in multiple tissues of WT and Nrf2-knockout mouse under space filght,,,"To elucidate roles that Nrf2 plays in regulating adaptive responses to the space stress, one month-long space travel and RNA-seq analysis of six Nrf2-KO mice and six wild-type mice were conducted . After 31-days-stay in the ISS, all the flight mice returned safely to Earth. We found that Nrf2 was indeed activated by the space stress in various tissues. The space stress and Nrf2-deficiency brought about changes in gene expression.","mRNA profiling using multiple tissues including temporal bone, mandibularbone, spleen, liver, white and brown adipose tissues, kidney, thymus, and brain cerebullum of wild type (WT) and Nrf2-knockout (Nrf2KO) mice",32901092;34887485,,,379519,GPL17021,Mus musculus,GSE,Expression profiling by high throughput sequencing,2020/10/02,192,ftp://ftp.ncbi.nlm.nih.gov/geo/series/GSE152nnn/GSE152382/,Nrf2 contributes to the weight gain of mice during space travel.,Communications biology,2020 Sep 8,10.1038/s42003-020-01227-2,OSD-244|Mmus_C57-6T_TMS_FLT_LAR_Rep9_F10,Space Flight
